classical_load,request_interval_ns,traffic_seed,quantum_seed,workload_sha256,calibration_sha256,model,session_id,delta_latency_ns,delta_fidelity,delta_expected_fidelity,delta_success_probability,false_feasible,false_infeasible,false_deadline_feasible,false_deadline_infeasible
0.0,800000,1000,7,75754f857433dbc5cca81b5b2533c962a7fdee3f6723e1c990549d762a31b77f,7e6bab01e9d6b0298352c3d96c8f671d95a236c9e60e60360e5c70a016b1f97e,No-Dq-R,1,0,0.0,0.0,0.0,0,0,0,0
0.0,800000,1000,7,75754f857433dbc5cca81b5b2533c962a7fdee3f6723e1c990549d762a31b77f,7e6bab01e9d6b0298352c3d96c8f671d95a236c9e60e60360e5c70a016b1f97e,No-Dq-R,2,-800000,0.049612584460204445,0.047663681628712706,0.9999999999999994,1,0,0,0
0.0,800000,1000,7,75754f857433dbc5cca81b5b2533c962a7fdee3f6723e1c990549d762a31b77f,7e6bab01e9d6b0298352c3d96c8f671d95a236c9e60e60360e5c70a016b1f97e,No-Dq-R,3,-1600000,0.06912469436576968,0.06311589691596853,0,0,0,0,0
0.0,800000,1000,7,75754f857433dbc5cca81b5b2533c962a7fdee3f6723e1c990549d762a31b77f,7e6bab01e9d6b0298352c3d96c8f671d95a236c9e60e60360e5c70a016b1f97e,No-Dq-R,4,-2400000,0.05421404102665128,0.06331014280973901,0,0,0,0,0
0.0,800000,1000,7,75754f857433dbc5cca81b5b2533c962a7fdee3f6723e1c990549d762a31b77f,7e6bab01e9d6b0298352c3d96c8f671d95a236c9e60e60360e5c70a016b1f97e,Fixed-Dc,1,0,0.0,0.0,0.0,0,0,0,0
0.0,800000,1000,7,75754f857433dbc5cca81b5b2533c962a7fdee3f6723e1c990549d762a31b77f,7e6bab01e9d6b0298352c3d96c8f671d95a236c9e60e60360e5c70a016b1f97e,Fixed-Dc,2,0,0.0,0.0,0,0,0,0,0
0.0,800000,1000,7,75754f857433dbc5cca81b5b2533c962a7fdee3f6723e1c990549d762a31b77f,7e6bab01e9d6b0298352c3d96c8f671d95a236c9e60e60360e5c70a016b1f97e,Fixed-Dc,3,0,0.0,0.0,0,0,0,0,0
0.0,800000,1000,7,75754f857433dbc5cca81b5b2533c962a7fdee3f6723e1c990549d762a31b77f,7e6bab01e9d6b0298352c3d96c8f671d95a236c9e60e60360e5c70a016b1f97e,Fixed-Dc,4,0,0.0,0.0,0,0,0,0,0
0.0,800000,1000,7,75754f857433dbc5cca81b5b2533c962a7fdee3f6723e1c990549d762a31b77f,7e6bab01e9d6b0298352c3d96c8f671d95a236c9e60e60360e5c70a016b1f97e,Decoupled,1,0,,,,,,0,0
0.0,800000,1000,7,75754f857433dbc5cca81b5b2533c962a7fdee3f6723e1c990549d762a31b77f,7e6bab01e9d6b0298352c3d96c8f671d95a236c9e60e60360e5c70a016b1f97e,Decoupled,2,0,,,,,,0,0
0.0,800000,1000,7,75754f857433dbc5cca81b5b2533c962a7fdee3f6723e1c990549d762a31b77f,7e6bab01e9d6b0298352c3d96c8f671d95a236c9e60e60360e5c70a016b1f97e,Decoupled,3,0,,,,,,0,0
0.0,800000,1000,7,75754f857433dbc5cca81b5b2533c962a7fdee3f6723e1c990549d762a31b77f,7e6bab01e9d6b0298352c3d96c8f671d95a236c9e60e60360e5c70a016b1f97e,Decoupled,4,0,,,,,,0,0
0.0,800000,1000,11,75754f857433dbc5cca81b5b2533c962a7fdee3f6723e1c990549d762a31b77f,7e6bab01e9d6b0298352c3d96c8f671d95a236c9e60e60360e5c70a016b1f97e,No-Dq-R,1,0,0.0,0.0,0.0,0,0,0,0
0.0,800000,1000,11,75754f857433dbc5cca81b5b2533c962a7fdee3f6723e1c990549d762a31b77f,7e6bab01e9d6b0298352c3d96c8f671d95a236c9e60e60360e5c70a016b1f97e,No-Dq-R,2,-800000,0.049612584460204445,0.047663681628712706,0.9999999999999994,1,0,0,0
0.0,800000,1000,11,75754f857433dbc5cca81b5b2533c962a7fdee3f6723e1c990549d762a31b77f,7e6bab01e9d6b0298352c3d96c8f671d95a236c9e60e60360e5c70a016b1f97e,No-Dq-R,3,-1600000,0.05797731082766472,0.06311589691596853,0,0,0,0,0
0.0,800000,1000,11,75754f857433dbc5cca81b5b2533c962a7fdee3f6723e1c990549d762a31b77f,7e6bab01e9d6b0298352c3d96c8f671d95a236c9e60e60360e5c70a016b1f97e,No-Dq-R,4,-2400000,0.05421404102665128,0.06331014280973901,0,0,0,0,0
0.0,800000,1000,11,75754f857433dbc5cca81b5b2533c962a7fdee3f6723e1c990549d762a31b77f,7e6bab01e9d6b0298352c3d96c8f671d95a236c9e60e60360e5c70a016b1f97e,Fixed-Dc,1,0,0.0,0.0,0.0,0,0,0,0
0.0,800000,1000,11,75754f857433dbc5cca81b5b2533c962a7fdee3f6723e1c990549d762a31b77f,7e6bab01e9d6b0298352c3d96c8f671d95a236c9e60e60360e5c70a016b1f97e,Fixed-Dc,2,0,0.0,0.0,0,0,0,0,0
0.0,800000,1000,11,75754f857433dbc5cca81b5b2533c962a7fdee3f6723e1c990549d762a31b77f,7e6bab01e9d6b0298352c3d96c8f671d95a236c9e60e60360e5c70a016b1f97e,Fixed-Dc,3,0,0.0,0.0,0,0,0,0,0
0.0,800000,1000,11,75754f857433dbc5cca81b5b2533c962a7fdee3f6723e1c990549d762a31b77f,7e6bab01e9d6b0298352c3d96c8f671d95a236c9e60e60360e5c70a016b1f97e,Fixed-Dc,4,0,0.0,0.0,0,0,0,0,0
0.0,800000,1000,11,75754f857433dbc5cca81b5b2533c962a7fdee3f6723e1c990549d762a31b77f,7e6bab01e9d6b0298352c3d96c8f671d95a236c9e60e60360e5c70a016b1f97e,Decoupled,1,0,,,,,,0,0
0.0,800000,1000,11,75754f857433dbc5cca81b5b2533c962a7fdee3f6723e1c990549d762a31b77f,7e6bab01e9d6b0298352c3d96c8f671d95a236c9e60e60360e5c70a016b1f97e,Decoupled,2,0,,,,,,0,0
0.0,800000,1000,11,75754f857433dbc5cca81b5b2533c962a7fdee3f6723e1c990549d762a31b77f,7e6bab01e9d6b0298352c3d96c8f671d95a236c9e60e60360e5c70a016b1f97e,Decoupled,3,0,,,,,,0,0
0.0,800000,1000,11,75754f857433dbc5cca81b5b2533c962a7fdee3f6723e1c990549d762a31b77f,7e6bab01e9d6b0298352c3d96c8f671d95a236c9e60e60360e5c70a016b1f97e,Decoupled,4,0,,,,,,0,0
0.0,800000,1001,7,c23a2976b557c0f09df0d7723ab67f48c2b189f21661841efa5e8081b9e13bdf,7e6bab01e9d6b0298352c3d96c8f671d95a236c9e60e60360e5c70a016b1f97e,No-Dq-R,1,0,0.0,0.0,0.0,0,0,0,0
0.0,800000,1001,7,c23a2976b557c0f09df0d7723ab67f48c2b189f21661841efa5e8081b9e13bdf,7e6bab01e9d6b0298352c3d96c8f671d95a236c9e60e60360e5c70a016b1f97e,No-Dq-R,2,-800000,0.049612584460204445,0.047663681628712706,0.9999999999999994,1,0,0,0
0.0,800000,1001,7,c23a2976b557c0f09df0d7723ab67f48c2b189f21661841efa5e8081b9e13bdf,7e6bab01e9d6b0298352c3d96c8f671d95a236c9e60e60360e5c70a016b1f97e,No-Dq-R,3,-1600000,0.06912469436576968,0.06311589691596853,0,0,0,0,0
0.0,800000,1001,7,c23a2976b557c0f09df0d7723ab67f48c2b189f21661841efa5e8081b9e13bdf,7e6bab01e9d6b0298352c3d96c8f671d95a236c9e60e60360e5c70a016b1f97e,No-Dq-R,4,-2400000,0.05421404102665128,0.06331014280973901,0,0,0,0,0
0.0,800000,1001,7,c23a2976b557c0f09df0d7723ab67f48c2b189f21661841efa5e8081b9e13bdf,7e6bab01e9d6b0298352c3d96c8f671d95a236c9e60e60360e5c70a016b1f97e,Fixed-Dc,1,0,0.0,0.0,0.0,0,0,0,0
0.0,800000,1001,7,c23a2976b557c0f09df0d7723ab67f48c2b189f21661841efa5e8081b9e13bdf,7e6bab01e9d6b0298352c3d96c8f671d95a236c9e60e60360e5c70a016b1f97e,Fixed-Dc,2,0,0.0,0.0,0,0,0,0,0
0.0,800000,1001,7,c23a2976b557c0f09df0d7723ab67f48c2b189f21661841efa5e8081b9e13bdf,7e6bab01e9d6b0298352c3d96c8f671d95a236c9e60e60360e5c70a016b1f97e,Fixed-Dc,3,0,0.0,0.0,0,0,0,0,0
0.0,800000,1001,7,c23a2976b557c0f09df0d7723ab67f48c2b189f21661841efa5e8081b9e13bdf,7e6bab01e9d6b0298352c3d96c8f671d95a236c9e60e60360e5c70a016b1f97e,Fixed-Dc,4,0,0.0,0.0,0,0,0,0,0
0.0,800000,1001,7,c23a2976b557c0f09df0d7723ab67f48c2b189f21661841efa5e8081b9e13bdf,7e6bab01e9d6b0298352c3d96c8f671d95a236c9e60e60360e5c70a016b1f97e,Decoupled,1,0,,,,,,0,0
0.0,800000,1001,7,c23a2976b557c0f09df0d7723ab67f48c2b189f21661841efa5e8081b9e13bdf,7e6bab01e9d6b0298352c3d96c8f671d95a236c9e60e60360e5c70a016b1f97e,Decoupled,2,0,,,,,,0,0
0.0,800000,1001,7,c23a2976b557c0f09df0d7723ab67f48c2b189f21661841efa5e8081b9e13bdf,7e6bab01e9d6b0298352c3d96c8f671d95a236c9e60e60360e5c70a016b1f97e,Decoupled,3,0,,,,,,0,0
0.0,800000,1001,7,c23a2976b557c0f09df0d7723ab67f48c2b189f21661841efa5e8081b9e13bdf,7e6bab01e9d6b0298352c3d96c8f671d95a236c9e60e60360e5c70a016b1f97e,Decoupled,4,0,,,,,,0,0
0.0,800000,1001,11,c23a2976b557c0f09df0d7723ab67f48c2b189f21661841efa5e8081b9e13bdf,7e6bab01e9d6b0298352c3d96c8f671d95a236c9e60e60360e5c70a016b1f97e,No-Dq-R,1,0,0.0,0.0,0.0,0,0,0,0
0.0,800000,1001,11,c23a2976b557c0f09df0d7723ab67f48c2b189f21661841efa5e8081b9e13bdf,7e6bab01e9d6b0298352c3d96c8f671d95a236c9e60e60360e5c70a016b1f97e,No-Dq-R,2,-800000,0.049612584460204445,0.047663681628712706,0.9999999999999994,1,0,0,0
0.0,800000,1001,11,c23a2976b557c0f09df0d7723ab67f48c2b189f21661841efa5e8081b9e13bdf,7e6bab01e9d6b0298352c3d96c8f671d95a236c9e60e60360e5c70a016b1f97e,No-Dq-R,3,-1600000,0.05797731082766472,0.06311589691596853,0,0,0,0,0
0.0,800000,1001,11,c23a2976b557c0f09df0d7723ab67f48c2b189f21661841efa5e8081b9e13bdf,7e6bab01e9d6b0298352c3d96c8f671d95a236c9e60e60360e5c70a016b1f97e,No-Dq-R,4,-2400000,0.05421404102665128,0.06331014280973901,0,0,0,0,0
0.0,800000,1001,11,c23a2976b557c0f09df0d7723ab67f48c2b189f21661841efa5e8081b9e13bdf,7e6bab01e9d6b0298352c3d96c8f671d95a236c9e60e60360e5c70a016b1f97e,Fixed-Dc,1,0,0.0,0.0,0.0,0,0,0,0
0.0,800000,1001,11,c23a2976b557c0f09df0d7723ab67f48c2b189f21661841efa5e8081b9e13bdf,7e6bab01e9d6b0298352c3d96c8f671d95a236c9e60e60360e5c70a016b1f97e,Fixed-Dc,2,0,0.0,0.0,0,0,0,0,0
0.0,800000,1001,11,c23a2976b557c0f09df0d7723ab67f48c2b189f21661841efa5e8081b9e13bdf,7e6bab01e9d6b0298352c3d96c8f671d95a236c9e60e60360e5c70a016b1f97e,Fixed-Dc,3,0,0.0,0.0,0,0,0,0,0
0.0,800000,1001,11,c23a2976b557c0f09df0d7723ab67f48c2b189f21661841efa5e8081b9e13bdf,7e6bab01e9d6b0298352c3d96c8f671d95a236c9e60e60360e5c70a016b1f97e,Fixed-Dc,4,0,0.0,0.0,0,0,0,0,0
0.0,800000,1001,11,c23a2976b557c0f09df0d7723ab67f48c2b189f21661841efa5e8081b9e13bdf,7e6bab01e9d6b0298352c3d96c8f671d95a236c9e60e60360e5c70a016b1f97e,Decoupled,1,0,,,,,,0,0
0.0,800000,1001,11,c23a2976b557c0f09df0d7723ab67f48c2b189f21661841efa5e8081b9e13bdf,7e6bab01e9d6b0298352c3d96c8f671d95a236c9e60e60360e5c70a016b1f97e,Decoupled,2,0,,,,,,0,0
0.0,800000,1001,11,c23a2976b557c0f09df0d7723ab67f48c2b189f21661841efa5e8081b9e13bdf,7e6bab01e9d6b0298352c3d96c8f671d95a236c9e60e60360e5c70a016b1f97e,Decoupled,3,0,,,,,,0,0
0.0,800000,1001,11,c23a2976b557c0f09df0d7723ab67f48c2b189f21661841efa5e8081b9e13bdf,7e6bab01e9d6b0298352c3d96c8f671d95a236c9e60e60360e5c70a016b1f97e,Decoupled,4,0,,,,,,0,0
0.0,800000,1002,7,aaad49544574ef6a7fab692ead9fa5244a3d64021677cbc30b9ae2b25852910f,7e6bab01e9d6b0298352c3d96c8f671d95a236c9e60e60360e5c70a016b1f97e,No-Dq-R,1,0,0.0,0.0,0.0,0,0,0,0
0.0,800000,1002,7,aaad49544574ef6a7fab692ead9fa5244a3d64021677cbc30b9ae2b25852910f,7e6bab01e9d6b0298352c3d96c8f671d95a236c9e60e60360e5c70a016b1f97e,No-Dq-R,2,-800000,0.049612584460204445,0.047663681628712706,0.9999999999999994,1,0,0,0
0.0,800000,1002,7,aaad49544574ef6a7fab692ead9fa5244a3d64021677cbc30b9ae2b25852910f,7e6bab01e9d6b0298352c3d96c8f671d95a236c9e60e60360e5c70a016b1f97e,No-Dq-R,3,-1600000,0.06912469436576968,0.06311589691596853,0,0,0,0,0
0.0,800000,1002,7,aaad49544574ef6a7fab692ead9fa5244a3d64021677cbc30b9ae2b25852910f,7e6bab01e9d6b0298352c3d96c8f671d95a236c9e60e60360e5c70a016b1f97e,No-Dq-R,4,-2400000,0.05421404102665128,0.06331014280973901,0,0,0,0,0
0.0,800000,1002,7,aaad49544574ef6a7fab692ead9fa5244a3d64021677cbc30b9ae2b25852910f,7e6bab01e9d6b0298352c3d96c8f671d95a236c9e60e60360e5c70a016b1f97e,Fixed-Dc,1,0,0.0,0.0,0.0,0,0,0,0
0.0,800000,1002,7,aaad49544574ef6a7fab692ead9fa5244a3d64021677cbc30b9ae2b25852910f,7e6bab01e9d6b0298352c3d96c8f671d95a236c9e60e60360e5c70a016b1f97e,Fixed-Dc,2,0,0.0,0.0,0,0,0,0,0
0.0,800000,1002,7,aaad49544574ef6a7fab692ead9fa5244a3d64021677cbc30b9ae2b25852910f,7e6bab01e9d6b0298352c3d96c8f671d95a236c9e60e60360e5c70a016b1f97e,Fixed-Dc,3,0,0.0,0.0,0,0,0,0,0
0.0,800000,1002,7,aaad49544574ef6a7fab692ead9fa5244a3d64021677cbc30b9ae2b25852910f,7e6bab01e9d6b0298352c3d96c8f671d95a236c9e60e60360e5c70a016b1f97e,Fixed-Dc,4,0,0.0,0.0,0,0,0,0,0
0.0,800000,1002,7,aaad49544574ef6a7fab692ead9fa5244a3d64021677cbc30b9ae2b25852910f,7e6bab01e9d6b0298352c3d96c8f671d95a236c9e60e60360e5c70a016b1f97e,Decoupled,1,0,,,,,,0,0
0.0,800000,1002,7,aaad49544574ef6a7fab692ead9fa5244a3d64021677cbc30b9ae2b25852910f,7e6bab01e9d6b0298352c3d96c8f671d95a236c9e60e60360e5c70a016b1f97e,Decoupled,2,0,,,,,,0,0
0.0,800000,1002,7,aaad49544574ef6a7fab692ead9fa5244a3d64021677cbc30b9ae2b25852910f,7e6bab01e9d6b0298352c3d96c8f671d95a236c9e60e60360e5c70a016b1f97e,Decoupled,3,0,,,,,,0,0
0.0,800000,1002,7,aaad49544574ef6a7fab692ead9fa5244a3d64021677cbc30b9ae2b25852910f,7e6bab01e9d6b0298352c3d96c8f671d95a236c9e60e60360e5c70a016b1f97e,Decoupled,4,0,,,,,,0,0
0.0,800000,1002,11,aaad49544574ef6a7fab692ead9fa5244a3d64021677cbc30b9ae2b25852910f,7e6bab01e9d6b0298352c3d96c8f671d95a236c9e60e60360e5c70a016b1f97e,No-Dq-R,1,0,0.0,0.0,0.0,0,0,0,0
0.0,800000,1002,11,aaad49544574ef6a7fab692ead9fa5244a3d64021677cbc30b9ae2b25852910f,7e6bab01e9d6b0298352c3d96c8f671d95a236c9e60e60360e5c70a016b1f97e,No-Dq-R,2,-800000,0.049612584460204445,0.047663681628712706,0.9999999999999994,1,0,0,0
0.0,800000,1002,11,aaad49544574ef6a7fab692ead9fa5244a3d64021677cbc30b9ae2b25852910f,7e6bab01e9d6b0298352c3d96c8f671d95a236c9e60e60360e5c70a016b1f97e,No-Dq-R,3,-1600000,0.05797731082766472,0.06311589691596853,0,0,0,0,0
0.0,800000,1002,11,aaad49544574ef6a7fab692ead9fa5244a3d64021677cbc30b9ae2b25852910f,7e6bab01e9d6b0298352c3d96c8f671d95a236c9e60e60360e5c70a016b1f97e,No-Dq-R,4,-2400000,0.05421404102665128,0.06331014280973901,0,0,0,0,0
0.0,800000,1002,11,aaad49544574ef6a7fab692ead9fa5244a3d64021677cbc30b9ae2b25852910f,7e6bab01e9d6b0298352c3d96c8f671d95a236c9e60e60360e5c70a016b1f97e,Fixed-Dc,1,0,0.0,0.0,0.0,0,0,0,0
0.0,800000,1002,11,aaad49544574ef6a7fab692ead9fa5244a3d64021677cbc30b9ae2b25852910f,7e6bab01e9d6b0298352c3d96c8f671d95a236c9e60e60360e5c70a016b1f97e,Fixed-Dc,2,0,0.0,0.0,0,0,0,0,0
0.0,800000,1002,11,aaad49544574ef6a7fab692ead9fa5244a3d64021677cbc30b9ae2b25852910f,7e6bab01e9d6b0298352c3d96c8f671d95a236c9e60e60360e5c70a016b1f97e,Fixed-Dc,3,0,0.0,0.0,0,0,0,0,0
0.0,800000,1002,11,aaad49544574ef6a7fab692ead9fa5244a3d64021677cbc30b9ae2b25852910f,7e6bab01e9d6b0298352c3d96c8f671d95a236c9e60e60360e5c70a016b1f97e,Fixed-Dc,4,0,0.0,0.0,0,0,0,0,0
0.0,800000,1002,11,aaad49544574ef6a7fab692ead9fa5244a3d64021677cbc30b9ae2b25852910f,7e6bab01e9d6b0298352c3d96c8f671d95a236c9e60e60360e5c70a016b1f97e,Decoupled,1,0,,,,,,0,0
0.0,800000,1002,11,aaad49544574ef6a7fab692ead9fa5244a3d64021677cbc30b9ae2b25852910f,7e6bab01e9d6b0298352c3d96c8f671d95a236c9e60e60360e5c70a016b1f97e,Decoupled,2,0,,,,,,0,0
0.0,800000,1002,11,aaad49544574ef6a7fab692ead9fa5244a3d64021677cbc30b9ae2b25852910f,7e6bab01e9d6b0298352c3d96c8f671d95a236c9e60e60360e5c70a016b1f97e,Decoupled,3,0,,,,,,0,0
0.0,800000,1002,11,aaad49544574ef6a7fab692ead9fa5244a3d64021677cbc30b9ae2b25852910f,7e6bab01e9d6b0298352c3d96c8f671d95a236c9e60e60360e5c70a016b1f97e,Decoupled,4,0,,,,,,0,0
0.0,800000,1003,7,c0d908424959fc5d0e49a26b09cd3214b128b94ff995928ba2d8c05b33f7a487,7e6bab01e9d6b0298352c3d96c8f671d95a236c9e60e60360e5c70a016b1f97e,No-Dq-R,1,0,0.0,0.0,0.0,0,0,0,0
0.0,800000,1003,7,c0d908424959fc5d0e49a26b09cd3214b128b94ff995928ba2d8c05b33f7a487,7e6bab01e9d6b0298352c3d96c8f671d95a236c9e60e60360e5c70a016b1f97e,No-Dq-R,2,-800000,0.049612584460204445,0.047663681628712706,0.9999999999999994,1,0,0,0
0.0,800000,1003,7,c0d908424959fc5d0e49a26b09cd3214b128b94ff995928ba2d8c05b33f7a487,7e6bab01e9d6b0298352c3d96c8f671d95a236c9e60e60360e5c70a016b1f97e,No-Dq-R,3,-1600000,0.06912469436576968,0.06311589691596853,0,0,0,0,0
0.0,800000,1003,7,c0d908424959fc5d0e49a26b09cd3214b128b94ff995928ba2d8c05b33f7a487,7e6bab01e9d6b0298352c3d96c8f671d95a236c9e60e60360e5c70a016b1f97e,No-Dq-R,4,-2400000,0.05421404102665128,0.06331014280973901,0,0,0,0,0
0.0,800000,1003,7,c0d908424959fc5d0e49a26b09cd3214b128b94ff995928ba2d8c05b33f7a487,7e6bab01e9d6b0298352c3d96c8f671d95a236c9e60e60360e5c70a016b1f97e,Fixed-Dc,1,0,0.0,0.0,0.0,0,0,0,0
0.0,800000,1003,7,c0d908424959fc5d0e49a26b09cd3214b128b94ff995928ba2d8c05b33f7a487,7e6bab01e9d6b0298352c3d96c8f671d95a236c9e60e60360e5c70a016b1f97e,Fixed-Dc,2,0,0.0,0.0,0,0,0,0,0
0.0,800000,1003,7,c0d908424959fc5d0e49a26b09cd3214b128b94ff995928ba2d8c05b33f7a487,7e6bab01e9d6b0298352c3d96c8f671d95a236c9e60e60360e5c70a016b1f97e,Fixed-Dc,3,0,0.0,0.0,0,0,0,0,0
0.0,800000,1003,7,c0d908424959fc5d0e49a26b09cd3214b128b94ff995928ba2d8c05b33f7a487,7e6bab01e9d6b0298352c3d96c8f671d95a236c9e60e60360e5c70a016b1f97e,Fixed-Dc,4,0,0.0,0.0,0,0,0,0,0
0.0,800000,1003,7,c0d908424959fc5d0e49a26b09cd3214b128b94ff995928ba2d8c05b33f7a487,7e6bab01e9d6b0298352c3d96c8f671d95a236c9e60e60360e5c70a016b1f97e,Decoupled,1,0,,,,,,0,0
0.0,800000,1003,7,c0d908424959fc5d0e49a26b09cd3214b128b94ff995928ba2d8c05b33f7a487,7e6bab01e9d6b0298352c3d96c8f671d95a236c9e60e60360e5c70a016b1f97e,Decoupled,2,0,,,,,,0,0
0.0,800000,1003,7,c0d908424959fc5d0e49a26b09cd3214b128b94ff995928ba2d8c05b33f7a487,7e6bab01e9d6b0298352c3d96c8f671d95a236c9e60e60360e5c70a016b1f97e,Decoupled,3,0,,,,,,0,0
0.0,800000,1003,7,c0d908424959fc5d0e49a26b09cd3214b128b94ff995928ba2d8c05b33f7a487,7e6bab01e9d6b0298352c3d96c8f671d95a236c9e60e60360e5c70a016b1f97e,Decoupled,4,0,,,,,,0,0
0.0,800000,1003,11,c0d908424959fc5d0e49a26b09cd3214b128b94ff995928ba2d8c05b33f7a487,7e6bab01e9d6b0298352c3d96c8f671d95a236c9e60e60360e5c70a016b1f97e,No-Dq-R,1,0,0.0,0.0,0.0,0,0,0,0
0.0,800000,1003,11,c0d908424959fc5d0e49a26b09cd3214b128b94ff995928ba2d8c05b33f7a487,7e6bab01e9d6b0298352c3d96c8f671d95a236c9e60e60360e5c70a016b1f97e,No-Dq-R,2,-800000,0.049612584460204445,0.047663681628712706,0.9999999999999994,1,0,0,0
0.0,800000,1003,11,c0d908424959fc5d0e49a26b09cd3214b128b94ff995928ba2d8c05b33f7a487,7e6bab01e9d6b0298352c3d96c8f671d95a236c9e60e60360e5c70a016b1f97e,No-Dq-R,3,-1600000,0.05797731082766472,0.06311589691596853,0,0,0,0,0
0.0,800000,1003,11,c0d908424959fc5d0e49a26b09cd3214b128b94ff995928ba2d8c05b33f7a487,7e6bab01e9d6b0298352c3d96c8f671d95a236c9e60e60360e5c70a016b1f97e,No-Dq-R,4,-2400000,0.05421404102665128,0.06331014280973901,0,0,0,0,0
0.0,800000,1003,11,c0d908424959fc5d0e49a26b09cd3214b128b94ff995928ba2d8c05b33f7a487,7e6bab01e9d6b0298352c3d96c8f671d95a236c9e60e60360e5c70a016b1f97e,Fixed-Dc,1,0,0.0,0.0,0.0,0,0,0,0
0.0,800000,1003,11,c0d908424959fc5d0e49a26b09cd3214b128b94ff995928ba2d8c05b33f7a487,7e6bab01e9d6b0298352c3d96c8f671d95a236c9e60e60360e5c70a016b1f97e,Fixed-Dc,2,0,0.0,0.0,0,0,0,0,0
0.0,800000,1003,11,c0d908424959fc5d0e49a26b09cd3214b128b94ff995928ba2d8c05b33f7a487,7e6bab01e9d6b0298352c3d96c8f671d95a236c9e60e60360e5c70a016b1f97e,Fixed-Dc,3,0,0.0,0.0,0,0,0,0,0
0.0,800000,1003,11,c0d908424959fc5d0e49a26b09cd3214b128b94ff995928ba2d8c05b33f7a487,7e6bab01e9d6b0298352c3d96c8f671d95a236c9e60e60360e5c70a016b1f97e,Fixed-Dc,4,0,0.0,0.0,0,0,0,0,0
0.0,800000,1003,11,c0d908424959fc5d0e49a26b09cd3214b128b94ff995928ba2d8c05b33f7a487,7e6bab01e9d6b0298352c3d96c8f671d95a236c9e60e60360e5c70a016b1f97e,Decoupled,1,0,,,,,,0,0
0.0,800000,1003,11,c0d908424959fc5d0e49a26b09cd3214b128b94ff995928ba2d8c05b33f7a487,7e6bab01e9d6b0298352c3d96c8f671d95a236c9e60e60360e5c70a016b1f97e,Decoupled,2,0,,,,,,0,0
0.0,800000,1003,11,c0d908424959fc5d0e49a26b09cd3214b128b94ff995928ba2d8c05b33f7a487,7e6bab01e9d6b0298352c3d96c8f671d95a236c9e60e60360e5c70a016b1f97e,Decoupled,3,0,,,,,,0,0
0.0,800000,1003,11,c0d908424959fc5d0e49a26b09cd3214b128b94ff995928ba2d8c05b33f7a487,7e6bab01e9d6b0298352c3d96c8f671d95a236c9e60e60360e5c70a016b1f97e,Decoupled,4,0,,,,,,0,0
0.0,800000,1004,7,4ff5eaa745397182e64787a5b3c82c5124acb6cfbaa58cf4051e3f3c223033d5,7e6bab01e9d6b0298352c3d96c8f671d95a236c9e60e60360e5c70a016b1f97e,No-Dq-R,1,0,0.0,0.0,0.0,0,0,0,0
0.0,800000,1004,7,4ff5eaa745397182e64787a5b3c82c5124acb6cfbaa58cf4051e3f3c223033d5,7e6bab01e9d6b0298352c3d96c8f671d95a236c9e60e60360e5c70a016b1f97e,No-Dq-R,2,-800000,0.049612584460204445,0.047663681628712706,0.9999999999999994,1,0,0,0
0.0,800000,1004,7,4ff5eaa745397182e64787a5b3c82c5124acb6cfbaa58cf4051e3f3c223033d5,7e6bab01e9d6b0298352c3d96c8f671d95a236c9e60e60360e5c70a016b1f97e,No-Dq-R,3,-1600000,0.06912469436576968,0.06311589691596853,0,0,0,0,0
0.0,800000,1004,7,4ff5eaa745397182e64787a5b3c82c5124acb6cfbaa58cf4051e3f3c223033d5,7e6bab01e9d6b0298352c3d96c8f671d95a236c9e60e60360e5c70a016b1f97e,No-Dq-R,4,-2400000,0.05421404102665128,0.06331014280973901,0,0,0,0,0
0.0,800000,1004,7,4ff5eaa745397182e64787a5b3c82c5124acb6cfbaa58cf4051e3f3c223033d5,7e6bab01e9d6b0298352c3d96c8f671d95a236c9e60e60360e5c70a016b1f97e,Fixed-Dc,1,0,0.0,0.0,0.0,0,0,0,0
0.0,800000,1004,7,4ff5eaa745397182e64787a5b3c82c5124acb6cfbaa58cf4051e3f3c223033d5,7e6bab01e9d6b0298352c3d96c8f671d95a236c9e60e60360e5c70a016b1f97e,Fixed-Dc,2,0,0.0,0.0,0,0,0,0,0
0.0,800000,1004,7,4ff5eaa745397182e64787a5b3c82c5124acb6cfbaa58cf4051e3f3c223033d5,7e6bab01e9d6b0298352c3d96c8f671d95a236c9e60e60360e5c70a016b1f97e,Fixed-Dc,3,0,0.0,0.0,0,0,0,0,0
0.0,800000,1004,7,4ff5eaa745397182e64787a5b3c82c5124acb6cfbaa58cf4051e3f3c223033d5,7e6bab01e9d6b0298352c3d96c8f671d95a236c9e60e60360e5c70a016b1f97e,Fixed-Dc,4,0,0.0,0.0,0,0,0,0,0
0.0,800000,1004,7,4ff5eaa745397182e64787a5b3c82c5124acb6cfbaa58cf4051e3f3c223033d5,7e6bab01e9d6b0298352c3d96c8f671d95a236c9e60e60360e5c70a016b1f97e,Decoupled,1,0,,,,,,0,0
0.0,800000,1004,7,4ff5eaa745397182e64787a5b3c82c5124acb6cfbaa58cf4051e3f3c223033d5,7e6bab01e9d6b0298352c3d96c8f671d95a236c9e60e60360e5c70a016b1f97e,Decoupled,2,0,,,,,,0,0
0.0,800000,1004,7,4ff5eaa745397182e64787a5b3c82c5124acb6cfbaa58cf4051e3f3c223033d5,7e6bab01e9d6b0298352c3d96c8f671d95a236c9e60e60360e5c70a016b1f97e,Decoupled,3,0,,,,,,0,0
0.0,800000,1004,7,4ff5eaa745397182e64787a5b3c82c5124acb6cfbaa58cf4051e3f3c223033d5,7e6bab01e9d6b0298352c3d96c8f671d95a236c9e60e60360e5c70a016b1f97e,Decoupled,4,0,,,,,,0,0
0.0,800000,1004,11,4ff5eaa745397182e64787a5b3c82c5124acb6cfbaa58cf4051e3f3c223033d5,7e6bab01e9d6b0298352c3d96c8f671d95a236c9e60e60360e5c70a016b1f97e,No-Dq-R,1,0,0.0,0.0,0.0,0,0,0,0
0.0,800000,1004,11,4ff5eaa745397182e64787a5b3c82c5124acb6cfbaa58cf4051e3f3c223033d5,7e6bab01e9d6b0298352c3d96c8f671d95a236c9e60e60360e5c70a016b1f97e,No-Dq-R,2,-800000,0.049612584460204445,0.047663681628712706,0.9999999999999994,1,0,0,0
0.0,800000,1004,11,4ff5eaa745397182e64787a5b3c82c5124acb6cfbaa58cf4051e3f3c223033d5,7e6bab01e9d6b0298352c3d96c8f671d95a236c9e60e60360e5c70a016b1f97e,No-Dq-R,3,-1600000,0.05797731082766472,0.06311589691596853,0,0,0,0,0
0.0,800000,1004,11,4ff5eaa745397182e64787a5b3c82c5124acb6cfbaa58cf4051e3f3c223033d5,7e6bab01e9d6b0298352c3d96c8f671d95a236c9e60e60360e5c70a016b1f97e,No-Dq-R,4,-2400000,0.05421404102665128,0.06331014280973901,0,0,0,0,0
0.0,800000,1004,11,4ff5eaa745397182e64787a5b3c82c5124acb6cfbaa58cf4051e3f3c223033d5,7e6bab01e9d6b0298352c3d96c8f671d95a236c9e60e60360e5c70a016b1f97e,Fixed-Dc,1,0,0.0,0.0,0.0,0,0,0,0
0.0,800000,1004,11,4ff5eaa745397182e64787a5b3c82c5124acb6cfbaa58cf4051e3f3c223033d5,7e6bab01e9d6b0298352c3d96c8f671d95a236c9e60e60360e5c70a016b1f97e,Fixed-Dc,2,0,0.0,0.0,0,0,0,0,0
0.0,800000,1004,11,4ff5eaa745397182e64787a5b3c82c5124acb6cfbaa58cf4051e3f3c223033d5,7e6bab01e9d6b0298352c3d96c8f671d95a236c9e60e60360e5c70a016b1f97e,Fixed-Dc,3,0,0.0,0.0,0,0,0,0,0
0.0,800000,1004,11,4ff5eaa745397182e64787a5b3c82c5124acb6cfbaa58cf4051e3f3c223033d5,7e6bab01e9d6b0298352c3d96c8f671d95a236c9e60e60360e5c70a016b1f97e,Fixed-Dc,4,0,0.0,0.0,0,0,0,0,0
0.0,800000,1004,11,4ff5eaa745397182e64787a5b3c82c5124acb6cfbaa58cf4051e3f3c223033d5,7e6bab01e9d6b0298352c3d96c8f671d95a236c9e60e60360e5c70a016b1f97e,Decoupled,1,0,,,,,,0,0
0.0,800000,1004,11,4ff5eaa745397182e64787a5b3c82c5124acb6cfbaa58cf4051e3f3c223033d5,7e6bab01e9d6b0298352c3d96c8f671d95a236c9e60e60360e5c70a016b1f97e,Decoupled,2,0,,,,,,0,0
0.0,800000,1004,11,4ff5eaa745397182e64787a5b3c82c5124acb6cfbaa58cf4051e3f3c223033d5,7e6bab01e9d6b0298352c3d96c8f671d95a236c9e60e60360e5c70a016b1f97e,Decoupled,3,0,,,,,,0,0
0.0,800000,1004,11,4ff5eaa745397182e64787a5b3c82c5124acb6cfbaa58cf4051e3f3c223033d5,7e6bab01e9d6b0298352c3d96c8f671d95a236c9e60e60360e5c70a016b1f97e,Decoupled,4,0,,,,,,0,0
0.0,800000,1005,7,6fcd0cb968811d4292b0f921758c4b403830950f2f350a23c7a66e5182ad53c7,7e6bab01e9d6b0298352c3d96c8f671d95a236c9e60e60360e5c70a016b1f97e,No-Dq-R,1,0,0.0,0.0,0.0,0,0,0,0
0.0,800000,1005,7,6fcd0cb968811d4292b0f921758c4b403830950f2f350a23c7a66e5182ad53c7,7e6bab01e9d6b0298352c3d96c8f671d95a236c9e60e60360e5c70a016b1f97e,No-Dq-R,2,-800000,0.049612584460204445,0.047663681628712706,0.9999999999999994,1,0,0,0
0.0,800000,1005,7,6fcd0cb968811d4292b0f921758c4b403830950f2f350a23c7a66e5182ad53c7,7e6bab01e9d6b0298352c3d96c8f671d95a236c9e60e60360e5c70a016b1f97e,No-Dq-R,3,-1600000,0.06912469436576968,0.06311589691596853,0,0,0,0,0
0.0,800000,1005,7,6fcd0cb968811d4292b0f921758c4b403830950f2f350a23c7a66e5182ad53c7,7e6bab01e9d6b0298352c3d96c8f671d95a236c9e60e60360e5c70a016b1f97e,No-Dq-R,4,-2400000,0.05421404102665128,0.06331014280973901,0,0,0,0,0
0.0,800000,1005,7,6fcd0cb968811d4292b0f921758c4b403830950f2f350a23c7a66e5182ad53c7,7e6bab01e9d6b0298352c3d96c8f671d95a236c9e60e60360e5c70a016b1f97e,Fixed-Dc,1,0,0.0,0.0,0.0,0,0,0,0
0.0,800000,1005,7,6fcd0cb968811d4292b0f921758c4b403830950f2f350a23c7a66e5182ad53c7,7e6bab01e9d6b0298352c3d96c8f671d95a236c9e60e60360e5c70a016b1f97e,Fixed-Dc,2,0,0.0,0.0,0,0,0,0,0
0.0,800000,1005,7,6fcd0cb968811d4292b0f921758c4b403830950f2f350a23c7a66e5182ad53c7,7e6bab01e9d6b0298352c3d96c8f671d95a236c9e60e60360e5c70a016b1f97e,Fixed-Dc,3,0,0.0,0.0,0,0,0,0,0
0.0,800000,1005,7,6fcd0cb968811d4292b0f921758c4b403830950f2f350a23c7a66e5182ad53c7,7e6bab01e9d6b0298352c3d96c8f671d95a236c9e60e60360e5c70a016b1f97e,Fixed-Dc,4,0,0.0,0.0,0,0,0,0,0
0.0,800000,1005,7,6fcd0cb968811d4292b0f921758c4b403830950f2f350a23c7a66e5182ad53c7,7e6bab01e9d6b0298352c3d96c8f671d95a236c9e60e60360e5c70a016b1f97e,Decoupled,1,0,,,,,,0,0
0.0,800000,1005,7,6fcd0cb968811d4292b0f921758c4b403830950f2f350a23c7a66e5182ad53c7,7e6bab01e9d6b0298352c3d96c8f671d95a236c9e60e60360e5c70a016b1f97e,Decoupled,2,0,,,,,,0,0
0.0,800000,1005,7,6fcd0cb968811d4292b0f921758c4b403830950f2f350a23c7a66e5182ad53c7,7e6bab01e9d6b0298352c3d96c8f671d95a236c9e60e60360e5c70a016b1f97e,Decoupled,3,0,,,,,,0,0
0.0,800000,1005,7,6fcd0cb968811d4292b0f921758c4b403830950f2f350a23c7a66e5182ad53c7,7e6bab01e9d6b0298352c3d96c8f671d95a236c9e60e60360e5c70a016b1f97e,Decoupled,4,0,,,,,,0,0
0.0,800000,1005,11,6fcd0cb968811d4292b0f921758c4b403830950f2f350a23c7a66e5182ad53c7,7e6bab01e9d6b0298352c3d96c8f671d95a236c9e60e60360e5c70a016b1f97e,No-Dq-R,1,0,0.0,0.0,0.0,0,0,0,0
0.0,800000,1005,11,6fcd0cb968811d4292b0f921758c4b403830950f2f350a23c7a66e5182ad53c7,7e6bab01e9d6b0298352c3d96c8f671d95a236c9e60e60360e5c70a016b1f97e,No-Dq-R,2,-800000,0.049612584460204445,0.047663681628712706,0.9999999999999994,1,0,0,0
0.0,800000,1005,11,6fcd0cb968811d4292b0f921758c4b403830950f2f350a23c7a66e5182ad53c7,7e6bab01e9d6b0298352c3d96c8f671d95a236c9e60e60360e5c70a016b1f97e,No-Dq-R,3,-1600000,0.05797731082766472,0.06311589691596853,0,0,0,0,0
0.0,800000,1005,11,6fcd0cb968811d4292b0f921758c4b403830950f2f350a23c7a66e5182ad53c7,7e6bab01e9d6b0298352c3d96c8f671d95a236c9e60e60360e5c70a016b1f97e,No-Dq-R,4,-2400000,0.05421404102665128,0.06331014280973901,0,0,0,0,0
0.0,800000,1005,11,6fcd0cb968811d4292b0f921758c4b403830950f2f350a23c7a66e5182ad53c7,7e6bab01e9d6b0298352c3d96c8f671d95a236c9e60e60360e5c70a016b1f97e,Fixed-Dc,1,0,0.0,0.0,0.0,0,0,0,0
0.0,800000,1005,11,6fcd0cb968811d4292b0f921758c4b403830950f2f350a23c7a66e5182ad53c7,7e6bab01e9d6b0298352c3d96c8f671d95a236c9e60e60360e5c70a016b1f97e,Fixed-Dc,2,0,0.0,0.0,0,0,0,0,0
0.0,800000,1005,11,6fcd0cb968811d4292b0f921758c4b403830950f2f350a23c7a66e5182ad53c7,7e6bab01e9d6b0298352c3d96c8f671d95a236c9e60e60360e5c70a016b1f97e,Fixed-Dc,3,0,0.0,0.0,0,0,0,0,0
0.0,800000,1005,11,6fcd0cb968811d4292b0f921758c4b403830950f2f350a23c7a66e5182ad53c7,7e6bab01e9d6b0298352c3d96c8f671d95a236c9e60e60360e5c70a016b1f97e,Fixed-Dc,4,0,0.0,0.0,0,0,0,0,0
0.0,800000,1005,11,6fcd0cb968811d4292b0f921758c4b403830950f2f350a23c7a66e5182ad53c7,7e6bab01e9d6b0298352c3d96c8f671d95a236c9e60e60360e5c70a016b1f97e,Decoupled,1,0,,,,,,0,0
0.0,800000,1005,11,6fcd0cb968811d4292b0f921758c4b403830950f2f350a23c7a66e5182ad53c7,7e6bab01e9d6b0298352c3d96c8f671d95a236c9e60e60360e5c70a016b1f97e,Decoupled,2,0,,,,,,0,0
0.0,800000,1005,11,6fcd0cb968811d4292b0f921758c4b403830950f2f350a23c7a66e5182ad53c7,7e6bab01e9d6b0298352c3d96c8f671d95a236c9e60e60360e5c70a016b1f97e,Decoupled,3,0,,,,,,0,0
0.0,800000,1005,11,6fcd0cb968811d4292b0f921758c4b403830950f2f350a23c7a66e5182ad53c7,7e6bab01e9d6b0298352c3d96c8f671d95a236c9e60e60360e5c70a016b1f97e,Decoupled,4,0,,,,,,0,0
0.0,800000,1006,7,296fc4db8182842196bf015262c0a0c049dc9e94be4c8836ff3b1a96b46d8b41,7e6bab01e9d6b0298352c3d96c8f671d95a236c9e60e60360e5c70a016b1f97e,No-Dq-R,1,0,0.0,0.0,0.0,0,0,0,0
0.0,800000,1006,7,296fc4db8182842196bf015262c0a0c049dc9e94be4c8836ff3b1a96b46d8b41,7e6bab01e9d6b0298352c3d96c8f671d95a236c9e60e60360e5c70a016b1f97e,No-Dq-R,2,-800000,0.049612584460204445,0.047663681628712706,0.9999999999999994,1,0,0,0
0.0,800000,1006,7,296fc4db8182842196bf015262c0a0c049dc9e94be4c8836ff3b1a96b46d8b41,7e6bab01e9d6b0298352c3d96c8f671d95a236c9e60e60360e5c70a016b1f97e,No-Dq-R,3,-1600000,0.06912469436576968,0.06311589691596853,0,0,0,0,0
0.0,800000,1006,7,296fc4db8182842196bf015262c0a0c049dc9e94be4c8836ff3b1a96b46d8b41,7e6bab01e9d6b0298352c3d96c8f671d95a236c9e60e60360e5c70a016b1f97e,No-Dq-R,4,-2400000,0.05421404102665128,0.06331014280973901,0,0,0,0,0
0.0,800000,1006,7,296fc4db8182842196bf015262c0a0c049dc9e94be4c8836ff3b1a96b46d8b41,7e6bab01e9d6b0298352c3d96c8f671d95a236c9e60e60360e5c70a016b1f97e,Fixed-Dc,1,0,0.0,0.0,0.0,0,0,0,0
0.0,800000,1006,7,296fc4db8182842196bf015262c0a0c049dc9e94be4c8836ff3b1a96b46d8b41,7e6bab01e9d6b0298352c3d96c8f671d95a236c9e60e60360e5c70a016b1f97e,Fixed-Dc,2,0,0.0,0.0,0,0,0,0,0
0.0,800000,1006,7,296fc4db8182842196bf015262c0a0c049dc9e94be4c8836ff3b1a96b46d8b41,7e6bab01e9d6b0298352c3d96c8f671d95a236c9e60e60360e5c70a016b1f97e,Fixed-Dc,3,0,0.0,0.0,0,0,0,0,0
0.0,800000,1006,7,296fc4db8182842196bf015262c0a0c049dc9e94be4c8836ff3b1a96b46d8b41,7e6bab01e9d6b0298352c3d96c8f671d95a236c9e60e60360e5c70a016b1f97e,Fixed-Dc,4,0,0.0,0.0,0,0,0,0,0
0.0,800000,1006,7,296fc4db8182842196bf015262c0a0c049dc9e94be4c8836ff3b1a96b46d8b41,7e6bab01e9d6b0298352c3d96c8f671d95a236c9e60e60360e5c70a016b1f97e,Decoupled,1,0,,,,,,0,0
0.0,800000,1006,7,296fc4db8182842196bf015262c0a0c049dc9e94be4c8836ff3b1a96b46d8b41,7e6bab01e9d6b0298352c3d96c8f671d95a236c9e60e60360e5c70a016b1f97e,Decoupled,2,0,,,,,,0,0
0.0,800000,1006,7,296fc4db8182842196bf015262c0a0c049dc9e94be4c8836ff3b1a96b46d8b41,7e6bab01e9d6b0298352c3d96c8f671d95a236c9e60e60360e5c70a016b1f97e,Decoupled,3,0,,,,,,0,0
0.0,800000,1006,7,296fc4db8182842196bf015262c0a0c049dc9e94be4c8836ff3b1a96b46d8b41,7e6bab01e9d6b0298352c3d96c8f671d95a236c9e60e60360e5c70a016b1f97e,Decoupled,4,0,,,,,,0,0
0.0,800000,1006,11,296fc4db8182842196bf015262c0a0c049dc9e94be4c8836ff3b1a96b46d8b41,7e6bab01e9d6b0298352c3d96c8f671d95a236c9e60e60360e5c70a016b1f97e,No-Dq-R,1,0,0.0,0.0,0.0,0,0,0,0
0.0,800000,1006,11,296fc4db8182842196bf015262c0a0c049dc9e94be4c8836ff3b1a96b46d8b41,7e6bab01e9d6b0298352c3d96c8f671d95a236c9e60e60360e5c70a016b1f97e,No-Dq-R,2,-800000,0.049612584460204445,0.047663681628712706,0.9999999999999994,1,0,0,0
0.0,800000,1006,11,296fc4db8182842196bf015262c0a0c049dc9e94be4c8836ff3b1a96b46d8b41,7e6bab01e9d6b0298352c3d96c8f671d95a236c9e60e60360e5c70a016b1f97e,No-Dq-R,3,-1600000,0.05797731082766472,0.06311589691596853,0,0,0,0,0
0.0,800000,1006,11,296fc4db8182842196bf015262c0a0c049dc9e94be4c8836ff3b1a96b46d8b41,7e6bab01e9d6b0298352c3d96c8f671d95a236c9e60e60360e5c70a016b1f97e,No-Dq-R,4,-2400000,0.05421404102665128,0.06331014280973901,0,0,0,0,0
0.0,800000,1006,11,296fc4db8182842196bf015262c0a0c049dc9e94be4c8836ff3b1a96b46d8b41,7e6bab01e9d6b0298352c3d96c8f671d95a236c9e60e60360e5c70a016b1f97e,Fixed-Dc,1,0,0.0,0.0,0.0,0,0,0,0
0.0,800000,1006,11,296fc4db8182842196bf015262c0a0c049dc9e94be4c8836ff3b1a96b46d8b41,7e6bab01e9d6b0298352c3d96c8f671d95a236c9e60e60360e5c70a016b1f97e,Fixed-Dc,2,0,0.0,0.0,0,0,0,0,0
0.0,800000,1006,11,296fc4db8182842196bf015262c0a0c049dc9e94be4c8836ff3b1a96b46d8b41,7e6bab01e9d6b0298352c3d96c8f671d95a236c9e60e60360e5c70a016b1f97e,Fixed-Dc,3,0,0.0,0.0,0,0,0,0,0
0.0,800000,1006,11,296fc4db8182842196bf015262c0a0c049dc9e94be4c8836ff3b1a96b46d8b41,7e6bab01e9d6b0298352c3d96c8f671d95a236c9e60e60360e5c70a016b1f97e,Fixed-Dc,4,0,0.0,0.0,0,0,0,0,0
0.0,800000,1006,11,296fc4db8182842196bf015262c0a0c049dc9e94be4c8836ff3b1a96b46d8b41,7e6bab01e9d6b0298352c3d96c8f671d95a236c9e60e60360e5c70a016b1f97e,Decoupled,1,0,,,,,,0,0
0.0,800000,1006,11,296fc4db8182842196bf015262c0a0c049dc9e94be4c8836ff3b1a96b46d8b41,7e6bab01e9d6b0298352c3d96c8f671d95a236c9e60e60360e5c70a016b1f97e,Decoupled,2,0,,,,,,0,0
0.0,800000,1006,11,296fc4db8182842196bf015262c0a0c049dc9e94be4c8836ff3b1a96b46d8b41,7e6bab01e9d6b0298352c3d96c8f671d95a236c9e60e60360e5c70a016b1f97e,Decoupled,3,0,,,,,,0,0
0.0,800000,1006,11,296fc4db8182842196bf015262c0a0c049dc9e94be4c8836ff3b1a96b46d8b41,7e6bab01e9d6b0298352c3d96c8f671d95a236c9e60e60360e5c70a016b1f97e,Decoupled,4,0,,,,,,0,0
0.0,800000,1007,7,5ce46f160f8c07192eba5eb755c8fd4bdb19968b6d5d98e2df88905c1d50a70a,7e6bab01e9d6b0298352c3d96c8f671d95a236c9e60e60360e5c70a016b1f97e,No-Dq-R,1,0,0.0,0.0,0.0,0,0,0,0
0.0,800000,1007,7,5ce46f160f8c07192eba5eb755c8fd4bdb19968b6d5d98e2df88905c1d50a70a,7e6bab01e9d6b0298352c3d96c8f671d95a236c9e60e60360e5c70a016b1f97e,No-Dq-R,2,-800000,0.049612584460204445,0.047663681628712706,0.9999999999999994,1,0,0,0
0.0,800000,1007,7,5ce46f160f8c07192eba5eb755c8fd4bdb19968b6d5d98e2df88905c1d50a70a,7e6bab01e9d6b0298352c3d96c8f671d95a236c9e60e60360e5c70a016b1f97e,No-Dq-R,3,-1600000,0.06912469436576968,0.06311589691596853,0,0,0,0,0
0.0,800000,1007,7,5ce46f160f8c07192eba5eb755c8fd4bdb19968b6d5d98e2df88905c1d50a70a,7e6bab01e9d6b0298352c3d96c8f671d95a236c9e60e60360e5c70a016b1f97e,No-Dq-R,4,-2400000,0.05421404102665128,0.06331014280973901,0,0,0,0,0
0.0,800000,1007,7,5ce46f160f8c07192eba5eb755c8fd4bdb19968b6d5d98e2df88905c1d50a70a,7e6bab01e9d6b0298352c3d96c8f671d95a236c9e60e60360e5c70a016b1f97e,Fixed-Dc,1,0,0.0,0.0,0.0,0,0,0,0
0.0,800000,1007,7,5ce46f160f8c07192eba5eb755c8fd4bdb19968b6d5d98e2df88905c1d50a70a,7e6bab01e9d6b0298352c3d96c8f671d95a236c9e60e60360e5c70a016b1f97e,Fixed-Dc,2,0,0.0,0.0,0,0,0,0,0
0.0,800000,1007,7,5ce46f160f8c07192eba5eb755c8fd4bdb19968b6d5d98e2df88905c1d50a70a,7e6bab01e9d6b0298352c3d96c8f671d95a236c9e60e60360e5c70a016b1f97e,Fixed-Dc,3,0,0.0,0.0,0,0,0,0,0
0.0,800000,1007,7,5ce46f160f8c07192eba5eb755c8fd4bdb19968b6d5d98e2df88905c1d50a70a,7e6bab01e9d6b0298352c3d96c8f671d95a236c9e60e60360e5c70a016b1f97e,Fixed-Dc,4,0,0.0,0.0,0,0,0,0,0
0.0,800000,1007,7,5ce46f160f8c07192eba5eb755c8fd4bdb19968b6d5d98e2df88905c1d50a70a,7e6bab01e9d6b0298352c3d96c8f671d95a236c9e60e60360e5c70a016b1f97e,Decoupled,1,0,,,,,,0,0
0.0,800000,1007,7,5ce46f160f8c07192eba5eb755c8fd4bdb19968b6d5d98e2df88905c1d50a70a,7e6bab01e9d6b0298352c3d96c8f671d95a236c9e60e60360e5c70a016b1f97e,Decoupled,2,0,,,,,,0,0
0.0,800000,1007,7,5ce46f160f8c07192eba5eb755c8fd4bdb19968b6d5d98e2df88905c1d50a70a,7e6bab01e9d6b0298352c3d96c8f671d95a236c9e60e60360e5c70a016b1f97e,Decoupled,3,0,,,,,,0,0
0.0,800000,1007,7,5ce46f160f8c07192eba5eb755c8fd4bdb19968b6d5d98e2df88905c1d50a70a,7e6bab01e9d6b0298352c3d96c8f671d95a236c9e60e60360e5c70a016b1f97e,Decoupled,4,0,,,,,,0,0
0.0,800000,1007,11,5ce46f160f8c07192eba5eb755c8fd4bdb19968b6d5d98e2df88905c1d50a70a,7e6bab01e9d6b0298352c3d96c8f671d95a236c9e60e60360e5c70a016b1f97e,No-Dq-R,1,0,0.0,0.0,0.0,0,0,0,0
0.0,800000,1007,11,5ce46f160f8c07192eba5eb755c8fd4bdb19968b6d5d98e2df88905c1d50a70a,7e6bab01e9d6b0298352c3d96c8f671d95a236c9e60e60360e5c70a016b1f97e,No-Dq-R,2,-800000,0.049612584460204445,0.047663681628712706,0.9999999999999994,1,0,0,0
0.0,800000,1007,11,5ce46f160f8c07192eba5eb755c8fd4bdb19968b6d5d98e2df88905c1d50a70a,7e6bab01e9d6b0298352c3d96c8f671d95a236c9e60e60360e5c70a016b1f97e,No-Dq-R,3,-1600000,0.05797731082766472,0.06311589691596853,0,0,0,0,0
0.0,800000,1007,11,5ce46f160f8c07192eba5eb755c8fd4bdb19968b6d5d98e2df88905c1d50a70a,7e6bab01e9d6b0298352c3d96c8f671d95a236c9e60e60360e5c70a016b1f97e,No-Dq-R,4,-2400000,0.05421404102665128,0.06331014280973901,0,0,0,0,0
0.0,800000,1007,11,5ce46f160f8c07192eba5eb755c8fd4bdb19968b6d5d98e2df88905c1d50a70a,7e6bab01e9d6b0298352c3d96c8f671d95a236c9e60e60360e5c70a016b1f97e,Fixed-Dc,1,0,0.0,0.0,0.0,0,0,0,0
0.0,800000,1007,11,5ce46f160f8c07192eba5eb755c8fd4bdb19968b6d5d98e2df88905c1d50a70a,7e6bab01e9d6b0298352c3d96c8f671d95a236c9e60e60360e5c70a016b1f97e,Fixed-Dc,2,0,0.0,0.0,0,0,0,0,0
0.0,800000,1007,11,5ce46f160f8c07192eba5eb755c8fd4bdb19968b6d5d98e2df88905c1d50a70a,7e6bab01e9d6b0298352c3d96c8f671d95a236c9e60e60360e5c70a016b1f97e,Fixed-Dc,3,0,0.0,0.0,0,0,0,0,0
0.0,800000,1007,11,5ce46f160f8c07192eba5eb755c8fd4bdb19968b6d5d98e2df88905c1d50a70a,7e6bab01e9d6b0298352c3d96c8f671d95a236c9e60e60360e5c70a016b1f97e,Fixed-Dc,4,0,0.0,0.0,0,0,0,0,0
0.0,800000,1007,11,5ce46f160f8c07192eba5eb755c8fd4bdb19968b6d5d98e2df88905c1d50a70a,7e6bab01e9d6b0298352c3d96c8f671d95a236c9e60e60360e5c70a016b1f97e,Decoupled,1,0,,,,,,0,0
0.0,800000,1007,11,5ce46f160f8c07192eba5eb755c8fd4bdb19968b6d5d98e2df88905c1d50a70a,7e6bab01e9d6b0298352c3d96c8f671d95a236c9e60e60360e5c70a016b1f97e,Decoupled,2,0,,,,,,0,0
0.0,800000,1007,11,5ce46f160f8c07192eba5eb755c8fd4bdb19968b6d5d98e2df88905c1d50a70a,7e6bab01e9d6b0298352c3d96c8f671d95a236c9e60e60360e5c70a016b1f97e,Decoupled,3,0,,,,,,0,0
0.0,800000,1007,11,5ce46f160f8c07192eba5eb755c8fd4bdb19968b6d5d98e2df88905c1d50a70a,7e6bab01e9d6b0298352c3d96c8f671d95a236c9e60e60360e5c70a016b1f97e,Decoupled,4,0,,,,,,0,0
0.0,800000,1008,7,324cf4f4d36b33f4285f12161fc3007d9a0a6fb292f52d2271a35025ad99ff8a,7e6bab01e9d6b0298352c3d96c8f671d95a236c9e60e60360e5c70a016b1f97e,No-Dq-R,1,0,0.0,0.0,0.0,0,0,0,0
0.0,800000,1008,7,324cf4f4d36b33f4285f12161fc3007d9a0a6fb292f52d2271a35025ad99ff8a,7e6bab01e9d6b0298352c3d96c8f671d95a236c9e60e60360e5c70a016b1f97e,No-Dq-R,2,-800000,0.049612584460204445,0.047663681628712706,0.9999999999999994,1,0,0,0
0.0,800000,1008,7,324cf4f4d36b33f4285f12161fc3007d9a0a6fb292f52d2271a35025ad99ff8a,7e6bab01e9d6b0298352c3d96c8f671d95a236c9e60e60360e5c70a016b1f97e,No-Dq-R,3,-1600000,0.06912469436576968,0.06311589691596853,0,0,0,0,0
0.0,800000,1008,7,324cf4f4d36b33f4285f12161fc3007d9a0a6fb292f52d2271a35025ad99ff8a,7e6bab01e9d6b0298352c3d96c8f671d95a236c9e60e60360e5c70a016b1f97e,No-Dq-R,4,-2400000,0.05421404102665128,0.06331014280973901,0,0,0,0,0
0.0,800000,1008,7,324cf4f4d36b33f4285f12161fc3007d9a0a6fb292f52d2271a35025ad99ff8a,7e6bab01e9d6b0298352c3d96c8f671d95a236c9e60e60360e5c70a016b1f97e,Fixed-Dc,1,0,0.0,0.0,0.0,0,0,0,0
0.0,800000,1008,7,324cf4f4d36b33f4285f12161fc3007d9a0a6fb292f52d2271a35025ad99ff8a,7e6bab01e9d6b0298352c3d96c8f671d95a236c9e60e60360e5c70a016b1f97e,Fixed-Dc,2,0,0.0,0.0,0,0,0,0,0
0.0,800000,1008,7,324cf4f4d36b33f4285f12161fc3007d9a0a6fb292f52d2271a35025ad99ff8a,7e6bab01e9d6b0298352c3d96c8f671d95a236c9e60e60360e5c70a016b1f97e,Fixed-Dc,3,0,0.0,0.0,0,0,0,0,0
0.0,800000,1008,7,324cf4f4d36b33f4285f12161fc3007d9a0a6fb292f52d2271a35025ad99ff8a,7e6bab01e9d6b0298352c3d96c8f671d95a236c9e60e60360e5c70a016b1f97e,Fixed-Dc,4,0,0.0,0.0,0,0,0,0,0
0.0,800000,1008,7,324cf4f4d36b33f4285f12161fc3007d9a0a6fb292f52d2271a35025ad99ff8a,7e6bab01e9d6b0298352c3d96c8f671d95a236c9e60e60360e5c70a016b1f97e,Decoupled,1,0,,,,,,0,0
0.0,800000,1008,7,324cf4f4d36b33f4285f12161fc3007d9a0a6fb292f52d2271a35025ad99ff8a,7e6bab01e9d6b0298352c3d96c8f671d95a236c9e60e60360e5c70a016b1f97e,Decoupled,2,0,,,,,,0,0
0.0,800000,1008,7,324cf4f4d36b33f4285f12161fc3007d9a0a6fb292f52d2271a35025ad99ff8a,7e6bab01e9d6b0298352c3d96c8f671d95a236c9e60e60360e5c70a016b1f97e,Decoupled,3,0,,,,,,0,0
0.0,800000,1008,7,324cf4f4d36b33f4285f12161fc3007d9a0a6fb292f52d2271a35025ad99ff8a,7e6bab01e9d6b0298352c3d96c8f671d95a236c9e60e60360e5c70a016b1f97e,Decoupled,4,0,,,,,,0,0
0.0,800000,1008,11,324cf4f4d36b33f4285f12161fc3007d9a0a6fb292f52d2271a35025ad99ff8a,7e6bab01e9d6b0298352c3d96c8f671d95a236c9e60e60360e5c70a016b1f97e,No-Dq-R,1,0,0.0,0.0,0.0,0,0,0,0
0.0,800000,1008,11,324cf4f4d36b33f4285f12161fc3007d9a0a6fb292f52d2271a35025ad99ff8a,7e6bab01e9d6b0298352c3d96c8f671d95a236c9e60e60360e5c70a016b1f97e,No-Dq-R,2,-800000,0.049612584460204445,0.047663681628712706,0.9999999999999994,1,0,0,0
0.0,800000,1008,11,324cf4f4d36b33f4285f12161fc3007d9a0a6fb292f52d2271a35025ad99ff8a,7e6bab01e9d6b0298352c3d96c8f671d95a236c9e60e60360e5c70a016b1f97e,No-Dq-R,3,-1600000,0.05797731082766472,0.06311589691596853,0,0,0,0,0
0.0,800000,1008,11,324cf4f4d36b33f4285f12161fc3007d9a0a6fb292f52d2271a35025ad99ff8a,7e6bab01e9d6b0298352c3d96c8f671d95a236c9e60e60360e5c70a016b1f97e,No-Dq-R,4,-2400000,0.05421404102665128,0.06331014280973901,0,0,0,0,0
0.0,800000,1008,11,324cf4f4d36b33f4285f12161fc3007d9a0a6fb292f52d2271a35025ad99ff8a,7e6bab01e9d6b0298352c3d96c8f671d95a236c9e60e60360e5c70a016b1f97e,Fixed-Dc,1,0,0.0,0.0,0.0,0,0,0,0
0.0,800000,1008,11,324cf4f4d36b33f4285f12161fc3007d9a0a6fb292f52d2271a35025ad99ff8a,7e6bab01e9d6b0298352c3d96c8f671d95a236c9e60e60360e5c70a016b1f97e,Fixed-Dc,2,0,0.0,0.0,0,0,0,0,0
0.0,800000,1008,11,324cf4f4d36b33f4285f12161fc3007d9a0a6fb292f52d2271a35025ad99ff8a,7e6bab01e9d6b0298352c3d96c8f671d95a236c9e60e60360e5c70a016b1f97e,Fixed-Dc,3,0,0.0,0.0,0,0,0,0,0
0.0,800000,1008,11,324cf4f4d36b33f4285f12161fc3007d9a0a6fb292f52d2271a35025ad99ff8a,7e6bab01e9d6b0298352c3d96c8f671d95a236c9e60e60360e5c70a016b1f97e,Fixed-Dc,4,0,0.0,0.0,0,0,0,0,0
0.0,800000,1008,11,324cf4f4d36b33f4285f12161fc3007d9a0a6fb292f52d2271a35025ad99ff8a,7e6bab01e9d6b0298352c3d96c8f671d95a236c9e60e60360e5c70a016b1f97e,Decoupled,1,0,,,,,,0,0
0.0,800000,1008,11,324cf4f4d36b33f4285f12161fc3007d9a0a6fb292f52d2271a35025ad99ff8a,7e6bab01e9d6b0298352c3d96c8f671d95a236c9e60e60360e5c70a016b1f97e,Decoupled,2,0,,,,,,0,0
0.0,800000,1008,11,324cf4f4d36b33f4285f12161fc3007d9a0a6fb292f52d2271a35025ad99ff8a,7e6bab01e9d6b0298352c3d96c8f671d95a236c9e60e60360e5c70a016b1f97e,Decoupled,3,0,,,,,,0,0
0.0,800000,1008,11,324cf4f4d36b33f4285f12161fc3007d9a0a6fb292f52d2271a35025ad99ff8a,7e6bab01e9d6b0298352c3d96c8f671d95a236c9e60e60360e5c70a016b1f97e,Decoupled,4,0,,,,,,0,0
0.0,800000,1009,7,23884302a48642add775d68fa45581a323db1f13fd355046b2659ce580a69e0e,7e6bab01e9d6b0298352c3d96c8f671d95a236c9e60e60360e5c70a016b1f97e,No-Dq-R,1,0,0.0,0.0,0.0,0,0,0,0
0.0,800000,1009,7,23884302a48642add775d68fa45581a323db1f13fd355046b2659ce580a69e0e,7e6bab01e9d6b0298352c3d96c8f671d95a236c9e60e60360e5c70a016b1f97e,No-Dq-R,2,-800000,0.049612584460204445,0.047663681628712706,0.9999999999999994,1,0,0,0
0.0,800000,1009,7,23884302a48642add775d68fa45581a323db1f13fd355046b2659ce580a69e0e,7e6bab01e9d6b0298352c3d96c8f671d95a236c9e60e60360e5c70a016b1f97e,No-Dq-R,3,-1600000,0.06912469436576968,0.06311589691596853,0,0,0,0,0
0.0,800000,1009,7,23884302a48642add775d68fa45581a323db1f13fd355046b2659ce580a69e0e,7e6bab01e9d6b0298352c3d96c8f671d95a236c9e60e60360e5c70a016b1f97e,No-Dq-R,4,-2400000,0.05421404102665128,0.06331014280973901,0,0,0,0,0
0.0,800000,1009,7,23884302a48642add775d68fa45581a323db1f13fd355046b2659ce580a69e0e,7e6bab01e9d6b0298352c3d96c8f671d95a236c9e60e60360e5c70a016b1f97e,Fixed-Dc,1,0,0.0,0.0,0.0,0,0,0,0
0.0,800000,1009,7,23884302a48642add775d68fa45581a323db1f13fd355046b2659ce580a69e0e,7e6bab01e9d6b0298352c3d96c8f671d95a236c9e60e60360e5c70a016b1f97e,Fixed-Dc,2,0,0.0,0.0,0,0,0,0,0
0.0,800000,1009,7,23884302a48642add775d68fa45581a323db1f13fd355046b2659ce580a69e0e,7e6bab01e9d6b0298352c3d96c8f671d95a236c9e60e60360e5c70a016b1f97e,Fixed-Dc,3,0,0.0,0.0,0,0,0,0,0
0.0,800000,1009,7,23884302a48642add775d68fa45581a323db1f13fd355046b2659ce580a69e0e,7e6bab01e9d6b0298352c3d96c8f671d95a236c9e60e60360e5c70a016b1f97e,Fixed-Dc,4,0,0.0,0.0,0,0,0,0,0
0.0,800000,1009,7,23884302a48642add775d68fa45581a323db1f13fd355046b2659ce580a69e0e,7e6bab01e9d6b0298352c3d96c8f671d95a236c9e60e60360e5c70a016b1f97e,Decoupled,1,0,,,,,,0,0
0.0,800000,1009,7,23884302a48642add775d68fa45581a323db1f13fd355046b2659ce580a69e0e,7e6bab01e9d6b0298352c3d96c8f671d95a236c9e60e60360e5c70a016b1f97e,Decoupled,2,0,,,,,,0,0
0.0,800000,1009,7,23884302a48642add775d68fa45581a323db1f13fd355046b2659ce580a69e0e,7e6bab01e9d6b0298352c3d96c8f671d95a236c9e60e60360e5c70a016b1f97e,Decoupled,3,0,,,,,,0,0
0.0,800000,1009,7,23884302a48642add775d68fa45581a323db1f13fd355046b2659ce580a69e0e,7e6bab01e9d6b0298352c3d96c8f671d95a236c9e60e60360e5c70a016b1f97e,Decoupled,4,0,,,,,,0,0
0.0,800000,1009,11,23884302a48642add775d68fa45581a323db1f13fd355046b2659ce580a69e0e,7e6bab01e9d6b0298352c3d96c8f671d95a236c9e60e60360e5c70a016b1f97e,No-Dq-R,1,0,0.0,0.0,0.0,0,0,0,0
0.0,800000,1009,11,23884302a48642add775d68fa45581a323db1f13fd355046b2659ce580a69e0e,7e6bab01e9d6b0298352c3d96c8f671d95a236c9e60e60360e5c70a016b1f97e,No-Dq-R,2,-800000,0.049612584460204445,0.047663681628712706,0.9999999999999994,1,0,0,0
0.0,800000,1009,11,23884302a48642add775d68fa45581a323db1f13fd355046b2659ce580a69e0e,7e6bab01e9d6b0298352c3d96c8f671d95a236c9e60e60360e5c70a016b1f97e,No-Dq-R,3,-1600000,0.05797731082766472,0.06311589691596853,0,0,0,0,0
0.0,800000,1009,11,23884302a48642add775d68fa45581a323db1f13fd355046b2659ce580a69e0e,7e6bab01e9d6b0298352c3d96c8f671d95a236c9e60e60360e5c70a016b1f97e,No-Dq-R,4,-2400000,0.05421404102665128,0.06331014280973901,0,0,0,0,0
0.0,800000,1009,11,23884302a48642add775d68fa45581a323db1f13fd355046b2659ce580a69e0e,7e6bab01e9d6b0298352c3d96c8f671d95a236c9e60e60360e5c70a016b1f97e,Fixed-Dc,1,0,0.0,0.0,0.0,0,0,0,0
0.0,800000,1009,11,23884302a48642add775d68fa45581a323db1f13fd355046b2659ce580a69e0e,7e6bab01e9d6b0298352c3d96c8f671d95a236c9e60e60360e5c70a016b1f97e,Fixed-Dc,2,0,0.0,0.0,0,0,0,0,0
0.0,800000,1009,11,23884302a48642add775d68fa45581a323db1f13fd355046b2659ce580a69e0e,7e6bab01e9d6b0298352c3d96c8f671d95a236c9e60e60360e5c70a016b1f97e,Fixed-Dc,3,0,0.0,0.0,0,0,0,0,0
0.0,800000,1009,11,23884302a48642add775d68fa45581a323db1f13fd355046b2659ce580a69e0e,7e6bab01e9d6b0298352c3d96c8f671d95a236c9e60e60360e5c70a016b1f97e,Fixed-Dc,4,0,0.0,0.0,0,0,0,0,0
0.0,800000,1009,11,23884302a48642add775d68fa45581a323db1f13fd355046b2659ce580a69e0e,7e6bab01e9d6b0298352c3d96c8f671d95a236c9e60e60360e5c70a016b1f97e,Decoupled,1,0,,,,,,0,0
0.0,800000,1009,11,23884302a48642add775d68fa45581a323db1f13fd355046b2659ce580a69e0e,7e6bab01e9d6b0298352c3d96c8f671d95a236c9e60e60360e5c70a016b1f97e,Decoupled,2,0,,,,,,0,0
0.0,800000,1009,11,23884302a48642add775d68fa45581a323db1f13fd355046b2659ce580a69e0e,7e6bab01e9d6b0298352c3d96c8f671d95a236c9e60e60360e5c70a016b1f97e,Decoupled,3,0,,,,,,0,0
0.0,800000,1009,11,23884302a48642add775d68fa45581a323db1f13fd355046b2659ce580a69e0e,7e6bab01e9d6b0298352c3d96c8f671d95a236c9e60e60360e5c70a016b1f97e,Decoupled,4,0,,,,,,0,0
0.0,800000,1010,7,47e3932f85e0620cff789de5617ad202ef28794976ca43f66327184209301518,7e6bab01e9d6b0298352c3d96c8f671d95a236c9e60e60360e5c70a016b1f97e,No-Dq-R,1,0,0.0,0.0,0.0,0,0,0,0
0.0,800000,1010,7,47e3932f85e0620cff789de5617ad202ef28794976ca43f66327184209301518,7e6bab01e9d6b0298352c3d96c8f671d95a236c9e60e60360e5c70a016b1f97e,No-Dq-R,2,-800000,0.049612584460204445,0.047663681628712706,0.9999999999999994,1,0,0,0
0.0,800000,1010,7,47e3932f85e0620cff789de5617ad202ef28794976ca43f66327184209301518,7e6bab01e9d6b0298352c3d96c8f671d95a236c9e60e60360e5c70a016b1f97e,No-Dq-R,3,-1600000,0.06912469436576968,0.06311589691596853,0,0,0,0,0
0.0,800000,1010,7,47e3932f85e0620cff789de5617ad202ef28794976ca43f66327184209301518,7e6bab01e9d6b0298352c3d96c8f671d95a236c9e60e60360e5c70a016b1f97e,No-Dq-R,4,-2400000,0.05421404102665128,0.06331014280973901,0,0,0,0,0
0.0,800000,1010,7,47e3932f85e0620cff789de5617ad202ef28794976ca43f66327184209301518,7e6bab01e9d6b0298352c3d96c8f671d95a236c9e60e60360e5c70a016b1f97e,Fixed-Dc,1,0,0.0,0.0,0.0,0,0,0,0
0.0,800000,1010,7,47e3932f85e0620cff789de5617ad202ef28794976ca43f66327184209301518,7e6bab01e9d6b0298352c3d96c8f671d95a236c9e60e60360e5c70a016b1f97e,Fixed-Dc,2,0,0.0,0.0,0,0,0,0,0
0.0,800000,1010,7,47e3932f85e0620cff789de5617ad202ef28794976ca43f66327184209301518,7e6bab01e9d6b0298352c3d96c8f671d95a236c9e60e60360e5c70a016b1f97e,Fixed-Dc,3,0,0.0,0.0,0,0,0,0,0
0.0,800000,1010,7,47e3932f85e0620cff789de5617ad202ef28794976ca43f66327184209301518,7e6bab01e9d6b0298352c3d96c8f671d95a236c9e60e60360e5c70a016b1f97e,Fixed-Dc,4,0,0.0,0.0,0,0,0,0,0
0.0,800000,1010,7,47e3932f85e0620cff789de5617ad202ef28794976ca43f66327184209301518,7e6bab01e9d6b0298352c3d96c8f671d95a236c9e60e60360e5c70a016b1f97e,Decoupled,1,0,,,,,,0,0
0.0,800000,1010,7,47e3932f85e0620cff789de5617ad202ef28794976ca43f66327184209301518,7e6bab01e9d6b0298352c3d96c8f671d95a236c9e60e60360e5c70a016b1f97e,Decoupled,2,0,,,,,,0,0
0.0,800000,1010,7,47e3932f85e0620cff789de5617ad202ef28794976ca43f66327184209301518,7e6bab01e9d6b0298352c3d96c8f671d95a236c9e60e60360e5c70a016b1f97e,Decoupled,3,0,,,,,,0,0
0.0,800000,1010,7,47e3932f85e0620cff789de5617ad202ef28794976ca43f66327184209301518,7e6bab01e9d6b0298352c3d96c8f671d95a236c9e60e60360e5c70a016b1f97e,Decoupled,4,0,,,,,,0,0
0.0,800000,1010,11,47e3932f85e0620cff789de5617ad202ef28794976ca43f66327184209301518,7e6bab01e9d6b0298352c3d96c8f671d95a236c9e60e60360e5c70a016b1f97e,No-Dq-R,1,0,0.0,0.0,0.0,0,0,0,0
0.0,800000,1010,11,47e3932f85e0620cff789de5617ad202ef28794976ca43f66327184209301518,7e6bab01e9d6b0298352c3d96c8f671d95a236c9e60e60360e5c70a016b1f97e,No-Dq-R,2,-800000,0.049612584460204445,0.047663681628712706,0.9999999999999994,1,0,0,0
0.0,800000,1010,11,47e3932f85e0620cff789de5617ad202ef28794976ca43f66327184209301518,7e6bab01e9d6b0298352c3d96c8f671d95a236c9e60e60360e5c70a016b1f97e,No-Dq-R,3,-1600000,0.05797731082766472,0.06311589691596853,0,0,0,0,0
0.0,800000,1010,11,47e3932f85e0620cff789de5617ad202ef28794976ca43f66327184209301518,7e6bab01e9d6b0298352c3d96c8f671d95a236c9e60e60360e5c70a016b1f97e,No-Dq-R,4,-2400000,0.05421404102665128,0.06331014280973901,0,0,0,0,0
0.0,800000,1010,11,47e3932f85e0620cff789de5617ad202ef28794976ca43f66327184209301518,7e6bab01e9d6b0298352c3d96c8f671d95a236c9e60e60360e5c70a016b1f97e,Fixed-Dc,1,0,0.0,0.0,0.0,0,0,0,0
0.0,800000,1010,11,47e3932f85e0620cff789de5617ad202ef28794976ca43f66327184209301518,7e6bab01e9d6b0298352c3d96c8f671d95a236c9e60e60360e5c70a016b1f97e,Fixed-Dc,2,0,0.0,0.0,0,0,0,0,0
0.0,800000,1010,11,47e3932f85e0620cff789de5617ad202ef28794976ca43f66327184209301518,7e6bab01e9d6b0298352c3d96c8f671d95a236c9e60e60360e5c70a016b1f97e,Fixed-Dc,3,0,0.0,0.0,0,0,0,0,0
0.0,800000,1010,11,47e3932f85e0620cff789de5617ad202ef28794976ca43f66327184209301518,7e6bab01e9d6b0298352c3d96c8f671d95a236c9e60e60360e5c70a016b1f97e,Fixed-Dc,4,0,0.0,0.0,0,0,0,0,0
0.0,800000,1010,11,47e3932f85e0620cff789de5617ad202ef28794976ca43f66327184209301518,7e6bab01e9d6b0298352c3d96c8f671d95a236c9e60e60360e5c70a016b1f97e,Decoupled,1,0,,,,,,0,0
0.0,800000,1010,11,47e3932f85e0620cff789de5617ad202ef28794976ca43f66327184209301518,7e6bab01e9d6b0298352c3d96c8f671d95a236c9e60e60360e5c70a016b1f97e,Decoupled,2,0,,,,,,0,0
0.0,800000,1010,11,47e3932f85e0620cff789de5617ad202ef28794976ca43f66327184209301518,7e6bab01e9d6b0298352c3d96c8f671d95a236c9e60e60360e5c70a016b1f97e,Decoupled,3,0,,,,,,0,0
0.0,800000,1010,11,47e3932f85e0620cff789de5617ad202ef28794976ca43f66327184209301518,7e6bab01e9d6b0298352c3d96c8f671d95a236c9e60e60360e5c70a016b1f97e,Decoupled,4,0,,,,,,0,0
0.0,800000,1011,7,3b5d2308f9088fbf4389b282a42f9ae1372d20e7c5ead986c1fb7672828932bf,7e6bab01e9d6b0298352c3d96c8f671d95a236c9e60e60360e5c70a016b1f97e,No-Dq-R,1,0,0.0,0.0,0.0,0,0,0,0
0.0,800000,1011,7,3b5d2308f9088fbf4389b282a42f9ae1372d20e7c5ead986c1fb7672828932bf,7e6bab01e9d6b0298352c3d96c8f671d95a236c9e60e60360e5c70a016b1f97e,No-Dq-R,2,-800000,0.049612584460204445,0.047663681628712706,0.9999999999999994,1,0,0,0
0.0,800000,1011,7,3b5d2308f9088fbf4389b282a42f9ae1372d20e7c5ead986c1fb7672828932bf,7e6bab01e9d6b0298352c3d96c8f671d95a236c9e60e60360e5c70a016b1f97e,No-Dq-R,3,-1600000,0.06912469436576968,0.06311589691596853,0,0,0,0,0
0.0,800000,1011,7,3b5d2308f9088fbf4389b282a42f9ae1372d20e7c5ead986c1fb7672828932bf,7e6bab01e9d6b0298352c3d96c8f671d95a236c9e60e60360e5c70a016b1f97e,No-Dq-R,4,-2400000,0.05421404102665128,0.06331014280973901,0,0,0,0,0
0.0,800000,1011,7,3b5d2308f9088fbf4389b282a42f9ae1372d20e7c5ead986c1fb7672828932bf,7e6bab01e9d6b0298352c3d96c8f671d95a236c9e60e60360e5c70a016b1f97e,Fixed-Dc,1,0,0.0,0.0,0.0,0,0,0,0
0.0,800000,1011,7,3b5d2308f9088fbf4389b282a42f9ae1372d20e7c5ead986c1fb7672828932bf,7e6bab01e9d6b0298352c3d96c8f671d95a236c9e60e60360e5c70a016b1f97e,Fixed-Dc,2,0,0.0,0.0,0,0,0,0,0
0.0,800000,1011,7,3b5d2308f9088fbf4389b282a42f9ae1372d20e7c5ead986c1fb7672828932bf,7e6bab01e9d6b0298352c3d96c8f671d95a236c9e60e60360e5c70a016b1f97e,Fixed-Dc,3,0,0.0,0.0,0,0,0,0,0
0.0,800000,1011,7,3b5d2308f9088fbf4389b282a42f9ae1372d20e7c5ead986c1fb7672828932bf,7e6bab01e9d6b0298352c3d96c8f671d95a236c9e60e60360e5c70a016b1f97e,Fixed-Dc,4,0,0.0,0.0,0,0,0,0,0
0.0,800000,1011,7,3b5d2308f9088fbf4389b282a42f9ae1372d20e7c5ead986c1fb7672828932bf,7e6bab01e9d6b0298352c3d96c8f671d95a236c9e60e60360e5c70a016b1f97e,Decoupled,1,0,,,,,,0,0
0.0,800000,1011,7,3b5d2308f9088fbf4389b282a42f9ae1372d20e7c5ead986c1fb7672828932bf,7e6bab01e9d6b0298352c3d96c8f671d95a236c9e60e60360e5c70a016b1f97e,Decoupled,2,0,,,,,,0,0
0.0,800000,1011,7,3b5d2308f9088fbf4389b282a42f9ae1372d20e7c5ead986c1fb7672828932bf,7e6bab01e9d6b0298352c3d96c8f671d95a236c9e60e60360e5c70a016b1f97e,Decoupled,3,0,,,,,,0,0
0.0,800000,1011,7,3b5d2308f9088fbf4389b282a42f9ae1372d20e7c5ead986c1fb7672828932bf,7e6bab01e9d6b0298352c3d96c8f671d95a236c9e60e60360e5c70a016b1f97e,Decoupled,4,0,,,,,,0,0
0.0,800000,1011,11,3b5d2308f9088fbf4389b282a42f9ae1372d20e7c5ead986c1fb7672828932bf,7e6bab01e9d6b0298352c3d96c8f671d95a236c9e60e60360e5c70a016b1f97e,No-Dq-R,1,0,0.0,0.0,0.0,0,0,0,0
0.0,800000,1011,11,3b5d2308f9088fbf4389b282a42f9ae1372d20e7c5ead986c1fb7672828932bf,7e6bab01e9d6b0298352c3d96c8f671d95a236c9e60e60360e5c70a016b1f97e,No-Dq-R,2,-800000,0.049612584460204445,0.047663681628712706,0.9999999999999994,1,0,0,0
0.0,800000,1011,11,3b5d2308f9088fbf4389b282a42f9ae1372d20e7c5ead986c1fb7672828932bf,7e6bab01e9d6b0298352c3d96c8f671d95a236c9e60e60360e5c70a016b1f97e,No-Dq-R,3,-1600000,0.05797731082766472,0.06311589691596853,0,0,0,0,0
0.0,800000,1011,11,3b5d2308f9088fbf4389b282a42f9ae1372d20e7c5ead986c1fb7672828932bf,7e6bab01e9d6b0298352c3d96c8f671d95a236c9e60e60360e5c70a016b1f97e,No-Dq-R,4,-2400000,0.05421404102665128,0.06331014280973901,0,0,0,0,0
0.0,800000,1011,11,3b5d2308f9088fbf4389b282a42f9ae1372d20e7c5ead986c1fb7672828932bf,7e6bab01e9d6b0298352c3d96c8f671d95a236c9e60e60360e5c70a016b1f97e,Fixed-Dc,1,0,0.0,0.0,0.0,0,0,0,0
0.0,800000,1011,11,3b5d2308f9088fbf4389b282a42f9ae1372d20e7c5ead986c1fb7672828932bf,7e6bab01e9d6b0298352c3d96c8f671d95a236c9e60e60360e5c70a016b1f97e,Fixed-Dc,2,0,0.0,0.0,0,0,0,0,0
0.0,800000,1011,11,3b5d2308f9088fbf4389b282a42f9ae1372d20e7c5ead986c1fb7672828932bf,7e6bab01e9d6b0298352c3d96c8f671d95a236c9e60e60360e5c70a016b1f97e,Fixed-Dc,3,0,0.0,0.0,0,0,0,0,0
0.0,800000,1011,11,3b5d2308f9088fbf4389b282a42f9ae1372d20e7c5ead986c1fb7672828932bf,7e6bab01e9d6b0298352c3d96c8f671d95a236c9e60e60360e5c70a016b1f97e,Fixed-Dc,4,0,0.0,0.0,0,0,0,0,0
0.0,800000,1011,11,3b5d2308f9088fbf4389b282a42f9ae1372d20e7c5ead986c1fb7672828932bf,7e6bab01e9d6b0298352c3d96c8f671d95a236c9e60e60360e5c70a016b1f97e,Decoupled,1,0,,,,,,0,0
0.0,800000,1011,11,3b5d2308f9088fbf4389b282a42f9ae1372d20e7c5ead986c1fb7672828932bf,7e6bab01e9d6b0298352c3d96c8f671d95a236c9e60e60360e5c70a016b1f97e,Decoupled,2,0,,,,,,0,0
0.0,800000,1011,11,3b5d2308f9088fbf4389b282a42f9ae1372d20e7c5ead986c1fb7672828932bf,7e6bab01e9d6b0298352c3d96c8f671d95a236c9e60e60360e5c70a016b1f97e,Decoupled,3,0,,,,,,0,0
0.0,800000,1011,11,3b5d2308f9088fbf4389b282a42f9ae1372d20e7c5ead986c1fb7672828932bf,7e6bab01e9d6b0298352c3d96c8f671d95a236c9e60e60360e5c70a016b1f97e,Decoupled,4,0,,,,,,0,0
0.0,800000,1012,7,634050ec0a0c5730364e7448414fbd74648f6708848908c38f5f34996a1fdac2,7e6bab01e9d6b0298352c3d96c8f671d95a236c9e60e60360e5c70a016b1f97e,No-Dq-R,1,0,0.0,0.0,0.0,0,0,0,0
0.0,800000,1012,7,634050ec0a0c5730364e7448414fbd74648f6708848908c38f5f34996a1fdac2,7e6bab01e9d6b0298352c3d96c8f671d95a236c9e60e60360e5c70a016b1f97e,No-Dq-R,2,-800000,0.049612584460204445,0.047663681628712706,0.9999999999999994,1,0,0,0
0.0,800000,1012,7,634050ec0a0c5730364e7448414fbd74648f6708848908c38f5f34996a1fdac2,7e6bab01e9d6b0298352c3d96c8f671d95a236c9e60e60360e5c70a016b1f97e,No-Dq-R,3,-1600000,0.06912469436576968,0.06311589691596853,0,0,0,0,0
0.0,800000,1012,7,634050ec0a0c5730364e7448414fbd74648f6708848908c38f5f34996a1fdac2,7e6bab01e9d6b0298352c3d96c8f671d95a236c9e60e60360e5c70a016b1f97e,No-Dq-R,4,-2400000,0.05421404102665128,0.06331014280973901,0,0,0,0,0
0.0,800000,1012,7,634050ec0a0c5730364e7448414fbd74648f6708848908c38f5f34996a1fdac2,7e6bab01e9d6b0298352c3d96c8f671d95a236c9e60e60360e5c70a016b1f97e,Fixed-Dc,1,0,0.0,0.0,0.0,0,0,0,0
0.0,800000,1012,7,634050ec0a0c5730364e7448414fbd74648f6708848908c38f5f34996a1fdac2,7e6bab01e9d6b0298352c3d96c8f671d95a236c9e60e60360e5c70a016b1f97e,Fixed-Dc,2,0,0.0,0.0,0,0,0,0,0
0.0,800000,1012,7,634050ec0a0c5730364e7448414fbd74648f6708848908c38f5f34996a1fdac2,7e6bab01e9d6b0298352c3d96c8f671d95a236c9e60e60360e5c70a016b1f97e,Fixed-Dc,3,0,0.0,0.0,0,0,0,0,0
0.0,800000,1012,7,634050ec0a0c5730364e7448414fbd74648f6708848908c38f5f34996a1fdac2,7e6bab01e9d6b0298352c3d96c8f671d95a236c9e60e60360e5c70a016b1f97e,Fixed-Dc,4,0,0.0,0.0,0,0,0,0,0
0.0,800000,1012,7,634050ec0a0c5730364e7448414fbd74648f6708848908c38f5f34996a1fdac2,7e6bab01e9d6b0298352c3d96c8f671d95a236c9e60e60360e5c70a016b1f97e,Decoupled,1,0,,,,,,0,0
0.0,800000,1012,7,634050ec0a0c5730364e7448414fbd74648f6708848908c38f5f34996a1fdac2,7e6bab01e9d6b0298352c3d96c8f671d95a236c9e60e60360e5c70a016b1f97e,Decoupled,2,0,,,,,,0,0
0.0,800000,1012,7,634050ec0a0c5730364e7448414fbd74648f6708848908c38f5f34996a1fdac2,7e6bab01e9d6b0298352c3d96c8f671d95a236c9e60e60360e5c70a016b1f97e,Decoupled,3,0,,,,,,0,0
0.0,800000,1012,7,634050ec0a0c5730364e7448414fbd74648f6708848908c38f5f34996a1fdac2,7e6bab01e9d6b0298352c3d96c8f671d95a236c9e60e60360e5c70a016b1f97e,Decoupled,4,0,,,,,,0,0
0.0,800000,1012,11,634050ec0a0c5730364e7448414fbd74648f6708848908c38f5f34996a1fdac2,7e6bab01e9d6b0298352c3d96c8f671d95a236c9e60e60360e5c70a016b1f97e,No-Dq-R,1,0,0.0,0.0,0.0,0,0,0,0
0.0,800000,1012,11,634050ec0a0c5730364e7448414fbd74648f6708848908c38f5f34996a1fdac2,7e6bab01e9d6b0298352c3d96c8f671d95a236c9e60e60360e5c70a016b1f97e,No-Dq-R,2,-800000,0.049612584460204445,0.047663681628712706,0.9999999999999994,1,0,0,0
0.0,800000,1012,11,634050ec0a0c5730364e7448414fbd74648f6708848908c38f5f34996a1fdac2,7e6bab01e9d6b0298352c3d96c8f671d95a236c9e60e60360e5c70a016b1f97e,No-Dq-R,3,-1600000,0.05797731082766472,0.06311589691596853,0,0,0,0,0
0.0,800000,1012,11,634050ec0a0c5730364e7448414fbd74648f6708848908c38f5f34996a1fdac2,7e6bab01e9d6b0298352c3d96c8f671d95a236c9e60e60360e5c70a016b1f97e,No-Dq-R,4,-2400000,0.05421404102665128,0.06331014280973901,0,0,0,0,0
0.0,800000,1012,11,634050ec0a0c5730364e7448414fbd74648f6708848908c38f5f34996a1fdac2,7e6bab01e9d6b0298352c3d96c8f671d95a236c9e60e60360e5c70a016b1f97e,Fixed-Dc,1,0,0.0,0.0,0.0,0,0,0,0
0.0,800000,1012,11,634050ec0a0c5730364e7448414fbd74648f6708848908c38f5f34996a1fdac2,7e6bab01e9d6b0298352c3d96c8f671d95a236c9e60e60360e5c70a016b1f97e,Fixed-Dc,2,0,0.0,0.0,0,0,0,0,0
0.0,800000,1012,11,634050ec0a0c5730364e7448414fbd74648f6708848908c38f5f34996a1fdac2,7e6bab01e9d6b0298352c3d96c8f671d95a236c9e60e60360e5c70a016b1f97e,Fixed-Dc,3,0,0.0,0.0,0,0,0,0,0
0.0,800000,1012,11,634050ec0a0c5730364e7448414fbd74648f6708848908c38f5f34996a1fdac2,7e6bab01e9d6b0298352c3d96c8f671d95a236c9e60e60360e5c70a016b1f97e,Fixed-Dc,4,0,0.0,0.0,0,0,0,0,0
0.0,800000,1012,11,634050ec0a0c5730364e7448414fbd74648f6708848908c38f5f34996a1fdac2,7e6bab01e9d6b0298352c3d96c8f671d95a236c9e60e60360e5c70a016b1f97e,Decoupled,1,0,,,,,,0,0
0.0,800000,1012,11,634050ec0a0c5730364e7448414fbd74648f6708848908c38f5f34996a1fdac2,7e6bab01e9d6b0298352c3d96c8f671d95a236c9e60e60360e5c70a016b1f97e,Decoupled,2,0,,,,,,0,0
0.0,800000,1012,11,634050ec0a0c5730364e7448414fbd74648f6708848908c38f5f34996a1fdac2,7e6bab01e9d6b0298352c3d96c8f671d95a236c9e60e60360e5c70a016b1f97e,Decoupled,3,0,,,,,,0,0
0.0,800000,1012,11,634050ec0a0c5730364e7448414fbd74648f6708848908c38f5f34996a1fdac2,7e6bab01e9d6b0298352c3d96c8f671d95a236c9e60e60360e5c70a016b1f97e,Decoupled,4,0,,,,,,0,0
0.0,800000,1013,7,9b10401ddd88b6d3ce75af0dbaf3afda407d6a183b3ac412d013c05acde9d139,7e6bab01e9d6b0298352c3d96c8f671d95a236c9e60e60360e5c70a016b1f97e,No-Dq-R,1,0,0.0,0.0,0.0,0,0,0,0
0.0,800000,1013,7,9b10401ddd88b6d3ce75af0dbaf3afda407d6a183b3ac412d013c05acde9d139,7e6bab01e9d6b0298352c3d96c8f671d95a236c9e60e60360e5c70a016b1f97e,No-Dq-R,2,-800000,0.049612584460204445,0.047663681628712706,0.9999999999999994,1,0,0,0
0.0,800000,1013,7,9b10401ddd88b6d3ce75af0dbaf3afda407d6a183b3ac412d013c05acde9d139,7e6bab01e9d6b0298352c3d96c8f671d95a236c9e60e60360e5c70a016b1f97e,No-Dq-R,3,-1600000,0.06912469436576968,0.06311589691596853,0,0,0,0,0
0.0,800000,1013,7,9b10401ddd88b6d3ce75af0dbaf3afda407d6a183b3ac412d013c05acde9d139,7e6bab01e9d6b0298352c3d96c8f671d95a236c9e60e60360e5c70a016b1f97e,No-Dq-R,4,-2400000,0.05421404102665128,0.06331014280973901,0,0,0,0,0
0.0,800000,1013,7,9b10401ddd88b6d3ce75af0dbaf3afda407d6a183b3ac412d013c05acde9d139,7e6bab01e9d6b0298352c3d96c8f671d95a236c9e60e60360e5c70a016b1f97e,Fixed-Dc,1,0,0.0,0.0,0.0,0,0,0,0
0.0,800000,1013,7,9b10401ddd88b6d3ce75af0dbaf3afda407d6a183b3ac412d013c05acde9d139,7e6bab01e9d6b0298352c3d96c8f671d95a236c9e60e60360e5c70a016b1f97e,Fixed-Dc,2,0,0.0,0.0,0,0,0,0,0
0.0,800000,1013,7,9b10401ddd88b6d3ce75af0dbaf3afda407d6a183b3ac412d013c05acde9d139,7e6bab01e9d6b0298352c3d96c8f671d95a236c9e60e60360e5c70a016b1f97e,Fixed-Dc,3,0,0.0,0.0,0,0,0,0,0
0.0,800000,1013,7,9b10401ddd88b6d3ce75af0dbaf3afda407d6a183b3ac412d013c05acde9d139,7e6bab01e9d6b0298352c3d96c8f671d95a236c9e60e60360e5c70a016b1f97e,Fixed-Dc,4,0,0.0,0.0,0,0,0,0,0
0.0,800000,1013,7,9b10401ddd88b6d3ce75af0dbaf3afda407d6a183b3ac412d013c05acde9d139,7e6bab01e9d6b0298352c3d96c8f671d95a236c9e60e60360e5c70a016b1f97e,Decoupled,1,0,,,,,,0,0
0.0,800000,1013,7,9b10401ddd88b6d3ce75af0dbaf3afda407d6a183b3ac412d013c05acde9d139,7e6bab01e9d6b0298352c3d96c8f671d95a236c9e60e60360e5c70a016b1f97e,Decoupled,2,0,,,,,,0,0
0.0,800000,1013,7,9b10401ddd88b6d3ce75af0dbaf3afda407d6a183b3ac412d013c05acde9d139,7e6bab01e9d6b0298352c3d96c8f671d95a236c9e60e60360e5c70a016b1f97e,Decoupled,3,0,,,,,,0,0
0.0,800000,1013,7,9b10401ddd88b6d3ce75af0dbaf3afda407d6a183b3ac412d013c05acde9d139,7e6bab01e9d6b0298352c3d96c8f671d95a236c9e60e60360e5c70a016b1f97e,Decoupled,4,0,,,,,,0,0
0.0,800000,1013,11,9b10401ddd88b6d3ce75af0dbaf3afda407d6a183b3ac412d013c05acde9d139,7e6bab01e9d6b0298352c3d96c8f671d95a236c9e60e60360e5c70a016b1f97e,No-Dq-R,1,0,0.0,0.0,0.0,0,0,0,0
0.0,800000,1013,11,9b10401ddd88b6d3ce75af0dbaf3afda407d6a183b3ac412d013c05acde9d139,7e6bab01e9d6b0298352c3d96c8f671d95a236c9e60e60360e5c70a016b1f97e,No-Dq-R,2,-800000,0.049612584460204445,0.047663681628712706,0.9999999999999994,1,0,0,0
0.0,800000,1013,11,9b10401ddd88b6d3ce75af0dbaf3afda407d6a183b3ac412d013c05acde9d139,7e6bab01e9d6b0298352c3d96c8f671d95a236c9e60e60360e5c70a016b1f97e,No-Dq-R,3,-1600000,0.05797731082766472,0.06311589691596853,0,0,0,0,0
0.0,800000,1013,11,9b10401ddd88b6d3ce75af0dbaf3afda407d6a183b3ac412d013c05acde9d139,7e6bab01e9d6b0298352c3d96c8f671d95a236c9e60e60360e5c70a016b1f97e,No-Dq-R,4,-2400000,0.05421404102665128,0.06331014280973901,0,0,0,0,0
0.0,800000,1013,11,9b10401ddd88b6d3ce75af0dbaf3afda407d6a183b3ac412d013c05acde9d139,7e6bab01e9d6b0298352c3d96c8f671d95a236c9e60e60360e5c70a016b1f97e,Fixed-Dc,1,0,0.0,0.0,0.0,0,0,0,0
0.0,800000,1013,11,9b10401ddd88b6d3ce75af0dbaf3afda407d6a183b3ac412d013c05acde9d139,7e6bab01e9d6b0298352c3d96c8f671d95a236c9e60e60360e5c70a016b1f97e,Fixed-Dc,2,0,0.0,0.0,0,0,0,0,0
0.0,800000,1013,11,9b10401ddd88b6d3ce75af0dbaf3afda407d6a183b3ac412d013c05acde9d139,7e6bab01e9d6b0298352c3d96c8f671d95a236c9e60e60360e5c70a016b1f97e,Fixed-Dc,3,0,0.0,0.0,0,0,0,0,0
0.0,800000,1013,11,9b10401ddd88b6d3ce75af0dbaf3afda407d6a183b3ac412d013c05acde9d139,7e6bab01e9d6b0298352c3d96c8f671d95a236c9e60e60360e5c70a016b1f97e,Fixed-Dc,4,0,0.0,0.0,0,0,0,0,0
0.0,800000,1013,11,9b10401ddd88b6d3ce75af0dbaf3afda407d6a183b3ac412d013c05acde9d139,7e6bab01e9d6b0298352c3d96c8f671d95a236c9e60e60360e5c70a016b1f97e,Decoupled,1,0,,,,,,0,0
0.0,800000,1013,11,9b10401ddd88b6d3ce75af0dbaf3afda407d6a183b3ac412d013c05acde9d139,7e6bab01e9d6b0298352c3d96c8f671d95a236c9e60e60360e5c70a016b1f97e,Decoupled,2,0,,,,,,0,0
0.0,800000,1013,11,9b10401ddd88b6d3ce75af0dbaf3afda407d6a183b3ac412d013c05acde9d139,7e6bab01e9d6b0298352c3d96c8f671d95a236c9e60e60360e5c70a016b1f97e,Decoupled,3,0,,,,,,0,0
0.0,800000,1013,11,9b10401ddd88b6d3ce75af0dbaf3afda407d6a183b3ac412d013c05acde9d139,7e6bab01e9d6b0298352c3d96c8f671d95a236c9e60e60360e5c70a016b1f97e,Decoupled,4,0,,,,,,0,0
0.0,800000,1014,7,43ac7e5747f4d4ff4a9fa0ecc82bdb5457ad3c11b8720c3fa0f74df8ff5237af,7e6bab01e9d6b0298352c3d96c8f671d95a236c9e60e60360e5c70a016b1f97e,No-Dq-R,1,0,0.0,0.0,0.0,0,0,0,0
0.0,800000,1014,7,43ac7e5747f4d4ff4a9fa0ecc82bdb5457ad3c11b8720c3fa0f74df8ff5237af,7e6bab01e9d6b0298352c3d96c8f671d95a236c9e60e60360e5c70a016b1f97e,No-Dq-R,2,-800000,0.049612584460204445,0.047663681628712706,0.9999999999999994,1,0,0,0
0.0,800000,1014,7,43ac7e5747f4d4ff4a9fa0ecc82bdb5457ad3c11b8720c3fa0f74df8ff5237af,7e6bab01e9d6b0298352c3d96c8f671d95a236c9e60e60360e5c70a016b1f97e,No-Dq-R,3,-1600000,0.06912469436576968,0.06311589691596853,0,0,0,0,0
0.0,800000,1014,7,43ac7e5747f4d4ff4a9fa0ecc82bdb5457ad3c11b8720c3fa0f74df8ff5237af,7e6bab01e9d6b0298352c3d96c8f671d95a236c9e60e60360e5c70a016b1f97e,No-Dq-R,4,-2400000,0.05421404102665128,0.06331014280973901,0,0,0,0,0
0.0,800000,1014,7,43ac7e5747f4d4ff4a9fa0ecc82bdb5457ad3c11b8720c3fa0f74df8ff5237af,7e6bab01e9d6b0298352c3d96c8f671d95a236c9e60e60360e5c70a016b1f97e,Fixed-Dc,1,0,0.0,0.0,0.0,0,0,0,0
0.0,800000,1014,7,43ac7e5747f4d4ff4a9fa0ecc82bdb5457ad3c11b8720c3fa0f74df8ff5237af,7e6bab01e9d6b0298352c3d96c8f671d95a236c9e60e60360e5c70a016b1f97e,Fixed-Dc,2,0,0.0,0.0,0,0,0,0,0
0.0,800000,1014,7,43ac7e5747f4d4ff4a9fa0ecc82bdb5457ad3c11b8720c3fa0f74df8ff5237af,7e6bab01e9d6b0298352c3d96c8f671d95a236c9e60e60360e5c70a016b1f97e,Fixed-Dc,3,0,0.0,0.0,0,0,0,0,0
0.0,800000,1014,7,43ac7e5747f4d4ff4a9fa0ecc82bdb5457ad3c11b8720c3fa0f74df8ff5237af,7e6bab01e9d6b0298352c3d96c8f671d95a236c9e60e60360e5c70a016b1f97e,Fixed-Dc,4,0,0.0,0.0,0,0,0,0,0
0.0,800000,1014,7,43ac7e5747f4d4ff4a9fa0ecc82bdb5457ad3c11b8720c3fa0f74df8ff5237af,7e6bab01e9d6b0298352c3d96c8f671d95a236c9e60e60360e5c70a016b1f97e,Decoupled,1,0,,,,,,0,0
0.0,800000,1014,7,43ac7e5747f4d4ff4a9fa0ecc82bdb5457ad3c11b8720c3fa0f74df8ff5237af,7e6bab01e9d6b0298352c3d96c8f671d95a236c9e60e60360e5c70a016b1f97e,Decoupled,2,0,,,,,,0,0
0.0,800000,1014,7,43ac7e5747f4d4ff4a9fa0ecc82bdb5457ad3c11b8720c3fa0f74df8ff5237af,7e6bab01e9d6b0298352c3d96c8f671d95a236c9e60e60360e5c70a016b1f97e,Decoupled,3,0,,,,,,0,0
0.0,800000,1014,7,43ac7e5747f4d4ff4a9fa0ecc82bdb5457ad3c11b8720c3fa0f74df8ff5237af,7e6bab01e9d6b0298352c3d96c8f671d95a236c9e60e60360e5c70a016b1f97e,Decoupled,4,0,,,,,,0,0
0.0,800000,1014,11,43ac7e5747f4d4ff4a9fa0ecc82bdb5457ad3c11b8720c3fa0f74df8ff5237af,7e6bab01e9d6b0298352c3d96c8f671d95a236c9e60e60360e5c70a016b1f97e,No-Dq-R,1,0,0.0,0.0,0.0,0,0,0,0
0.0,800000,1014,11,43ac7e5747f4d4ff4a9fa0ecc82bdb5457ad3c11b8720c3fa0f74df8ff5237af,7e6bab01e9d6b0298352c3d96c8f671d95a236c9e60e60360e5c70a016b1f97e,No-Dq-R,2,-800000,0.049612584460204445,0.047663681628712706,0.9999999999999994,1,0,0,0
0.0,800000,1014,11,43ac7e5747f4d4ff4a9fa0ecc82bdb5457ad3c11b8720c3fa0f74df8ff5237af,7e6bab01e9d6b0298352c3d96c8f671d95a236c9e60e60360e5c70a016b1f97e,No-Dq-R,3,-1600000,0.05797731082766472,0.06311589691596853,0,0,0,0,0
0.0,800000,1014,11,43ac7e5747f4d4ff4a9fa0ecc82bdb5457ad3c11b8720c3fa0f74df8ff5237af,7e6bab01e9d6b0298352c3d96c8f671d95a236c9e60e60360e5c70a016b1f97e,No-Dq-R,4,-2400000,0.05421404102665128,0.06331014280973901,0,0,0,0,0
0.0,800000,1014,11,43ac7e5747f4d4ff4a9fa0ecc82bdb5457ad3c11b8720c3fa0f74df8ff5237af,7e6bab01e9d6b0298352c3d96c8f671d95a236c9e60e60360e5c70a016b1f97e,Fixed-Dc,1,0,0.0,0.0,0.0,0,0,0,0
0.0,800000,1014,11,43ac7e5747f4d4ff4a9fa0ecc82bdb5457ad3c11b8720c3fa0f74df8ff5237af,7e6bab01e9d6b0298352c3d96c8f671d95a236c9e60e60360e5c70a016b1f97e,Fixed-Dc,2,0,0.0,0.0,0,0,0,0,0
0.0,800000,1014,11,43ac7e5747f4d4ff4a9fa0ecc82bdb5457ad3c11b8720c3fa0f74df8ff5237af,7e6bab01e9d6b0298352c3d96c8f671d95a236c9e60e60360e5c70a016b1f97e,Fixed-Dc,3,0,0.0,0.0,0,0,0,0,0
0.0,800000,1014,11,43ac7e5747f4d4ff4a9fa0ecc82bdb5457ad3c11b8720c3fa0f74df8ff5237af,7e6bab01e9d6b0298352c3d96c8f671d95a236c9e60e60360e5c70a016b1f97e,Fixed-Dc,4,0,0.0,0.0,0,0,0,0,0
0.0,800000,1014,11,43ac7e5747f4d4ff4a9fa0ecc82bdb5457ad3c11b8720c3fa0f74df8ff5237af,7e6bab01e9d6b0298352c3d96c8f671d95a236c9e60e60360e5c70a016b1f97e,Decoupled,1,0,,,,,,0,0
0.0,800000,1014,11,43ac7e5747f4d4ff4a9fa0ecc82bdb5457ad3c11b8720c3fa0f74df8ff5237af,7e6bab01e9d6b0298352c3d96c8f671d95a236c9e60e60360e5c70a016b1f97e,Decoupled,2,0,,,,,,0,0
0.0,800000,1014,11,43ac7e5747f4d4ff4a9fa0ecc82bdb5457ad3c11b8720c3fa0f74df8ff5237af,7e6bab01e9d6b0298352c3d96c8f671d95a236c9e60e60360e5c70a016b1f97e,Decoupled,3,0,,,,,,0,0
0.0,800000,1014,11,43ac7e5747f4d4ff4a9fa0ecc82bdb5457ad3c11b8720c3fa0f74df8ff5237af,7e6bab01e9d6b0298352c3d96c8f671d95a236c9e60e60360e5c70a016b1f97e,Decoupled,4,0,,,,,,0,0
0.0,800000,1015,7,9f2b66e3a6234079e72becfd39a42fbcf473450057771f44834a46edb911af33,7e6bab01e9d6b0298352c3d96c8f671d95a236c9e60e60360e5c70a016b1f97e,No-Dq-R,1,0,0.0,0.0,0.0,0,0,0,0
0.0,800000,1015,7,9f2b66e3a6234079e72becfd39a42fbcf473450057771f44834a46edb911af33,7e6bab01e9d6b0298352c3d96c8f671d95a236c9e60e60360e5c70a016b1f97e,No-Dq-R,2,-800000,0.049612584460204445,0.047663681628712706,0.9999999999999994,1,0,0,0
0.0,800000,1015,7,9f2b66e3a6234079e72becfd39a42fbcf473450057771f44834a46edb911af33,7e6bab01e9d6b0298352c3d96c8f671d95a236c9e60e60360e5c70a016b1f97e,No-Dq-R,3,-1600000,0.06912469436576968,0.06311589691596853,0,0,0,0,0
0.0,800000,1015,7,9f2b66e3a6234079e72becfd39a42fbcf473450057771f44834a46edb911af33,7e6bab01e9d6b0298352c3d96c8f671d95a236c9e60e60360e5c70a016b1f97e,No-Dq-R,4,-2400000,0.05421404102665128,0.06331014280973901,0,0,0,0,0
0.0,800000,1015,7,9f2b66e3a6234079e72becfd39a42fbcf473450057771f44834a46edb911af33,7e6bab01e9d6b0298352c3d96c8f671d95a236c9e60e60360e5c70a016b1f97e,Fixed-Dc,1,0,0.0,0.0,0.0,0,0,0,0
0.0,800000,1015,7,9f2b66e3a6234079e72becfd39a42fbcf473450057771f44834a46edb911af33,7e6bab01e9d6b0298352c3d96c8f671d95a236c9e60e60360e5c70a016b1f97e,Fixed-Dc,2,0,0.0,0.0,0,0,0,0,0
0.0,800000,1015,7,9f2b66e3a6234079e72becfd39a42fbcf473450057771f44834a46edb911af33,7e6bab01e9d6b0298352c3d96c8f671d95a236c9e60e60360e5c70a016b1f97e,Fixed-Dc,3,0,0.0,0.0,0,0,0,0,0
0.0,800000,1015,7,9f2b66e3a6234079e72becfd39a42fbcf473450057771f44834a46edb911af33,7e6bab01e9d6b0298352c3d96c8f671d95a236c9e60e60360e5c70a016b1f97e,Fixed-Dc,4,0,0.0,0.0,0,0,0,0,0
0.0,800000,1015,7,9f2b66e3a6234079e72becfd39a42fbcf473450057771f44834a46edb911af33,7e6bab01e9d6b0298352c3d96c8f671d95a236c9e60e60360e5c70a016b1f97e,Decoupled,1,0,,,,,,0,0
0.0,800000,1015,7,9f2b66e3a6234079e72becfd39a42fbcf473450057771f44834a46edb911af33,7e6bab01e9d6b0298352c3d96c8f671d95a236c9e60e60360e5c70a016b1f97e,Decoupled,2,0,,,,,,0,0
0.0,800000,1015,7,9f2b66e3a6234079e72becfd39a42fbcf473450057771f44834a46edb911af33,7e6bab01e9d6b0298352c3d96c8f671d95a236c9e60e60360e5c70a016b1f97e,Decoupled,3,0,,,,,,0,0
0.0,800000,1015,7,9f2b66e3a6234079e72becfd39a42fbcf473450057771f44834a46edb911af33,7e6bab01e9d6b0298352c3d96c8f671d95a236c9e60e60360e5c70a016b1f97e,Decoupled,4,0,,,,,,0,0
0.0,800000,1015,11,9f2b66e3a6234079e72becfd39a42fbcf473450057771f44834a46edb911af33,7e6bab01e9d6b0298352c3d96c8f671d95a236c9e60e60360e5c70a016b1f97e,No-Dq-R,1,0,0.0,0.0,0.0,0,0,0,0
0.0,800000,1015,11,9f2b66e3a6234079e72becfd39a42fbcf473450057771f44834a46edb911af33,7e6bab01e9d6b0298352c3d96c8f671d95a236c9e60e60360e5c70a016b1f97e,No-Dq-R,2,-800000,0.049612584460204445,0.047663681628712706,0.9999999999999994,1,0,0,0
0.0,800000,1015,11,9f2b66e3a6234079e72becfd39a42fbcf473450057771f44834a46edb911af33,7e6bab01e9d6b0298352c3d96c8f671d95a236c9e60e60360e5c70a016b1f97e,No-Dq-R,3,-1600000,0.05797731082766472,0.06311589691596853,0,0,0,0,0
0.0,800000,1015,11,9f2b66e3a6234079e72becfd39a42fbcf473450057771f44834a46edb911af33,7e6bab01e9d6b0298352c3d96c8f671d95a236c9e60e60360e5c70a016b1f97e,No-Dq-R,4,-2400000,0.05421404102665128,0.06331014280973901,0,0,0,0,0
0.0,800000,1015,11,9f2b66e3a6234079e72becfd39a42fbcf473450057771f44834a46edb911af33,7e6bab01e9d6b0298352c3d96c8f671d95a236c9e60e60360e5c70a016b1f97e,Fixed-Dc,1,0,0.0,0.0,0.0,0,0,0,0
0.0,800000,1015,11,9f2b66e3a6234079e72becfd39a42fbcf473450057771f44834a46edb911af33,7e6bab01e9d6b0298352c3d96c8f671d95a236c9e60e60360e5c70a016b1f97e,Fixed-Dc,2,0,0.0,0.0,0,0,0,0,0
0.0,800000,1015,11,9f2b66e3a6234079e72becfd39a42fbcf473450057771f44834a46edb911af33,7e6bab01e9d6b0298352c3d96c8f671d95a236c9e60e60360e5c70a016b1f97e,Fixed-Dc,3,0,0.0,0.0,0,0,0,0,0
0.0,800000,1015,11,9f2b66e3a6234079e72becfd39a42fbcf473450057771f44834a46edb911af33,7e6bab01e9d6b0298352c3d96c8f671d95a236c9e60e60360e5c70a016b1f97e,Fixed-Dc,4,0,0.0,0.0,0,0,0,0,0
0.0,800000,1015,11,9f2b66e3a6234079e72becfd39a42fbcf473450057771f44834a46edb911af33,7e6bab01e9d6b0298352c3d96c8f671d95a236c9e60e60360e5c70a016b1f97e,Decoupled,1,0,,,,,,0,0
0.0,800000,1015,11,9f2b66e3a6234079e72becfd39a42fbcf473450057771f44834a46edb911af33,7e6bab01e9d6b0298352c3d96c8f671d95a236c9e60e60360e5c70a016b1f97e,Decoupled,2,0,,,,,,0,0
0.0,800000,1015,11,9f2b66e3a6234079e72becfd39a42fbcf473450057771f44834a46edb911af33,7e6bab01e9d6b0298352c3d96c8f671d95a236c9e60e60360e5c70a016b1f97e,Decoupled,3,0,,,,,,0,0
0.0,800000,1015,11,9f2b66e3a6234079e72becfd39a42fbcf473450057771f44834a46edb911af33,7e6bab01e9d6b0298352c3d96c8f671d95a236c9e60e60360e5c70a016b1f97e,Decoupled,4,0,,,,,,0,0
0.0,800000,1016,7,f1d0e7ce8fbc4665c9b623701cef24d8cee312d711f2d202c1410fbb01565e19,7e6bab01e9d6b0298352c3d96c8f671d95a236c9e60e60360e5c70a016b1f97e,No-Dq-R,1,0,0.0,0.0,0.0,0,0,0,0
0.0,800000,1016,7,f1d0e7ce8fbc4665c9b623701cef24d8cee312d711f2d202c1410fbb01565e19,7e6bab01e9d6b0298352c3d96c8f671d95a236c9e60e60360e5c70a016b1f97e,No-Dq-R,2,-800000,0.049612584460204445,0.047663681628712706,0.9999999999999994,1,0,0,0
0.0,800000,1016,7,f1d0e7ce8fbc4665c9b623701cef24d8cee312d711f2d202c1410fbb01565e19,7e6bab01e9d6b0298352c3d96c8f671d95a236c9e60e60360e5c70a016b1f97e,No-Dq-R,3,-1600000,0.06912469436576968,0.06311589691596853,0,0,0,0,0
0.0,800000,1016,7,f1d0e7ce8fbc4665c9b623701cef24d8cee312d711f2d202c1410fbb01565e19,7e6bab01e9d6b0298352c3d96c8f671d95a236c9e60e60360e5c70a016b1f97e,No-Dq-R,4,-2400000,0.05421404102665128,0.06331014280973901,0,0,0,0,0
0.0,800000,1016,7,f1d0e7ce8fbc4665c9b623701cef24d8cee312d711f2d202c1410fbb01565e19,7e6bab01e9d6b0298352c3d96c8f671d95a236c9e60e60360e5c70a016b1f97e,Fixed-Dc,1,0,0.0,0.0,0.0,0,0,0,0
0.0,800000,1016,7,f1d0e7ce8fbc4665c9b623701cef24d8cee312d711f2d202c1410fbb01565e19,7e6bab01e9d6b0298352c3d96c8f671d95a236c9e60e60360e5c70a016b1f97e,Fixed-Dc,2,0,0.0,0.0,0,0,0,0,0
0.0,800000,1016,7,f1d0e7ce8fbc4665c9b623701cef24d8cee312d711f2d202c1410fbb01565e19,7e6bab01e9d6b0298352c3d96c8f671d95a236c9e60e60360e5c70a016b1f97e,Fixed-Dc,3,0,0.0,0.0,0,0,0,0,0
0.0,800000,1016,7,f1d0e7ce8fbc4665c9b623701cef24d8cee312d711f2d202c1410fbb01565e19,7e6bab01e9d6b0298352c3d96c8f671d95a236c9e60e60360e5c70a016b1f97e,Fixed-Dc,4,0,0.0,0.0,0,0,0,0,0
0.0,800000,1016,7,f1d0e7ce8fbc4665c9b623701cef24d8cee312d711f2d202c1410fbb01565e19,7e6bab01e9d6b0298352c3d96c8f671d95a236c9e60e60360e5c70a016b1f97e,Decoupled,1,0,,,,,,0,0
0.0,800000,1016,7,f1d0e7ce8fbc4665c9b623701cef24d8cee312d711f2d202c1410fbb01565e19,7e6bab01e9d6b0298352c3d96c8f671d95a236c9e60e60360e5c70a016b1f97e,Decoupled,2,0,,,,,,0,0
0.0,800000,1016,7,f1d0e7ce8fbc4665c9b623701cef24d8cee312d711f2d202c1410fbb01565e19,7e6bab01e9d6b0298352c3d96c8f671d95a236c9e60e60360e5c70a016b1f97e,Decoupled,3,0,,,,,,0,0
0.0,800000,1016,7,f1d0e7ce8fbc4665c9b623701cef24d8cee312d711f2d202c1410fbb01565e19,7e6bab01e9d6b0298352c3d96c8f671d95a236c9e60e60360e5c70a016b1f97e,Decoupled,4,0,,,,,,0,0
0.0,800000,1016,11,f1d0e7ce8fbc4665c9b623701cef24d8cee312d711f2d202c1410fbb01565e19,7e6bab01e9d6b0298352c3d96c8f671d95a236c9e60e60360e5c70a016b1f97e,No-Dq-R,1,0,0.0,0.0,0.0,0,0,0,0
0.0,800000,1016,11,f1d0e7ce8fbc4665c9b623701cef24d8cee312d711f2d202c1410fbb01565e19,7e6bab01e9d6b0298352c3d96c8f671d95a236c9e60e60360e5c70a016b1f97e,No-Dq-R,2,-800000,0.049612584460204445,0.047663681628712706,0.9999999999999994,1,0,0,0
0.0,800000,1016,11,f1d0e7ce8fbc4665c9b623701cef24d8cee312d711f2d202c1410fbb01565e19,7e6bab01e9d6b0298352c3d96c8f671d95a236c9e60e60360e5c70a016b1f97e,No-Dq-R,3,-1600000,0.05797731082766472,0.06311589691596853,0,0,0,0,0
0.0,800000,1016,11,f1d0e7ce8fbc4665c9b623701cef24d8cee312d711f2d202c1410fbb01565e19,7e6bab01e9d6b0298352c3d96c8f671d95a236c9e60e60360e5c70a016b1f97e,No-Dq-R,4,-2400000,0.05421404102665128,0.06331014280973901,0,0,0,0,0
0.0,800000,1016,11,f1d0e7ce8fbc4665c9b623701cef24d8cee312d711f2d202c1410fbb01565e19,7e6bab01e9d6b0298352c3d96c8f671d95a236c9e60e60360e5c70a016b1f97e,Fixed-Dc,1,0,0.0,0.0,0.0,0,0,0,0
0.0,800000,1016,11,f1d0e7ce8fbc4665c9b623701cef24d8cee312d711f2d202c1410fbb01565e19,7e6bab01e9d6b0298352c3d96c8f671d95a236c9e60e60360e5c70a016b1f97e,Fixed-Dc,2,0,0.0,0.0,0,0,0,0,0
0.0,800000,1016,11,f1d0e7ce8fbc4665c9b623701cef24d8cee312d711f2d202c1410fbb01565e19,7e6bab01e9d6b0298352c3d96c8f671d95a236c9e60e60360e5c70a016b1f97e,Fixed-Dc,3,0,0.0,0.0,0,0,0,0,0
0.0,800000,1016,11,f1d0e7ce8fbc4665c9b623701cef24d8cee312d711f2d202c1410fbb01565e19,7e6bab01e9d6b0298352c3d96c8f671d95a236c9e60e60360e5c70a016b1f97e,Fixed-Dc,4,0,0.0,0.0,0,0,0,0,0
0.0,800000,1016,11,f1d0e7ce8fbc4665c9b623701cef24d8cee312d711f2d202c1410fbb01565e19,7e6bab01e9d6b0298352c3d96c8f671d95a236c9e60e60360e5c70a016b1f97e,Decoupled,1,0,,,,,,0,0
0.0,800000,1016,11,f1d0e7ce8fbc4665c9b623701cef24d8cee312d711f2d202c1410fbb01565e19,7e6bab01e9d6b0298352c3d96c8f671d95a236c9e60e60360e5c70a016b1f97e,Decoupled,2,0,,,,,,0,0
0.0,800000,1016,11,f1d0e7ce8fbc4665c9b623701cef24d8cee312d711f2d202c1410fbb01565e19,7e6bab01e9d6b0298352c3d96c8f671d95a236c9e60e60360e5c70a016b1f97e,Decoupled,3,0,,,,,,0,0
0.0,800000,1016,11,f1d0e7ce8fbc4665c9b623701cef24d8cee312d711f2d202c1410fbb01565e19,7e6bab01e9d6b0298352c3d96c8f671d95a236c9e60e60360e5c70a016b1f97e,Decoupled,4,0,,,,,,0,0
0.0,800000,1017,7,2b8e06bbe64df126f8bdbd5f888bebfede15e8bc66062f413e372cc9e27e619b,7e6bab01e9d6b0298352c3d96c8f671d95a236c9e60e60360e5c70a016b1f97e,No-Dq-R,1,0,0.0,0.0,0.0,0,0,0,0
0.0,800000,1017,7,2b8e06bbe64df126f8bdbd5f888bebfede15e8bc66062f413e372cc9e27e619b,7e6bab01e9d6b0298352c3d96c8f671d95a236c9e60e60360e5c70a016b1f97e,No-Dq-R,2,-800000,0.049612584460204445,0.047663681628712706,0.9999999999999994,1,0,0,0
0.0,800000,1017,7,2b8e06bbe64df126f8bdbd5f888bebfede15e8bc66062f413e372cc9e27e619b,7e6bab01e9d6b0298352c3d96c8f671d95a236c9e60e60360e5c70a016b1f97e,No-Dq-R,3,-1600000,0.06912469436576968,0.06311589691596853,0,0,0,0,0
0.0,800000,1017,7,2b8e06bbe64df126f8bdbd5f888bebfede15e8bc66062f413e372cc9e27e619b,7e6bab01e9d6b0298352c3d96c8f671d95a236c9e60e60360e5c70a016b1f97e,No-Dq-R,4,-2400000,0.05421404102665128,0.06331014280973901,0,0,0,0,0
0.0,800000,1017,7,2b8e06bbe64df126f8bdbd5f888bebfede15e8bc66062f413e372cc9e27e619b,7e6bab01e9d6b0298352c3d96c8f671d95a236c9e60e60360e5c70a016b1f97e,Fixed-Dc,1,0,0.0,0.0,0.0,0,0,0,0
0.0,800000,1017,7,2b8e06bbe64df126f8bdbd5f888bebfede15e8bc66062f413e372cc9e27e619b,7e6bab01e9d6b0298352c3d96c8f671d95a236c9e60e60360e5c70a016b1f97e,Fixed-Dc,2,0,0.0,0.0,0,0,0,0,0
0.0,800000,1017,7,2b8e06bbe64df126f8bdbd5f888bebfede15e8bc66062f413e372cc9e27e619b,7e6bab01e9d6b0298352c3d96c8f671d95a236c9e60e60360e5c70a016b1f97e,Fixed-Dc,3,0,0.0,0.0,0,0,0,0,0
0.0,800000,1017,7,2b8e06bbe64df126f8bdbd5f888bebfede15e8bc66062f413e372cc9e27e619b,7e6bab01e9d6b0298352c3d96c8f671d95a236c9e60e60360e5c70a016b1f97e,Fixed-Dc,4,0,0.0,0.0,0,0,0,0,0
0.0,800000,1017,7,2b8e06bbe64df126f8bdbd5f888bebfede15e8bc66062f413e372cc9e27e619b,7e6bab01e9d6b0298352c3d96c8f671d95a236c9e60e60360e5c70a016b1f97e,Decoupled,1,0,,,,,,0,0
0.0,800000,1017,7,2b8e06bbe64df126f8bdbd5f888bebfede15e8bc66062f413e372cc9e27e619b,7e6bab01e9d6b0298352c3d96c8f671d95a236c9e60e60360e5c70a016b1f97e,Decoupled,2,0,,,,,,0,0
0.0,800000,1017,7,2b8e06bbe64df126f8bdbd5f888bebfede15e8bc66062f413e372cc9e27e619b,7e6bab01e9d6b0298352c3d96c8f671d95a236c9e60e60360e5c70a016b1f97e,Decoupled,3,0,,,,,,0,0
0.0,800000,1017,7,2b8e06bbe64df126f8bdbd5f888bebfede15e8bc66062f413e372cc9e27e619b,7e6bab01e9d6b0298352c3d96c8f671d95a236c9e60e60360e5c70a016b1f97e,Decoupled,4,0,,,,,,0,0
0.0,800000,1017,11,2b8e06bbe64df126f8bdbd5f888bebfede15e8bc66062f413e372cc9e27e619b,7e6bab01e9d6b0298352c3d96c8f671d95a236c9e60e60360e5c70a016b1f97e,No-Dq-R,1,0,0.0,0.0,0.0,0,0,0,0
0.0,800000,1017,11,2b8e06bbe64df126f8bdbd5f888bebfede15e8bc66062f413e372cc9e27e619b,7e6bab01e9d6b0298352c3d96c8f671d95a236c9e60e60360e5c70a016b1f97e,No-Dq-R,2,-800000,0.049612584460204445,0.047663681628712706,0.9999999999999994,1,0,0,0
0.0,800000,1017,11,2b8e06bbe64df126f8bdbd5f888bebfede15e8bc66062f413e372cc9e27e619b,7e6bab01e9d6b0298352c3d96c8f671d95a236c9e60e60360e5c70a016b1f97e,No-Dq-R,3,-1600000,0.05797731082766472,0.06311589691596853,0,0,0,0,0
0.0,800000,1017,11,2b8e06bbe64df126f8bdbd5f888bebfede15e8bc66062f413e372cc9e27e619b,7e6bab01e9d6b0298352c3d96c8f671d95a236c9e60e60360e5c70a016b1f97e,No-Dq-R,4,-2400000,0.05421404102665128,0.06331014280973901,0,0,0,0,0
0.0,800000,1017,11,2b8e06bbe64df126f8bdbd5f888bebfede15e8bc66062f413e372cc9e27e619b,7e6bab01e9d6b0298352c3d96c8f671d95a236c9e60e60360e5c70a016b1f97e,Fixed-Dc,1,0,0.0,0.0,0.0,0,0,0,0
0.0,800000,1017,11,2b8e06bbe64df126f8bdbd5f888bebfede15e8bc66062f413e372cc9e27e619b,7e6bab01e9d6b0298352c3d96c8f671d95a236c9e60e60360e5c70a016b1f97e,Fixed-Dc,2,0,0.0,0.0,0,0,0,0,0
0.0,800000,1017,11,2b8e06bbe64df126f8bdbd5f888bebfede15e8bc66062f413e372cc9e27e619b,7e6bab01e9d6b0298352c3d96c8f671d95a236c9e60e60360e5c70a016b1f97e,Fixed-Dc,3,0,0.0,0.0,0,0,0,0,0
0.0,800000,1017,11,2b8e06bbe64df126f8bdbd5f888bebfede15e8bc66062f413e372cc9e27e619b,7e6bab01e9d6b0298352c3d96c8f671d95a236c9e60e60360e5c70a016b1f97e,Fixed-Dc,4,0,0.0,0.0,0,0,0,0,0
0.0,800000,1017,11,2b8e06bbe64df126f8bdbd5f888bebfede15e8bc66062f413e372cc9e27e619b,7e6bab01e9d6b0298352c3d96c8f671d95a236c9e60e60360e5c70a016b1f97e,Decoupled,1,0,,,,,,0,0
0.0,800000,1017,11,2b8e06bbe64df126f8bdbd5f888bebfede15e8bc66062f413e372cc9e27e619b,7e6bab01e9d6b0298352c3d96c8f671d95a236c9e60e60360e5c70a016b1f97e,Decoupled,2,0,,,,,,0,0
0.0,800000,1017,11,2b8e06bbe64df126f8bdbd5f888bebfede15e8bc66062f413e372cc9e27e619b,7e6bab01e9d6b0298352c3d96c8f671d95a236c9e60e60360e5c70a016b1f97e,Decoupled,3,0,,,,,,0,0
0.0,800000,1017,11,2b8e06bbe64df126f8bdbd5f888bebfede15e8bc66062f413e372cc9e27e619b,7e6bab01e9d6b0298352c3d96c8f671d95a236c9e60e60360e5c70a016b1f97e,Decoupled,4,0,,,,,,0,0
0.0,800000,1018,7,5ac4bb0ad135b17d9d1bc9d1e530bea04a7537aa9f758e8cf629516c67158b85,7e6bab01e9d6b0298352c3d96c8f671d95a236c9e60e60360e5c70a016b1f97e,No-Dq-R,1,0,0.0,0.0,0.0,0,0,0,0
0.0,800000,1018,7,5ac4bb0ad135b17d9d1bc9d1e530bea04a7537aa9f758e8cf629516c67158b85,7e6bab01e9d6b0298352c3d96c8f671d95a236c9e60e60360e5c70a016b1f97e,No-Dq-R,2,-800000,0.049612584460204445,0.047663681628712706,0.9999999999999994,1,0,0,0
0.0,800000,1018,7,5ac4bb0ad135b17d9d1bc9d1e530bea04a7537aa9f758e8cf629516c67158b85,7e6bab01e9d6b0298352c3d96c8f671d95a236c9e60e60360e5c70a016b1f97e,No-Dq-R,3,-1600000,0.06912469436576968,0.06311589691596853,0,0,0,0,0
0.0,800000,1018,7,5ac4bb0ad135b17d9d1bc9d1e530bea04a7537aa9f758e8cf629516c67158b85,7e6bab01e9d6b0298352c3d96c8f671d95a236c9e60e60360e5c70a016b1f97e,No-Dq-R,4,-2400000,0.05421404102665128,0.06331014280973901,0,0,0,0,0
0.0,800000,1018,7,5ac4bb0ad135b17d9d1bc9d1e530bea04a7537aa9f758e8cf629516c67158b85,7e6bab01e9d6b0298352c3d96c8f671d95a236c9e60e60360e5c70a016b1f97e,Fixed-Dc,1,0,0.0,0.0,0.0,0,0,0,0
0.0,800000,1018,7,5ac4bb0ad135b17d9d1bc9d1e530bea04a7537aa9f758e8cf629516c67158b85,7e6bab01e9d6b0298352c3d96c8f671d95a236c9e60e60360e5c70a016b1f97e,Fixed-Dc,2,0,0.0,0.0,0,0,0,0,0
0.0,800000,1018,7,5ac4bb0ad135b17d9d1bc9d1e530bea04a7537aa9f758e8cf629516c67158b85,7e6bab01e9d6b0298352c3d96c8f671d95a236c9e60e60360e5c70a016b1f97e,Fixed-Dc,3,0,0.0,0.0,0,0,0,0,0
0.0,800000,1018,7,5ac4bb0ad135b17d9d1bc9d1e530bea04a7537aa9f758e8cf629516c67158b85,7e6bab01e9d6b0298352c3d96c8f671d95a236c9e60e60360e5c70a016b1f97e,Fixed-Dc,4,0,0.0,0.0,0,0,0,0,0
0.0,800000,1018,7,5ac4bb0ad135b17d9d1bc9d1e530bea04a7537aa9f758e8cf629516c67158b85,7e6bab01e9d6b0298352c3d96c8f671d95a236c9e60e60360e5c70a016b1f97e,Decoupled,1,0,,,,,,0,0
0.0,800000,1018,7,5ac4bb0ad135b17d9d1bc9d1e530bea04a7537aa9f758e8cf629516c67158b85,7e6bab01e9d6b0298352c3d96c8f671d95a236c9e60e60360e5c70a016b1f97e,Decoupled,2,0,,,,,,0,0
0.0,800000,1018,7,5ac4bb0ad135b17d9d1bc9d1e530bea04a7537aa9f758e8cf629516c67158b85,7e6bab01e9d6b0298352c3d96c8f671d95a236c9e60e60360e5c70a016b1f97e,Decoupled,3,0,,,,,,0,0
0.0,800000,1018,7,5ac4bb0ad135b17d9d1bc9d1e530bea04a7537aa9f758e8cf629516c67158b85,7e6bab01e9d6b0298352c3d96c8f671d95a236c9e60e60360e5c70a016b1f97e,Decoupled,4,0,,,,,,0,0
0.0,800000,1018,11,5ac4bb0ad135b17d9d1bc9d1e530bea04a7537aa9f758e8cf629516c67158b85,7e6bab01e9d6b0298352c3d96c8f671d95a236c9e60e60360e5c70a016b1f97e,No-Dq-R,1,0,0.0,0.0,0.0,0,0,0,0
0.0,800000,1018,11,5ac4bb0ad135b17d9d1bc9d1e530bea04a7537aa9f758e8cf629516c67158b85,7e6bab01e9d6b0298352c3d96c8f671d95a236c9e60e60360e5c70a016b1f97e,No-Dq-R,2,-800000,0.049612584460204445,0.047663681628712706,0.9999999999999994,1,0,0,0
0.0,800000,1018,11,5ac4bb0ad135b17d9d1bc9d1e530bea04a7537aa9f758e8cf629516c67158b85,7e6bab01e9d6b0298352c3d96c8f671d95a236c9e60e60360e5c70a016b1f97e,No-Dq-R,3,-1600000,0.05797731082766472,0.06311589691596853,0,0,0,0,0
0.0,800000,1018,11,5ac4bb0ad135b17d9d1bc9d1e530bea04a7537aa9f758e8cf629516c67158b85,7e6bab01e9d6b0298352c3d96c8f671d95a236c9e60e60360e5c70a016b1f97e,No-Dq-R,4,-2400000,0.05421404102665128,0.06331014280973901,0,0,0,0,0
0.0,800000,1018,11,5ac4bb0ad135b17d9d1bc9d1e530bea04a7537aa9f758e8cf629516c67158b85,7e6bab01e9d6b0298352c3d96c8f671d95a236c9e60e60360e5c70a016b1f97e,Fixed-Dc,1,0,0.0,0.0,0.0,0,0,0,0
0.0,800000,1018,11,5ac4bb0ad135b17d9d1bc9d1e530bea04a7537aa9f758e8cf629516c67158b85,7e6bab01e9d6b0298352c3d96c8f671d95a236c9e60e60360e5c70a016b1f97e,Fixed-Dc,2,0,0.0,0.0,0,0,0,0,0
0.0,800000,1018,11,5ac4bb0ad135b17d9d1bc9d1e530bea04a7537aa9f758e8cf629516c67158b85,7e6bab01e9d6b0298352c3d96c8f671d95a236c9e60e60360e5c70a016b1f97e,Fixed-Dc,3,0,0.0,0.0,0,0,0,0,0
0.0,800000,1018,11,5ac4bb0ad135b17d9d1bc9d1e530bea04a7537aa9f758e8cf629516c67158b85,7e6bab01e9d6b0298352c3d96c8f671d95a236c9e60e60360e5c70a016b1f97e,Fixed-Dc,4,0,0.0,0.0,0,0,0,0,0
0.0,800000,1018,11,5ac4bb0ad135b17d9d1bc9d1e530bea04a7537aa9f758e8cf629516c67158b85,7e6bab01e9d6b0298352c3d96c8f671d95a236c9e60e60360e5c70a016b1f97e,Decoupled,1,0,,,,,,0,0
0.0,800000,1018,11,5ac4bb0ad135b17d9d1bc9d1e530bea04a7537aa9f758e8cf629516c67158b85,7e6bab01e9d6b0298352c3d96c8f671d95a236c9e60e60360e5c70a016b1f97e,Decoupled,2,0,,,,,,0,0
0.0,800000,1018,11,5ac4bb0ad135b17d9d1bc9d1e530bea04a7537aa9f758e8cf629516c67158b85,7e6bab01e9d6b0298352c3d96c8f671d95a236c9e60e60360e5c70a016b1f97e,Decoupled,3,0,,,,,,0,0
0.0,800000,1018,11,5ac4bb0ad135b17d9d1bc9d1e530bea04a7537aa9f758e8cf629516c67158b85,7e6bab01e9d6b0298352c3d96c8f671d95a236c9e60e60360e5c70a016b1f97e,Decoupled,4,0,,,,,,0,0
0.0,800000,1019,7,0adfc10b84c5a1b6870ddedc2b01cce878e7a7df203496c7500464bae63fd050,7e6bab01e9d6b0298352c3d96c8f671d95a236c9e60e60360e5c70a016b1f97e,No-Dq-R,1,0,0.0,0.0,0.0,0,0,0,0
0.0,800000,1019,7,0adfc10b84c5a1b6870ddedc2b01cce878e7a7df203496c7500464bae63fd050,7e6bab01e9d6b0298352c3d96c8f671d95a236c9e60e60360e5c70a016b1f97e,No-Dq-R,2,-800000,0.049612584460204445,0.047663681628712706,0.9999999999999994,1,0,0,0
0.0,800000,1019,7,0adfc10b84c5a1b6870ddedc2b01cce878e7a7df203496c7500464bae63fd050,7e6bab01e9d6b0298352c3d96c8f671d95a236c9e60e60360e5c70a016b1f97e,No-Dq-R,3,-1600000,0.06912469436576968,0.06311589691596853,0,0,0,0,0
0.0,800000,1019,7,0adfc10b84c5a1b6870ddedc2b01cce878e7a7df203496c7500464bae63fd050,7e6bab01e9d6b0298352c3d96c8f671d95a236c9e60e60360e5c70a016b1f97e,No-Dq-R,4,-2400000,0.05421404102665128,0.06331014280973901,0,0,0,0,0
0.0,800000,1019,7,0adfc10b84c5a1b6870ddedc2b01cce878e7a7df203496c7500464bae63fd050,7e6bab01e9d6b0298352c3d96c8f671d95a236c9e60e60360e5c70a016b1f97e,Fixed-Dc,1,0,0.0,0.0,0.0,0,0,0,0
0.0,800000,1019,7,0adfc10b84c5a1b6870ddedc2b01cce878e7a7df203496c7500464bae63fd050,7e6bab01e9d6b0298352c3d96c8f671d95a236c9e60e60360e5c70a016b1f97e,Fixed-Dc,2,0,0.0,0.0,0,0,0,0,0
0.0,800000,1019,7,0adfc10b84c5a1b6870ddedc2b01cce878e7a7df203496c7500464bae63fd050,7e6bab01e9d6b0298352c3d96c8f671d95a236c9e60e60360e5c70a016b1f97e,Fixed-Dc,3,0,0.0,0.0,0,0,0,0,0
0.0,800000,1019,7,0adfc10b84c5a1b6870ddedc2b01cce878e7a7df203496c7500464bae63fd050,7e6bab01e9d6b0298352c3d96c8f671d95a236c9e60e60360e5c70a016b1f97e,Fixed-Dc,4,0,0.0,0.0,0,0,0,0,0
0.0,800000,1019,7,0adfc10b84c5a1b6870ddedc2b01cce878e7a7df203496c7500464bae63fd050,7e6bab01e9d6b0298352c3d96c8f671d95a236c9e60e60360e5c70a016b1f97e,Decoupled,1,0,,,,,,0,0
0.0,800000,1019,7,0adfc10b84c5a1b6870ddedc2b01cce878e7a7df203496c7500464bae63fd050,7e6bab01e9d6b0298352c3d96c8f671d95a236c9e60e60360e5c70a016b1f97e,Decoupled,2,0,,,,,,0,0
0.0,800000,1019,7,0adfc10b84c5a1b6870ddedc2b01cce878e7a7df203496c7500464bae63fd050,7e6bab01e9d6b0298352c3d96c8f671d95a236c9e60e60360e5c70a016b1f97e,Decoupled,3,0,,,,,,0,0
0.0,800000,1019,7,0adfc10b84c5a1b6870ddedc2b01cce878e7a7df203496c7500464bae63fd050,7e6bab01e9d6b0298352c3d96c8f671d95a236c9e60e60360e5c70a016b1f97e,Decoupled,4,0,,,,,,0,0
0.0,800000,1019,11,0adfc10b84c5a1b6870ddedc2b01cce878e7a7df203496c7500464bae63fd050,7e6bab01e9d6b0298352c3d96c8f671d95a236c9e60e60360e5c70a016b1f97e,No-Dq-R,1,0,0.0,0.0,0.0,0,0,0,0
0.0,800000,1019,11,0adfc10b84c5a1b6870ddedc2b01cce878e7a7df203496c7500464bae63fd050,7e6bab01e9d6b0298352c3d96c8f671d95a236c9e60e60360e5c70a016b1f97e,No-Dq-R,2,-800000,0.049612584460204445,0.047663681628712706,0.9999999999999994,1,0,0,0
0.0,800000,1019,11,0adfc10b84c5a1b6870ddedc2b01cce878e7a7df203496c7500464bae63fd050,7e6bab01e9d6b0298352c3d96c8f671d95a236c9e60e60360e5c70a016b1f97e,No-Dq-R,3,-1600000,0.05797731082766472,0.06311589691596853,0,0,0,0,0
0.0,800000,1019,11,0adfc10b84c5a1b6870ddedc2b01cce878e7a7df203496c7500464bae63fd050,7e6bab01e9d6b0298352c3d96c8f671d95a236c9e60e60360e5c70a016b1f97e,No-Dq-R,4,-2400000,0.05421404102665128,0.06331014280973901,0,0,0,0,0
0.0,800000,1019,11,0adfc10b84c5a1b6870ddedc2b01cce878e7a7df203496c7500464bae63fd050,7e6bab01e9d6b0298352c3d96c8f671d95a236c9e60e60360e5c70a016b1f97e,Fixed-Dc,1,0,0.0,0.0,0.0,0,0,0,0
0.0,800000,1019,11,0adfc10b84c5a1b6870ddedc2b01cce878e7a7df203496c7500464bae63fd050,7e6bab01e9d6b0298352c3d96c8f671d95a236c9e60e60360e5c70a016b1f97e,Fixed-Dc,2,0,0.0,0.0,0,0,0,0,0
0.0,800000,1019,11,0adfc10b84c5a1b6870ddedc2b01cce878e7a7df203496c7500464bae63fd050,7e6bab01e9d6b0298352c3d96c8f671d95a236c9e60e60360e5c70a016b1f97e,Fixed-Dc,3,0,0.0,0.0,0,0,0,0,0
0.0,800000,1019,11,0adfc10b84c5a1b6870ddedc2b01cce878e7a7df203496c7500464bae63fd050,7e6bab01e9d6b0298352c3d96c8f671d95a236c9e60e60360e5c70a016b1f97e,Fixed-Dc,4,0,0.0,0.0,0,0,0,0,0
0.0,800000,1019,11,0adfc10b84c5a1b6870ddedc2b01cce878e7a7df203496c7500464bae63fd050,7e6bab01e9d6b0298352c3d96c8f671d95a236c9e60e60360e5c70a016b1f97e,Decoupled,1,0,,,,,,0,0
0.0,800000,1019,11,0adfc10b84c5a1b6870ddedc2b01cce878e7a7df203496c7500464bae63fd050,7e6bab01e9d6b0298352c3d96c8f671d95a236c9e60e60360e5c70a016b1f97e,Decoupled,2,0,,,,,,0,0
0.0,800000,1019,11,0adfc10b84c5a1b6870ddedc2b01cce878e7a7df203496c7500464bae63fd050,7e6bab01e9d6b0298352c3d96c8f671d95a236c9e60e60360e5c70a016b1f97e,Decoupled,3,0,,,,,,0,0
0.0,800000,1019,11,0adfc10b84c5a1b6870ddedc2b01cce878e7a7df203496c7500464bae63fd050,7e6bab01e9d6b0298352c3d96c8f671d95a236c9e60e60360e5c70a016b1f97e,Decoupled,4,0,,,,,,0,0
0.0,800000,1020,7,1a02c532421533eba765be131c8cec1481671d67a4474914bc6bc1ac151ebd66,7e6bab01e9d6b0298352c3d96c8f671d95a236c9e60e60360e5c70a016b1f97e,No-Dq-R,1,0,0.0,0.0,0.0,0,0,0,0
0.0,800000,1020,7,1a02c532421533eba765be131c8cec1481671d67a4474914bc6bc1ac151ebd66,7e6bab01e9d6b0298352c3d96c8f671d95a236c9e60e60360e5c70a016b1f97e,No-Dq-R,2,-800000,0.049612584460204445,0.047663681628712706,0.9999999999999994,1,0,0,0
0.0,800000,1020,7,1a02c532421533eba765be131c8cec1481671d67a4474914bc6bc1ac151ebd66,7e6bab01e9d6b0298352c3d96c8f671d95a236c9e60e60360e5c70a016b1f97e,No-Dq-R,3,-1600000,0.06912469436576968,0.06311589691596853,0,0,0,0,0
0.0,800000,1020,7,1a02c532421533eba765be131c8cec1481671d67a4474914bc6bc1ac151ebd66,7e6bab01e9d6b0298352c3d96c8f671d95a236c9e60e60360e5c70a016b1f97e,No-Dq-R,4,-2400000,0.05421404102665128,0.06331014280973901,0,0,0,0,0
0.0,800000,1020,7,1a02c532421533eba765be131c8cec1481671d67a4474914bc6bc1ac151ebd66,7e6bab01e9d6b0298352c3d96c8f671d95a236c9e60e60360e5c70a016b1f97e,Fixed-Dc,1,0,0.0,0.0,0.0,0,0,0,0
0.0,800000,1020,7,1a02c532421533eba765be131c8cec1481671d67a4474914bc6bc1ac151ebd66,7e6bab01e9d6b0298352c3d96c8f671d95a236c9e60e60360e5c70a016b1f97e,Fixed-Dc,2,0,0.0,0.0,0,0,0,0,0
0.0,800000,1020,7,1a02c532421533eba765be131c8cec1481671d67a4474914bc6bc1ac151ebd66,7e6bab01e9d6b0298352c3d96c8f671d95a236c9e60e60360e5c70a016b1f97e,Fixed-Dc,3,0,0.0,0.0,0,0,0,0,0
0.0,800000,1020,7,1a02c532421533eba765be131c8cec1481671d67a4474914bc6bc1ac151ebd66,7e6bab01e9d6b0298352c3d96c8f671d95a236c9e60e60360e5c70a016b1f97e,Fixed-Dc,4,0,0.0,0.0,0,0,0,0,0
0.0,800000,1020,7,1a02c532421533eba765be131c8cec1481671d67a4474914bc6bc1ac151ebd66,7e6bab01e9d6b0298352c3d96c8f671d95a236c9e60e60360e5c70a016b1f97e,Decoupled,1,0,,,,,,0,0
0.0,800000,1020,7,1a02c532421533eba765be131c8cec1481671d67a4474914bc6bc1ac151ebd66,7e6bab01e9d6b0298352c3d96c8f671d95a236c9e60e60360e5c70a016b1f97e,Decoupled,2,0,,,,,,0,0
0.0,800000,1020,7,1a02c532421533eba765be131c8cec1481671d67a4474914bc6bc1ac151ebd66,7e6bab01e9d6b0298352c3d96c8f671d95a236c9e60e60360e5c70a016b1f97e,Decoupled,3,0,,,,,,0,0
0.0,800000,1020,7,1a02c532421533eba765be131c8cec1481671d67a4474914bc6bc1ac151ebd66,7e6bab01e9d6b0298352c3d96c8f671d95a236c9e60e60360e5c70a016b1f97e,Decoupled,4,0,,,,,,0,0
0.0,800000,1020,11,1a02c532421533eba765be131c8cec1481671d67a4474914bc6bc1ac151ebd66,7e6bab01e9d6b0298352c3d96c8f671d95a236c9e60e60360e5c70a016b1f97e,No-Dq-R,1,0,0.0,0.0,0.0,0,0,0,0
0.0,800000,1020,11,1a02c532421533eba765be131c8cec1481671d67a4474914bc6bc1ac151ebd66,7e6bab01e9d6b0298352c3d96c8f671d95a236c9e60e60360e5c70a016b1f97e,No-Dq-R,2,-800000,0.049612584460204445,0.047663681628712706,0.9999999999999994,1,0,0,0
0.0,800000,1020,11,1a02c532421533eba765be131c8cec1481671d67a4474914bc6bc1ac151ebd66,7e6bab01e9d6b0298352c3d96c8f671d95a236c9e60e60360e5c70a016b1f97e,No-Dq-R,3,-1600000,0.05797731082766472,0.06311589691596853,0,0,0,0,0
0.0,800000,1020,11,1a02c532421533eba765be131c8cec1481671d67a4474914bc6bc1ac151ebd66,7e6bab01e9d6b0298352c3d96c8f671d95a236c9e60e60360e5c70a016b1f97e,No-Dq-R,4,-2400000,0.05421404102665128,0.06331014280973901,0,0,0,0,0
0.0,800000,1020,11,1a02c532421533eba765be131c8cec1481671d67a4474914bc6bc1ac151ebd66,7e6bab01e9d6b0298352c3d96c8f671d95a236c9e60e60360e5c70a016b1f97e,Fixed-Dc,1,0,0.0,0.0,0.0,0,0,0,0
0.0,800000,1020,11,1a02c532421533eba765be131c8cec1481671d67a4474914bc6bc1ac151ebd66,7e6bab01e9d6b0298352c3d96c8f671d95a236c9e60e60360e5c70a016b1f97e,Fixed-Dc,2,0,0.0,0.0,0,0,0,0,0
0.0,800000,1020,11,1a02c532421533eba765be131c8cec1481671d67a4474914bc6bc1ac151ebd66,7e6bab01e9d6b0298352c3d96c8f671d95a236c9e60e60360e5c70a016b1f97e,Fixed-Dc,3,0,0.0,0.0,0,0,0,0,0
0.0,800000,1020,11,1a02c532421533eba765be131c8cec1481671d67a4474914bc6bc1ac151ebd66,7e6bab01e9d6b0298352c3d96c8f671d95a236c9e60e60360e5c70a016b1f97e,Fixed-Dc,4,0,0.0,0.0,0,0,0,0,0
0.0,800000,1020,11,1a02c532421533eba765be131c8cec1481671d67a4474914bc6bc1ac151ebd66,7e6bab01e9d6b0298352c3d96c8f671d95a236c9e60e60360e5c70a016b1f97e,Decoupled,1,0,,,,,,0,0
0.0,800000,1020,11,1a02c532421533eba765be131c8cec1481671d67a4474914bc6bc1ac151ebd66,7e6bab01e9d6b0298352c3d96c8f671d95a236c9e60e60360e5c70a016b1f97e,Decoupled,2,0,,,,,,0,0
0.0,800000,1020,11,1a02c532421533eba765be131c8cec1481671d67a4474914bc6bc1ac151ebd66,7e6bab01e9d6b0298352c3d96c8f671d95a236c9e60e60360e5c70a016b1f97e,Decoupled,3,0,,,,,,0,0
0.0,800000,1020,11,1a02c532421533eba765be131c8cec1481671d67a4474914bc6bc1ac151ebd66,7e6bab01e9d6b0298352c3d96c8f671d95a236c9e60e60360e5c70a016b1f97e,Decoupled,4,0,,,,,,0,0
0.0,800000,1021,7,488e073dfaa478eec74a105322404fea2d2bdad174f53d128a34c766130a801f,7e6bab01e9d6b0298352c3d96c8f671d95a236c9e60e60360e5c70a016b1f97e,No-Dq-R,1,0,0.0,0.0,0.0,0,0,0,0
0.0,800000,1021,7,488e073dfaa478eec74a105322404fea2d2bdad174f53d128a34c766130a801f,7e6bab01e9d6b0298352c3d96c8f671d95a236c9e60e60360e5c70a016b1f97e,No-Dq-R,2,-800000,0.049612584460204445,0.047663681628712706,0.9999999999999994,1,0,0,0
0.0,800000,1021,7,488e073dfaa478eec74a105322404fea2d2bdad174f53d128a34c766130a801f,7e6bab01e9d6b0298352c3d96c8f671d95a236c9e60e60360e5c70a016b1f97e,No-Dq-R,3,-1600000,0.06912469436576968,0.06311589691596853,0,0,0,0,0
0.0,800000,1021,7,488e073dfaa478eec74a105322404fea2d2bdad174f53d128a34c766130a801f,7e6bab01e9d6b0298352c3d96c8f671d95a236c9e60e60360e5c70a016b1f97e,No-Dq-R,4,-2400000,0.05421404102665128,0.06331014280973901,0,0,0,0,0
0.0,800000,1021,7,488e073dfaa478eec74a105322404fea2d2bdad174f53d128a34c766130a801f,7e6bab01e9d6b0298352c3d96c8f671d95a236c9e60e60360e5c70a016b1f97e,Fixed-Dc,1,0,0.0,0.0,0.0,0,0,0,0
0.0,800000,1021,7,488e073dfaa478eec74a105322404fea2d2bdad174f53d128a34c766130a801f,7e6bab01e9d6b0298352c3d96c8f671d95a236c9e60e60360e5c70a016b1f97e,Fixed-Dc,2,0,0.0,0.0,0,0,0,0,0
0.0,800000,1021,7,488e073dfaa478eec74a105322404fea2d2bdad174f53d128a34c766130a801f,7e6bab01e9d6b0298352c3d96c8f671d95a236c9e60e60360e5c70a016b1f97e,Fixed-Dc,3,0,0.0,0.0,0,0,0,0,0
0.0,800000,1021,7,488e073dfaa478eec74a105322404fea2d2bdad174f53d128a34c766130a801f,7e6bab01e9d6b0298352c3d96c8f671d95a236c9e60e60360e5c70a016b1f97e,Fixed-Dc,4,0,0.0,0.0,0,0,0,0,0
0.0,800000,1021,7,488e073dfaa478eec74a105322404fea2d2bdad174f53d128a34c766130a801f,7e6bab01e9d6b0298352c3d96c8f671d95a236c9e60e60360e5c70a016b1f97e,Decoupled,1,0,,,,,,0,0
0.0,800000,1021,7,488e073dfaa478eec74a105322404fea2d2bdad174f53d128a34c766130a801f,7e6bab01e9d6b0298352c3d96c8f671d95a236c9e60e60360e5c70a016b1f97e,Decoupled,2,0,,,,,,0,0
0.0,800000,1021,7,488e073dfaa478eec74a105322404fea2d2bdad174f53d128a34c766130a801f,7e6bab01e9d6b0298352c3d96c8f671d95a236c9e60e60360e5c70a016b1f97e,Decoupled,3,0,,,,,,0,0
0.0,800000,1021,7,488e073dfaa478eec74a105322404fea2d2bdad174f53d128a34c766130a801f,7e6bab01e9d6b0298352c3d96c8f671d95a236c9e60e60360e5c70a016b1f97e,Decoupled,4,0,,,,,,0,0
0.0,800000,1021,11,488e073dfaa478eec74a105322404fea2d2bdad174f53d128a34c766130a801f,7e6bab01e9d6b0298352c3d96c8f671d95a236c9e60e60360e5c70a016b1f97e,No-Dq-R,1,0,0.0,0.0,0.0,0,0,0,0
0.0,800000,1021,11,488e073dfaa478eec74a105322404fea2d2bdad174f53d128a34c766130a801f,7e6bab01e9d6b0298352c3d96c8f671d95a236c9e60e60360e5c70a016b1f97e,No-Dq-R,2,-800000,0.049612584460204445,0.047663681628712706,0.9999999999999994,1,0,0,0
0.0,800000,1021,11,488e073dfaa478eec74a105322404fea2d2bdad174f53d128a34c766130a801f,7e6bab01e9d6b0298352c3d96c8f671d95a236c9e60e60360e5c70a016b1f97e,No-Dq-R,3,-1600000,0.05797731082766472,0.06311589691596853,0,0,0,0,0
0.0,800000,1021,11,488e073dfaa478eec74a105322404fea2d2bdad174f53d128a34c766130a801f,7e6bab01e9d6b0298352c3d96c8f671d95a236c9e60e60360e5c70a016b1f97e,No-Dq-R,4,-2400000,0.05421404102665128,0.06331014280973901,0,0,0,0,0
0.0,800000,1021,11,488e073dfaa478eec74a105322404fea2d2bdad174f53d128a34c766130a801f,7e6bab01e9d6b0298352c3d96c8f671d95a236c9e60e60360e5c70a016b1f97e,Fixed-Dc,1,0,0.0,0.0,0.0,0,0,0,0
0.0,800000,1021,11,488e073dfaa478eec74a105322404fea2d2bdad174f53d128a34c766130a801f,7e6bab01e9d6b0298352c3d96c8f671d95a236c9e60e60360e5c70a016b1f97e,Fixed-Dc,2,0,0.0,0.0,0,0,0,0,0
0.0,800000,1021,11,488e073dfaa478eec74a105322404fea2d2bdad174f53d128a34c766130a801f,7e6bab01e9d6b0298352c3d96c8f671d95a236c9e60e60360e5c70a016b1f97e,Fixed-Dc,3,0,0.0,0.0,0,0,0,0,0
0.0,800000,1021,11,488e073dfaa478eec74a105322404fea2d2bdad174f53d128a34c766130a801f,7e6bab01e9d6b0298352c3d96c8f671d95a236c9e60e60360e5c70a016b1f97e,Fixed-Dc,4,0,0.0,0.0,0,0,0,0,0
0.0,800000,1021,11,488e073dfaa478eec74a105322404fea2d2bdad174f53d128a34c766130a801f,7e6bab01e9d6b0298352c3d96c8f671d95a236c9e60e60360e5c70a016b1f97e,Decoupled,1,0,,,,,,0,0
0.0,800000,1021,11,488e073dfaa478eec74a105322404fea2d2bdad174f53d128a34c766130a801f,7e6bab01e9d6b0298352c3d96c8f671d95a236c9e60e60360e5c70a016b1f97e,Decoupled,2,0,,,,,,0,0
0.0,800000,1021,11,488e073dfaa478eec74a105322404fea2d2bdad174f53d128a34c766130a801f,7e6bab01e9d6b0298352c3d96c8f671d95a236c9e60e60360e5c70a016b1f97e,Decoupled,3,0,,,,,,0,0
0.0,800000,1021,11,488e073dfaa478eec74a105322404fea2d2bdad174f53d128a34c766130a801f,7e6bab01e9d6b0298352c3d96c8f671d95a236c9e60e60360e5c70a016b1f97e,Decoupled,4,0,,,,,,0,0
0.0,800000,1022,7,987ad348b86c8dcc8b2f48e3c5f30c3f68b72f4ad1466308fae2ad3cdd92417d,7e6bab01e9d6b0298352c3d96c8f671d95a236c9e60e60360e5c70a016b1f97e,No-Dq-R,1,0,0.0,0.0,0.0,0,0,0,0
0.0,800000,1022,7,987ad348b86c8dcc8b2f48e3c5f30c3f68b72f4ad1466308fae2ad3cdd92417d,7e6bab01e9d6b0298352c3d96c8f671d95a236c9e60e60360e5c70a016b1f97e,No-Dq-R,2,-800000,0.049612584460204445,0.047663681628712706,0.9999999999999994,1,0,0,0
0.0,800000,1022,7,987ad348b86c8dcc8b2f48e3c5f30c3f68b72f4ad1466308fae2ad3cdd92417d,7e6bab01e9d6b0298352c3d96c8f671d95a236c9e60e60360e5c70a016b1f97e,No-Dq-R,3,-1600000,0.06912469436576968,0.06311589691596853,0,0,0,0,0
0.0,800000,1022,7,987ad348b86c8dcc8b2f48e3c5f30c3f68b72f4ad1466308fae2ad3cdd92417d,7e6bab01e9d6b0298352c3d96c8f671d95a236c9e60e60360e5c70a016b1f97e,No-Dq-R,4,-2400000,0.05421404102665128,0.06331014280973901,0,0,0,0,0
0.0,800000,1022,7,987ad348b86c8dcc8b2f48e3c5f30c3f68b72f4ad1466308fae2ad3cdd92417d,7e6bab01e9d6b0298352c3d96c8f671d95a236c9e60e60360e5c70a016b1f97e,Fixed-Dc,1,0,0.0,0.0,0.0,0,0,0,0
0.0,800000,1022,7,987ad348b86c8dcc8b2f48e3c5f30c3f68b72f4ad1466308fae2ad3cdd92417d,7e6bab01e9d6b0298352c3d96c8f671d95a236c9e60e60360e5c70a016b1f97e,Fixed-Dc,2,0,0.0,0.0,0,0,0,0,0
0.0,800000,1022,7,987ad348b86c8dcc8b2f48e3c5f30c3f68b72f4ad1466308fae2ad3cdd92417d,7e6bab01e9d6b0298352c3d96c8f671d95a236c9e60e60360e5c70a016b1f97e,Fixed-Dc,3,0,0.0,0.0,0,0,0,0,0
0.0,800000,1022,7,987ad348b86c8dcc8b2f48e3c5f30c3f68b72f4ad1466308fae2ad3cdd92417d,7e6bab01e9d6b0298352c3d96c8f671d95a236c9e60e60360e5c70a016b1f97e,Fixed-Dc,4,0,0.0,0.0,0,0,0,0,0
0.0,800000,1022,7,987ad348b86c8dcc8b2f48e3c5f30c3f68b72f4ad1466308fae2ad3cdd92417d,7e6bab01e9d6b0298352c3d96c8f671d95a236c9e60e60360e5c70a016b1f97e,Decoupled,1,0,,,,,,0,0
0.0,800000,1022,7,987ad348b86c8dcc8b2f48e3c5f30c3f68b72f4ad1466308fae2ad3cdd92417d,7e6bab01e9d6b0298352c3d96c8f671d95a236c9e60e60360e5c70a016b1f97e,Decoupled,2,0,,,,,,0,0
0.0,800000,1022,7,987ad348b86c8dcc8b2f48e3c5f30c3f68b72f4ad1466308fae2ad3cdd92417d,7e6bab01e9d6b0298352c3d96c8f671d95a236c9e60e60360e5c70a016b1f97e,Decoupled,3,0,,,,,,0,0
0.0,800000,1022,7,987ad348b86c8dcc8b2f48e3c5f30c3f68b72f4ad1466308fae2ad3cdd92417d,7e6bab01e9d6b0298352c3d96c8f671d95a236c9e60e60360e5c70a016b1f97e,Decoupled,4,0,,,,,,0,0
0.0,800000,1022,11,987ad348b86c8dcc8b2f48e3c5f30c3f68b72f4ad1466308fae2ad3cdd92417d,7e6bab01e9d6b0298352c3d96c8f671d95a236c9e60e60360e5c70a016b1f97e,No-Dq-R,1,0,0.0,0.0,0.0,0,0,0,0
0.0,800000,1022,11,987ad348b86c8dcc8b2f48e3c5f30c3f68b72f4ad1466308fae2ad3cdd92417d,7e6bab01e9d6b0298352c3d96c8f671d95a236c9e60e60360e5c70a016b1f97e,No-Dq-R,2,-800000,0.049612584460204445,0.047663681628712706,0.9999999999999994,1,0,0,0
0.0,800000,1022,11,987ad348b86c8dcc8b2f48e3c5f30c3f68b72f4ad1466308fae2ad3cdd92417d,7e6bab01e9d6b0298352c3d96c8f671d95a236c9e60e60360e5c70a016b1f97e,No-Dq-R,3,-1600000,0.05797731082766472,0.06311589691596853,0,0,0,0,0
0.0,800000,1022,11,987ad348b86c8dcc8b2f48e3c5f30c3f68b72f4ad1466308fae2ad3cdd92417d,7e6bab01e9d6b0298352c3d96c8f671d95a236c9e60e60360e5c70a016b1f97e,No-Dq-R,4,-2400000,0.05421404102665128,0.06331014280973901,0,0,0,0,0
0.0,800000,1022,11,987ad348b86c8dcc8b2f48e3c5f30c3f68b72f4ad1466308fae2ad3cdd92417d,7e6bab01e9d6b0298352c3d96c8f671d95a236c9e60e60360e5c70a016b1f97e,Fixed-Dc,1,0,0.0,0.0,0.0,0,0,0,0
0.0,800000,1022,11,987ad348b86c8dcc8b2f48e3c5f30c3f68b72f4ad1466308fae2ad3cdd92417d,7e6bab01e9d6b0298352c3d96c8f671d95a236c9e60e60360e5c70a016b1f97e,Fixed-Dc,2,0,0.0,0.0,0,0,0,0,0
0.0,800000,1022,11,987ad348b86c8dcc8b2f48e3c5f30c3f68b72f4ad1466308fae2ad3cdd92417d,7e6bab01e9d6b0298352c3d96c8f671d95a236c9e60e60360e5c70a016b1f97e,Fixed-Dc,3,0,0.0,0.0,0,0,0,0,0
0.0,800000,1022,11,987ad348b86c8dcc8b2f48e3c5f30c3f68b72f4ad1466308fae2ad3cdd92417d,7e6bab01e9d6b0298352c3d96c8f671d95a236c9e60e60360e5c70a016b1f97e,Fixed-Dc,4,0,0.0,0.0,0,0,0,0,0
0.0,800000,1022,11,987ad348b86c8dcc8b2f48e3c5f30c3f68b72f4ad1466308fae2ad3cdd92417d,7e6bab01e9d6b0298352c3d96c8f671d95a236c9e60e60360e5c70a016b1f97e,Decoupled,1,0,,,,,,0,0
0.0,800000,1022,11,987ad348b86c8dcc8b2f48e3c5f30c3f68b72f4ad1466308fae2ad3cdd92417d,7e6bab01e9d6b0298352c3d96c8f671d95a236c9e60e60360e5c70a016b1f97e,Decoupled,2,0,,,,,,0,0
0.0,800000,1022,11,987ad348b86c8dcc8b2f48e3c5f30c3f68b72f4ad1466308fae2ad3cdd92417d,7e6bab01e9d6b0298352c3d96c8f671d95a236c9e60e60360e5c70a016b1f97e,Decoupled,3,0,,,,,,0,0
0.0,800000,1022,11,987ad348b86c8dcc8b2f48e3c5f30c3f68b72f4ad1466308fae2ad3cdd92417d,7e6bab01e9d6b0298352c3d96c8f671d95a236c9e60e60360e5c70a016b1f97e,Decoupled,4,0,,,,,,0,0
0.0,800000,1023,7,b9a06c0fb27e7b0e98f652c373d34b0e022fa77dfeeddc818cbeb29156abe2c3,7e6bab01e9d6b0298352c3d96c8f671d95a236c9e60e60360e5c70a016b1f97e,No-Dq-R,1,0,0.0,0.0,0.0,0,0,0,0
0.0,800000,1023,7,b9a06c0fb27e7b0e98f652c373d34b0e022fa77dfeeddc818cbeb29156abe2c3,7e6bab01e9d6b0298352c3d96c8f671d95a236c9e60e60360e5c70a016b1f97e,No-Dq-R,2,-800000,0.049612584460204445,0.047663681628712706,0.9999999999999994,1,0,0,0
0.0,800000,1023,7,b9a06c0fb27e7b0e98f652c373d34b0e022fa77dfeeddc818cbeb29156abe2c3,7e6bab01e9d6b0298352c3d96c8f671d95a236c9e60e60360e5c70a016b1f97e,No-Dq-R,3,-1600000,0.06912469436576968,0.06311589691596853,0,0,0,0,0
0.0,800000,1023,7,b9a06c0fb27e7b0e98f652c373d34b0e022fa77dfeeddc818cbeb29156abe2c3,7e6bab01e9d6b0298352c3d96c8f671d95a236c9e60e60360e5c70a016b1f97e,No-Dq-R,4,-2400000,0.05421404102665128,0.06331014280973901,0,0,0,0,0
0.0,800000,1023,7,b9a06c0fb27e7b0e98f652c373d34b0e022fa77dfeeddc818cbeb29156abe2c3,7e6bab01e9d6b0298352c3d96c8f671d95a236c9e60e60360e5c70a016b1f97e,Fixed-Dc,1,0,0.0,0.0,0.0,0,0,0,0
0.0,800000,1023,7,b9a06c0fb27e7b0e98f652c373d34b0e022fa77dfeeddc818cbeb29156abe2c3,7e6bab01e9d6b0298352c3d96c8f671d95a236c9e60e60360e5c70a016b1f97e,Fixed-Dc,2,0,0.0,0.0,0,0,0,0,0
0.0,800000,1023,7,b9a06c0fb27e7b0e98f652c373d34b0e022fa77dfeeddc818cbeb29156abe2c3,7e6bab01e9d6b0298352c3d96c8f671d95a236c9e60e60360e5c70a016b1f97e,Fixed-Dc,3,0,0.0,0.0,0,0,0,0,0
0.0,800000,1023,7,b9a06c0fb27e7b0e98f652c373d34b0e022fa77dfeeddc818cbeb29156abe2c3,7e6bab01e9d6b0298352c3d96c8f671d95a236c9e60e60360e5c70a016b1f97e,Fixed-Dc,4,0,0.0,0.0,0,0,0,0,0
0.0,800000,1023,7,b9a06c0fb27e7b0e98f652c373d34b0e022fa77dfeeddc818cbeb29156abe2c3,7e6bab01e9d6b0298352c3d96c8f671d95a236c9e60e60360e5c70a016b1f97e,Decoupled,1,0,,,,,,0,0
0.0,800000,1023,7,b9a06c0fb27e7b0e98f652c373d34b0e022fa77dfeeddc818cbeb29156abe2c3,7e6bab01e9d6b0298352c3d96c8f671d95a236c9e60e60360e5c70a016b1f97e,Decoupled,2,0,,,,,,0,0
0.0,800000,1023,7,b9a06c0fb27e7b0e98f652c373d34b0e022fa77dfeeddc818cbeb29156abe2c3,7e6bab01e9d6b0298352c3d96c8f671d95a236c9e60e60360e5c70a016b1f97e,Decoupled,3,0,,,,,,0,0
0.0,800000,1023,7,b9a06c0fb27e7b0e98f652c373d34b0e022fa77dfeeddc818cbeb29156abe2c3,7e6bab01e9d6b0298352c3d96c8f671d95a236c9e60e60360e5c70a016b1f97e,Decoupled,4,0,,,,,,0,0
0.0,800000,1023,11,b9a06c0fb27e7b0e98f652c373d34b0e022fa77dfeeddc818cbeb29156abe2c3,7e6bab01e9d6b0298352c3d96c8f671d95a236c9e60e60360e5c70a016b1f97e,No-Dq-R,1,0,0.0,0.0,0.0,0,0,0,0
0.0,800000,1023,11,b9a06c0fb27e7b0e98f652c373d34b0e022fa77dfeeddc818cbeb29156abe2c3,7e6bab01e9d6b0298352c3d96c8f671d95a236c9e60e60360e5c70a016b1f97e,No-Dq-R,2,-800000,0.049612584460204445,0.047663681628712706,0.9999999999999994,1,0,0,0
0.0,800000,1023,11,b9a06c0fb27e7b0e98f652c373d34b0e022fa77dfeeddc818cbeb29156abe2c3,7e6bab01e9d6b0298352c3d96c8f671d95a236c9e60e60360e5c70a016b1f97e,No-Dq-R,3,-1600000,0.05797731082766472,0.06311589691596853,0,0,0,0,0
0.0,800000,1023,11,b9a06c0fb27e7b0e98f652c373d34b0e022fa77dfeeddc818cbeb29156abe2c3,7e6bab01e9d6b0298352c3d96c8f671d95a236c9e60e60360e5c70a016b1f97e,No-Dq-R,4,-2400000,0.05421404102665128,0.06331014280973901,0,0,0,0,0
0.0,800000,1023,11,b9a06c0fb27e7b0e98f652c373d34b0e022fa77dfeeddc818cbeb29156abe2c3,7e6bab01e9d6b0298352c3d96c8f671d95a236c9e60e60360e5c70a016b1f97e,Fixed-Dc,1,0,0.0,0.0,0.0,0,0,0,0
0.0,800000,1023,11,b9a06c0fb27e7b0e98f652c373d34b0e022fa77dfeeddc818cbeb29156abe2c3,7e6bab01e9d6b0298352c3d96c8f671d95a236c9e60e60360e5c70a016b1f97e,Fixed-Dc,2,0,0.0,0.0,0,0,0,0,0
0.0,800000,1023,11,b9a06c0fb27e7b0e98f652c373d34b0e022fa77dfeeddc818cbeb29156abe2c3,7e6bab01e9d6b0298352c3d96c8f671d95a236c9e60e60360e5c70a016b1f97e,Fixed-Dc,3,0,0.0,0.0,0,0,0,0,0
0.0,800000,1023,11,b9a06c0fb27e7b0e98f652c373d34b0e022fa77dfeeddc818cbeb29156abe2c3,7e6bab01e9d6b0298352c3d96c8f671d95a236c9e60e60360e5c70a016b1f97e,Fixed-Dc,4,0,0.0,0.0,0,0,0,0,0
0.0,800000,1023,11,b9a06c0fb27e7b0e98f652c373d34b0e022fa77dfeeddc818cbeb29156abe2c3,7e6bab01e9d6b0298352c3d96c8f671d95a236c9e60e60360e5c70a016b1f97e,Decoupled,1,0,,,,,,0,0
0.0,800000,1023,11,b9a06c0fb27e7b0e98f652c373d34b0e022fa77dfeeddc818cbeb29156abe2c3,7e6bab01e9d6b0298352c3d96c8f671d95a236c9e60e60360e5c70a016b1f97e,Decoupled,2,0,,,,,,0,0
0.0,800000,1023,11,b9a06c0fb27e7b0e98f652c373d34b0e022fa77dfeeddc818cbeb29156abe2c3,7e6bab01e9d6b0298352c3d96c8f671d95a236c9e60e60360e5c70a016b1f97e,Decoupled,3,0,,,,,,0,0
0.0,800000,1023,11,b9a06c0fb27e7b0e98f652c373d34b0e022fa77dfeeddc818cbeb29156abe2c3,7e6bab01e9d6b0298352c3d96c8f671d95a236c9e60e60360e5c70a016b1f97e,Decoupled,4,0,,,,,,0,0
0.0,800000,1024,7,0dad75e2f185a9c0bccbfdceeadd12e7358d66caa01dadff5be8e6a8867a1327,7e6bab01e9d6b0298352c3d96c8f671d95a236c9e60e60360e5c70a016b1f97e,No-Dq-R,1,0,0.0,0.0,0.0,0,0,0,0
0.0,800000,1024,7,0dad75e2f185a9c0bccbfdceeadd12e7358d66caa01dadff5be8e6a8867a1327,7e6bab01e9d6b0298352c3d96c8f671d95a236c9e60e60360e5c70a016b1f97e,No-Dq-R,2,-800000,0.049612584460204445,0.047663681628712706,0.9999999999999994,1,0,0,0
0.0,800000,1024,7,0dad75e2f185a9c0bccbfdceeadd12e7358d66caa01dadff5be8e6a8867a1327,7e6bab01e9d6b0298352c3d96c8f671d95a236c9e60e60360e5c70a016b1f97e,No-Dq-R,3,-1600000,0.06912469436576968,0.06311589691596853,0,0,0,0,0
0.0,800000,1024,7,0dad75e2f185a9c0bccbfdceeadd12e7358d66caa01dadff5be8e6a8867a1327,7e6bab01e9d6b0298352c3d96c8f671d95a236c9e60e60360e5c70a016b1f97e,No-Dq-R,4,-2400000,0.05421404102665128,0.06331014280973901,0,0,0,0,0
0.0,800000,1024,7,0dad75e2f185a9c0bccbfdceeadd12e7358d66caa01dadff5be8e6a8867a1327,7e6bab01e9d6b0298352c3d96c8f671d95a236c9e60e60360e5c70a016b1f97e,Fixed-Dc,1,0,0.0,0.0,0.0,0,0,0,0
0.0,800000,1024,7,0dad75e2f185a9c0bccbfdceeadd12e7358d66caa01dadff5be8e6a8867a1327,7e6bab01e9d6b0298352c3d96c8f671d95a236c9e60e60360e5c70a016b1f97e,Fixed-Dc,2,0,0.0,0.0,0,0,0,0,0
0.0,800000,1024,7,0dad75e2f185a9c0bccbfdceeadd12e7358d66caa01dadff5be8e6a8867a1327,7e6bab01e9d6b0298352c3d96c8f671d95a236c9e60e60360e5c70a016b1f97e,Fixed-Dc,3,0,0.0,0.0,0,0,0,0,0
0.0,800000,1024,7,0dad75e2f185a9c0bccbfdceeadd12e7358d66caa01dadff5be8e6a8867a1327,7e6bab01e9d6b0298352c3d96c8f671d95a236c9e60e60360e5c70a016b1f97e,Fixed-Dc,4,0,0.0,0.0,0,0,0,0,0
0.0,800000,1024,7,0dad75e2f185a9c0bccbfdceeadd12e7358d66caa01dadff5be8e6a8867a1327,7e6bab01e9d6b0298352c3d96c8f671d95a236c9e60e60360e5c70a016b1f97e,Decoupled,1,0,,,,,,0,0
0.0,800000,1024,7,0dad75e2f185a9c0bccbfdceeadd12e7358d66caa01dadff5be8e6a8867a1327,7e6bab01e9d6b0298352c3d96c8f671d95a236c9e60e60360e5c70a016b1f97e,Decoupled,2,0,,,,,,0,0
0.0,800000,1024,7,0dad75e2f185a9c0bccbfdceeadd12e7358d66caa01dadff5be8e6a8867a1327,7e6bab01e9d6b0298352c3d96c8f671d95a236c9e60e60360e5c70a016b1f97e,Decoupled,3,0,,,,,,0,0
0.0,800000,1024,7,0dad75e2f185a9c0bccbfdceeadd12e7358d66caa01dadff5be8e6a8867a1327,7e6bab01e9d6b0298352c3d96c8f671d95a236c9e60e60360e5c70a016b1f97e,Decoupled,4,0,,,,,,0,0
0.0,800000,1024,11,0dad75e2f185a9c0bccbfdceeadd12e7358d66caa01dadff5be8e6a8867a1327,7e6bab01e9d6b0298352c3d96c8f671d95a236c9e60e60360e5c70a016b1f97e,No-Dq-R,1,0,0.0,0.0,0.0,0,0,0,0
0.0,800000,1024,11,0dad75e2f185a9c0bccbfdceeadd12e7358d66caa01dadff5be8e6a8867a1327,7e6bab01e9d6b0298352c3d96c8f671d95a236c9e60e60360e5c70a016b1f97e,No-Dq-R,2,-800000,0.049612584460204445,0.047663681628712706,0.9999999999999994,1,0,0,0
0.0,800000,1024,11,0dad75e2f185a9c0bccbfdceeadd12e7358d66caa01dadff5be8e6a8867a1327,7e6bab01e9d6b0298352c3d96c8f671d95a236c9e60e60360e5c70a016b1f97e,No-Dq-R,3,-1600000,0.05797731082766472,0.06311589691596853,0,0,0,0,0
0.0,800000,1024,11,0dad75e2f185a9c0bccbfdceeadd12e7358d66caa01dadff5be8e6a8867a1327,7e6bab01e9d6b0298352c3d96c8f671d95a236c9e60e60360e5c70a016b1f97e,No-Dq-R,4,-2400000,0.05421404102665128,0.06331014280973901,0,0,0,0,0
0.0,800000,1024,11,0dad75e2f185a9c0bccbfdceeadd12e7358d66caa01dadff5be8e6a8867a1327,7e6bab01e9d6b0298352c3d96c8f671d95a236c9e60e60360e5c70a016b1f97e,Fixed-Dc,1,0,0.0,0.0,0.0,0,0,0,0
0.0,800000,1024,11,0dad75e2f185a9c0bccbfdceeadd12e7358d66caa01dadff5be8e6a8867a1327,7e6bab01e9d6b0298352c3d96c8f671d95a236c9e60e60360e5c70a016b1f97e,Fixed-Dc,2,0,0.0,0.0,0,0,0,0,0
0.0,800000,1024,11,0dad75e2f185a9c0bccbfdceeadd12e7358d66caa01dadff5be8e6a8867a1327,7e6bab01e9d6b0298352c3d96c8f671d95a236c9e60e60360e5c70a016b1f97e,Fixed-Dc,3,0,0.0,0.0,0,0,0,0,0
0.0,800000,1024,11,0dad75e2f185a9c0bccbfdceeadd12e7358d66caa01dadff5be8e6a8867a1327,7e6bab01e9d6b0298352c3d96c8f671d95a236c9e60e60360e5c70a016b1f97e,Fixed-Dc,4,0,0.0,0.0,0,0,0,0,0
0.0,800000,1024,11,0dad75e2f185a9c0bccbfdceeadd12e7358d66caa01dadff5be8e6a8867a1327,7e6bab01e9d6b0298352c3d96c8f671d95a236c9e60e60360e5c70a016b1f97e,Decoupled,1,0,,,,,,0,0
0.0,800000,1024,11,0dad75e2f185a9c0bccbfdceeadd12e7358d66caa01dadff5be8e6a8867a1327,7e6bab01e9d6b0298352c3d96c8f671d95a236c9e60e60360e5c70a016b1f97e,Decoupled,2,0,,,,,,0,0
0.0,800000,1024,11,0dad75e2f185a9c0bccbfdceeadd12e7358d66caa01dadff5be8e6a8867a1327,7e6bab01e9d6b0298352c3d96c8f671d95a236c9e60e60360e5c70a016b1f97e,Decoupled,3,0,,,,,,0,0
0.0,800000,1024,11,0dad75e2f185a9c0bccbfdceeadd12e7358d66caa01dadff5be8e6a8867a1327,7e6bab01e9d6b0298352c3d96c8f671d95a236c9e60e60360e5c70a016b1f97e,Decoupled,4,0,,,,,,0,0
0.0,800000,1025,7,0b53235b3d012f4e08d30be90c6822671e80832258eaa068854261fb33b54ed0,7e6bab01e9d6b0298352c3d96c8f671d95a236c9e60e60360e5c70a016b1f97e,No-Dq-R,1,0,0.0,0.0,0.0,0,0,0,0
0.0,800000,1025,7,0b53235b3d012f4e08d30be90c6822671e80832258eaa068854261fb33b54ed0,7e6bab01e9d6b0298352c3d96c8f671d95a236c9e60e60360e5c70a016b1f97e,No-Dq-R,2,-800000,0.049612584460204445,0.047663681628712706,0.9999999999999994,1,0,0,0
0.0,800000,1025,7,0b53235b3d012f4e08d30be90c6822671e80832258eaa068854261fb33b54ed0,7e6bab01e9d6b0298352c3d96c8f671d95a236c9e60e60360e5c70a016b1f97e,No-Dq-R,3,-1600000,0.06912469436576968,0.06311589691596853,0,0,0,0,0
0.0,800000,1025,7,0b53235b3d012f4e08d30be90c6822671e80832258eaa068854261fb33b54ed0,7e6bab01e9d6b0298352c3d96c8f671d95a236c9e60e60360e5c70a016b1f97e,No-Dq-R,4,-2400000,0.05421404102665128,0.06331014280973901,0,0,0,0,0
0.0,800000,1025,7,0b53235b3d012f4e08d30be90c6822671e80832258eaa068854261fb33b54ed0,7e6bab01e9d6b0298352c3d96c8f671d95a236c9e60e60360e5c70a016b1f97e,Fixed-Dc,1,0,0.0,0.0,0.0,0,0,0,0
0.0,800000,1025,7,0b53235b3d012f4e08d30be90c6822671e80832258eaa068854261fb33b54ed0,7e6bab01e9d6b0298352c3d96c8f671d95a236c9e60e60360e5c70a016b1f97e,Fixed-Dc,2,0,0.0,0.0,0,0,0,0,0
0.0,800000,1025,7,0b53235b3d012f4e08d30be90c6822671e80832258eaa068854261fb33b54ed0,7e6bab01e9d6b0298352c3d96c8f671d95a236c9e60e60360e5c70a016b1f97e,Fixed-Dc,3,0,0.0,0.0,0,0,0,0,0
0.0,800000,1025,7,0b53235b3d012f4e08d30be90c6822671e80832258eaa068854261fb33b54ed0,7e6bab01e9d6b0298352c3d96c8f671d95a236c9e60e60360e5c70a016b1f97e,Fixed-Dc,4,0,0.0,0.0,0,0,0,0,0
0.0,800000,1025,7,0b53235b3d012f4e08d30be90c6822671e80832258eaa068854261fb33b54ed0,7e6bab01e9d6b0298352c3d96c8f671d95a236c9e60e60360e5c70a016b1f97e,Decoupled,1,0,,,,,,0,0
0.0,800000,1025,7,0b53235b3d012f4e08d30be90c6822671e80832258eaa068854261fb33b54ed0,7e6bab01e9d6b0298352c3d96c8f671d95a236c9e60e60360e5c70a016b1f97e,Decoupled,2,0,,,,,,0,0
0.0,800000,1025,7,0b53235b3d012f4e08d30be90c6822671e80832258eaa068854261fb33b54ed0,7e6bab01e9d6b0298352c3d96c8f671d95a236c9e60e60360e5c70a016b1f97e,Decoupled,3,0,,,,,,0,0
0.0,800000,1025,7,0b53235b3d012f4e08d30be90c6822671e80832258eaa068854261fb33b54ed0,7e6bab01e9d6b0298352c3d96c8f671d95a236c9e60e60360e5c70a016b1f97e,Decoupled,4,0,,,,,,0,0
0.0,800000,1025,11,0b53235b3d012f4e08d30be90c6822671e80832258eaa068854261fb33b54ed0,7e6bab01e9d6b0298352c3d96c8f671d95a236c9e60e60360e5c70a016b1f97e,No-Dq-R,1,0,0.0,0.0,0.0,0,0,0,0
0.0,800000,1025,11,0b53235b3d012f4e08d30be90c6822671e80832258eaa068854261fb33b54ed0,7e6bab01e9d6b0298352c3d96c8f671d95a236c9e60e60360e5c70a016b1f97e,No-Dq-R,2,-800000,0.049612584460204445,0.047663681628712706,0.9999999999999994,1,0,0,0
0.0,800000,1025,11,0b53235b3d012f4e08d30be90c6822671e80832258eaa068854261fb33b54ed0,7e6bab01e9d6b0298352c3d96c8f671d95a236c9e60e60360e5c70a016b1f97e,No-Dq-R,3,-1600000,0.05797731082766472,0.06311589691596853,0,0,0,0,0
0.0,800000,1025,11,0b53235b3d012f4e08d30be90c6822671e80832258eaa068854261fb33b54ed0,7e6bab01e9d6b0298352c3d96c8f671d95a236c9e60e60360e5c70a016b1f97e,No-Dq-R,4,-2400000,0.05421404102665128,0.06331014280973901,0,0,0,0,0
0.0,800000,1025,11,0b53235b3d012f4e08d30be90c6822671e80832258eaa068854261fb33b54ed0,7e6bab01e9d6b0298352c3d96c8f671d95a236c9e60e60360e5c70a016b1f97e,Fixed-Dc,1,0,0.0,0.0,0.0,0,0,0,0
0.0,800000,1025,11,0b53235b3d012f4e08d30be90c6822671e80832258eaa068854261fb33b54ed0,7e6bab01e9d6b0298352c3d96c8f671d95a236c9e60e60360e5c70a016b1f97e,Fixed-Dc,2,0,0.0,0.0,0,0,0,0,0
0.0,800000,1025,11,0b53235b3d012f4e08d30be90c6822671e80832258eaa068854261fb33b54ed0,7e6bab01e9d6b0298352c3d96c8f671d95a236c9e60e60360e5c70a016b1f97e,Fixed-Dc,3,0,0.0,0.0,0,0,0,0,0
0.0,800000,1025,11,0b53235b3d012f4e08d30be90c6822671e80832258eaa068854261fb33b54ed0,7e6bab01e9d6b0298352c3d96c8f671d95a236c9e60e60360e5c70a016b1f97e,Fixed-Dc,4,0,0.0,0.0,0,0,0,0,0
0.0,800000,1025,11,0b53235b3d012f4e08d30be90c6822671e80832258eaa068854261fb33b54ed0,7e6bab01e9d6b0298352c3d96c8f671d95a236c9e60e60360e5c70a016b1f97e,Decoupled,1,0,,,,,,0,0
0.0,800000,1025,11,0b53235b3d012f4e08d30be90c6822671e80832258eaa068854261fb33b54ed0,7e6bab01e9d6b0298352c3d96c8f671d95a236c9e60e60360e5c70a016b1f97e,Decoupled,2,0,,,,,,0,0
0.0,800000,1025,11,0b53235b3d012f4e08d30be90c6822671e80832258eaa068854261fb33b54ed0,7e6bab01e9d6b0298352c3d96c8f671d95a236c9e60e60360e5c70a016b1f97e,Decoupled,3,0,,,,,,0,0
0.0,800000,1025,11,0b53235b3d012f4e08d30be90c6822671e80832258eaa068854261fb33b54ed0,7e6bab01e9d6b0298352c3d96c8f671d95a236c9e60e60360e5c70a016b1f97e,Decoupled,4,0,,,,,,0,0
0.0,800000,1026,7,5eb239ce0d973130a503201806f9b1b6cb5fb8d5008c5aabaaededb3f4d303c4,7e6bab01e9d6b0298352c3d96c8f671d95a236c9e60e60360e5c70a016b1f97e,No-Dq-R,1,0,0.0,0.0,0.0,0,0,0,0
0.0,800000,1026,7,5eb239ce0d973130a503201806f9b1b6cb5fb8d5008c5aabaaededb3f4d303c4,7e6bab01e9d6b0298352c3d96c8f671d95a236c9e60e60360e5c70a016b1f97e,No-Dq-R,2,-800000,0.049612584460204445,0.047663681628712706,0.9999999999999994,1,0,0,0
0.0,800000,1026,7,5eb239ce0d973130a503201806f9b1b6cb5fb8d5008c5aabaaededb3f4d303c4,7e6bab01e9d6b0298352c3d96c8f671d95a236c9e60e60360e5c70a016b1f97e,No-Dq-R,3,-1600000,0.06912469436576968,0.06311589691596853,0,0,0,0,0
0.0,800000,1026,7,5eb239ce0d973130a503201806f9b1b6cb5fb8d5008c5aabaaededb3f4d303c4,7e6bab01e9d6b0298352c3d96c8f671d95a236c9e60e60360e5c70a016b1f97e,No-Dq-R,4,-2400000,0.05421404102665128,0.06331014280973901,0,0,0,0,0
0.0,800000,1026,7,5eb239ce0d973130a503201806f9b1b6cb5fb8d5008c5aabaaededb3f4d303c4,7e6bab01e9d6b0298352c3d96c8f671d95a236c9e60e60360e5c70a016b1f97e,Fixed-Dc,1,0,0.0,0.0,0.0,0,0,0,0
0.0,800000,1026,7,5eb239ce0d973130a503201806f9b1b6cb5fb8d5008c5aabaaededb3f4d303c4,7e6bab01e9d6b0298352c3d96c8f671d95a236c9e60e60360e5c70a016b1f97e,Fixed-Dc,2,0,0.0,0.0,0,0,0,0,0
0.0,800000,1026,7,5eb239ce0d973130a503201806f9b1b6cb5fb8d5008c5aabaaededb3f4d303c4,7e6bab01e9d6b0298352c3d96c8f671d95a236c9e60e60360e5c70a016b1f97e,Fixed-Dc,3,0,0.0,0.0,0,0,0,0,0
0.0,800000,1026,7,5eb239ce0d973130a503201806f9b1b6cb5fb8d5008c5aabaaededb3f4d303c4,7e6bab01e9d6b0298352c3d96c8f671d95a236c9e60e60360e5c70a016b1f97e,Fixed-Dc,4,0,0.0,0.0,0,0,0,0,0
0.0,800000,1026,7,5eb239ce0d973130a503201806f9b1b6cb5fb8d5008c5aabaaededb3f4d303c4,7e6bab01e9d6b0298352c3d96c8f671d95a236c9e60e60360e5c70a016b1f97e,Decoupled,1,0,,,,,,0,0
0.0,800000,1026,7,5eb239ce0d973130a503201806f9b1b6cb5fb8d5008c5aabaaededb3f4d303c4,7e6bab01e9d6b0298352c3d96c8f671d95a236c9e60e60360e5c70a016b1f97e,Decoupled,2,0,,,,,,0,0
0.0,800000,1026,7,5eb239ce0d973130a503201806f9b1b6cb5fb8d5008c5aabaaededb3f4d303c4,7e6bab01e9d6b0298352c3d96c8f671d95a236c9e60e60360e5c70a016b1f97e,Decoupled,3,0,,,,,,0,0
0.0,800000,1026,7,5eb239ce0d973130a503201806f9b1b6cb5fb8d5008c5aabaaededb3f4d303c4,7e6bab01e9d6b0298352c3d96c8f671d95a236c9e60e60360e5c70a016b1f97e,Decoupled,4,0,,,,,,0,0
0.0,800000,1026,11,5eb239ce0d973130a503201806f9b1b6cb5fb8d5008c5aabaaededb3f4d303c4,7e6bab01e9d6b0298352c3d96c8f671d95a236c9e60e60360e5c70a016b1f97e,No-Dq-R,1,0,0.0,0.0,0.0,0,0,0,0
0.0,800000,1026,11,5eb239ce0d973130a503201806f9b1b6cb5fb8d5008c5aabaaededb3f4d303c4,7e6bab01e9d6b0298352c3d96c8f671d95a236c9e60e60360e5c70a016b1f97e,No-Dq-R,2,-800000,0.049612584460204445,0.047663681628712706,0.9999999999999994,1,0,0,0
0.0,800000,1026,11,5eb239ce0d973130a503201806f9b1b6cb5fb8d5008c5aabaaededb3f4d303c4,7e6bab01e9d6b0298352c3d96c8f671d95a236c9e60e60360e5c70a016b1f97e,No-Dq-R,3,-1600000,0.05797731082766472,0.06311589691596853,0,0,0,0,0
0.0,800000,1026,11,5eb239ce0d973130a503201806f9b1b6cb5fb8d5008c5aabaaededb3f4d303c4,7e6bab01e9d6b0298352c3d96c8f671d95a236c9e60e60360e5c70a016b1f97e,No-Dq-R,4,-2400000,0.05421404102665128,0.06331014280973901,0,0,0,0,0
0.0,800000,1026,11,5eb239ce0d973130a503201806f9b1b6cb5fb8d5008c5aabaaededb3f4d303c4,7e6bab01e9d6b0298352c3d96c8f671d95a236c9e60e60360e5c70a016b1f97e,Fixed-Dc,1,0,0.0,0.0,0.0,0,0,0,0
0.0,800000,1026,11,5eb239ce0d973130a503201806f9b1b6cb5fb8d5008c5aabaaededb3f4d303c4,7e6bab01e9d6b0298352c3d96c8f671d95a236c9e60e60360e5c70a016b1f97e,Fixed-Dc,2,0,0.0,0.0,0,0,0,0,0
0.0,800000,1026,11,5eb239ce0d973130a503201806f9b1b6cb5fb8d5008c5aabaaededb3f4d303c4,7e6bab01e9d6b0298352c3d96c8f671d95a236c9e60e60360e5c70a016b1f97e,Fixed-Dc,3,0,0.0,0.0,0,0,0,0,0
0.0,800000,1026,11,5eb239ce0d973130a503201806f9b1b6cb5fb8d5008c5aabaaededb3f4d303c4,7e6bab01e9d6b0298352c3d96c8f671d95a236c9e60e60360e5c70a016b1f97e,Fixed-Dc,4,0,0.0,0.0,0,0,0,0,0
0.0,800000,1026,11,5eb239ce0d973130a503201806f9b1b6cb5fb8d5008c5aabaaededb3f4d303c4,7e6bab01e9d6b0298352c3d96c8f671d95a236c9e60e60360e5c70a016b1f97e,Decoupled,1,0,,,,,,0,0
0.0,800000,1026,11,5eb239ce0d973130a503201806f9b1b6cb5fb8d5008c5aabaaededb3f4d303c4,7e6bab01e9d6b0298352c3d96c8f671d95a236c9e60e60360e5c70a016b1f97e,Decoupled,2,0,,,,,,0,0
0.0,800000,1026,11,5eb239ce0d973130a503201806f9b1b6cb5fb8d5008c5aabaaededb3f4d303c4,7e6bab01e9d6b0298352c3d96c8f671d95a236c9e60e60360e5c70a016b1f97e,Decoupled,3,0,,,,,,0,0
0.0,800000,1026,11,5eb239ce0d973130a503201806f9b1b6cb5fb8d5008c5aabaaededb3f4d303c4,7e6bab01e9d6b0298352c3d96c8f671d95a236c9e60e60360e5c70a016b1f97e,Decoupled,4,0,,,,,,0,0
0.0,800000,1027,7,bdc6e22e10e0ee2621837b6728c3bb1bd1871e5cc1d53036260ced90b92406f8,7e6bab01e9d6b0298352c3d96c8f671d95a236c9e60e60360e5c70a016b1f97e,No-Dq-R,1,0,0.0,0.0,0.0,0,0,0,0
0.0,800000,1027,7,bdc6e22e10e0ee2621837b6728c3bb1bd1871e5cc1d53036260ced90b92406f8,7e6bab01e9d6b0298352c3d96c8f671d95a236c9e60e60360e5c70a016b1f97e,No-Dq-R,2,-800000,0.049612584460204445,0.047663681628712706,0.9999999999999994,1,0,0,0
0.0,800000,1027,7,bdc6e22e10e0ee2621837b6728c3bb1bd1871e5cc1d53036260ced90b92406f8,7e6bab01e9d6b0298352c3d96c8f671d95a236c9e60e60360e5c70a016b1f97e,No-Dq-R,3,-1600000,0.06912469436576968,0.06311589691596853,0,0,0,0,0
0.0,800000,1027,7,bdc6e22e10e0ee2621837b6728c3bb1bd1871e5cc1d53036260ced90b92406f8,7e6bab01e9d6b0298352c3d96c8f671d95a236c9e60e60360e5c70a016b1f97e,No-Dq-R,4,-2400000,0.05421404102665128,0.06331014280973901,0,0,0,0,0
0.0,800000,1027,7,bdc6e22e10e0ee2621837b6728c3bb1bd1871e5cc1d53036260ced90b92406f8,7e6bab01e9d6b0298352c3d96c8f671d95a236c9e60e60360e5c70a016b1f97e,Fixed-Dc,1,0,0.0,0.0,0.0,0,0,0,0
0.0,800000,1027,7,bdc6e22e10e0ee2621837b6728c3bb1bd1871e5cc1d53036260ced90b92406f8,7e6bab01e9d6b0298352c3d96c8f671d95a236c9e60e60360e5c70a016b1f97e,Fixed-Dc,2,0,0.0,0.0,0,0,0,0,0
0.0,800000,1027,7,bdc6e22e10e0ee2621837b6728c3bb1bd1871e5cc1d53036260ced90b92406f8,7e6bab01e9d6b0298352c3d96c8f671d95a236c9e60e60360e5c70a016b1f97e,Fixed-Dc,3,0,0.0,0.0,0,0,0,0,0
0.0,800000,1027,7,bdc6e22e10e0ee2621837b6728c3bb1bd1871e5cc1d53036260ced90b92406f8,7e6bab01e9d6b0298352c3d96c8f671d95a236c9e60e60360e5c70a016b1f97e,Fixed-Dc,4,0,0.0,0.0,0,0,0,0,0
0.0,800000,1027,7,bdc6e22e10e0ee2621837b6728c3bb1bd1871e5cc1d53036260ced90b92406f8,7e6bab01e9d6b0298352c3d96c8f671d95a236c9e60e60360e5c70a016b1f97e,Decoupled,1,0,,,,,,0,0
0.0,800000,1027,7,bdc6e22e10e0ee2621837b6728c3bb1bd1871e5cc1d53036260ced90b92406f8,7e6bab01e9d6b0298352c3d96c8f671d95a236c9e60e60360e5c70a016b1f97e,Decoupled,2,0,,,,,,0,0
0.0,800000,1027,7,bdc6e22e10e0ee2621837b6728c3bb1bd1871e5cc1d53036260ced90b92406f8,7e6bab01e9d6b0298352c3d96c8f671d95a236c9e60e60360e5c70a016b1f97e,Decoupled,3,0,,,,,,0,0
0.0,800000,1027,7,bdc6e22e10e0ee2621837b6728c3bb1bd1871e5cc1d53036260ced90b92406f8,7e6bab01e9d6b0298352c3d96c8f671d95a236c9e60e60360e5c70a016b1f97e,Decoupled,4,0,,,,,,0,0
0.0,800000,1027,11,bdc6e22e10e0ee2621837b6728c3bb1bd1871e5cc1d53036260ced90b92406f8,7e6bab01e9d6b0298352c3d96c8f671d95a236c9e60e60360e5c70a016b1f97e,No-Dq-R,1,0,0.0,0.0,0.0,0,0,0,0
0.0,800000,1027,11,bdc6e22e10e0ee2621837b6728c3bb1bd1871e5cc1d53036260ced90b92406f8,7e6bab01e9d6b0298352c3d96c8f671d95a236c9e60e60360e5c70a016b1f97e,No-Dq-R,2,-800000,0.049612584460204445,0.047663681628712706,0.9999999999999994,1,0,0,0
0.0,800000,1027,11,bdc6e22e10e0ee2621837b6728c3bb1bd1871e5cc1d53036260ced90b92406f8,7e6bab01e9d6b0298352c3d96c8f671d95a236c9e60e60360e5c70a016b1f97e,No-Dq-R,3,-1600000,0.05797731082766472,0.06311589691596853,0,0,0,0,0
0.0,800000,1027,11,bdc6e22e10e0ee2621837b6728c3bb1bd1871e5cc1d53036260ced90b92406f8,7e6bab01e9d6b0298352c3d96c8f671d95a236c9e60e60360e5c70a016b1f97e,No-Dq-R,4,-2400000,0.05421404102665128,0.06331014280973901,0,0,0,0,0
0.0,800000,1027,11,bdc6e22e10e0ee2621837b6728c3bb1bd1871e5cc1d53036260ced90b92406f8,7e6bab01e9d6b0298352c3d96c8f671d95a236c9e60e60360e5c70a016b1f97e,Fixed-Dc,1,0,0.0,0.0,0.0,0,0,0,0
0.0,800000,1027,11,bdc6e22e10e0ee2621837b6728c3bb1bd1871e5cc1d53036260ced90b92406f8,7e6bab01e9d6b0298352c3d96c8f671d95a236c9e60e60360e5c70a016b1f97e,Fixed-Dc,2,0,0.0,0.0,0,0,0,0,0
0.0,800000,1027,11,bdc6e22e10e0ee2621837b6728c3bb1bd1871e5cc1d53036260ced90b92406f8,7e6bab01e9d6b0298352c3d96c8f671d95a236c9e60e60360e5c70a016b1f97e,Fixed-Dc,3,0,0.0,0.0,0,0,0,0,0
0.0,800000,1027,11,bdc6e22e10e0ee2621837b6728c3bb1bd1871e5cc1d53036260ced90b92406f8,7e6bab01e9d6b0298352c3d96c8f671d95a236c9e60e60360e5c70a016b1f97e,Fixed-Dc,4,0,0.0,0.0,0,0,0,0,0
0.0,800000,1027,11,bdc6e22e10e0ee2621837b6728c3bb1bd1871e5cc1d53036260ced90b92406f8,7e6bab01e9d6b0298352c3d96c8f671d95a236c9e60e60360e5c70a016b1f97e,Decoupled,1,0,,,,,,0,0
0.0,800000,1027,11,bdc6e22e10e0ee2621837b6728c3bb1bd1871e5cc1d53036260ced90b92406f8,7e6bab01e9d6b0298352c3d96c8f671d95a236c9e60e60360e5c70a016b1f97e,Decoupled,2,0,,,,,,0,0
0.0,800000,1027,11,bdc6e22e10e0ee2621837b6728c3bb1bd1871e5cc1d53036260ced90b92406f8,7e6bab01e9d6b0298352c3d96c8f671d95a236c9e60e60360e5c70a016b1f97e,Decoupled,3,0,,,,,,0,0
0.0,800000,1027,11,bdc6e22e10e0ee2621837b6728c3bb1bd1871e5cc1d53036260ced90b92406f8,7e6bab01e9d6b0298352c3d96c8f671d95a236c9e60e60360e5c70a016b1f97e,Decoupled,4,0,,,,,,0,0
0.0,800000,1028,7,f793a1de813c21d76a182070b9d02b9479175a6fd0590542ef1a4305fb9786db,7e6bab01e9d6b0298352c3d96c8f671d95a236c9e60e60360e5c70a016b1f97e,No-Dq-R,1,0,0.0,0.0,0.0,0,0,0,0
0.0,800000,1028,7,f793a1de813c21d76a182070b9d02b9479175a6fd0590542ef1a4305fb9786db,7e6bab01e9d6b0298352c3d96c8f671d95a236c9e60e60360e5c70a016b1f97e,No-Dq-R,2,-800000,0.049612584460204445,0.047663681628712706,0.9999999999999994,1,0,0,0
0.0,800000,1028,7,f793a1de813c21d76a182070b9d02b9479175a6fd0590542ef1a4305fb9786db,7e6bab01e9d6b0298352c3d96c8f671d95a236c9e60e60360e5c70a016b1f97e,No-Dq-R,3,-1600000,0.06912469436576968,0.06311589691596853,0,0,0,0,0
0.0,800000,1028,7,f793a1de813c21d76a182070b9d02b9479175a6fd0590542ef1a4305fb9786db,7e6bab01e9d6b0298352c3d96c8f671d95a236c9e60e60360e5c70a016b1f97e,No-Dq-R,4,-2400000,0.05421404102665128,0.06331014280973901,0,0,0,0,0
0.0,800000,1028,7,f793a1de813c21d76a182070b9d02b9479175a6fd0590542ef1a4305fb9786db,7e6bab01e9d6b0298352c3d96c8f671d95a236c9e60e60360e5c70a016b1f97e,Fixed-Dc,1,0,0.0,0.0,0.0,0,0,0,0
0.0,800000,1028,7,f793a1de813c21d76a182070b9d02b9479175a6fd0590542ef1a4305fb9786db,7e6bab01e9d6b0298352c3d96c8f671d95a236c9e60e60360e5c70a016b1f97e,Fixed-Dc,2,0,0.0,0.0,0,0,0,0,0
0.0,800000,1028,7,f793a1de813c21d76a182070b9d02b9479175a6fd0590542ef1a4305fb9786db,7e6bab01e9d6b0298352c3d96c8f671d95a236c9e60e60360e5c70a016b1f97e,Fixed-Dc,3,0,0.0,0.0,0,0,0,0,0
0.0,800000,1028,7,f793a1de813c21d76a182070b9d02b9479175a6fd0590542ef1a4305fb9786db,7e6bab01e9d6b0298352c3d96c8f671d95a236c9e60e60360e5c70a016b1f97e,Fixed-Dc,4,0,0.0,0.0,0,0,0,0,0
0.0,800000,1028,7,f793a1de813c21d76a182070b9d02b9479175a6fd0590542ef1a4305fb9786db,7e6bab01e9d6b0298352c3d96c8f671d95a236c9e60e60360e5c70a016b1f97e,Decoupled,1,0,,,,,,0,0
0.0,800000,1028,7,f793a1de813c21d76a182070b9d02b9479175a6fd0590542ef1a4305fb9786db,7e6bab01e9d6b0298352c3d96c8f671d95a236c9e60e60360e5c70a016b1f97e,Decoupled,2,0,,,,,,0,0
0.0,800000,1028,7,f793a1de813c21d76a182070b9d02b9479175a6fd0590542ef1a4305fb9786db,7e6bab01e9d6b0298352c3d96c8f671d95a236c9e60e60360e5c70a016b1f97e,Decoupled,3,0,,,,,,0,0
0.0,800000,1028,7,f793a1de813c21d76a182070b9d02b9479175a6fd0590542ef1a4305fb9786db,7e6bab01e9d6b0298352c3d96c8f671d95a236c9e60e60360e5c70a016b1f97e,Decoupled,4,0,,,,,,0,0
0.0,800000,1028,11,f793a1de813c21d76a182070b9d02b9479175a6fd0590542ef1a4305fb9786db,7e6bab01e9d6b0298352c3d96c8f671d95a236c9e60e60360e5c70a016b1f97e,No-Dq-R,1,0,0.0,0.0,0.0,0,0,0,0
0.0,800000,1028,11,f793a1de813c21d76a182070b9d02b9479175a6fd0590542ef1a4305fb9786db,7e6bab01e9d6b0298352c3d96c8f671d95a236c9e60e60360e5c70a016b1f97e,No-Dq-R,2,-800000,0.049612584460204445,0.047663681628712706,0.9999999999999994,1,0,0,0
0.0,800000,1028,11,f793a1de813c21d76a182070b9d02b9479175a6fd0590542ef1a4305fb9786db,7e6bab01e9d6b0298352c3d96c8f671d95a236c9e60e60360e5c70a016b1f97e,No-Dq-R,3,-1600000,0.05797731082766472,0.06311589691596853,0,0,0,0,0
0.0,800000,1028,11,f793a1de813c21d76a182070b9d02b9479175a6fd0590542ef1a4305fb9786db,7e6bab01e9d6b0298352c3d96c8f671d95a236c9e60e60360e5c70a016b1f97e,No-Dq-R,4,-2400000,0.05421404102665128,0.06331014280973901,0,0,0,0,0
0.0,800000,1028,11,f793a1de813c21d76a182070b9d02b9479175a6fd0590542ef1a4305fb9786db,7e6bab01e9d6b0298352c3d96c8f671d95a236c9e60e60360e5c70a016b1f97e,Fixed-Dc,1,0,0.0,0.0,0.0,0,0,0,0
0.0,800000,1028,11,f793a1de813c21d76a182070b9d02b9479175a6fd0590542ef1a4305fb9786db,7e6bab01e9d6b0298352c3d96c8f671d95a236c9e60e60360e5c70a016b1f97e,Fixed-Dc,2,0,0.0,0.0,0,0,0,0,0
0.0,800000,1028,11,f793a1de813c21d76a182070b9d02b9479175a6fd0590542ef1a4305fb9786db,7e6bab01e9d6b0298352c3d96c8f671d95a236c9e60e60360e5c70a016b1f97e,Fixed-Dc,3,0,0.0,0.0,0,0,0,0,0
0.0,800000,1028,11,f793a1de813c21d76a182070b9d02b9479175a6fd0590542ef1a4305fb9786db,7e6bab01e9d6b0298352c3d96c8f671d95a236c9e60e60360e5c70a016b1f97e,Fixed-Dc,4,0,0.0,0.0,0,0,0,0,0
0.0,800000,1028,11,f793a1de813c21d76a182070b9d02b9479175a6fd0590542ef1a4305fb9786db,7e6bab01e9d6b0298352c3d96c8f671d95a236c9e60e60360e5c70a016b1f97e,Decoupled,1,0,,,,,,0,0
0.0,800000,1028,11,f793a1de813c21d76a182070b9d02b9479175a6fd0590542ef1a4305fb9786db,7e6bab01e9d6b0298352c3d96c8f671d95a236c9e60e60360e5c70a016b1f97e,Decoupled,2,0,,,,,,0,0
0.0,800000,1028,11,f793a1de813c21d76a182070b9d02b9479175a6fd0590542ef1a4305fb9786db,7e6bab01e9d6b0298352c3d96c8f671d95a236c9e60e60360e5c70a016b1f97e,Decoupled,3,0,,,,,,0,0
0.0,800000,1028,11,f793a1de813c21d76a182070b9d02b9479175a6fd0590542ef1a4305fb9786db,7e6bab01e9d6b0298352c3d96c8f671d95a236c9e60e60360e5c70a016b1f97e,Decoupled,4,0,,,,,,0,0
0.0,800000,1029,7,0887a5c595a5394c8fd1fe36f4271d81aa3dfbde45885d70d59df5e023edf228,7e6bab01e9d6b0298352c3d96c8f671d95a236c9e60e60360e5c70a016b1f97e,No-Dq-R,1,0,0.0,0.0,0.0,0,0,0,0
0.0,800000,1029,7,0887a5c595a5394c8fd1fe36f4271d81aa3dfbde45885d70d59df5e023edf228,7e6bab01e9d6b0298352c3d96c8f671d95a236c9e60e60360e5c70a016b1f97e,No-Dq-R,2,-800000,0.049612584460204445,0.047663681628712706,0.9999999999999994,1,0,0,0
0.0,800000,1029,7,0887a5c595a5394c8fd1fe36f4271d81aa3dfbde45885d70d59df5e023edf228,7e6bab01e9d6b0298352c3d96c8f671d95a236c9e60e60360e5c70a016b1f97e,No-Dq-R,3,-1600000,0.06912469436576968,0.06311589691596853,0,0,0,0,0
0.0,800000,1029,7,0887a5c595a5394c8fd1fe36f4271d81aa3dfbde45885d70d59df5e023edf228,7e6bab01e9d6b0298352c3d96c8f671d95a236c9e60e60360e5c70a016b1f97e,No-Dq-R,4,-2400000,0.05421404102665128,0.06331014280973901,0,0,0,0,0
0.0,800000,1029,7,0887a5c595a5394c8fd1fe36f4271d81aa3dfbde45885d70d59df5e023edf228,7e6bab01e9d6b0298352c3d96c8f671d95a236c9e60e60360e5c70a016b1f97e,Fixed-Dc,1,0,0.0,0.0,0.0,0,0,0,0
0.0,800000,1029,7,0887a5c595a5394c8fd1fe36f4271d81aa3dfbde45885d70d59df5e023edf228,7e6bab01e9d6b0298352c3d96c8f671d95a236c9e60e60360e5c70a016b1f97e,Fixed-Dc,2,0,0.0,0.0,0,0,0,0,0
0.0,800000,1029,7,0887a5c595a5394c8fd1fe36f4271d81aa3dfbde45885d70d59df5e023edf228,7e6bab01e9d6b0298352c3d96c8f671d95a236c9e60e60360e5c70a016b1f97e,Fixed-Dc,3,0,0.0,0.0,0,0,0,0,0
0.0,800000,1029,7,0887a5c595a5394c8fd1fe36f4271d81aa3dfbde45885d70d59df5e023edf228,7e6bab01e9d6b0298352c3d96c8f671d95a236c9e60e60360e5c70a016b1f97e,Fixed-Dc,4,0,0.0,0.0,0,0,0,0,0
0.0,800000,1029,7,0887a5c595a5394c8fd1fe36f4271d81aa3dfbde45885d70d59df5e023edf228,7e6bab01e9d6b0298352c3d96c8f671d95a236c9e60e60360e5c70a016b1f97e,Decoupled,1,0,,,,,,0,0
0.0,800000,1029,7,0887a5c595a5394c8fd1fe36f4271d81aa3dfbde45885d70d59df5e023edf228,7e6bab01e9d6b0298352c3d96c8f671d95a236c9e60e60360e5c70a016b1f97e,Decoupled,2,0,,,,,,0,0
0.0,800000,1029,7,0887a5c595a5394c8fd1fe36f4271d81aa3dfbde45885d70d59df5e023edf228,7e6bab01e9d6b0298352c3d96c8f671d95a236c9e60e60360e5c70a016b1f97e,Decoupled,3,0,,,,,,0,0
0.0,800000,1029,7,0887a5c595a5394c8fd1fe36f4271d81aa3dfbde45885d70d59df5e023edf228,7e6bab01e9d6b0298352c3d96c8f671d95a236c9e60e60360e5c70a016b1f97e,Decoupled,4,0,,,,,,0,0
0.0,800000,1029,11,0887a5c595a5394c8fd1fe36f4271d81aa3dfbde45885d70d59df5e023edf228,7e6bab01e9d6b0298352c3d96c8f671d95a236c9e60e60360e5c70a016b1f97e,No-Dq-R,1,0,0.0,0.0,0.0,0,0,0,0
0.0,800000,1029,11,0887a5c595a5394c8fd1fe36f4271d81aa3dfbde45885d70d59df5e023edf228,7e6bab01e9d6b0298352c3d96c8f671d95a236c9e60e60360e5c70a016b1f97e,No-Dq-R,2,-800000,0.049612584460204445,0.047663681628712706,0.9999999999999994,1,0,0,0
0.0,800000,1029,11,0887a5c595a5394c8fd1fe36f4271d81aa3dfbde45885d70d59df5e023edf228,7e6bab01e9d6b0298352c3d96c8f671d95a236c9e60e60360e5c70a016b1f97e,No-Dq-R,3,-1600000,0.05797731082766472,0.06311589691596853,0,0,0,0,0
0.0,800000,1029,11,0887a5c595a5394c8fd1fe36f4271d81aa3dfbde45885d70d59df5e023edf228,7e6bab01e9d6b0298352c3d96c8f671d95a236c9e60e60360e5c70a016b1f97e,No-Dq-R,4,-2400000,0.05421404102665128,0.06331014280973901,0,0,0,0,0
0.0,800000,1029,11,0887a5c595a5394c8fd1fe36f4271d81aa3dfbde45885d70d59df5e023edf228,7e6bab01e9d6b0298352c3d96c8f671d95a236c9e60e60360e5c70a016b1f97e,Fixed-Dc,1,0,0.0,0.0,0.0,0,0,0,0
0.0,800000,1029,11,0887a5c595a5394c8fd1fe36f4271d81aa3dfbde45885d70d59df5e023edf228,7e6bab01e9d6b0298352c3d96c8f671d95a236c9e60e60360e5c70a016b1f97e,Fixed-Dc,2,0,0.0,0.0,0,0,0,0,0
0.0,800000,1029,11,0887a5c595a5394c8fd1fe36f4271d81aa3dfbde45885d70d59df5e023edf228,7e6bab01e9d6b0298352c3d96c8f671d95a236c9e60e60360e5c70a016b1f97e,Fixed-Dc,3,0,0.0,0.0,0,0,0,0,0
0.0,800000,1029,11,0887a5c595a5394c8fd1fe36f4271d81aa3dfbde45885d70d59df5e023edf228,7e6bab01e9d6b0298352c3d96c8f671d95a236c9e60e60360e5c70a016b1f97e,Fixed-Dc,4,0,0.0,0.0,0,0,0,0,0
0.0,800000,1029,11,0887a5c595a5394c8fd1fe36f4271d81aa3dfbde45885d70d59df5e023edf228,7e6bab01e9d6b0298352c3d96c8f671d95a236c9e60e60360e5c70a016b1f97e,Decoupled,1,0,,,,,,0,0
0.0,800000,1029,11,0887a5c595a5394c8fd1fe36f4271d81aa3dfbde45885d70d59df5e023edf228,7e6bab01e9d6b0298352c3d96c8f671d95a236c9e60e60360e5c70a016b1f97e,Decoupled,2,0,,,,,,0,0
0.0,800000,1029,11,0887a5c595a5394c8fd1fe36f4271d81aa3dfbde45885d70d59df5e023edf228,7e6bab01e9d6b0298352c3d96c8f671d95a236c9e60e60360e5c70a016b1f97e,Decoupled,3,0,,,,,,0,0
0.0,800000,1029,11,0887a5c595a5394c8fd1fe36f4271d81aa3dfbde45885d70d59df5e023edf228,7e6bab01e9d6b0298352c3d96c8f671d95a236c9e60e60360e5c70a016b1f97e,Decoupled,4,0,,,,,,0,0
0.0,800000,1030,7,27e4cef9f9f13f14ef2c5092cabdf1bda77c09a4cfa6bd4a8558ef2d2c054853,7e6bab01e9d6b0298352c3d96c8f671d95a236c9e60e60360e5c70a016b1f97e,No-Dq-R,1,0,0.0,0.0,0.0,0,0,0,0
0.0,800000,1030,7,27e4cef9f9f13f14ef2c5092cabdf1bda77c09a4cfa6bd4a8558ef2d2c054853,7e6bab01e9d6b0298352c3d96c8f671d95a236c9e60e60360e5c70a016b1f97e,No-Dq-R,2,-800000,0.049612584460204445,0.047663681628712706,0.9999999999999994,1,0,0,0
0.0,800000,1030,7,27e4cef9f9f13f14ef2c5092cabdf1bda77c09a4cfa6bd4a8558ef2d2c054853,7e6bab01e9d6b0298352c3d96c8f671d95a236c9e60e60360e5c70a016b1f97e,No-Dq-R,3,-1600000,0.06912469436576968,0.06311589691596853,0,0,0,0,0
0.0,800000,1030,7,27e4cef9f9f13f14ef2c5092cabdf1bda77c09a4cfa6bd4a8558ef2d2c054853,7e6bab01e9d6b0298352c3d96c8f671d95a236c9e60e60360e5c70a016b1f97e,No-Dq-R,4,-2400000,0.05421404102665128,0.06331014280973901,0,0,0,0,0
0.0,800000,1030,7,27e4cef9f9f13f14ef2c5092cabdf1bda77c09a4cfa6bd4a8558ef2d2c054853,7e6bab01e9d6b0298352c3d96c8f671d95a236c9e60e60360e5c70a016b1f97e,Fixed-Dc,1,0,0.0,0.0,0.0,0,0,0,0
0.0,800000,1030,7,27e4cef9f9f13f14ef2c5092cabdf1bda77c09a4cfa6bd4a8558ef2d2c054853,7e6bab01e9d6b0298352c3d96c8f671d95a236c9e60e60360e5c70a016b1f97e,Fixed-Dc,2,0,0.0,0.0,0,0,0,0,0
0.0,800000,1030,7,27e4cef9f9f13f14ef2c5092cabdf1bda77c09a4cfa6bd4a8558ef2d2c054853,7e6bab01e9d6b0298352c3d96c8f671d95a236c9e60e60360e5c70a016b1f97e,Fixed-Dc,3,0,0.0,0.0,0,0,0,0,0
0.0,800000,1030,7,27e4cef9f9f13f14ef2c5092cabdf1bda77c09a4cfa6bd4a8558ef2d2c054853,7e6bab01e9d6b0298352c3d96c8f671d95a236c9e60e60360e5c70a016b1f97e,Fixed-Dc,4,0,0.0,0.0,0,0,0,0,0
0.0,800000,1030,7,27e4cef9f9f13f14ef2c5092cabdf1bda77c09a4cfa6bd4a8558ef2d2c054853,7e6bab01e9d6b0298352c3d96c8f671d95a236c9e60e60360e5c70a016b1f97e,Decoupled,1,0,,,,,,0,0
0.0,800000,1030,7,27e4cef9f9f13f14ef2c5092cabdf1bda77c09a4cfa6bd4a8558ef2d2c054853,7e6bab01e9d6b0298352c3d96c8f671d95a236c9e60e60360e5c70a016b1f97e,Decoupled,2,0,,,,,,0,0
0.0,800000,1030,7,27e4cef9f9f13f14ef2c5092cabdf1bda77c09a4cfa6bd4a8558ef2d2c054853,7e6bab01e9d6b0298352c3d96c8f671d95a236c9e60e60360e5c70a016b1f97e,Decoupled,3,0,,,,,,0,0
0.0,800000,1030,7,27e4cef9f9f13f14ef2c5092cabdf1bda77c09a4cfa6bd4a8558ef2d2c054853,7e6bab01e9d6b0298352c3d96c8f671d95a236c9e60e60360e5c70a016b1f97e,Decoupled,4,0,,,,,,0,0
0.0,800000,1030,11,27e4cef9f9f13f14ef2c5092cabdf1bda77c09a4cfa6bd4a8558ef2d2c054853,7e6bab01e9d6b0298352c3d96c8f671d95a236c9e60e60360e5c70a016b1f97e,No-Dq-R,1,0,0.0,0.0,0.0,0,0,0,0
0.0,800000,1030,11,27e4cef9f9f13f14ef2c5092cabdf1bda77c09a4cfa6bd4a8558ef2d2c054853,7e6bab01e9d6b0298352c3d96c8f671d95a236c9e60e60360e5c70a016b1f97e,No-Dq-R,2,-800000,0.049612584460204445,0.047663681628712706,0.9999999999999994,1,0,0,0
0.0,800000,1030,11,27e4cef9f9f13f14ef2c5092cabdf1bda77c09a4cfa6bd4a8558ef2d2c054853,7e6bab01e9d6b0298352c3d96c8f671d95a236c9e60e60360e5c70a016b1f97e,No-Dq-R,3,-1600000,0.05797731082766472,0.06311589691596853,0,0,0,0,0
0.0,800000,1030,11,27e4cef9f9f13f14ef2c5092cabdf1bda77c09a4cfa6bd4a8558ef2d2c054853,7e6bab01e9d6b0298352c3d96c8f671d95a236c9e60e60360e5c70a016b1f97e,No-Dq-R,4,-2400000,0.05421404102665128,0.06331014280973901,0,0,0,0,0
0.0,800000,1030,11,27e4cef9f9f13f14ef2c5092cabdf1bda77c09a4cfa6bd4a8558ef2d2c054853,7e6bab01e9d6b0298352c3d96c8f671d95a236c9e60e60360e5c70a016b1f97e,Fixed-Dc,1,0,0.0,0.0,0.0,0,0,0,0
0.0,800000,1030,11,27e4cef9f9f13f14ef2c5092cabdf1bda77c09a4cfa6bd4a8558ef2d2c054853,7e6bab01e9d6b0298352c3d96c8f671d95a236c9e60e60360e5c70a016b1f97e,Fixed-Dc,2,0,0.0,0.0,0,0,0,0,0
0.0,800000,1030,11,27e4cef9f9f13f14ef2c5092cabdf1bda77c09a4cfa6bd4a8558ef2d2c054853,7e6bab01e9d6b0298352c3d96c8f671d95a236c9e60e60360e5c70a016b1f97e,Fixed-Dc,3,0,0.0,0.0,0,0,0,0,0
0.0,800000,1030,11,27e4cef9f9f13f14ef2c5092cabdf1bda77c09a4cfa6bd4a8558ef2d2c054853,7e6bab01e9d6b0298352c3d96c8f671d95a236c9e60e60360e5c70a016b1f97e,Fixed-Dc,4,0,0.0,0.0,0,0,0,0,0
0.0,800000,1030,11,27e4cef9f9f13f14ef2c5092cabdf1bda77c09a4cfa6bd4a8558ef2d2c054853,7e6bab01e9d6b0298352c3d96c8f671d95a236c9e60e60360e5c70a016b1f97e,Decoupled,1,0,,,,,,0,0
0.0,800000,1030,11,27e4cef9f9f13f14ef2c5092cabdf1bda77c09a4cfa6bd4a8558ef2d2c054853,7e6bab01e9d6b0298352c3d96c8f671d95a236c9e60e60360e5c70a016b1f97e,Decoupled,2,0,,,,,,0,0
0.0,800000,1030,11,27e4cef9f9f13f14ef2c5092cabdf1bda77c09a4cfa6bd4a8558ef2d2c054853,7e6bab01e9d6b0298352c3d96c8f671d95a236c9e60e60360e5c70a016b1f97e,Decoupled,3,0,,,,,,0,0
0.0,800000,1030,11,27e4cef9f9f13f14ef2c5092cabdf1bda77c09a4cfa6bd4a8558ef2d2c054853,7e6bab01e9d6b0298352c3d96c8f671d95a236c9e60e60360e5c70a016b1f97e,Decoupled,4,0,,,,,,0,0
0.0,800000,1031,7,057588cbaddbab2d53988973874d69526c649b04a793b64a41398a6050f09457,7e6bab01e9d6b0298352c3d96c8f671d95a236c9e60e60360e5c70a016b1f97e,No-Dq-R,1,0,0.0,0.0,0.0,0,0,0,0
0.0,800000,1031,7,057588cbaddbab2d53988973874d69526c649b04a793b64a41398a6050f09457,7e6bab01e9d6b0298352c3d96c8f671d95a236c9e60e60360e5c70a016b1f97e,No-Dq-R,2,-800000,0.049612584460204445,0.047663681628712706,0.9999999999999994,1,0,0,0
0.0,800000,1031,7,057588cbaddbab2d53988973874d69526c649b04a793b64a41398a6050f09457,7e6bab01e9d6b0298352c3d96c8f671d95a236c9e60e60360e5c70a016b1f97e,No-Dq-R,3,-1600000,0.06912469436576968,0.06311589691596853,0,0,0,0,0
0.0,800000,1031,7,057588cbaddbab2d53988973874d69526c649b04a793b64a41398a6050f09457,7e6bab01e9d6b0298352c3d96c8f671d95a236c9e60e60360e5c70a016b1f97e,No-Dq-R,4,-2400000,0.05421404102665128,0.06331014280973901,0,0,0,0,0
0.0,800000,1031,7,057588cbaddbab2d53988973874d69526c649b04a793b64a41398a6050f09457,7e6bab01e9d6b0298352c3d96c8f671d95a236c9e60e60360e5c70a016b1f97e,Fixed-Dc,1,0,0.0,0.0,0.0,0,0,0,0
0.0,800000,1031,7,057588cbaddbab2d53988973874d69526c649b04a793b64a41398a6050f09457,7e6bab01e9d6b0298352c3d96c8f671d95a236c9e60e60360e5c70a016b1f97e,Fixed-Dc,2,0,0.0,0.0,0,0,0,0,0
0.0,800000,1031,7,057588cbaddbab2d53988973874d69526c649b04a793b64a41398a6050f09457,7e6bab01e9d6b0298352c3d96c8f671d95a236c9e60e60360e5c70a016b1f97e,Fixed-Dc,3,0,0.0,0.0,0,0,0,0,0
0.0,800000,1031,7,057588cbaddbab2d53988973874d69526c649b04a793b64a41398a6050f09457,7e6bab01e9d6b0298352c3d96c8f671d95a236c9e60e60360e5c70a016b1f97e,Fixed-Dc,4,0,0.0,0.0,0,0,0,0,0
0.0,800000,1031,7,057588cbaddbab2d53988973874d69526c649b04a793b64a41398a6050f09457,7e6bab01e9d6b0298352c3d96c8f671d95a236c9e60e60360e5c70a016b1f97e,Decoupled,1,0,,,,,,0,0
0.0,800000,1031,7,057588cbaddbab2d53988973874d69526c649b04a793b64a41398a6050f09457,7e6bab01e9d6b0298352c3d96c8f671d95a236c9e60e60360e5c70a016b1f97e,Decoupled,2,0,,,,,,0,0
0.0,800000,1031,7,057588cbaddbab2d53988973874d69526c649b04a793b64a41398a6050f09457,7e6bab01e9d6b0298352c3d96c8f671d95a236c9e60e60360e5c70a016b1f97e,Decoupled,3,0,,,,,,0,0
0.0,800000,1031,7,057588cbaddbab2d53988973874d69526c649b04a793b64a41398a6050f09457,7e6bab01e9d6b0298352c3d96c8f671d95a236c9e60e60360e5c70a016b1f97e,Decoupled,4,0,,,,,,0,0
0.0,800000,1031,11,057588cbaddbab2d53988973874d69526c649b04a793b64a41398a6050f09457,7e6bab01e9d6b0298352c3d96c8f671d95a236c9e60e60360e5c70a016b1f97e,No-Dq-R,1,0,0.0,0.0,0.0,0,0,0,0
0.0,800000,1031,11,057588cbaddbab2d53988973874d69526c649b04a793b64a41398a6050f09457,7e6bab01e9d6b0298352c3d96c8f671d95a236c9e60e60360e5c70a016b1f97e,No-Dq-R,2,-800000,0.049612584460204445,0.047663681628712706,0.9999999999999994,1,0,0,0
0.0,800000,1031,11,057588cbaddbab2d53988973874d69526c649b04a793b64a41398a6050f09457,7e6bab01e9d6b0298352c3d96c8f671d95a236c9e60e60360e5c70a016b1f97e,No-Dq-R,3,-1600000,0.05797731082766472,0.06311589691596853,0,0,0,0,0
0.0,800000,1031,11,057588cbaddbab2d53988973874d69526c649b04a793b64a41398a6050f09457,7e6bab01e9d6b0298352c3d96c8f671d95a236c9e60e60360e5c70a016b1f97e,No-Dq-R,4,-2400000,0.05421404102665128,0.06331014280973901,0,0,0,0,0
0.0,800000,1031,11,057588cbaddbab2d53988973874d69526c649b04a793b64a41398a6050f09457,7e6bab01e9d6b0298352c3d96c8f671d95a236c9e60e60360e5c70a016b1f97e,Fixed-Dc,1,0,0.0,0.0,0.0,0,0,0,0
0.0,800000,1031,11,057588cbaddbab2d53988973874d69526c649b04a793b64a41398a6050f09457,7e6bab01e9d6b0298352c3d96c8f671d95a236c9e60e60360e5c70a016b1f97e,Fixed-Dc,2,0,0.0,0.0,0,0,0,0,0
0.0,800000,1031,11,057588cbaddbab2d53988973874d69526c649b04a793b64a41398a6050f09457,7e6bab01e9d6b0298352c3d96c8f671d95a236c9e60e60360e5c70a016b1f97e,Fixed-Dc,3,0,0.0,0.0,0,0,0,0,0
0.0,800000,1031,11,057588cbaddbab2d53988973874d69526c649b04a793b64a41398a6050f09457,7e6bab01e9d6b0298352c3d96c8f671d95a236c9e60e60360e5c70a016b1f97e,Fixed-Dc,4,0,0.0,0.0,0,0,0,0,0
0.0,800000,1031,11,057588cbaddbab2d53988973874d69526c649b04a793b64a41398a6050f09457,7e6bab01e9d6b0298352c3d96c8f671d95a236c9e60e60360e5c70a016b1f97e,Decoupled,1,0,,,,,,0,0
0.0,800000,1031,11,057588cbaddbab2d53988973874d69526c649b04a793b64a41398a6050f09457,7e6bab01e9d6b0298352c3d96c8f671d95a236c9e60e60360e5c70a016b1f97e,Decoupled,2,0,,,,,,0,0
0.0,800000,1031,11,057588cbaddbab2d53988973874d69526c649b04a793b64a41398a6050f09457,7e6bab01e9d6b0298352c3d96c8f671d95a236c9e60e60360e5c70a016b1f97e,Decoupled,3,0,,,,,,0,0
0.0,800000,1031,11,057588cbaddbab2d53988973874d69526c649b04a793b64a41398a6050f09457,7e6bab01e9d6b0298352c3d96c8f671d95a236c9e60e60360e5c70a016b1f97e,Decoupled,4,0,,,,,,0,0
0.0,2000000,1000,7,4c1d3bb3e7fe4cd901b0488d9b6a3430d4729ce72dda9edd37c22fea0af15a98,7e6bab01e9d6b0298352c3d96c8f671d95a236c9e60e60360e5c70a016b1f97e,No-Dq-R,1,0,0.0,0.0,0.0,0,0,0,0
0.0,2000000,1000,7,4c1d3bb3e7fe4cd901b0488d9b6a3430d4729ce72dda9edd37c22fea0af15a98,7e6bab01e9d6b0298352c3d96c8f671d95a236c9e60e60360e5c70a016b1f97e,No-Dq-R,2,0,0.0,0.0,0,0,0,0,0
0.0,2000000,1000,7,4c1d3bb3e7fe4cd901b0488d9b6a3430d4729ce72dda9edd37c22fea0af15a98,7e6bab01e9d6b0298352c3d96c8f671d95a236c9e60e60360e5c70a016b1f97e,No-Dq-R,3,0,0.0,0.0,0,0,0,0,0
0.0,2000000,1000,7,4c1d3bb3e7fe4cd901b0488d9b6a3430d4729ce72dda9edd37c22fea0af15a98,7e6bab01e9d6b0298352c3d96c8f671d95a236c9e60e60360e5c70a016b1f97e,No-Dq-R,4,0,0.0,0.0,0,0,0,0,0
0.0,2000000,1000,7,4c1d3bb3e7fe4cd901b0488d9b6a3430d4729ce72dda9edd37c22fea0af15a98,7e6bab01e9d6b0298352c3d96c8f671d95a236c9e60e60360e5c70a016b1f97e,Fixed-Dc,1,0,0.0,0.0,0.0,0,0,0,0
0.0,2000000,1000,7,4c1d3bb3e7fe4cd901b0488d9b6a3430d4729ce72dda9edd37c22fea0af15a98,7e6bab01e9d6b0298352c3d96c8f671d95a236c9e60e60360e5c70a016b1f97e,Fixed-Dc,2,0,0.0,0.0,0,0,0,0,0
0.0,2000000,1000,7,4c1d3bb3e7fe4cd901b0488d9b6a3430d4729ce72dda9edd37c22fea0af15a98,7e6bab01e9d6b0298352c3d96c8f671d95a236c9e60e60360e5c70a016b1f97e,Fixed-Dc,3,0,0.0,0.0,0,0,0,0,0
0.0,2000000,1000,7,4c1d3bb3e7fe4cd901b0488d9b6a3430d4729ce72dda9edd37c22fea0af15a98,7e6bab01e9d6b0298352c3d96c8f671d95a236c9e60e60360e5c70a016b1f97e,Fixed-Dc,4,0,0.0,0.0,0,0,0,0,0
0.0,2000000,1000,7,4c1d3bb3e7fe4cd901b0488d9b6a3430d4729ce72dda9edd37c22fea0af15a98,7e6bab01e9d6b0298352c3d96c8f671d95a236c9e60e60360e5c70a016b1f97e,Decoupled,1,0,,,,,,0,0
0.0,2000000,1000,7,4c1d3bb3e7fe4cd901b0488d9b6a3430d4729ce72dda9edd37c22fea0af15a98,7e6bab01e9d6b0298352c3d96c8f671d95a236c9e60e60360e5c70a016b1f97e,Decoupled,2,0,,,,,,0,0
0.0,2000000,1000,7,4c1d3bb3e7fe4cd901b0488d9b6a3430d4729ce72dda9edd37c22fea0af15a98,7e6bab01e9d6b0298352c3d96c8f671d95a236c9e60e60360e5c70a016b1f97e,Decoupled,3,0,,,,,,0,0
0.0,2000000,1000,7,4c1d3bb3e7fe4cd901b0488d9b6a3430d4729ce72dda9edd37c22fea0af15a98,7e6bab01e9d6b0298352c3d96c8f671d95a236c9e60e60360e5c70a016b1f97e,Decoupled,4,0,,,,,,0,0
0.0,2000000,1000,11,4c1d3bb3e7fe4cd901b0488d9b6a3430d4729ce72dda9edd37c22fea0af15a98,7e6bab01e9d6b0298352c3d96c8f671d95a236c9e60e60360e5c70a016b1f97e,No-Dq-R,1,0,0.0,0.0,0.0,0,0,0,0
0.0,2000000,1000,11,4c1d3bb3e7fe4cd901b0488d9b6a3430d4729ce72dda9edd37c22fea0af15a98,7e6bab01e9d6b0298352c3d96c8f671d95a236c9e60e60360e5c70a016b1f97e,No-Dq-R,2,0,0.0,0.0,0,0,0,0,0
0.0,2000000,1000,11,4c1d3bb3e7fe4cd901b0488d9b6a3430d4729ce72dda9edd37c22fea0af15a98,7e6bab01e9d6b0298352c3d96c8f671d95a236c9e60e60360e5c70a016b1f97e,No-Dq-R,3,0,0.0,0.0,0,0,0,0,0
0.0,2000000,1000,11,4c1d3bb3e7fe4cd901b0488d9b6a3430d4729ce72dda9edd37c22fea0af15a98,7e6bab01e9d6b0298352c3d96c8f671d95a236c9e60e60360e5c70a016b1f97e,No-Dq-R,4,0,0.0,0.0,0,0,0,0,0
0.0,2000000,1000,11,4c1d3bb3e7fe4cd901b0488d9b6a3430d4729ce72dda9edd37c22fea0af15a98,7e6bab01e9d6b0298352c3d96c8f671d95a236c9e60e60360e5c70a016b1f97e,Fixed-Dc,1,0,0.0,0.0,0.0,0,0,0,0
0.0,2000000,1000,11,4c1d3bb3e7fe4cd901b0488d9b6a3430d4729ce72dda9edd37c22fea0af15a98,7e6bab01e9d6b0298352c3d96c8f671d95a236c9e60e60360e5c70a016b1f97e,Fixed-Dc,2,0,0.0,0.0,0,0,0,0,0
0.0,2000000,1000,11,4c1d3bb3e7fe4cd901b0488d9b6a3430d4729ce72dda9edd37c22fea0af15a98,7e6bab01e9d6b0298352c3d96c8f671d95a236c9e60e60360e5c70a016b1f97e,Fixed-Dc,3,0,0.0,0.0,0,0,0,0,0
0.0,2000000,1000,11,4c1d3bb3e7fe4cd901b0488d9b6a3430d4729ce72dda9edd37c22fea0af15a98,7e6bab01e9d6b0298352c3d96c8f671d95a236c9e60e60360e5c70a016b1f97e,Fixed-Dc,4,0,0.0,0.0,0,0,0,0,0
0.0,2000000,1000,11,4c1d3bb3e7fe4cd901b0488d9b6a3430d4729ce72dda9edd37c22fea0af15a98,7e6bab01e9d6b0298352c3d96c8f671d95a236c9e60e60360e5c70a016b1f97e,Decoupled,1,0,,,,,,0,0
0.0,2000000,1000,11,4c1d3bb3e7fe4cd901b0488d9b6a3430d4729ce72dda9edd37c22fea0af15a98,7e6bab01e9d6b0298352c3d96c8f671d95a236c9e60e60360e5c70a016b1f97e,Decoupled,2,0,,,,,,0,0
0.0,2000000,1000,11,4c1d3bb3e7fe4cd901b0488d9b6a3430d4729ce72dda9edd37c22fea0af15a98,7e6bab01e9d6b0298352c3d96c8f671d95a236c9e60e60360e5c70a016b1f97e,Decoupled,3,0,,,,,,0,0
0.0,2000000,1000,11,4c1d3bb3e7fe4cd901b0488d9b6a3430d4729ce72dda9edd37c22fea0af15a98,7e6bab01e9d6b0298352c3d96c8f671d95a236c9e60e60360e5c70a016b1f97e,Decoupled,4,0,,,,,,0,0
0.0,2000000,1001,7,b689789d6551964a753eef63b95735e6e99711a1fc1d3a53ceb1224d706f7647,7e6bab01e9d6b0298352c3d96c8f671d95a236c9e60e60360e5c70a016b1f97e,No-Dq-R,1,0,0.0,0.0,0.0,0,0,0,0
0.0,2000000,1001,7,b689789d6551964a753eef63b95735e6e99711a1fc1d3a53ceb1224d706f7647,7e6bab01e9d6b0298352c3d96c8f671d95a236c9e60e60360e5c70a016b1f97e,No-Dq-R,2,0,0.0,0.0,0,0,0,0,0
0.0,2000000,1001,7,b689789d6551964a753eef63b95735e6e99711a1fc1d3a53ceb1224d706f7647,7e6bab01e9d6b0298352c3d96c8f671d95a236c9e60e60360e5c70a016b1f97e,No-Dq-R,3,0,0.0,0.0,0,0,0,0,0
0.0,2000000,1001,7,b689789d6551964a753eef63b95735e6e99711a1fc1d3a53ceb1224d706f7647,7e6bab01e9d6b0298352c3d96c8f671d95a236c9e60e60360e5c70a016b1f97e,No-Dq-R,4,0,0.0,0.0,0,0,0,0,0
0.0,2000000,1001,7,b689789d6551964a753eef63b95735e6e99711a1fc1d3a53ceb1224d706f7647,7e6bab01e9d6b0298352c3d96c8f671d95a236c9e60e60360e5c70a016b1f97e,Fixed-Dc,1,0,0.0,0.0,0.0,0,0,0,0
0.0,2000000,1001,7,b689789d6551964a753eef63b95735e6e99711a1fc1d3a53ceb1224d706f7647,7e6bab01e9d6b0298352c3d96c8f671d95a236c9e60e60360e5c70a016b1f97e,Fixed-Dc,2,0,0.0,0.0,0,0,0,0,0
0.0,2000000,1001,7,b689789d6551964a753eef63b95735e6e99711a1fc1d3a53ceb1224d706f7647,7e6bab01e9d6b0298352c3d96c8f671d95a236c9e60e60360e5c70a016b1f97e,Fixed-Dc,3,0,0.0,0.0,0,0,0,0,0
0.0,2000000,1001,7,b689789d6551964a753eef63b95735e6e99711a1fc1d3a53ceb1224d706f7647,7e6bab01e9d6b0298352c3d96c8f671d95a236c9e60e60360e5c70a016b1f97e,Fixed-Dc,4,0,0.0,0.0,0,0,0,0,0
0.0,2000000,1001,7,b689789d6551964a753eef63b95735e6e99711a1fc1d3a53ceb1224d706f7647,7e6bab01e9d6b0298352c3d96c8f671d95a236c9e60e60360e5c70a016b1f97e,Decoupled,1,0,,,,,,0,0
0.0,2000000,1001,7,b689789d6551964a753eef63b95735e6e99711a1fc1d3a53ceb1224d706f7647,7e6bab01e9d6b0298352c3d96c8f671d95a236c9e60e60360e5c70a016b1f97e,Decoupled,2,0,,,,,,0,0
0.0,2000000,1001,7,b689789d6551964a753eef63b95735e6e99711a1fc1d3a53ceb1224d706f7647,7e6bab01e9d6b0298352c3d96c8f671d95a236c9e60e60360e5c70a016b1f97e,Decoupled,3,0,,,,,,0,0
0.0,2000000,1001,7,b689789d6551964a753eef63b95735e6e99711a1fc1d3a53ceb1224d706f7647,7e6bab01e9d6b0298352c3d96c8f671d95a236c9e60e60360e5c70a016b1f97e,Decoupled,4,0,,,,,,0,0
0.0,2000000,1001,11,b689789d6551964a753eef63b95735e6e99711a1fc1d3a53ceb1224d706f7647,7e6bab01e9d6b0298352c3d96c8f671d95a236c9e60e60360e5c70a016b1f97e,No-Dq-R,1,0,0.0,0.0,0.0,0,0,0,0
0.0,2000000,1001,11,b689789d6551964a753eef63b95735e6e99711a1fc1d3a53ceb1224d706f7647,7e6bab01e9d6b0298352c3d96c8f671d95a236c9e60e60360e5c70a016b1f97e,No-Dq-R,2,0,0.0,0.0,0,0,0,0,0
0.0,2000000,1001,11,b689789d6551964a753eef63b95735e6e99711a1fc1d3a53ceb1224d706f7647,7e6bab01e9d6b0298352c3d96c8f671d95a236c9e60e60360e5c70a016b1f97e,No-Dq-R,3,0,0.0,0.0,0,0,0,0,0
0.0,2000000,1001,11,b689789d6551964a753eef63b95735e6e99711a1fc1d3a53ceb1224d706f7647,7e6bab01e9d6b0298352c3d96c8f671d95a236c9e60e60360e5c70a016b1f97e,No-Dq-R,4,0,0.0,0.0,0,0,0,0,0
0.0,2000000,1001,11,b689789d6551964a753eef63b95735e6e99711a1fc1d3a53ceb1224d706f7647,7e6bab01e9d6b0298352c3d96c8f671d95a236c9e60e60360e5c70a016b1f97e,Fixed-Dc,1,0,0.0,0.0,0.0,0,0,0,0
0.0,2000000,1001,11,b689789d6551964a753eef63b95735e6e99711a1fc1d3a53ceb1224d706f7647,7e6bab01e9d6b0298352c3d96c8f671d95a236c9e60e60360e5c70a016b1f97e,Fixed-Dc,2,0,0.0,0.0,0,0,0,0,0
0.0,2000000,1001,11,b689789d6551964a753eef63b95735e6e99711a1fc1d3a53ceb1224d706f7647,7e6bab01e9d6b0298352c3d96c8f671d95a236c9e60e60360e5c70a016b1f97e,Fixed-Dc,3,0,0.0,0.0,0,0,0,0,0
0.0,2000000,1001,11,b689789d6551964a753eef63b95735e6e99711a1fc1d3a53ceb1224d706f7647,7e6bab01e9d6b0298352c3d96c8f671d95a236c9e60e60360e5c70a016b1f97e,Fixed-Dc,4,0,0.0,0.0,0,0,0,0,0
0.0,2000000,1001,11,b689789d6551964a753eef63b95735e6e99711a1fc1d3a53ceb1224d706f7647,7e6bab01e9d6b0298352c3d96c8f671d95a236c9e60e60360e5c70a016b1f97e,Decoupled,1,0,,,,,,0,0
0.0,2000000,1001,11,b689789d6551964a753eef63b95735e6e99711a1fc1d3a53ceb1224d706f7647,7e6bab01e9d6b0298352c3d96c8f671d95a236c9e60e60360e5c70a016b1f97e,Decoupled,2,0,,,,,,0,0
0.0,2000000,1001,11,b689789d6551964a753eef63b95735e6e99711a1fc1d3a53ceb1224d706f7647,7e6bab01e9d6b0298352c3d96c8f671d95a236c9e60e60360e5c70a016b1f97e,Decoupled,3,0,,,,,,0,0
0.0,2000000,1001,11,b689789d6551964a753eef63b95735e6e99711a1fc1d3a53ceb1224d706f7647,7e6bab01e9d6b0298352c3d96c8f671d95a236c9e60e60360e5c70a016b1f97e,Decoupled,4,0,,,,,,0,0
0.0,2000000,1002,7,28c74552067dd0397f205297232c703c6418269b4a42f3e8605cb577952da52f,7e6bab01e9d6b0298352c3d96c8f671d95a236c9e60e60360e5c70a016b1f97e,No-Dq-R,1,0,0.0,0.0,0.0,0,0,0,0
0.0,2000000,1002,7,28c74552067dd0397f205297232c703c6418269b4a42f3e8605cb577952da52f,7e6bab01e9d6b0298352c3d96c8f671d95a236c9e60e60360e5c70a016b1f97e,No-Dq-R,2,0,0.0,0.0,0,0,0,0,0
0.0,2000000,1002,7,28c74552067dd0397f205297232c703c6418269b4a42f3e8605cb577952da52f,7e6bab01e9d6b0298352c3d96c8f671d95a236c9e60e60360e5c70a016b1f97e,No-Dq-R,3,0,0.0,0.0,0,0,0,0,0
0.0,2000000,1002,7,28c74552067dd0397f205297232c703c6418269b4a42f3e8605cb577952da52f,7e6bab01e9d6b0298352c3d96c8f671d95a236c9e60e60360e5c70a016b1f97e,No-Dq-R,4,0,0.0,0.0,0,0,0,0,0
0.0,2000000,1002,7,28c74552067dd0397f205297232c703c6418269b4a42f3e8605cb577952da52f,7e6bab01e9d6b0298352c3d96c8f671d95a236c9e60e60360e5c70a016b1f97e,Fixed-Dc,1,0,0.0,0.0,0.0,0,0,0,0
0.0,2000000,1002,7,28c74552067dd0397f205297232c703c6418269b4a42f3e8605cb577952da52f,7e6bab01e9d6b0298352c3d96c8f671d95a236c9e60e60360e5c70a016b1f97e,Fixed-Dc,2,0,0.0,0.0,0,0,0,0,0
0.0,2000000,1002,7,28c74552067dd0397f205297232c703c6418269b4a42f3e8605cb577952da52f,7e6bab01e9d6b0298352c3d96c8f671d95a236c9e60e60360e5c70a016b1f97e,Fixed-Dc,3,0,0.0,0.0,0,0,0,0,0
0.0,2000000,1002,7,28c74552067dd0397f205297232c703c6418269b4a42f3e8605cb577952da52f,7e6bab01e9d6b0298352c3d96c8f671d95a236c9e60e60360e5c70a016b1f97e,Fixed-Dc,4,0,0.0,0.0,0,0,0,0,0
0.0,2000000,1002,7,28c74552067dd0397f205297232c703c6418269b4a42f3e8605cb577952da52f,7e6bab01e9d6b0298352c3d96c8f671d95a236c9e60e60360e5c70a016b1f97e,Decoupled,1,0,,,,,,0,0
0.0,2000000,1002,7,28c74552067dd0397f205297232c703c6418269b4a42f3e8605cb577952da52f,7e6bab01e9d6b0298352c3d96c8f671d95a236c9e60e60360e5c70a016b1f97e,Decoupled,2,0,,,,,,0,0
0.0,2000000,1002,7,28c74552067dd0397f205297232c703c6418269b4a42f3e8605cb577952da52f,7e6bab01e9d6b0298352c3d96c8f671d95a236c9e60e60360e5c70a016b1f97e,Decoupled,3,0,,,,,,0,0
0.0,2000000,1002,7,28c74552067dd0397f205297232c703c6418269b4a42f3e8605cb577952da52f,7e6bab01e9d6b0298352c3d96c8f671d95a236c9e60e60360e5c70a016b1f97e,Decoupled,4,0,,,,,,0,0
0.0,2000000,1002,11,28c74552067dd0397f205297232c703c6418269b4a42f3e8605cb577952da52f,7e6bab01e9d6b0298352c3d96c8f671d95a236c9e60e60360e5c70a016b1f97e,No-Dq-R,1,0,0.0,0.0,0.0,0,0,0,0
0.0,2000000,1002,11,28c74552067dd0397f205297232c703c6418269b4a42f3e8605cb577952da52f,7e6bab01e9d6b0298352c3d96c8f671d95a236c9e60e60360e5c70a016b1f97e,No-Dq-R,2,0,0.0,0.0,0,0,0,0,0
0.0,2000000,1002,11,28c74552067dd0397f205297232c703c6418269b4a42f3e8605cb577952da52f,7e6bab01e9d6b0298352c3d96c8f671d95a236c9e60e60360e5c70a016b1f97e,No-Dq-R,3,0,0.0,0.0,0,0,0,0,0
0.0,2000000,1002,11,28c74552067dd0397f205297232c703c6418269b4a42f3e8605cb577952da52f,7e6bab01e9d6b0298352c3d96c8f671d95a236c9e60e60360e5c70a016b1f97e,No-Dq-R,4,0,0.0,0.0,0,0,0,0,0
0.0,2000000,1002,11,28c74552067dd0397f205297232c703c6418269b4a42f3e8605cb577952da52f,7e6bab01e9d6b0298352c3d96c8f671d95a236c9e60e60360e5c70a016b1f97e,Fixed-Dc,1,0,0.0,0.0,0.0,0,0,0,0
0.0,2000000,1002,11,28c74552067dd0397f205297232c703c6418269b4a42f3e8605cb577952da52f,7e6bab01e9d6b0298352c3d96c8f671d95a236c9e60e60360e5c70a016b1f97e,Fixed-Dc,2,0,0.0,0.0,0,0,0,0,0
0.0,2000000,1002,11,28c74552067dd0397f205297232c703c6418269b4a42f3e8605cb577952da52f,7e6bab01e9d6b0298352c3d96c8f671d95a236c9e60e60360e5c70a016b1f97e,Fixed-Dc,3,0,0.0,0.0,0,0,0,0,0
0.0,2000000,1002,11,28c74552067dd0397f205297232c703c6418269b4a42f3e8605cb577952da52f,7e6bab01e9d6b0298352c3d96c8f671d95a236c9e60e60360e5c70a016b1f97e,Fixed-Dc,4,0,0.0,0.0,0,0,0,0,0
0.0,2000000,1002,11,28c74552067dd0397f205297232c703c6418269b4a42f3e8605cb577952da52f,7e6bab01e9d6b0298352c3d96c8f671d95a236c9e60e60360e5c70a016b1f97e,Decoupled,1,0,,,,,,0,0
0.0,2000000,1002,11,28c74552067dd0397f205297232c703c6418269b4a42f3e8605cb577952da52f,7e6bab01e9d6b0298352c3d96c8f671d95a236c9e60e60360e5c70a016b1f97e,Decoupled,2,0,,,,,,0,0
0.0,2000000,1002,11,28c74552067dd0397f205297232c703c6418269b4a42f3e8605cb577952da52f,7e6bab01e9d6b0298352c3d96c8f671d95a236c9e60e60360e5c70a016b1f97e,Decoupled,3,0,,,,,,0,0
0.0,2000000,1002,11,28c74552067dd0397f205297232c703c6418269b4a42f3e8605cb577952da52f,7e6bab01e9d6b0298352c3d96c8f671d95a236c9e60e60360e5c70a016b1f97e,Decoupled,4,0,,,,,,0,0
0.0,2000000,1003,7,278e99940f35dd017afd1956f020ba5ca7600f3a989e0cdb2b2dbecdf6115f82,7e6bab01e9d6b0298352c3d96c8f671d95a236c9e60e60360e5c70a016b1f97e,No-Dq-R,1,0,0.0,0.0,0.0,0,0,0,0
0.0,2000000,1003,7,278e99940f35dd017afd1956f020ba5ca7600f3a989e0cdb2b2dbecdf6115f82,7e6bab01e9d6b0298352c3d96c8f671d95a236c9e60e60360e5c70a016b1f97e,No-Dq-R,2,0,0.0,0.0,0,0,0,0,0
0.0,2000000,1003,7,278e99940f35dd017afd1956f020ba5ca7600f3a989e0cdb2b2dbecdf6115f82,7e6bab01e9d6b0298352c3d96c8f671d95a236c9e60e60360e5c70a016b1f97e,No-Dq-R,3,0,0.0,0.0,0,0,0,0,0
0.0,2000000,1003,7,278e99940f35dd017afd1956f020ba5ca7600f3a989e0cdb2b2dbecdf6115f82,7e6bab01e9d6b0298352c3d96c8f671d95a236c9e60e60360e5c70a016b1f97e,No-Dq-R,4,0,0.0,0.0,0,0,0,0,0
0.0,2000000,1003,7,278e99940f35dd017afd1956f020ba5ca7600f3a989e0cdb2b2dbecdf6115f82,7e6bab01e9d6b0298352c3d96c8f671d95a236c9e60e60360e5c70a016b1f97e,Fixed-Dc,1,0,0.0,0.0,0.0,0,0,0,0
0.0,2000000,1003,7,278e99940f35dd017afd1956f020ba5ca7600f3a989e0cdb2b2dbecdf6115f82,7e6bab01e9d6b0298352c3d96c8f671d95a236c9e60e60360e5c70a016b1f97e,Fixed-Dc,2,0,0.0,0.0,0,0,0,0,0
0.0,2000000,1003,7,278e99940f35dd017afd1956f020ba5ca7600f3a989e0cdb2b2dbecdf6115f82,7e6bab01e9d6b0298352c3d96c8f671d95a236c9e60e60360e5c70a016b1f97e,Fixed-Dc,3,0,0.0,0.0,0,0,0,0,0
0.0,2000000,1003,7,278e99940f35dd017afd1956f020ba5ca7600f3a989e0cdb2b2dbecdf6115f82,7e6bab01e9d6b0298352c3d96c8f671d95a236c9e60e60360e5c70a016b1f97e,Fixed-Dc,4,0,0.0,0.0,0,0,0,0,0
0.0,2000000,1003,7,278e99940f35dd017afd1956f020ba5ca7600f3a989e0cdb2b2dbecdf6115f82,7e6bab01e9d6b0298352c3d96c8f671d95a236c9e60e60360e5c70a016b1f97e,Decoupled,1,0,,,,,,0,0
0.0,2000000,1003,7,278e99940f35dd017afd1956f020ba5ca7600f3a989e0cdb2b2dbecdf6115f82,7e6bab01e9d6b0298352c3d96c8f671d95a236c9e60e60360e5c70a016b1f97e,Decoupled,2,0,,,,,,0,0
0.0,2000000,1003,7,278e99940f35dd017afd1956f020ba5ca7600f3a989e0cdb2b2dbecdf6115f82,7e6bab01e9d6b0298352c3d96c8f671d95a236c9e60e60360e5c70a016b1f97e,Decoupled,3,0,,,,,,0,0
0.0,2000000,1003,7,278e99940f35dd017afd1956f020ba5ca7600f3a989e0cdb2b2dbecdf6115f82,7e6bab01e9d6b0298352c3d96c8f671d95a236c9e60e60360e5c70a016b1f97e,Decoupled,4,0,,,,,,0,0
0.0,2000000,1003,11,278e99940f35dd017afd1956f020ba5ca7600f3a989e0cdb2b2dbecdf6115f82,7e6bab01e9d6b0298352c3d96c8f671d95a236c9e60e60360e5c70a016b1f97e,No-Dq-R,1,0,0.0,0.0,0.0,0,0,0,0
0.0,2000000,1003,11,278e99940f35dd017afd1956f020ba5ca7600f3a989e0cdb2b2dbecdf6115f82,7e6bab01e9d6b0298352c3d96c8f671d95a236c9e60e60360e5c70a016b1f97e,No-Dq-R,2,0,0.0,0.0,0,0,0,0,0
0.0,2000000,1003,11,278e99940f35dd017afd1956f020ba5ca7600f3a989e0cdb2b2dbecdf6115f82,7e6bab01e9d6b0298352c3d96c8f671d95a236c9e60e60360e5c70a016b1f97e,No-Dq-R,3,0,0.0,0.0,0,0,0,0,0
0.0,2000000,1003,11,278e99940f35dd017afd1956f020ba5ca7600f3a989e0cdb2b2dbecdf6115f82,7e6bab01e9d6b0298352c3d96c8f671d95a236c9e60e60360e5c70a016b1f97e,No-Dq-R,4,0,0.0,0.0,0,0,0,0,0
0.0,2000000,1003,11,278e99940f35dd017afd1956f020ba5ca7600f3a989e0cdb2b2dbecdf6115f82,7e6bab01e9d6b0298352c3d96c8f671d95a236c9e60e60360e5c70a016b1f97e,Fixed-Dc,1,0,0.0,0.0,0.0,0,0,0,0
0.0,2000000,1003,11,278e99940f35dd017afd1956f020ba5ca7600f3a989e0cdb2b2dbecdf6115f82,7e6bab01e9d6b0298352c3d96c8f671d95a236c9e60e60360e5c70a016b1f97e,Fixed-Dc,2,0,0.0,0.0,0,0,0,0,0
0.0,2000000,1003,11,278e99940f35dd017afd1956f020ba5ca7600f3a989e0cdb2b2dbecdf6115f82,7e6bab01e9d6b0298352c3d96c8f671d95a236c9e60e60360e5c70a016b1f97e,Fixed-Dc,3,0,0.0,0.0,0,0,0,0,0
0.0,2000000,1003,11,278e99940f35dd017afd1956f020ba5ca7600f3a989e0cdb2b2dbecdf6115f82,7e6bab01e9d6b0298352c3d96c8f671d95a236c9e60e60360e5c70a016b1f97e,Fixed-Dc,4,0,0.0,0.0,0,0,0,0,0
0.0,2000000,1003,11,278e99940f35dd017afd1956f020ba5ca7600f3a989e0cdb2b2dbecdf6115f82,7e6bab01e9d6b0298352c3d96c8f671d95a236c9e60e60360e5c70a016b1f97e,Decoupled,1,0,,,,,,0,0
0.0,2000000,1003,11,278e99940f35dd017afd1956f020ba5ca7600f3a989e0cdb2b2dbecdf6115f82,7e6bab01e9d6b0298352c3d96c8f671d95a236c9e60e60360e5c70a016b1f97e,Decoupled,2,0,,,,,,0,0
0.0,2000000,1003,11,278e99940f35dd017afd1956f020ba5ca7600f3a989e0cdb2b2dbecdf6115f82,7e6bab01e9d6b0298352c3d96c8f671d95a236c9e60e60360e5c70a016b1f97e,Decoupled,3,0,,,,,,0,0
0.0,2000000,1003,11,278e99940f35dd017afd1956f020ba5ca7600f3a989e0cdb2b2dbecdf6115f82,7e6bab01e9d6b0298352c3d96c8f671d95a236c9e60e60360e5c70a016b1f97e,Decoupled,4,0,,,,,,0,0
0.0,2000000,1004,7,695ec116eba784360e25e69325c23c06ba584f34438221264bedb2aa46d8bba6,7e6bab01e9d6b0298352c3d96c8f671d95a236c9e60e60360e5c70a016b1f97e,No-Dq-R,1,0,0.0,0.0,0.0,0,0,0,0
0.0,2000000,1004,7,695ec116eba784360e25e69325c23c06ba584f34438221264bedb2aa46d8bba6,7e6bab01e9d6b0298352c3d96c8f671d95a236c9e60e60360e5c70a016b1f97e,No-Dq-R,2,0,0.0,0.0,0,0,0,0,0
0.0,2000000,1004,7,695ec116eba784360e25e69325c23c06ba584f34438221264bedb2aa46d8bba6,7e6bab01e9d6b0298352c3d96c8f671d95a236c9e60e60360e5c70a016b1f97e,No-Dq-R,3,0,0.0,0.0,0,0,0,0,0
0.0,2000000,1004,7,695ec116eba784360e25e69325c23c06ba584f34438221264bedb2aa46d8bba6,7e6bab01e9d6b0298352c3d96c8f671d95a236c9e60e60360e5c70a016b1f97e,No-Dq-R,4,0,0.0,0.0,0,0,0,0,0
0.0,2000000,1004,7,695ec116eba784360e25e69325c23c06ba584f34438221264bedb2aa46d8bba6,7e6bab01e9d6b0298352c3d96c8f671d95a236c9e60e60360e5c70a016b1f97e,Fixed-Dc,1,0,0.0,0.0,0.0,0,0,0,0
0.0,2000000,1004,7,695ec116eba784360e25e69325c23c06ba584f34438221264bedb2aa46d8bba6,7e6bab01e9d6b0298352c3d96c8f671d95a236c9e60e60360e5c70a016b1f97e,Fixed-Dc,2,0,0.0,0.0,0,0,0,0,0
0.0,2000000,1004,7,695ec116eba784360e25e69325c23c06ba584f34438221264bedb2aa46d8bba6,7e6bab01e9d6b0298352c3d96c8f671d95a236c9e60e60360e5c70a016b1f97e,Fixed-Dc,3,0,0.0,0.0,0,0,0,0,0
0.0,2000000,1004,7,695ec116eba784360e25e69325c23c06ba584f34438221264bedb2aa46d8bba6,7e6bab01e9d6b0298352c3d96c8f671d95a236c9e60e60360e5c70a016b1f97e,Fixed-Dc,4,0,0.0,0.0,0,0,0,0,0
0.0,2000000,1004,7,695ec116eba784360e25e69325c23c06ba584f34438221264bedb2aa46d8bba6,7e6bab01e9d6b0298352c3d96c8f671d95a236c9e60e60360e5c70a016b1f97e,Decoupled,1,0,,,,,,0,0
0.0,2000000,1004,7,695ec116eba784360e25e69325c23c06ba584f34438221264bedb2aa46d8bba6,7e6bab01e9d6b0298352c3d96c8f671d95a236c9e60e60360e5c70a016b1f97e,Decoupled,2,0,,,,,,0,0
0.0,2000000,1004,7,695ec116eba784360e25e69325c23c06ba584f34438221264bedb2aa46d8bba6,7e6bab01e9d6b0298352c3d96c8f671d95a236c9e60e60360e5c70a016b1f97e,Decoupled,3,0,,,,,,0,0
0.0,2000000,1004,7,695ec116eba784360e25e69325c23c06ba584f34438221264bedb2aa46d8bba6,7e6bab01e9d6b0298352c3d96c8f671d95a236c9e60e60360e5c70a016b1f97e,Decoupled,4,0,,,,,,0,0
0.0,2000000,1004,11,695ec116eba784360e25e69325c23c06ba584f34438221264bedb2aa46d8bba6,7e6bab01e9d6b0298352c3d96c8f671d95a236c9e60e60360e5c70a016b1f97e,No-Dq-R,1,0,0.0,0.0,0.0,0,0,0,0
0.0,2000000,1004,11,695ec116eba784360e25e69325c23c06ba584f34438221264bedb2aa46d8bba6,7e6bab01e9d6b0298352c3d96c8f671d95a236c9e60e60360e5c70a016b1f97e,No-Dq-R,2,0,0.0,0.0,0,0,0,0,0
0.0,2000000,1004,11,695ec116eba784360e25e69325c23c06ba584f34438221264bedb2aa46d8bba6,7e6bab01e9d6b0298352c3d96c8f671d95a236c9e60e60360e5c70a016b1f97e,No-Dq-R,3,0,0.0,0.0,0,0,0,0,0
0.0,2000000,1004,11,695ec116eba784360e25e69325c23c06ba584f34438221264bedb2aa46d8bba6,7e6bab01e9d6b0298352c3d96c8f671d95a236c9e60e60360e5c70a016b1f97e,No-Dq-R,4,0,0.0,0.0,0,0,0,0,0
0.0,2000000,1004,11,695ec116eba784360e25e69325c23c06ba584f34438221264bedb2aa46d8bba6,7e6bab01e9d6b0298352c3d96c8f671d95a236c9e60e60360e5c70a016b1f97e,Fixed-Dc,1,0,0.0,0.0,0.0,0,0,0,0
0.0,2000000,1004,11,695ec116eba784360e25e69325c23c06ba584f34438221264bedb2aa46d8bba6,7e6bab01e9d6b0298352c3d96c8f671d95a236c9e60e60360e5c70a016b1f97e,Fixed-Dc,2,0,0.0,0.0,0,0,0,0,0
0.0,2000000,1004,11,695ec116eba784360e25e69325c23c06ba584f34438221264bedb2aa46d8bba6,7e6bab01e9d6b0298352c3d96c8f671d95a236c9e60e60360e5c70a016b1f97e,Fixed-Dc,3,0,0.0,0.0,0,0,0,0,0
0.0,2000000,1004,11,695ec116eba784360e25e69325c23c06ba584f34438221264bedb2aa46d8bba6,7e6bab01e9d6b0298352c3d96c8f671d95a236c9e60e60360e5c70a016b1f97e,Fixed-Dc,4,0,0.0,0.0,0,0,0,0,0
0.0,2000000,1004,11,695ec116eba784360e25e69325c23c06ba584f34438221264bedb2aa46d8bba6,7e6bab01e9d6b0298352c3d96c8f671d95a236c9e60e60360e5c70a016b1f97e,Decoupled,1,0,,,,,,0,0
0.0,2000000,1004,11,695ec116eba784360e25e69325c23c06ba584f34438221264bedb2aa46d8bba6,7e6bab01e9d6b0298352c3d96c8f671d95a236c9e60e60360e5c70a016b1f97e,Decoupled,2,0,,,,,,0,0
0.0,2000000,1004,11,695ec116eba784360e25e69325c23c06ba584f34438221264bedb2aa46d8bba6,7e6bab01e9d6b0298352c3d96c8f671d95a236c9e60e60360e5c70a016b1f97e,Decoupled,3,0,,,,,,0,0
0.0,2000000,1004,11,695ec116eba784360e25e69325c23c06ba584f34438221264bedb2aa46d8bba6,7e6bab01e9d6b0298352c3d96c8f671d95a236c9e60e60360e5c70a016b1f97e,Decoupled,4,0,,,,,,0,0
0.0,2000000,1005,7,2fe5933a8cdb9283fb1d4fc942200de97911f76304c52225c6bd5e9217ee8f73,7e6bab01e9d6b0298352c3d96c8f671d95a236c9e60e60360e5c70a016b1f97e,No-Dq-R,1,0,0.0,0.0,0.0,0,0,0,0
0.0,2000000,1005,7,2fe5933a8cdb9283fb1d4fc942200de97911f76304c52225c6bd5e9217ee8f73,7e6bab01e9d6b0298352c3d96c8f671d95a236c9e60e60360e5c70a016b1f97e,No-Dq-R,2,0,0.0,0.0,0,0,0,0,0
0.0,2000000,1005,7,2fe5933a8cdb9283fb1d4fc942200de97911f76304c52225c6bd5e9217ee8f73,7e6bab01e9d6b0298352c3d96c8f671d95a236c9e60e60360e5c70a016b1f97e,No-Dq-R,3,0,0.0,0.0,0,0,0,0,0
0.0,2000000,1005,7,2fe5933a8cdb9283fb1d4fc942200de97911f76304c52225c6bd5e9217ee8f73,7e6bab01e9d6b0298352c3d96c8f671d95a236c9e60e60360e5c70a016b1f97e,No-Dq-R,4,0,0.0,0.0,0,0,0,0,0
0.0,2000000,1005,7,2fe5933a8cdb9283fb1d4fc942200de97911f76304c52225c6bd5e9217ee8f73,7e6bab01e9d6b0298352c3d96c8f671d95a236c9e60e60360e5c70a016b1f97e,Fixed-Dc,1,0,0.0,0.0,0.0,0,0,0,0
0.0,2000000,1005,7,2fe5933a8cdb9283fb1d4fc942200de97911f76304c52225c6bd5e9217ee8f73,7e6bab01e9d6b0298352c3d96c8f671d95a236c9e60e60360e5c70a016b1f97e,Fixed-Dc,2,0,0.0,0.0,0,0,0,0,0
0.0,2000000,1005,7,2fe5933a8cdb9283fb1d4fc942200de97911f76304c52225c6bd5e9217ee8f73,7e6bab01e9d6b0298352c3d96c8f671d95a236c9e60e60360e5c70a016b1f97e,Fixed-Dc,3,0,0.0,0.0,0,0,0,0,0
0.0,2000000,1005,7,2fe5933a8cdb9283fb1d4fc942200de97911f76304c52225c6bd5e9217ee8f73,7e6bab01e9d6b0298352c3d96c8f671d95a236c9e60e60360e5c70a016b1f97e,Fixed-Dc,4,0,0.0,0.0,0,0,0,0,0
0.0,2000000,1005,7,2fe5933a8cdb9283fb1d4fc942200de97911f76304c52225c6bd5e9217ee8f73,7e6bab01e9d6b0298352c3d96c8f671d95a236c9e60e60360e5c70a016b1f97e,Decoupled,1,0,,,,,,0,0
0.0,2000000,1005,7,2fe5933a8cdb9283fb1d4fc942200de97911f76304c52225c6bd5e9217ee8f73,7e6bab01e9d6b0298352c3d96c8f671d95a236c9e60e60360e5c70a016b1f97e,Decoupled,2,0,,,,,,0,0
0.0,2000000,1005,7,2fe5933a8cdb9283fb1d4fc942200de97911f76304c52225c6bd5e9217ee8f73,7e6bab01e9d6b0298352c3d96c8f671d95a236c9e60e60360e5c70a016b1f97e,Decoupled,3,0,,,,,,0,0
0.0,2000000,1005,7,2fe5933a8cdb9283fb1d4fc942200de97911f76304c52225c6bd5e9217ee8f73,7e6bab01e9d6b0298352c3d96c8f671d95a236c9e60e60360e5c70a016b1f97e,Decoupled,4,0,,,,,,0,0
0.0,2000000,1005,11,2fe5933a8cdb9283fb1d4fc942200de97911f76304c52225c6bd5e9217ee8f73,7e6bab01e9d6b0298352c3d96c8f671d95a236c9e60e60360e5c70a016b1f97e,No-Dq-R,1,0,0.0,0.0,0.0,0,0,0,0
0.0,2000000,1005,11,2fe5933a8cdb9283fb1d4fc942200de97911f76304c52225c6bd5e9217ee8f73,7e6bab01e9d6b0298352c3d96c8f671d95a236c9e60e60360e5c70a016b1f97e,No-Dq-R,2,0,0.0,0.0,0,0,0,0,0
0.0,2000000,1005,11,2fe5933a8cdb9283fb1d4fc942200de97911f76304c52225c6bd5e9217ee8f73,7e6bab01e9d6b0298352c3d96c8f671d95a236c9e60e60360e5c70a016b1f97e,No-Dq-R,3,0,0.0,0.0,0,0,0,0,0
0.0,2000000,1005,11,2fe5933a8cdb9283fb1d4fc942200de97911f76304c52225c6bd5e9217ee8f73,7e6bab01e9d6b0298352c3d96c8f671d95a236c9e60e60360e5c70a016b1f97e,No-Dq-R,4,0,0.0,0.0,0,0,0,0,0
0.0,2000000,1005,11,2fe5933a8cdb9283fb1d4fc942200de97911f76304c52225c6bd5e9217ee8f73,7e6bab01e9d6b0298352c3d96c8f671d95a236c9e60e60360e5c70a016b1f97e,Fixed-Dc,1,0,0.0,0.0,0.0,0,0,0,0
0.0,2000000,1005,11,2fe5933a8cdb9283fb1d4fc942200de97911f76304c52225c6bd5e9217ee8f73,7e6bab01e9d6b0298352c3d96c8f671d95a236c9e60e60360e5c70a016b1f97e,Fixed-Dc,2,0,0.0,0.0,0,0,0,0,0
0.0,2000000,1005,11,2fe5933a8cdb9283fb1d4fc942200de97911f76304c52225c6bd5e9217ee8f73,7e6bab01e9d6b0298352c3d96c8f671d95a236c9e60e60360e5c70a016b1f97e,Fixed-Dc,3,0,0.0,0.0,0,0,0,0,0
0.0,2000000,1005,11,2fe5933a8cdb9283fb1d4fc942200de97911f76304c52225c6bd5e9217ee8f73,7e6bab01e9d6b0298352c3d96c8f671d95a236c9e60e60360e5c70a016b1f97e,Fixed-Dc,4,0,0.0,0.0,0,0,0,0,0
0.0,2000000,1005,11,2fe5933a8cdb9283fb1d4fc942200de97911f76304c52225c6bd5e9217ee8f73,7e6bab01e9d6b0298352c3d96c8f671d95a236c9e60e60360e5c70a016b1f97e,Decoupled,1,0,,,,,,0,0
0.0,2000000,1005,11,2fe5933a8cdb9283fb1d4fc942200de97911f76304c52225c6bd5e9217ee8f73,7e6bab01e9d6b0298352c3d96c8f671d95a236c9e60e60360e5c70a016b1f97e,Decoupled,2,0,,,,,,0,0
0.0,2000000,1005,11,2fe5933a8cdb9283fb1d4fc942200de97911f76304c52225c6bd5e9217ee8f73,7e6bab01e9d6b0298352c3d96c8f671d95a236c9e60e60360e5c70a016b1f97e,Decoupled,3,0,,,,,,0,0
0.0,2000000,1005,11,2fe5933a8cdb9283fb1d4fc942200de97911f76304c52225c6bd5e9217ee8f73,7e6bab01e9d6b0298352c3d96c8f671d95a236c9e60e60360e5c70a016b1f97e,Decoupled,4,0,,,,,,0,0
0.0,2000000,1006,7,1debc9cf3aee978d0da806c40f76cbfd997f3f997cba29fe34dd7886ded435e7,7e6bab01e9d6b0298352c3d96c8f671d95a236c9e60e60360e5c70a016b1f97e,No-Dq-R,1,0,0.0,0.0,0.0,0,0,0,0
0.0,2000000,1006,7,1debc9cf3aee978d0da806c40f76cbfd997f3f997cba29fe34dd7886ded435e7,7e6bab01e9d6b0298352c3d96c8f671d95a236c9e60e60360e5c70a016b1f97e,No-Dq-R,2,0,0.0,0.0,0,0,0,0,0
0.0,2000000,1006,7,1debc9cf3aee978d0da806c40f76cbfd997f3f997cba29fe34dd7886ded435e7,7e6bab01e9d6b0298352c3d96c8f671d95a236c9e60e60360e5c70a016b1f97e,No-Dq-R,3,0,0.0,0.0,0,0,0,0,0
0.0,2000000,1006,7,1debc9cf3aee978d0da806c40f76cbfd997f3f997cba29fe34dd7886ded435e7,7e6bab01e9d6b0298352c3d96c8f671d95a236c9e60e60360e5c70a016b1f97e,No-Dq-R,4,0,0.0,0.0,0,0,0,0,0
0.0,2000000,1006,7,1debc9cf3aee978d0da806c40f76cbfd997f3f997cba29fe34dd7886ded435e7,7e6bab01e9d6b0298352c3d96c8f671d95a236c9e60e60360e5c70a016b1f97e,Fixed-Dc,1,0,0.0,0.0,0.0,0,0,0,0
0.0,2000000,1006,7,1debc9cf3aee978d0da806c40f76cbfd997f3f997cba29fe34dd7886ded435e7,7e6bab01e9d6b0298352c3d96c8f671d95a236c9e60e60360e5c70a016b1f97e,Fixed-Dc,2,0,0.0,0.0,0,0,0,0,0
0.0,2000000,1006,7,1debc9cf3aee978d0da806c40f76cbfd997f3f997cba29fe34dd7886ded435e7,7e6bab01e9d6b0298352c3d96c8f671d95a236c9e60e60360e5c70a016b1f97e,Fixed-Dc,3,0,0.0,0.0,0,0,0,0,0
0.0,2000000,1006,7,1debc9cf3aee978d0da806c40f76cbfd997f3f997cba29fe34dd7886ded435e7,7e6bab01e9d6b0298352c3d96c8f671d95a236c9e60e60360e5c70a016b1f97e,Fixed-Dc,4,0,0.0,0.0,0,0,0,0,0
0.0,2000000,1006,7,1debc9cf3aee978d0da806c40f76cbfd997f3f997cba29fe34dd7886ded435e7,7e6bab01e9d6b0298352c3d96c8f671d95a236c9e60e60360e5c70a016b1f97e,Decoupled,1,0,,,,,,0,0
0.0,2000000,1006,7,1debc9cf3aee978d0da806c40f76cbfd997f3f997cba29fe34dd7886ded435e7,7e6bab01e9d6b0298352c3d96c8f671d95a236c9e60e60360e5c70a016b1f97e,Decoupled,2,0,,,,,,0,0
0.0,2000000,1006,7,1debc9cf3aee978d0da806c40f76cbfd997f3f997cba29fe34dd7886ded435e7,7e6bab01e9d6b0298352c3d96c8f671d95a236c9e60e60360e5c70a016b1f97e,Decoupled,3,0,,,,,,0,0
0.0,2000000,1006,7,1debc9cf3aee978d0da806c40f76cbfd997f3f997cba29fe34dd7886ded435e7,7e6bab01e9d6b0298352c3d96c8f671d95a236c9e60e60360e5c70a016b1f97e,Decoupled,4,0,,,,,,0,0
0.0,2000000,1006,11,1debc9cf3aee978d0da806c40f76cbfd997f3f997cba29fe34dd7886ded435e7,7e6bab01e9d6b0298352c3d96c8f671d95a236c9e60e60360e5c70a016b1f97e,No-Dq-R,1,0,0.0,0.0,0.0,0,0,0,0
0.0,2000000,1006,11,1debc9cf3aee978d0da806c40f76cbfd997f3f997cba29fe34dd7886ded435e7,7e6bab01e9d6b0298352c3d96c8f671d95a236c9e60e60360e5c70a016b1f97e,No-Dq-R,2,0,0.0,0.0,0,0,0,0,0
0.0,2000000,1006,11,1debc9cf3aee978d0da806c40f76cbfd997f3f997cba29fe34dd7886ded435e7,7e6bab01e9d6b0298352c3d96c8f671d95a236c9e60e60360e5c70a016b1f97e,No-Dq-R,3,0,0.0,0.0,0,0,0,0,0
0.0,2000000,1006,11,1debc9cf3aee978d0da806c40f76cbfd997f3f997cba29fe34dd7886ded435e7,7e6bab01e9d6b0298352c3d96c8f671d95a236c9e60e60360e5c70a016b1f97e,No-Dq-R,4,0,0.0,0.0,0,0,0,0,0
0.0,2000000,1006,11,1debc9cf3aee978d0da806c40f76cbfd997f3f997cba29fe34dd7886ded435e7,7e6bab01e9d6b0298352c3d96c8f671d95a236c9e60e60360e5c70a016b1f97e,Fixed-Dc,1,0,0.0,0.0,0.0,0,0,0,0
0.0,2000000,1006,11,1debc9cf3aee978d0da806c40f76cbfd997f3f997cba29fe34dd7886ded435e7,7e6bab01e9d6b0298352c3d96c8f671d95a236c9e60e60360e5c70a016b1f97e,Fixed-Dc,2,0,0.0,0.0,0,0,0,0,0
0.0,2000000,1006,11,1debc9cf3aee978d0da806c40f76cbfd997f3f997cba29fe34dd7886ded435e7,7e6bab01e9d6b0298352c3d96c8f671d95a236c9e60e60360e5c70a016b1f97e,Fixed-Dc,3,0,0.0,0.0,0,0,0,0,0
0.0,2000000,1006,11,1debc9cf3aee978d0da806c40f76cbfd997f3f997cba29fe34dd7886ded435e7,7e6bab01e9d6b0298352c3d96c8f671d95a236c9e60e60360e5c70a016b1f97e,Fixed-Dc,4,0,0.0,0.0,0,0,0,0,0
0.0,2000000,1006,11,1debc9cf3aee978d0da806c40f76cbfd997f3f997cba29fe34dd7886ded435e7,7e6bab01e9d6b0298352c3d96c8f671d95a236c9e60e60360e5c70a016b1f97e,Decoupled,1,0,,,,,,0,0
0.0,2000000,1006,11,1debc9cf3aee978d0da806c40f76cbfd997f3f997cba29fe34dd7886ded435e7,7e6bab01e9d6b0298352c3d96c8f671d95a236c9e60e60360e5c70a016b1f97e,Decoupled,2,0,,,,,,0,0
0.0,2000000,1006,11,1debc9cf3aee978d0da806c40f76cbfd997f3f997cba29fe34dd7886ded435e7,7e6bab01e9d6b0298352c3d96c8f671d95a236c9e60e60360e5c70a016b1f97e,Decoupled,3,0,,,,,,0,0
0.0,2000000,1006,11,1debc9cf3aee978d0da806c40f76cbfd997f3f997cba29fe34dd7886ded435e7,7e6bab01e9d6b0298352c3d96c8f671d95a236c9e60e60360e5c70a016b1f97e,Decoupled,4,0,,,,,,0,0
0.0,2000000,1007,7,38461e8036af6b8e8a23609ed692825e60fd2743f34b468e8fd13df270939a96,7e6bab01e9d6b0298352c3d96c8f671d95a236c9e60e60360e5c70a016b1f97e,No-Dq-R,1,0,0.0,0.0,0.0,0,0,0,0
0.0,2000000,1007,7,38461e8036af6b8e8a23609ed692825e60fd2743f34b468e8fd13df270939a96,7e6bab01e9d6b0298352c3d96c8f671d95a236c9e60e60360e5c70a016b1f97e,No-Dq-R,2,0,0.0,0.0,0,0,0,0,0
0.0,2000000,1007,7,38461e8036af6b8e8a23609ed692825e60fd2743f34b468e8fd13df270939a96,7e6bab01e9d6b0298352c3d96c8f671d95a236c9e60e60360e5c70a016b1f97e,No-Dq-R,3,0,0.0,0.0,0,0,0,0,0
0.0,2000000,1007,7,38461e8036af6b8e8a23609ed692825e60fd2743f34b468e8fd13df270939a96,7e6bab01e9d6b0298352c3d96c8f671d95a236c9e60e60360e5c70a016b1f97e,No-Dq-R,4,0,0.0,0.0,0,0,0,0,0
0.0,2000000,1007,7,38461e8036af6b8e8a23609ed692825e60fd2743f34b468e8fd13df270939a96,7e6bab01e9d6b0298352c3d96c8f671d95a236c9e60e60360e5c70a016b1f97e,Fixed-Dc,1,0,0.0,0.0,0.0,0,0,0,0
0.0,2000000,1007,7,38461e8036af6b8e8a23609ed692825e60fd2743f34b468e8fd13df270939a96,7e6bab01e9d6b0298352c3d96c8f671d95a236c9e60e60360e5c70a016b1f97e,Fixed-Dc,2,0,0.0,0.0,0,0,0,0,0
0.0,2000000,1007,7,38461e8036af6b8e8a23609ed692825e60fd2743f34b468e8fd13df270939a96,7e6bab01e9d6b0298352c3d96c8f671d95a236c9e60e60360e5c70a016b1f97e,Fixed-Dc,3,0,0.0,0.0,0,0,0,0,0
0.0,2000000,1007,7,38461e8036af6b8e8a23609ed692825e60fd2743f34b468e8fd13df270939a96,7e6bab01e9d6b0298352c3d96c8f671d95a236c9e60e60360e5c70a016b1f97e,Fixed-Dc,4,0,0.0,0.0,0,0,0,0,0
0.0,2000000,1007,7,38461e8036af6b8e8a23609ed692825e60fd2743f34b468e8fd13df270939a96,7e6bab01e9d6b0298352c3d96c8f671d95a236c9e60e60360e5c70a016b1f97e,Decoupled,1,0,,,,,,0,0
0.0,2000000,1007,7,38461e8036af6b8e8a23609ed692825e60fd2743f34b468e8fd13df270939a96,7e6bab01e9d6b0298352c3d96c8f671d95a236c9e60e60360e5c70a016b1f97e,Decoupled,2,0,,,,,,0,0
0.0,2000000,1007,7,38461e8036af6b8e8a23609ed692825e60fd2743f34b468e8fd13df270939a96,7e6bab01e9d6b0298352c3d96c8f671d95a236c9e60e60360e5c70a016b1f97e,Decoupled,3,0,,,,,,0,0
0.0,2000000,1007,7,38461e8036af6b8e8a23609ed692825e60fd2743f34b468e8fd13df270939a96,7e6bab01e9d6b0298352c3d96c8f671d95a236c9e60e60360e5c70a016b1f97e,Decoupled,4,0,,,,,,0,0
0.0,2000000,1007,11,38461e8036af6b8e8a23609ed692825e60fd2743f34b468e8fd13df270939a96,7e6bab01e9d6b0298352c3d96c8f671d95a236c9e60e60360e5c70a016b1f97e,No-Dq-R,1,0,0.0,0.0,0.0,0,0,0,0
0.0,2000000,1007,11,38461e8036af6b8e8a23609ed692825e60fd2743f34b468e8fd13df270939a96,7e6bab01e9d6b0298352c3d96c8f671d95a236c9e60e60360e5c70a016b1f97e,No-Dq-R,2,0,0.0,0.0,0,0,0,0,0
0.0,2000000,1007,11,38461e8036af6b8e8a23609ed692825e60fd2743f34b468e8fd13df270939a96,7e6bab01e9d6b0298352c3d96c8f671d95a236c9e60e60360e5c70a016b1f97e,No-Dq-R,3,0,0.0,0.0,0,0,0,0,0
0.0,2000000,1007,11,38461e8036af6b8e8a23609ed692825e60fd2743f34b468e8fd13df270939a96,7e6bab01e9d6b0298352c3d96c8f671d95a236c9e60e60360e5c70a016b1f97e,No-Dq-R,4,0,0.0,0.0,0,0,0,0,0
0.0,2000000,1007,11,38461e8036af6b8e8a23609ed692825e60fd2743f34b468e8fd13df270939a96,7e6bab01e9d6b0298352c3d96c8f671d95a236c9e60e60360e5c70a016b1f97e,Fixed-Dc,1,0,0.0,0.0,0.0,0,0,0,0
0.0,2000000,1007,11,38461e8036af6b8e8a23609ed692825e60fd2743f34b468e8fd13df270939a96,7e6bab01e9d6b0298352c3d96c8f671d95a236c9e60e60360e5c70a016b1f97e,Fixed-Dc,2,0,0.0,0.0,0,0,0,0,0
0.0,2000000,1007,11,38461e8036af6b8e8a23609ed692825e60fd2743f34b468e8fd13df270939a96,7e6bab01e9d6b0298352c3d96c8f671d95a236c9e60e60360e5c70a016b1f97e,Fixed-Dc,3,0,0.0,0.0,0,0,0,0,0
0.0,2000000,1007,11,38461e8036af6b8e8a23609ed692825e60fd2743f34b468e8fd13df270939a96,7e6bab01e9d6b0298352c3d96c8f671d95a236c9e60e60360e5c70a016b1f97e,Fixed-Dc,4,0,0.0,0.0,0,0,0,0,0
0.0,2000000,1007,11,38461e8036af6b8e8a23609ed692825e60fd2743f34b468e8fd13df270939a96,7e6bab01e9d6b0298352c3d96c8f671d95a236c9e60e60360e5c70a016b1f97e,Decoupled,1,0,,,,,,0,0
0.0,2000000,1007,11,38461e8036af6b8e8a23609ed692825e60fd2743f34b468e8fd13df270939a96,7e6bab01e9d6b0298352c3d96c8f671d95a236c9e60e60360e5c70a016b1f97e,Decoupled,2,0,,,,,,0,0
0.0,2000000,1007,11,38461e8036af6b8e8a23609ed692825e60fd2743f34b468e8fd13df270939a96,7e6bab01e9d6b0298352c3d96c8f671d95a236c9e60e60360e5c70a016b1f97e,Decoupled,3,0,,,,,,0,0
0.0,2000000,1007,11,38461e8036af6b8e8a23609ed692825e60fd2743f34b468e8fd13df270939a96,7e6bab01e9d6b0298352c3d96c8f671d95a236c9e60e60360e5c70a016b1f97e,Decoupled,4,0,,,,,,0,0
0.0,2000000,1008,7,d43bec9d953049be3d17e93147477c5609d517073192ad280af4a49b2d132296,7e6bab01e9d6b0298352c3d96c8f671d95a236c9e60e60360e5c70a016b1f97e,No-Dq-R,1,0,0.0,0.0,0.0,0,0,0,0
0.0,2000000,1008,7,d43bec9d953049be3d17e93147477c5609d517073192ad280af4a49b2d132296,7e6bab01e9d6b0298352c3d96c8f671d95a236c9e60e60360e5c70a016b1f97e,No-Dq-R,2,0,0.0,0.0,0,0,0,0,0
0.0,2000000,1008,7,d43bec9d953049be3d17e93147477c5609d517073192ad280af4a49b2d132296,7e6bab01e9d6b0298352c3d96c8f671d95a236c9e60e60360e5c70a016b1f97e,No-Dq-R,3,0,0.0,0.0,0,0,0,0,0
0.0,2000000,1008,7,d43bec9d953049be3d17e93147477c5609d517073192ad280af4a49b2d132296,7e6bab01e9d6b0298352c3d96c8f671d95a236c9e60e60360e5c70a016b1f97e,No-Dq-R,4,0,0.0,0.0,0,0,0,0,0
0.0,2000000,1008,7,d43bec9d953049be3d17e93147477c5609d517073192ad280af4a49b2d132296,7e6bab01e9d6b0298352c3d96c8f671d95a236c9e60e60360e5c70a016b1f97e,Fixed-Dc,1,0,0.0,0.0,0.0,0,0,0,0
0.0,2000000,1008,7,d43bec9d953049be3d17e93147477c5609d517073192ad280af4a49b2d132296,7e6bab01e9d6b0298352c3d96c8f671d95a236c9e60e60360e5c70a016b1f97e,Fixed-Dc,2,0,0.0,0.0,0,0,0,0,0
0.0,2000000,1008,7,d43bec9d953049be3d17e93147477c5609d517073192ad280af4a49b2d132296,7e6bab01e9d6b0298352c3d96c8f671d95a236c9e60e60360e5c70a016b1f97e,Fixed-Dc,3,0,0.0,0.0,0,0,0,0,0
0.0,2000000,1008,7,d43bec9d953049be3d17e93147477c5609d517073192ad280af4a49b2d132296,7e6bab01e9d6b0298352c3d96c8f671d95a236c9e60e60360e5c70a016b1f97e,Fixed-Dc,4,0,0.0,0.0,0,0,0,0,0
0.0,2000000,1008,7,d43bec9d953049be3d17e93147477c5609d517073192ad280af4a49b2d132296,7e6bab01e9d6b0298352c3d96c8f671d95a236c9e60e60360e5c70a016b1f97e,Decoupled,1,0,,,,,,0,0
0.0,2000000,1008,7,d43bec9d953049be3d17e93147477c5609d517073192ad280af4a49b2d132296,7e6bab01e9d6b0298352c3d96c8f671d95a236c9e60e60360e5c70a016b1f97e,Decoupled,2,0,,,,,,0,0
0.0,2000000,1008,7,d43bec9d953049be3d17e93147477c5609d517073192ad280af4a49b2d132296,7e6bab01e9d6b0298352c3d96c8f671d95a236c9e60e60360e5c70a016b1f97e,Decoupled,3,0,,,,,,0,0
0.0,2000000,1008,7,d43bec9d953049be3d17e93147477c5609d517073192ad280af4a49b2d132296,7e6bab01e9d6b0298352c3d96c8f671d95a236c9e60e60360e5c70a016b1f97e,Decoupled,4,0,,,,,,0,0
0.0,2000000,1008,11,d43bec9d953049be3d17e93147477c5609d517073192ad280af4a49b2d132296,7e6bab01e9d6b0298352c3d96c8f671d95a236c9e60e60360e5c70a016b1f97e,No-Dq-R,1,0,0.0,0.0,0.0,0,0,0,0
0.0,2000000,1008,11,d43bec9d953049be3d17e93147477c5609d517073192ad280af4a49b2d132296,7e6bab01e9d6b0298352c3d96c8f671d95a236c9e60e60360e5c70a016b1f97e,No-Dq-R,2,0,0.0,0.0,0,0,0,0,0
0.0,2000000,1008,11,d43bec9d953049be3d17e93147477c5609d517073192ad280af4a49b2d132296,7e6bab01e9d6b0298352c3d96c8f671d95a236c9e60e60360e5c70a016b1f97e,No-Dq-R,3,0,0.0,0.0,0,0,0,0,0
0.0,2000000,1008,11,d43bec9d953049be3d17e93147477c5609d517073192ad280af4a49b2d132296,7e6bab01e9d6b0298352c3d96c8f671d95a236c9e60e60360e5c70a016b1f97e,No-Dq-R,4,0,0.0,0.0,0,0,0,0,0
0.0,2000000,1008,11,d43bec9d953049be3d17e93147477c5609d517073192ad280af4a49b2d132296,7e6bab01e9d6b0298352c3d96c8f671d95a236c9e60e60360e5c70a016b1f97e,Fixed-Dc,1,0,0.0,0.0,0.0,0,0,0,0
0.0,2000000,1008,11,d43bec9d953049be3d17e93147477c5609d517073192ad280af4a49b2d132296,7e6bab01e9d6b0298352c3d96c8f671d95a236c9e60e60360e5c70a016b1f97e,Fixed-Dc,2,0,0.0,0.0,0,0,0,0,0
0.0,2000000,1008,11,d43bec9d953049be3d17e93147477c5609d517073192ad280af4a49b2d132296,7e6bab01e9d6b0298352c3d96c8f671d95a236c9e60e60360e5c70a016b1f97e,Fixed-Dc,3,0,0.0,0.0,0,0,0,0,0
0.0,2000000,1008,11,d43bec9d953049be3d17e93147477c5609d517073192ad280af4a49b2d132296,7e6bab01e9d6b0298352c3d96c8f671d95a236c9e60e60360e5c70a016b1f97e,Fixed-Dc,4,0,0.0,0.0,0,0,0,0,0
0.0,2000000,1008,11,d43bec9d953049be3d17e93147477c5609d517073192ad280af4a49b2d132296,7e6bab01e9d6b0298352c3d96c8f671d95a236c9e60e60360e5c70a016b1f97e,Decoupled,1,0,,,,,,0,0
0.0,2000000,1008,11,d43bec9d953049be3d17e93147477c5609d517073192ad280af4a49b2d132296,7e6bab01e9d6b0298352c3d96c8f671d95a236c9e60e60360e5c70a016b1f97e,Decoupled,2,0,,,,,,0,0
0.0,2000000,1008,11,d43bec9d953049be3d17e93147477c5609d517073192ad280af4a49b2d132296,7e6bab01e9d6b0298352c3d96c8f671d95a236c9e60e60360e5c70a016b1f97e,Decoupled,3,0,,,,,,0,0
0.0,2000000,1008,11,d43bec9d953049be3d17e93147477c5609d517073192ad280af4a49b2d132296,7e6bab01e9d6b0298352c3d96c8f671d95a236c9e60e60360e5c70a016b1f97e,Decoupled,4,0,,,,,,0,0
0.0,2000000,1009,7,a653bde89cf57ce3112498ddfc9bff423a4ef63c7e140d9252310c19e33d719c,7e6bab01e9d6b0298352c3d96c8f671d95a236c9e60e60360e5c70a016b1f97e,No-Dq-R,1,0,0.0,0.0,0.0,0,0,0,0
0.0,2000000,1009,7,a653bde89cf57ce3112498ddfc9bff423a4ef63c7e140d9252310c19e33d719c,7e6bab01e9d6b0298352c3d96c8f671d95a236c9e60e60360e5c70a016b1f97e,No-Dq-R,2,0,0.0,0.0,0,0,0,0,0
0.0,2000000,1009,7,a653bde89cf57ce3112498ddfc9bff423a4ef63c7e140d9252310c19e33d719c,7e6bab01e9d6b0298352c3d96c8f671d95a236c9e60e60360e5c70a016b1f97e,No-Dq-R,3,0,0.0,0.0,0,0,0,0,0
0.0,2000000,1009,7,a653bde89cf57ce3112498ddfc9bff423a4ef63c7e140d9252310c19e33d719c,7e6bab01e9d6b0298352c3d96c8f671d95a236c9e60e60360e5c70a016b1f97e,No-Dq-R,4,0,0.0,0.0,0,0,0,0,0
0.0,2000000,1009,7,a653bde89cf57ce3112498ddfc9bff423a4ef63c7e140d9252310c19e33d719c,7e6bab01e9d6b0298352c3d96c8f671d95a236c9e60e60360e5c70a016b1f97e,Fixed-Dc,1,0,0.0,0.0,0.0,0,0,0,0
0.0,2000000,1009,7,a653bde89cf57ce3112498ddfc9bff423a4ef63c7e140d9252310c19e33d719c,7e6bab01e9d6b0298352c3d96c8f671d95a236c9e60e60360e5c70a016b1f97e,Fixed-Dc,2,0,0.0,0.0,0,0,0,0,0
0.0,2000000,1009,7,a653bde89cf57ce3112498ddfc9bff423a4ef63c7e140d9252310c19e33d719c,7e6bab01e9d6b0298352c3d96c8f671d95a236c9e60e60360e5c70a016b1f97e,Fixed-Dc,3,0,0.0,0.0,0,0,0,0,0
0.0,2000000,1009,7,a653bde89cf57ce3112498ddfc9bff423a4ef63c7e140d9252310c19e33d719c,7e6bab01e9d6b0298352c3d96c8f671d95a236c9e60e60360e5c70a016b1f97e,Fixed-Dc,4,0,0.0,0.0,0,0,0,0,0
0.0,2000000,1009,7,a653bde89cf57ce3112498ddfc9bff423a4ef63c7e140d9252310c19e33d719c,7e6bab01e9d6b0298352c3d96c8f671d95a236c9e60e60360e5c70a016b1f97e,Decoupled,1,0,,,,,,0,0
0.0,2000000,1009,7,a653bde89cf57ce3112498ddfc9bff423a4ef63c7e140d9252310c19e33d719c,7e6bab01e9d6b0298352c3d96c8f671d95a236c9e60e60360e5c70a016b1f97e,Decoupled,2,0,,,,,,0,0
0.0,2000000,1009,7,a653bde89cf57ce3112498ddfc9bff423a4ef63c7e140d9252310c19e33d719c,7e6bab01e9d6b0298352c3d96c8f671d95a236c9e60e60360e5c70a016b1f97e,Decoupled,3,0,,,,,,0,0
0.0,2000000,1009,7,a653bde89cf57ce3112498ddfc9bff423a4ef63c7e140d9252310c19e33d719c,7e6bab01e9d6b0298352c3d96c8f671d95a236c9e60e60360e5c70a016b1f97e,Decoupled,4,0,,,,,,0,0
0.0,2000000,1009,11,a653bde89cf57ce3112498ddfc9bff423a4ef63c7e140d9252310c19e33d719c,7e6bab01e9d6b0298352c3d96c8f671d95a236c9e60e60360e5c70a016b1f97e,No-Dq-R,1,0,0.0,0.0,0.0,0,0,0,0
0.0,2000000,1009,11,a653bde89cf57ce3112498ddfc9bff423a4ef63c7e140d9252310c19e33d719c,7e6bab01e9d6b0298352c3d96c8f671d95a236c9e60e60360e5c70a016b1f97e,No-Dq-R,2,0,0.0,0.0,0,0,0,0,0
0.0,2000000,1009,11,a653bde89cf57ce3112498ddfc9bff423a4ef63c7e140d9252310c19e33d719c,7e6bab01e9d6b0298352c3d96c8f671d95a236c9e60e60360e5c70a016b1f97e,No-Dq-R,3,0,0.0,0.0,0,0,0,0,0
0.0,2000000,1009,11,a653bde89cf57ce3112498ddfc9bff423a4ef63c7e140d9252310c19e33d719c,7e6bab01e9d6b0298352c3d96c8f671d95a236c9e60e60360e5c70a016b1f97e,No-Dq-R,4,0,0.0,0.0,0,0,0,0,0
0.0,2000000,1009,11,a653bde89cf57ce3112498ddfc9bff423a4ef63c7e140d9252310c19e33d719c,7e6bab01e9d6b0298352c3d96c8f671d95a236c9e60e60360e5c70a016b1f97e,Fixed-Dc,1,0,0.0,0.0,0.0,0,0,0,0
0.0,2000000,1009,11,a653bde89cf57ce3112498ddfc9bff423a4ef63c7e140d9252310c19e33d719c,7e6bab01e9d6b0298352c3d96c8f671d95a236c9e60e60360e5c70a016b1f97e,Fixed-Dc,2,0,0.0,0.0,0,0,0,0,0
0.0,2000000,1009,11,a653bde89cf57ce3112498ddfc9bff423a4ef63c7e140d9252310c19e33d719c,7e6bab01e9d6b0298352c3d96c8f671d95a236c9e60e60360e5c70a016b1f97e,Fixed-Dc,3,0,0.0,0.0,0,0,0,0,0
0.0,2000000,1009,11,a653bde89cf57ce3112498ddfc9bff423a4ef63c7e140d9252310c19e33d719c,7e6bab01e9d6b0298352c3d96c8f671d95a236c9e60e60360e5c70a016b1f97e,Fixed-Dc,4,0,0.0,0.0,0,0,0,0,0
0.0,2000000,1009,11,a653bde89cf57ce3112498ddfc9bff423a4ef63c7e140d9252310c19e33d719c,7e6bab01e9d6b0298352c3d96c8f671d95a236c9e60e60360e5c70a016b1f97e,Decoupled,1,0,,,,,,0,0
0.0,2000000,1009,11,a653bde89cf57ce3112498ddfc9bff423a4ef63c7e140d9252310c19e33d719c,7e6bab01e9d6b0298352c3d96c8f671d95a236c9e60e60360e5c70a016b1f97e,Decoupled,2,0,,,,,,0,0
0.0,2000000,1009,11,a653bde89cf57ce3112498ddfc9bff423a4ef63c7e140d9252310c19e33d719c,7e6bab01e9d6b0298352c3d96c8f671d95a236c9e60e60360e5c70a016b1f97e,Decoupled,3,0,,,,,,0,0
0.0,2000000,1009,11,a653bde89cf57ce3112498ddfc9bff423a4ef63c7e140d9252310c19e33d719c,7e6bab01e9d6b0298352c3d96c8f671d95a236c9e60e60360e5c70a016b1f97e,Decoupled,4,0,,,,,,0,0
0.0,2000000,1010,7,b29dd42a7a3f63a126ea97721104d26aab74c4a6e01f2d76f58a9ae900d66079,7e6bab01e9d6b0298352c3d96c8f671d95a236c9e60e60360e5c70a016b1f97e,No-Dq-R,1,0,0.0,0.0,0.0,0,0,0,0
0.0,2000000,1010,7,b29dd42a7a3f63a126ea97721104d26aab74c4a6e01f2d76f58a9ae900d66079,7e6bab01e9d6b0298352c3d96c8f671d95a236c9e60e60360e5c70a016b1f97e,No-Dq-R,2,0,0.0,0.0,0,0,0,0,0
0.0,2000000,1010,7,b29dd42a7a3f63a126ea97721104d26aab74c4a6e01f2d76f58a9ae900d66079,7e6bab01e9d6b0298352c3d96c8f671d95a236c9e60e60360e5c70a016b1f97e,No-Dq-R,3,0,0.0,0.0,0,0,0,0,0
0.0,2000000,1010,7,b29dd42a7a3f63a126ea97721104d26aab74c4a6e01f2d76f58a9ae900d66079,7e6bab01e9d6b0298352c3d96c8f671d95a236c9e60e60360e5c70a016b1f97e,No-Dq-R,4,0,0.0,0.0,0,0,0,0,0
0.0,2000000,1010,7,b29dd42a7a3f63a126ea97721104d26aab74c4a6e01f2d76f58a9ae900d66079,7e6bab01e9d6b0298352c3d96c8f671d95a236c9e60e60360e5c70a016b1f97e,Fixed-Dc,1,0,0.0,0.0,0.0,0,0,0,0
0.0,2000000,1010,7,b29dd42a7a3f63a126ea97721104d26aab74c4a6e01f2d76f58a9ae900d66079,7e6bab01e9d6b0298352c3d96c8f671d95a236c9e60e60360e5c70a016b1f97e,Fixed-Dc,2,0,0.0,0.0,0,0,0,0,0
0.0,2000000,1010,7,b29dd42a7a3f63a126ea97721104d26aab74c4a6e01f2d76f58a9ae900d66079,7e6bab01e9d6b0298352c3d96c8f671d95a236c9e60e60360e5c70a016b1f97e,Fixed-Dc,3,0,0.0,0.0,0,0,0,0,0
0.0,2000000,1010,7,b29dd42a7a3f63a126ea97721104d26aab74c4a6e01f2d76f58a9ae900d66079,7e6bab01e9d6b0298352c3d96c8f671d95a236c9e60e60360e5c70a016b1f97e,Fixed-Dc,4,0,0.0,0.0,0,0,0,0,0
0.0,2000000,1010,7,b29dd42a7a3f63a126ea97721104d26aab74c4a6e01f2d76f58a9ae900d66079,7e6bab01e9d6b0298352c3d96c8f671d95a236c9e60e60360e5c70a016b1f97e,Decoupled,1,0,,,,,,0,0
0.0,2000000,1010,7,b29dd42a7a3f63a126ea97721104d26aab74c4a6e01f2d76f58a9ae900d66079,7e6bab01e9d6b0298352c3d96c8f671d95a236c9e60e60360e5c70a016b1f97e,Decoupled,2,0,,,,,,0,0
0.0,2000000,1010,7,b29dd42a7a3f63a126ea97721104d26aab74c4a6e01f2d76f58a9ae900d66079,7e6bab01e9d6b0298352c3d96c8f671d95a236c9e60e60360e5c70a016b1f97e,Decoupled,3,0,,,,,,0,0
0.0,2000000,1010,7,b29dd42a7a3f63a126ea97721104d26aab74c4a6e01f2d76f58a9ae900d66079,7e6bab01e9d6b0298352c3d96c8f671d95a236c9e60e60360e5c70a016b1f97e,Decoupled,4,0,,,,,,0,0
0.0,2000000,1010,11,b29dd42a7a3f63a126ea97721104d26aab74c4a6e01f2d76f58a9ae900d66079,7e6bab01e9d6b0298352c3d96c8f671d95a236c9e60e60360e5c70a016b1f97e,No-Dq-R,1,0,0.0,0.0,0.0,0,0,0,0
0.0,2000000,1010,11,b29dd42a7a3f63a126ea97721104d26aab74c4a6e01f2d76f58a9ae900d66079,7e6bab01e9d6b0298352c3d96c8f671d95a236c9e60e60360e5c70a016b1f97e,No-Dq-R,2,0,0.0,0.0,0,0,0,0,0
0.0,2000000,1010,11,b29dd42a7a3f63a126ea97721104d26aab74c4a6e01f2d76f58a9ae900d66079,7e6bab01e9d6b0298352c3d96c8f671d95a236c9e60e60360e5c70a016b1f97e,No-Dq-R,3,0,0.0,0.0,0,0,0,0,0
0.0,2000000,1010,11,b29dd42a7a3f63a126ea97721104d26aab74c4a6e01f2d76f58a9ae900d66079,7e6bab01e9d6b0298352c3d96c8f671d95a236c9e60e60360e5c70a016b1f97e,No-Dq-R,4,0,0.0,0.0,0,0,0,0,0
0.0,2000000,1010,11,b29dd42a7a3f63a126ea97721104d26aab74c4a6e01f2d76f58a9ae900d66079,7e6bab01e9d6b0298352c3d96c8f671d95a236c9e60e60360e5c70a016b1f97e,Fixed-Dc,1,0,0.0,0.0,0.0,0,0,0,0
0.0,2000000,1010,11,b29dd42a7a3f63a126ea97721104d26aab74c4a6e01f2d76f58a9ae900d66079,7e6bab01e9d6b0298352c3d96c8f671d95a236c9e60e60360e5c70a016b1f97e,Fixed-Dc,2,0,0.0,0.0,0,0,0,0,0
0.0,2000000,1010,11,b29dd42a7a3f63a126ea97721104d26aab74c4a6e01f2d76f58a9ae900d66079,7e6bab01e9d6b0298352c3d96c8f671d95a236c9e60e60360e5c70a016b1f97e,Fixed-Dc,3,0,0.0,0.0,0,0,0,0,0
0.0,2000000,1010,11,b29dd42a7a3f63a126ea97721104d26aab74c4a6e01f2d76f58a9ae900d66079,7e6bab01e9d6b0298352c3d96c8f671d95a236c9e60e60360e5c70a016b1f97e,Fixed-Dc,4,0,0.0,0.0,0,0,0,0,0
0.0,2000000,1010,11,b29dd42a7a3f63a126ea97721104d26aab74c4a6e01f2d76f58a9ae900d66079,7e6bab01e9d6b0298352c3d96c8f671d95a236c9e60e60360e5c70a016b1f97e,Decoupled,1,0,,,,,,0,0
0.0,2000000,1010,11,b29dd42a7a3f63a126ea97721104d26aab74c4a6e01f2d76f58a9ae900d66079,7e6bab01e9d6b0298352c3d96c8f671d95a236c9e60e60360e5c70a016b1f97e,Decoupled,2,0,,,,,,0,0
0.0,2000000,1010,11,b29dd42a7a3f63a126ea97721104d26aab74c4a6e01f2d76f58a9ae900d66079,7e6bab01e9d6b0298352c3d96c8f671d95a236c9e60e60360e5c70a016b1f97e,Decoupled,3,0,,,,,,0,0
0.0,2000000,1010,11,b29dd42a7a3f63a126ea97721104d26aab74c4a6e01f2d76f58a9ae900d66079,7e6bab01e9d6b0298352c3d96c8f671d95a236c9e60e60360e5c70a016b1f97e,Decoupled,4,0,,,,,,0,0
0.0,2000000,1011,7,16f7325721676f5097b0e60d0dfef6694c9071916592a53f854b2a438117054b,7e6bab01e9d6b0298352c3d96c8f671d95a236c9e60e60360e5c70a016b1f97e,No-Dq-R,1,0,0.0,0.0,0.0,0,0,0,0
0.0,2000000,1011,7,16f7325721676f5097b0e60d0dfef6694c9071916592a53f854b2a438117054b,7e6bab01e9d6b0298352c3d96c8f671d95a236c9e60e60360e5c70a016b1f97e,No-Dq-R,2,0,0.0,0.0,0,0,0,0,0
0.0,2000000,1011,7,16f7325721676f5097b0e60d0dfef6694c9071916592a53f854b2a438117054b,7e6bab01e9d6b0298352c3d96c8f671d95a236c9e60e60360e5c70a016b1f97e,No-Dq-R,3,0,0.0,0.0,0,0,0,0,0
0.0,2000000,1011,7,16f7325721676f5097b0e60d0dfef6694c9071916592a53f854b2a438117054b,7e6bab01e9d6b0298352c3d96c8f671d95a236c9e60e60360e5c70a016b1f97e,No-Dq-R,4,0,0.0,0.0,0,0,0,0,0
0.0,2000000,1011,7,16f7325721676f5097b0e60d0dfef6694c9071916592a53f854b2a438117054b,7e6bab01e9d6b0298352c3d96c8f671d95a236c9e60e60360e5c70a016b1f97e,Fixed-Dc,1,0,0.0,0.0,0.0,0,0,0,0
0.0,2000000,1011,7,16f7325721676f5097b0e60d0dfef6694c9071916592a53f854b2a438117054b,7e6bab01e9d6b0298352c3d96c8f671d95a236c9e60e60360e5c70a016b1f97e,Fixed-Dc,2,0,0.0,0.0,0,0,0,0,0
0.0,2000000,1011,7,16f7325721676f5097b0e60d0dfef6694c9071916592a53f854b2a438117054b,7e6bab01e9d6b0298352c3d96c8f671d95a236c9e60e60360e5c70a016b1f97e,Fixed-Dc,3,0,0.0,0.0,0,0,0,0,0
0.0,2000000,1011,7,16f7325721676f5097b0e60d0dfef6694c9071916592a53f854b2a438117054b,7e6bab01e9d6b0298352c3d96c8f671d95a236c9e60e60360e5c70a016b1f97e,Fixed-Dc,4,0,0.0,0.0,0,0,0,0,0
0.0,2000000,1011,7,16f7325721676f5097b0e60d0dfef6694c9071916592a53f854b2a438117054b,7e6bab01e9d6b0298352c3d96c8f671d95a236c9e60e60360e5c70a016b1f97e,Decoupled,1,0,,,,,,0,0
0.0,2000000,1011,7,16f7325721676f5097b0e60d0dfef6694c9071916592a53f854b2a438117054b,7e6bab01e9d6b0298352c3d96c8f671d95a236c9e60e60360e5c70a016b1f97e,Decoupled,2,0,,,,,,0,0
0.0,2000000,1011,7,16f7325721676f5097b0e60d0dfef6694c9071916592a53f854b2a438117054b,7e6bab01e9d6b0298352c3d96c8f671d95a236c9e60e60360e5c70a016b1f97e,Decoupled,3,0,,,,,,0,0
0.0,2000000,1011,7,16f7325721676f5097b0e60d0dfef6694c9071916592a53f854b2a438117054b,7e6bab01e9d6b0298352c3d96c8f671d95a236c9e60e60360e5c70a016b1f97e,Decoupled,4,0,,,,,,0,0
0.0,2000000,1011,11,16f7325721676f5097b0e60d0dfef6694c9071916592a53f854b2a438117054b,7e6bab01e9d6b0298352c3d96c8f671d95a236c9e60e60360e5c70a016b1f97e,No-Dq-R,1,0,0.0,0.0,0.0,0,0,0,0
0.0,2000000,1011,11,16f7325721676f5097b0e60d0dfef6694c9071916592a53f854b2a438117054b,7e6bab01e9d6b0298352c3d96c8f671d95a236c9e60e60360e5c70a016b1f97e,No-Dq-R,2,0,0.0,0.0,0,0,0,0,0
0.0,2000000,1011,11,16f7325721676f5097b0e60d0dfef6694c9071916592a53f854b2a438117054b,7e6bab01e9d6b0298352c3d96c8f671d95a236c9e60e60360e5c70a016b1f97e,No-Dq-R,3,0,0.0,0.0,0,0,0,0,0
0.0,2000000,1011,11,16f7325721676f5097b0e60d0dfef6694c9071916592a53f854b2a438117054b,7e6bab01e9d6b0298352c3d96c8f671d95a236c9e60e60360e5c70a016b1f97e,No-Dq-R,4,0,0.0,0.0,0,0,0,0,0
0.0,2000000,1011,11,16f7325721676f5097b0e60d0dfef6694c9071916592a53f854b2a438117054b,7e6bab01e9d6b0298352c3d96c8f671d95a236c9e60e60360e5c70a016b1f97e,Fixed-Dc,1,0,0.0,0.0,0.0,0,0,0,0
0.0,2000000,1011,11,16f7325721676f5097b0e60d0dfef6694c9071916592a53f854b2a438117054b,7e6bab01e9d6b0298352c3d96c8f671d95a236c9e60e60360e5c70a016b1f97e,Fixed-Dc,2,0,0.0,0.0,0,0,0,0,0
0.0,2000000,1011,11,16f7325721676f5097b0e60d0dfef6694c9071916592a53f854b2a438117054b,7e6bab01e9d6b0298352c3d96c8f671d95a236c9e60e60360e5c70a016b1f97e,Fixed-Dc,3,0,0.0,0.0,0,0,0,0,0
0.0,2000000,1011,11,16f7325721676f5097b0e60d0dfef6694c9071916592a53f854b2a438117054b,7e6bab01e9d6b0298352c3d96c8f671d95a236c9e60e60360e5c70a016b1f97e,Fixed-Dc,4,0,0.0,0.0,0,0,0,0,0
0.0,2000000,1011,11,16f7325721676f5097b0e60d0dfef6694c9071916592a53f854b2a438117054b,7e6bab01e9d6b0298352c3d96c8f671d95a236c9e60e60360e5c70a016b1f97e,Decoupled,1,0,,,,,,0,0
0.0,2000000,1011,11,16f7325721676f5097b0e60d0dfef6694c9071916592a53f854b2a438117054b,7e6bab01e9d6b0298352c3d96c8f671d95a236c9e60e60360e5c70a016b1f97e,Decoupled,2,0,,,,,,0,0
0.0,2000000,1011,11,16f7325721676f5097b0e60d0dfef6694c9071916592a53f854b2a438117054b,7e6bab01e9d6b0298352c3d96c8f671d95a236c9e60e60360e5c70a016b1f97e,Decoupled,3,0,,,,,,0,0
0.0,2000000,1011,11,16f7325721676f5097b0e60d0dfef6694c9071916592a53f854b2a438117054b,7e6bab01e9d6b0298352c3d96c8f671d95a236c9e60e60360e5c70a016b1f97e,Decoupled,4,0,,,,,,0,0
0.0,2000000,1012,7,3039efc9d73b89561e6732df18a703cf3420b80d232db0f1b701c6f743c36119,7e6bab01e9d6b0298352c3d96c8f671d95a236c9e60e60360e5c70a016b1f97e,No-Dq-R,1,0,0.0,0.0,0.0,0,0,0,0
0.0,2000000,1012,7,3039efc9d73b89561e6732df18a703cf3420b80d232db0f1b701c6f743c36119,7e6bab01e9d6b0298352c3d96c8f671d95a236c9e60e60360e5c70a016b1f97e,No-Dq-R,2,0,0.0,0.0,0,0,0,0,0
0.0,2000000,1012,7,3039efc9d73b89561e6732df18a703cf3420b80d232db0f1b701c6f743c36119,7e6bab01e9d6b0298352c3d96c8f671d95a236c9e60e60360e5c70a016b1f97e,No-Dq-R,3,0,0.0,0.0,0,0,0,0,0
0.0,2000000,1012,7,3039efc9d73b89561e6732df18a703cf3420b80d232db0f1b701c6f743c36119,7e6bab01e9d6b0298352c3d96c8f671d95a236c9e60e60360e5c70a016b1f97e,No-Dq-R,4,0,0.0,0.0,0,0,0,0,0
0.0,2000000,1012,7,3039efc9d73b89561e6732df18a703cf3420b80d232db0f1b701c6f743c36119,7e6bab01e9d6b0298352c3d96c8f671d95a236c9e60e60360e5c70a016b1f97e,Fixed-Dc,1,0,0.0,0.0,0.0,0,0,0,0
0.0,2000000,1012,7,3039efc9d73b89561e6732df18a703cf3420b80d232db0f1b701c6f743c36119,7e6bab01e9d6b0298352c3d96c8f671d95a236c9e60e60360e5c70a016b1f97e,Fixed-Dc,2,0,0.0,0.0,0,0,0,0,0
0.0,2000000,1012,7,3039efc9d73b89561e6732df18a703cf3420b80d232db0f1b701c6f743c36119,7e6bab01e9d6b0298352c3d96c8f671d95a236c9e60e60360e5c70a016b1f97e,Fixed-Dc,3,0,0.0,0.0,0,0,0,0,0
0.0,2000000,1012,7,3039efc9d73b89561e6732df18a703cf3420b80d232db0f1b701c6f743c36119,7e6bab01e9d6b0298352c3d96c8f671d95a236c9e60e60360e5c70a016b1f97e,Fixed-Dc,4,0,0.0,0.0,0,0,0,0,0
0.0,2000000,1012,7,3039efc9d73b89561e6732df18a703cf3420b80d232db0f1b701c6f743c36119,7e6bab01e9d6b0298352c3d96c8f671d95a236c9e60e60360e5c70a016b1f97e,Decoupled,1,0,,,,,,0,0
0.0,2000000,1012,7,3039efc9d73b89561e6732df18a703cf3420b80d232db0f1b701c6f743c36119,7e6bab01e9d6b0298352c3d96c8f671d95a236c9e60e60360e5c70a016b1f97e,Decoupled,2,0,,,,,,0,0
0.0,2000000,1012,7,3039efc9d73b89561e6732df18a703cf3420b80d232db0f1b701c6f743c36119,7e6bab01e9d6b0298352c3d96c8f671d95a236c9e60e60360e5c70a016b1f97e,Decoupled,3,0,,,,,,0,0
0.0,2000000,1012,7,3039efc9d73b89561e6732df18a703cf3420b80d232db0f1b701c6f743c36119,7e6bab01e9d6b0298352c3d96c8f671d95a236c9e60e60360e5c70a016b1f97e,Decoupled,4,0,,,,,,0,0
0.0,2000000,1012,11,3039efc9d73b89561e6732df18a703cf3420b80d232db0f1b701c6f743c36119,7e6bab01e9d6b0298352c3d96c8f671d95a236c9e60e60360e5c70a016b1f97e,No-Dq-R,1,0,0.0,0.0,0.0,0,0,0,0
0.0,2000000,1012,11,3039efc9d73b89561e6732df18a703cf3420b80d232db0f1b701c6f743c36119,7e6bab01e9d6b0298352c3d96c8f671d95a236c9e60e60360e5c70a016b1f97e,No-Dq-R,2,0,0.0,0.0,0,0,0,0,0
0.0,2000000,1012,11,3039efc9d73b89561e6732df18a703cf3420b80d232db0f1b701c6f743c36119,7e6bab01e9d6b0298352c3d96c8f671d95a236c9e60e60360e5c70a016b1f97e,No-Dq-R,3,0,0.0,0.0,0,0,0,0,0
0.0,2000000,1012,11,3039efc9d73b89561e6732df18a703cf3420b80d232db0f1b701c6f743c36119,7e6bab01e9d6b0298352c3d96c8f671d95a236c9e60e60360e5c70a016b1f97e,No-Dq-R,4,0,0.0,0.0,0,0,0,0,0
0.0,2000000,1012,11,3039efc9d73b89561e6732df18a703cf3420b80d232db0f1b701c6f743c36119,7e6bab01e9d6b0298352c3d96c8f671d95a236c9e60e60360e5c70a016b1f97e,Fixed-Dc,1,0,0.0,0.0,0.0,0,0,0,0
0.0,2000000,1012,11,3039efc9d73b89561e6732df18a703cf3420b80d232db0f1b701c6f743c36119,7e6bab01e9d6b0298352c3d96c8f671d95a236c9e60e60360e5c70a016b1f97e,Fixed-Dc,2,0,0.0,0.0,0,0,0,0,0
0.0,2000000,1012,11,3039efc9d73b89561e6732df18a703cf3420b80d232db0f1b701c6f743c36119,7e6bab01e9d6b0298352c3d96c8f671d95a236c9e60e60360e5c70a016b1f97e,Fixed-Dc,3,0,0.0,0.0,0,0,0,0,0
0.0,2000000,1012,11,3039efc9d73b89561e6732df18a703cf3420b80d232db0f1b701c6f743c36119,7e6bab01e9d6b0298352c3d96c8f671d95a236c9e60e60360e5c70a016b1f97e,Fixed-Dc,4,0,0.0,0.0,0,0,0,0,0
0.0,2000000,1012,11,3039efc9d73b89561e6732df18a703cf3420b80d232db0f1b701c6f743c36119,7e6bab01e9d6b0298352c3d96c8f671d95a236c9e60e60360e5c70a016b1f97e,Decoupled,1,0,,,,,,0,0
0.0,2000000,1012,11,3039efc9d73b89561e6732df18a703cf3420b80d232db0f1b701c6f743c36119,7e6bab01e9d6b0298352c3d96c8f671d95a236c9e60e60360e5c70a016b1f97e,Decoupled,2,0,,,,,,0,0
0.0,2000000,1012,11,3039efc9d73b89561e6732df18a703cf3420b80d232db0f1b701c6f743c36119,7e6bab01e9d6b0298352c3d96c8f671d95a236c9e60e60360e5c70a016b1f97e,Decoupled,3,0,,,,,,0,0
0.0,2000000,1012,11,3039efc9d73b89561e6732df18a703cf3420b80d232db0f1b701c6f743c36119,7e6bab01e9d6b0298352c3d96c8f671d95a236c9e60e60360e5c70a016b1f97e,Decoupled,4,0,,,,,,0,0
0.0,2000000,1013,7,44494d0476dcd8491cf3630987ae1a3c30d8f7834f45ff87bbf01c1d6261b713,7e6bab01e9d6b0298352c3d96c8f671d95a236c9e60e60360e5c70a016b1f97e,No-Dq-R,1,0,0.0,0.0,0.0,0,0,0,0
0.0,2000000,1013,7,44494d0476dcd8491cf3630987ae1a3c30d8f7834f45ff87bbf01c1d6261b713,7e6bab01e9d6b0298352c3d96c8f671d95a236c9e60e60360e5c70a016b1f97e,No-Dq-R,2,0,0.0,0.0,0,0,0,0,0
0.0,2000000,1013,7,44494d0476dcd8491cf3630987ae1a3c30d8f7834f45ff87bbf01c1d6261b713,7e6bab01e9d6b0298352c3d96c8f671d95a236c9e60e60360e5c70a016b1f97e,No-Dq-R,3,0,0.0,0.0,0,0,0,0,0
0.0,2000000,1013,7,44494d0476dcd8491cf3630987ae1a3c30d8f7834f45ff87bbf01c1d6261b713,7e6bab01e9d6b0298352c3d96c8f671d95a236c9e60e60360e5c70a016b1f97e,No-Dq-R,4,0,0.0,0.0,0,0,0,0,0
0.0,2000000,1013,7,44494d0476dcd8491cf3630987ae1a3c30d8f7834f45ff87bbf01c1d6261b713,7e6bab01e9d6b0298352c3d96c8f671d95a236c9e60e60360e5c70a016b1f97e,Fixed-Dc,1,0,0.0,0.0,0.0,0,0,0,0
0.0,2000000,1013,7,44494d0476dcd8491cf3630987ae1a3c30d8f7834f45ff87bbf01c1d6261b713,7e6bab01e9d6b0298352c3d96c8f671d95a236c9e60e60360e5c70a016b1f97e,Fixed-Dc,2,0,0.0,0.0,0,0,0,0,0
0.0,2000000,1013,7,44494d0476dcd8491cf3630987ae1a3c30d8f7834f45ff87bbf01c1d6261b713,7e6bab01e9d6b0298352c3d96c8f671d95a236c9e60e60360e5c70a016b1f97e,Fixed-Dc,3,0,0.0,0.0,0,0,0,0,0
0.0,2000000,1013,7,44494d0476dcd8491cf3630987ae1a3c30d8f7834f45ff87bbf01c1d6261b713,7e6bab01e9d6b0298352c3d96c8f671d95a236c9e60e60360e5c70a016b1f97e,Fixed-Dc,4,0,0.0,0.0,0,0,0,0,0
0.0,2000000,1013,7,44494d0476dcd8491cf3630987ae1a3c30d8f7834f45ff87bbf01c1d6261b713,7e6bab01e9d6b0298352c3d96c8f671d95a236c9e60e60360e5c70a016b1f97e,Decoupled,1,0,,,,,,0,0
0.0,2000000,1013,7,44494d0476dcd8491cf3630987ae1a3c30d8f7834f45ff87bbf01c1d6261b713,7e6bab01e9d6b0298352c3d96c8f671d95a236c9e60e60360e5c70a016b1f97e,Decoupled,2,0,,,,,,0,0
0.0,2000000,1013,7,44494d0476dcd8491cf3630987ae1a3c30d8f7834f45ff87bbf01c1d6261b713,7e6bab01e9d6b0298352c3d96c8f671d95a236c9e60e60360e5c70a016b1f97e,Decoupled,3,0,,,,,,0,0
0.0,2000000,1013,7,44494d0476dcd8491cf3630987ae1a3c30d8f7834f45ff87bbf01c1d6261b713,7e6bab01e9d6b0298352c3d96c8f671d95a236c9e60e60360e5c70a016b1f97e,Decoupled,4,0,,,,,,0,0
0.0,2000000,1013,11,44494d0476dcd8491cf3630987ae1a3c30d8f7834f45ff87bbf01c1d6261b713,7e6bab01e9d6b0298352c3d96c8f671d95a236c9e60e60360e5c70a016b1f97e,No-Dq-R,1,0,0.0,0.0,0.0,0,0,0,0
0.0,2000000,1013,11,44494d0476dcd8491cf3630987ae1a3c30d8f7834f45ff87bbf01c1d6261b713,7e6bab01e9d6b0298352c3d96c8f671d95a236c9e60e60360e5c70a016b1f97e,No-Dq-R,2,0,0.0,0.0,0,0,0,0,0
0.0,2000000,1013,11,44494d0476dcd8491cf3630987ae1a3c30d8f7834f45ff87bbf01c1d6261b713,7e6bab01e9d6b0298352c3d96c8f671d95a236c9e60e60360e5c70a016b1f97e,No-Dq-R,3,0,0.0,0.0,0,0,0,0,0
0.0,2000000,1013,11,44494d0476dcd8491cf3630987ae1a3c30d8f7834f45ff87bbf01c1d6261b713,7e6bab01e9d6b0298352c3d96c8f671d95a236c9e60e60360e5c70a016b1f97e,No-Dq-R,4,0,0.0,0.0,0,0,0,0,0
0.0,2000000,1013,11,44494d0476dcd8491cf3630987ae1a3c30d8f7834f45ff87bbf01c1d6261b713,7e6bab01e9d6b0298352c3d96c8f671d95a236c9e60e60360e5c70a016b1f97e,Fixed-Dc,1,0,0.0,0.0,0.0,0,0,0,0
0.0,2000000,1013,11,44494d0476dcd8491cf3630987ae1a3c30d8f7834f45ff87bbf01c1d6261b713,7e6bab01e9d6b0298352c3d96c8f671d95a236c9e60e60360e5c70a016b1f97e,Fixed-Dc,2,0,0.0,0.0,0,0,0,0,0
0.0,2000000,1013,11,44494d0476dcd8491cf3630987ae1a3c30d8f7834f45ff87bbf01c1d6261b713,7e6bab01e9d6b0298352c3d96c8f671d95a236c9e60e60360e5c70a016b1f97e,Fixed-Dc,3,0,0.0,0.0,0,0,0,0,0
0.0,2000000,1013,11,44494d0476dcd8491cf3630987ae1a3c30d8f7834f45ff87bbf01c1d6261b713,7e6bab01e9d6b0298352c3d96c8f671d95a236c9e60e60360e5c70a016b1f97e,Fixed-Dc,4,0,0.0,0.0,0,0,0,0,0
0.0,2000000,1013,11,44494d0476dcd8491cf3630987ae1a3c30d8f7834f45ff87bbf01c1d6261b713,7e6bab01e9d6b0298352c3d96c8f671d95a236c9e60e60360e5c70a016b1f97e,Decoupled,1,0,,,,,,0,0
0.0,2000000,1013,11,44494d0476dcd8491cf3630987ae1a3c30d8f7834f45ff87bbf01c1d6261b713,7e6bab01e9d6b0298352c3d96c8f671d95a236c9e60e60360e5c70a016b1f97e,Decoupled,2,0,,,,,,0,0
0.0,2000000,1013,11,44494d0476dcd8491cf3630987ae1a3c30d8f7834f45ff87bbf01c1d6261b713,7e6bab01e9d6b0298352c3d96c8f671d95a236c9e60e60360e5c70a016b1f97e,Decoupled,3,0,,,,,,0,0
0.0,2000000,1013,11,44494d0476dcd8491cf3630987ae1a3c30d8f7834f45ff87bbf01c1d6261b713,7e6bab01e9d6b0298352c3d96c8f671d95a236c9e60e60360e5c70a016b1f97e,Decoupled,4,0,,,,,,0,0
0.0,2000000,1014,7,16100ae9d46dccb7b2b271194f7fc6a944bd715fec6d7ed379f00c9cfa0e8f49,7e6bab01e9d6b0298352c3d96c8f671d95a236c9e60e60360e5c70a016b1f97e,No-Dq-R,1,0,0.0,0.0,0.0,0,0,0,0
0.0,2000000,1014,7,16100ae9d46dccb7b2b271194f7fc6a944bd715fec6d7ed379f00c9cfa0e8f49,7e6bab01e9d6b0298352c3d96c8f671d95a236c9e60e60360e5c70a016b1f97e,No-Dq-R,2,0,0.0,0.0,0,0,0,0,0
0.0,2000000,1014,7,16100ae9d46dccb7b2b271194f7fc6a944bd715fec6d7ed379f00c9cfa0e8f49,7e6bab01e9d6b0298352c3d96c8f671d95a236c9e60e60360e5c70a016b1f97e,No-Dq-R,3,0,0.0,0.0,0,0,0,0,0
0.0,2000000,1014,7,16100ae9d46dccb7b2b271194f7fc6a944bd715fec6d7ed379f00c9cfa0e8f49,7e6bab01e9d6b0298352c3d96c8f671d95a236c9e60e60360e5c70a016b1f97e,No-Dq-R,4,0,0.0,0.0,0,0,0,0,0
0.0,2000000,1014,7,16100ae9d46dccb7b2b271194f7fc6a944bd715fec6d7ed379f00c9cfa0e8f49,7e6bab01e9d6b0298352c3d96c8f671d95a236c9e60e60360e5c70a016b1f97e,Fixed-Dc,1,0,0.0,0.0,0.0,0,0,0,0
0.0,2000000,1014,7,16100ae9d46dccb7b2b271194f7fc6a944bd715fec6d7ed379f00c9cfa0e8f49,7e6bab01e9d6b0298352c3d96c8f671d95a236c9e60e60360e5c70a016b1f97e,Fixed-Dc,2,0,0.0,0.0,0,0,0,0,0
0.0,2000000,1014,7,16100ae9d46dccb7b2b271194f7fc6a944bd715fec6d7ed379f00c9cfa0e8f49,7e6bab01e9d6b0298352c3d96c8f671d95a236c9e60e60360e5c70a016b1f97e,Fixed-Dc,3,0,0.0,0.0,0,0,0,0,0
0.0,2000000,1014,7,16100ae9d46dccb7b2b271194f7fc6a944bd715fec6d7ed379f00c9cfa0e8f49,7e6bab01e9d6b0298352c3d96c8f671d95a236c9e60e60360e5c70a016b1f97e,Fixed-Dc,4,0,0.0,0.0,0,0,0,0,0
0.0,2000000,1014,7,16100ae9d46dccb7b2b271194f7fc6a944bd715fec6d7ed379f00c9cfa0e8f49,7e6bab01e9d6b0298352c3d96c8f671d95a236c9e60e60360e5c70a016b1f97e,Decoupled,1,0,,,,,,0,0
0.0,2000000,1014,7,16100ae9d46dccb7b2b271194f7fc6a944bd715fec6d7ed379f00c9cfa0e8f49,7e6bab01e9d6b0298352c3d96c8f671d95a236c9e60e60360e5c70a016b1f97e,Decoupled,2,0,,,,,,0,0
0.0,2000000,1014,7,16100ae9d46dccb7b2b271194f7fc6a944bd715fec6d7ed379f00c9cfa0e8f49,7e6bab01e9d6b0298352c3d96c8f671d95a236c9e60e60360e5c70a016b1f97e,Decoupled,3,0,,,,,,0,0
0.0,2000000,1014,7,16100ae9d46dccb7b2b271194f7fc6a944bd715fec6d7ed379f00c9cfa0e8f49,7e6bab01e9d6b0298352c3d96c8f671d95a236c9e60e60360e5c70a016b1f97e,Decoupled,4,0,,,,,,0,0
0.0,2000000,1014,11,16100ae9d46dccb7b2b271194f7fc6a944bd715fec6d7ed379f00c9cfa0e8f49,7e6bab01e9d6b0298352c3d96c8f671d95a236c9e60e60360e5c70a016b1f97e,No-Dq-R,1,0,0.0,0.0,0.0,0,0,0,0
0.0,2000000,1014,11,16100ae9d46dccb7b2b271194f7fc6a944bd715fec6d7ed379f00c9cfa0e8f49,7e6bab01e9d6b0298352c3d96c8f671d95a236c9e60e60360e5c70a016b1f97e,No-Dq-R,2,0,0.0,0.0,0,0,0,0,0
0.0,2000000,1014,11,16100ae9d46dccb7b2b271194f7fc6a944bd715fec6d7ed379f00c9cfa0e8f49,7e6bab01e9d6b0298352c3d96c8f671d95a236c9e60e60360e5c70a016b1f97e,No-Dq-R,3,0,0.0,0.0,0,0,0,0,0
0.0,2000000,1014,11,16100ae9d46dccb7b2b271194f7fc6a944bd715fec6d7ed379f00c9cfa0e8f49,7e6bab01e9d6b0298352c3d96c8f671d95a236c9e60e60360e5c70a016b1f97e,No-Dq-R,4,0,0.0,0.0,0,0,0,0,0
0.0,2000000,1014,11,16100ae9d46dccb7b2b271194f7fc6a944bd715fec6d7ed379f00c9cfa0e8f49,7e6bab01e9d6b0298352c3d96c8f671d95a236c9e60e60360e5c70a016b1f97e,Fixed-Dc,1,0,0.0,0.0,0.0,0,0,0,0
0.0,2000000,1014,11,16100ae9d46dccb7b2b271194f7fc6a944bd715fec6d7ed379f00c9cfa0e8f49,7e6bab01e9d6b0298352c3d96c8f671d95a236c9e60e60360e5c70a016b1f97e,Fixed-Dc,2,0,0.0,0.0,0,0,0,0,0
0.0,2000000,1014,11,16100ae9d46dccb7b2b271194f7fc6a944bd715fec6d7ed379f00c9cfa0e8f49,7e6bab01e9d6b0298352c3d96c8f671d95a236c9e60e60360e5c70a016b1f97e,Fixed-Dc,3,0,0.0,0.0,0,0,0,0,0
0.0,2000000,1014,11,16100ae9d46dccb7b2b271194f7fc6a944bd715fec6d7ed379f00c9cfa0e8f49,7e6bab01e9d6b0298352c3d96c8f671d95a236c9e60e60360e5c70a016b1f97e,Fixed-Dc,4,0,0.0,0.0,0,0,0,0,0
0.0,2000000,1014,11,16100ae9d46dccb7b2b271194f7fc6a944bd715fec6d7ed379f00c9cfa0e8f49,7e6bab01e9d6b0298352c3d96c8f671d95a236c9e60e60360e5c70a016b1f97e,Decoupled,1,0,,,,,,0,0
0.0,2000000,1014,11,16100ae9d46dccb7b2b271194f7fc6a944bd715fec6d7ed379f00c9cfa0e8f49,7e6bab01e9d6b0298352c3d96c8f671d95a236c9e60e60360e5c70a016b1f97e,Decoupled,2,0,,,,,,0,0
0.0,2000000,1014,11,16100ae9d46dccb7b2b271194f7fc6a944bd715fec6d7ed379f00c9cfa0e8f49,7e6bab01e9d6b0298352c3d96c8f671d95a236c9e60e60360e5c70a016b1f97e,Decoupled,3,0,,,,,,0,0
0.0,2000000,1014,11,16100ae9d46dccb7b2b271194f7fc6a944bd715fec6d7ed379f00c9cfa0e8f49,7e6bab01e9d6b0298352c3d96c8f671d95a236c9e60e60360e5c70a016b1f97e,Decoupled,4,0,,,,,,0,0
0.0,2000000,1015,7,4ac3ae3a8e5847d79483419325674bb0a9ed3b285ff56a03769bff99f727693e,7e6bab01e9d6b0298352c3d96c8f671d95a236c9e60e60360e5c70a016b1f97e,No-Dq-R,1,0,0.0,0.0,0.0,0,0,0,0
0.0,2000000,1015,7,4ac3ae3a8e5847d79483419325674bb0a9ed3b285ff56a03769bff99f727693e,7e6bab01e9d6b0298352c3d96c8f671d95a236c9e60e60360e5c70a016b1f97e,No-Dq-R,2,0,0.0,0.0,0,0,0,0,0
0.0,2000000,1015,7,4ac3ae3a8e5847d79483419325674bb0a9ed3b285ff56a03769bff99f727693e,7e6bab01e9d6b0298352c3d96c8f671d95a236c9e60e60360e5c70a016b1f97e,No-Dq-R,3,0,0.0,0.0,0,0,0,0,0
0.0,2000000,1015,7,4ac3ae3a8e5847d79483419325674bb0a9ed3b285ff56a03769bff99f727693e,7e6bab01e9d6b0298352c3d96c8f671d95a236c9e60e60360e5c70a016b1f97e,No-Dq-R,4,0,0.0,0.0,0,0,0,0,0
0.0,2000000,1015,7,4ac3ae3a8e5847d79483419325674bb0a9ed3b285ff56a03769bff99f727693e,7e6bab01e9d6b0298352c3d96c8f671d95a236c9e60e60360e5c70a016b1f97e,Fixed-Dc,1,0,0.0,0.0,0.0,0,0,0,0
0.0,2000000,1015,7,4ac3ae3a8e5847d79483419325674bb0a9ed3b285ff56a03769bff99f727693e,7e6bab01e9d6b0298352c3d96c8f671d95a236c9e60e60360e5c70a016b1f97e,Fixed-Dc,2,0,0.0,0.0,0,0,0,0,0
0.0,2000000,1015,7,4ac3ae3a8e5847d79483419325674bb0a9ed3b285ff56a03769bff99f727693e,7e6bab01e9d6b0298352c3d96c8f671d95a236c9e60e60360e5c70a016b1f97e,Fixed-Dc,3,0,0.0,0.0,0,0,0,0,0
0.0,2000000,1015,7,4ac3ae3a8e5847d79483419325674bb0a9ed3b285ff56a03769bff99f727693e,7e6bab01e9d6b0298352c3d96c8f671d95a236c9e60e60360e5c70a016b1f97e,Fixed-Dc,4,0,0.0,0.0,0,0,0,0,0
0.0,2000000,1015,7,4ac3ae3a8e5847d79483419325674bb0a9ed3b285ff56a03769bff99f727693e,7e6bab01e9d6b0298352c3d96c8f671d95a236c9e60e60360e5c70a016b1f97e,Decoupled,1,0,,,,,,0,0
0.0,2000000,1015,7,4ac3ae3a8e5847d79483419325674bb0a9ed3b285ff56a03769bff99f727693e,7e6bab01e9d6b0298352c3d96c8f671d95a236c9e60e60360e5c70a016b1f97e,Decoupled,2,0,,,,,,0,0
0.0,2000000,1015,7,4ac3ae3a8e5847d79483419325674bb0a9ed3b285ff56a03769bff99f727693e,7e6bab01e9d6b0298352c3d96c8f671d95a236c9e60e60360e5c70a016b1f97e,Decoupled,3,0,,,,,,0,0
0.0,2000000,1015,7,4ac3ae3a8e5847d79483419325674bb0a9ed3b285ff56a03769bff99f727693e,7e6bab01e9d6b0298352c3d96c8f671d95a236c9e60e60360e5c70a016b1f97e,Decoupled,4,0,,,,,,0,0
0.0,2000000,1015,11,4ac3ae3a8e5847d79483419325674bb0a9ed3b285ff56a03769bff99f727693e,7e6bab01e9d6b0298352c3d96c8f671d95a236c9e60e60360e5c70a016b1f97e,No-Dq-R,1,0,0.0,0.0,0.0,0,0,0,0
0.0,2000000,1015,11,4ac3ae3a8e5847d79483419325674bb0a9ed3b285ff56a03769bff99f727693e,7e6bab01e9d6b0298352c3d96c8f671d95a236c9e60e60360e5c70a016b1f97e,No-Dq-R,2,0,0.0,0.0,0,0,0,0,0
0.0,2000000,1015,11,4ac3ae3a8e5847d79483419325674bb0a9ed3b285ff56a03769bff99f727693e,7e6bab01e9d6b0298352c3d96c8f671d95a236c9e60e60360e5c70a016b1f97e,No-Dq-R,3,0,0.0,0.0,0,0,0,0,0
0.0,2000000,1015,11,4ac3ae3a8e5847d79483419325674bb0a9ed3b285ff56a03769bff99f727693e,7e6bab01e9d6b0298352c3d96c8f671d95a236c9e60e60360e5c70a016b1f97e,No-Dq-R,4,0,0.0,0.0,0,0,0,0,0
0.0,2000000,1015,11,4ac3ae3a8e5847d79483419325674bb0a9ed3b285ff56a03769bff99f727693e,7e6bab01e9d6b0298352c3d96c8f671d95a236c9e60e60360e5c70a016b1f97e,Fixed-Dc,1,0,0.0,0.0,0.0,0,0,0,0
0.0,2000000,1015,11,4ac3ae3a8e5847d79483419325674bb0a9ed3b285ff56a03769bff99f727693e,7e6bab01e9d6b0298352c3d96c8f671d95a236c9e60e60360e5c70a016b1f97e,Fixed-Dc,2,0,0.0,0.0,0,0,0,0,0
0.0,2000000,1015,11,4ac3ae3a8e5847d79483419325674bb0a9ed3b285ff56a03769bff99f727693e,7e6bab01e9d6b0298352c3d96c8f671d95a236c9e60e60360e5c70a016b1f97e,Fixed-Dc,3,0,0.0,0.0,0,0,0,0,0
0.0,2000000,1015,11,4ac3ae3a8e5847d79483419325674bb0a9ed3b285ff56a03769bff99f727693e,7e6bab01e9d6b0298352c3d96c8f671d95a236c9e60e60360e5c70a016b1f97e,Fixed-Dc,4,0,0.0,0.0,0,0,0,0,0
0.0,2000000,1015,11,4ac3ae3a8e5847d79483419325674bb0a9ed3b285ff56a03769bff99f727693e,7e6bab01e9d6b0298352c3d96c8f671d95a236c9e60e60360e5c70a016b1f97e,Decoupled,1,0,,,,,,0,0
0.0,2000000,1015,11,4ac3ae3a8e5847d79483419325674bb0a9ed3b285ff56a03769bff99f727693e,7e6bab01e9d6b0298352c3d96c8f671d95a236c9e60e60360e5c70a016b1f97e,Decoupled,2,0,,,,,,0,0
0.0,2000000,1015,11,4ac3ae3a8e5847d79483419325674bb0a9ed3b285ff56a03769bff99f727693e,7e6bab01e9d6b0298352c3d96c8f671d95a236c9e60e60360e5c70a016b1f97e,Decoupled,3,0,,,,,,0,0
0.0,2000000,1015,11,4ac3ae3a8e5847d79483419325674bb0a9ed3b285ff56a03769bff99f727693e,7e6bab01e9d6b0298352c3d96c8f671d95a236c9e60e60360e5c70a016b1f97e,Decoupled,4,0,,,,,,0,0
0.0,2000000,1016,7,ccebebdbf292e5098565022c9cc2ed68e4939d9d531459cfe326b5d5321ae375,7e6bab01e9d6b0298352c3d96c8f671d95a236c9e60e60360e5c70a016b1f97e,No-Dq-R,1,0,0.0,0.0,0.0,0,0,0,0
0.0,2000000,1016,7,ccebebdbf292e5098565022c9cc2ed68e4939d9d531459cfe326b5d5321ae375,7e6bab01e9d6b0298352c3d96c8f671d95a236c9e60e60360e5c70a016b1f97e,No-Dq-R,2,0,0.0,0.0,0,0,0,0,0
0.0,2000000,1016,7,ccebebdbf292e5098565022c9cc2ed68e4939d9d531459cfe326b5d5321ae375,7e6bab01e9d6b0298352c3d96c8f671d95a236c9e60e60360e5c70a016b1f97e,No-Dq-R,3,0,0.0,0.0,0,0,0,0,0
0.0,2000000,1016,7,ccebebdbf292e5098565022c9cc2ed68e4939d9d531459cfe326b5d5321ae375,7e6bab01e9d6b0298352c3d96c8f671d95a236c9e60e60360e5c70a016b1f97e,No-Dq-R,4,0,0.0,0.0,0,0,0,0,0
0.0,2000000,1016,7,ccebebdbf292e5098565022c9cc2ed68e4939d9d531459cfe326b5d5321ae375,7e6bab01e9d6b0298352c3d96c8f671d95a236c9e60e60360e5c70a016b1f97e,Fixed-Dc,1,0,0.0,0.0,0.0,0,0,0,0
0.0,2000000,1016,7,ccebebdbf292e5098565022c9cc2ed68e4939d9d531459cfe326b5d5321ae375,7e6bab01e9d6b0298352c3d96c8f671d95a236c9e60e60360e5c70a016b1f97e,Fixed-Dc,2,0,0.0,0.0,0,0,0,0,0
0.0,2000000,1016,7,ccebebdbf292e5098565022c9cc2ed68e4939d9d531459cfe326b5d5321ae375,7e6bab01e9d6b0298352c3d96c8f671d95a236c9e60e60360e5c70a016b1f97e,Fixed-Dc,3,0,0.0,0.0,0,0,0,0,0
0.0,2000000,1016,7,ccebebdbf292e5098565022c9cc2ed68e4939d9d531459cfe326b5d5321ae375,7e6bab01e9d6b0298352c3d96c8f671d95a236c9e60e60360e5c70a016b1f97e,Fixed-Dc,4,0,0.0,0.0,0,0,0,0,0
0.0,2000000,1016,7,ccebebdbf292e5098565022c9cc2ed68e4939d9d531459cfe326b5d5321ae375,7e6bab01e9d6b0298352c3d96c8f671d95a236c9e60e60360e5c70a016b1f97e,Decoupled,1,0,,,,,,0,0
0.0,2000000,1016,7,ccebebdbf292e5098565022c9cc2ed68e4939d9d531459cfe326b5d5321ae375,7e6bab01e9d6b0298352c3d96c8f671d95a236c9e60e60360e5c70a016b1f97e,Decoupled,2,0,,,,,,0,0
0.0,2000000,1016,7,ccebebdbf292e5098565022c9cc2ed68e4939d9d531459cfe326b5d5321ae375,7e6bab01e9d6b0298352c3d96c8f671d95a236c9e60e60360e5c70a016b1f97e,Decoupled,3,0,,,,,,0,0
0.0,2000000,1016,7,ccebebdbf292e5098565022c9cc2ed68e4939d9d531459cfe326b5d5321ae375,7e6bab01e9d6b0298352c3d96c8f671d95a236c9e60e60360e5c70a016b1f97e,Decoupled,4,0,,,,,,0,0
0.0,2000000,1016,11,ccebebdbf292e5098565022c9cc2ed68e4939d9d531459cfe326b5d5321ae375,7e6bab01e9d6b0298352c3d96c8f671d95a236c9e60e60360e5c70a016b1f97e,No-Dq-R,1,0,0.0,0.0,0.0,0,0,0,0
0.0,2000000,1016,11,ccebebdbf292e5098565022c9cc2ed68e4939d9d531459cfe326b5d5321ae375,7e6bab01e9d6b0298352c3d96c8f671d95a236c9e60e60360e5c70a016b1f97e,No-Dq-R,2,0,0.0,0.0,0,0,0,0,0
0.0,2000000,1016,11,ccebebdbf292e5098565022c9cc2ed68e4939d9d531459cfe326b5d5321ae375,7e6bab01e9d6b0298352c3d96c8f671d95a236c9e60e60360e5c70a016b1f97e,No-Dq-R,3,0,0.0,0.0,0,0,0,0,0
0.0,2000000,1016,11,ccebebdbf292e5098565022c9cc2ed68e4939d9d531459cfe326b5d5321ae375,7e6bab01e9d6b0298352c3d96c8f671d95a236c9e60e60360e5c70a016b1f97e,No-Dq-R,4,0,0.0,0.0,0,0,0,0,0
0.0,2000000,1016,11,ccebebdbf292e5098565022c9cc2ed68e4939d9d531459cfe326b5d5321ae375,7e6bab01e9d6b0298352c3d96c8f671d95a236c9e60e60360e5c70a016b1f97e,Fixed-Dc,1,0,0.0,0.0,0.0,0,0,0,0
0.0,2000000,1016,11,ccebebdbf292e5098565022c9cc2ed68e4939d9d531459cfe326b5d5321ae375,7e6bab01e9d6b0298352c3d96c8f671d95a236c9e60e60360e5c70a016b1f97e,Fixed-Dc,2,0,0.0,0.0,0,0,0,0,0
0.0,2000000,1016,11,ccebebdbf292e5098565022c9cc2ed68e4939d9d531459cfe326b5d5321ae375,7e6bab01e9d6b0298352c3d96c8f671d95a236c9e60e60360e5c70a016b1f97e,Fixed-Dc,3,0,0.0,0.0,0,0,0,0,0
0.0,2000000,1016,11,ccebebdbf292e5098565022c9cc2ed68e4939d9d531459cfe326b5d5321ae375,7e6bab01e9d6b0298352c3d96c8f671d95a236c9e60e60360e5c70a016b1f97e,Fixed-Dc,4,0,0.0,0.0,0,0,0,0,0
0.0,2000000,1016,11,ccebebdbf292e5098565022c9cc2ed68e4939d9d531459cfe326b5d5321ae375,7e6bab01e9d6b0298352c3d96c8f671d95a236c9e60e60360e5c70a016b1f97e,Decoupled,1,0,,,,,,0,0
0.0,2000000,1016,11,ccebebdbf292e5098565022c9cc2ed68e4939d9d531459cfe326b5d5321ae375,7e6bab01e9d6b0298352c3d96c8f671d95a236c9e60e60360e5c70a016b1f97e,Decoupled,2,0,,,,,,0,0
0.0,2000000,1016,11,ccebebdbf292e5098565022c9cc2ed68e4939d9d531459cfe326b5d5321ae375,7e6bab01e9d6b0298352c3d96c8f671d95a236c9e60e60360e5c70a016b1f97e,Decoupled,3,0,,,,,,0,0
0.0,2000000,1016,11,ccebebdbf292e5098565022c9cc2ed68e4939d9d531459cfe326b5d5321ae375,7e6bab01e9d6b0298352c3d96c8f671d95a236c9e60e60360e5c70a016b1f97e,Decoupled,4,0,,,,,,0,0
0.0,2000000,1017,7,daa4f055b7b733c8f0b7fadc7201c2e73ee58ebcaa330e10b2196b0382bb5451,7e6bab01e9d6b0298352c3d96c8f671d95a236c9e60e60360e5c70a016b1f97e,No-Dq-R,1,0,0.0,0.0,0.0,0,0,0,0
0.0,2000000,1017,7,daa4f055b7b733c8f0b7fadc7201c2e73ee58ebcaa330e10b2196b0382bb5451,7e6bab01e9d6b0298352c3d96c8f671d95a236c9e60e60360e5c70a016b1f97e,No-Dq-R,2,0,0.0,0.0,0,0,0,0,0
0.0,2000000,1017,7,daa4f055b7b733c8f0b7fadc7201c2e73ee58ebcaa330e10b2196b0382bb5451,7e6bab01e9d6b0298352c3d96c8f671d95a236c9e60e60360e5c70a016b1f97e,No-Dq-R,3,0,0.0,0.0,0,0,0,0,0
0.0,2000000,1017,7,daa4f055b7b733c8f0b7fadc7201c2e73ee58ebcaa330e10b2196b0382bb5451,7e6bab01e9d6b0298352c3d96c8f671d95a236c9e60e60360e5c70a016b1f97e,No-Dq-R,4,0,0.0,0.0,0,0,0,0,0
0.0,2000000,1017,7,daa4f055b7b733c8f0b7fadc7201c2e73ee58ebcaa330e10b2196b0382bb5451,7e6bab01e9d6b0298352c3d96c8f671d95a236c9e60e60360e5c70a016b1f97e,Fixed-Dc,1,0,0.0,0.0,0.0,0,0,0,0
0.0,2000000,1017,7,daa4f055b7b733c8f0b7fadc7201c2e73ee58ebcaa330e10b2196b0382bb5451,7e6bab01e9d6b0298352c3d96c8f671d95a236c9e60e60360e5c70a016b1f97e,Fixed-Dc,2,0,0.0,0.0,0,0,0,0,0
0.0,2000000,1017,7,daa4f055b7b733c8f0b7fadc7201c2e73ee58ebcaa330e10b2196b0382bb5451,7e6bab01e9d6b0298352c3d96c8f671d95a236c9e60e60360e5c70a016b1f97e,Fixed-Dc,3,0,0.0,0.0,0,0,0,0,0
0.0,2000000,1017,7,daa4f055b7b733c8f0b7fadc7201c2e73ee58ebcaa330e10b2196b0382bb5451,7e6bab01e9d6b0298352c3d96c8f671d95a236c9e60e60360e5c70a016b1f97e,Fixed-Dc,4,0,0.0,0.0,0,0,0,0,0
0.0,2000000,1017,7,daa4f055b7b733c8f0b7fadc7201c2e73ee58ebcaa330e10b2196b0382bb5451,7e6bab01e9d6b0298352c3d96c8f671d95a236c9e60e60360e5c70a016b1f97e,Decoupled,1,0,,,,,,0,0
0.0,2000000,1017,7,daa4f055b7b733c8f0b7fadc7201c2e73ee58ebcaa330e10b2196b0382bb5451,7e6bab01e9d6b0298352c3d96c8f671d95a236c9e60e60360e5c70a016b1f97e,Decoupled,2,0,,,,,,0,0
0.0,2000000,1017,7,daa4f055b7b733c8f0b7fadc7201c2e73ee58ebcaa330e10b2196b0382bb5451,7e6bab01e9d6b0298352c3d96c8f671d95a236c9e60e60360e5c70a016b1f97e,Decoupled,3,0,,,,,,0,0
0.0,2000000,1017,7,daa4f055b7b733c8f0b7fadc7201c2e73ee58ebcaa330e10b2196b0382bb5451,7e6bab01e9d6b0298352c3d96c8f671d95a236c9e60e60360e5c70a016b1f97e,Decoupled,4,0,,,,,,0,0
0.0,2000000,1017,11,daa4f055b7b733c8f0b7fadc7201c2e73ee58ebcaa330e10b2196b0382bb5451,7e6bab01e9d6b0298352c3d96c8f671d95a236c9e60e60360e5c70a016b1f97e,No-Dq-R,1,0,0.0,0.0,0.0,0,0,0,0
0.0,2000000,1017,11,daa4f055b7b733c8f0b7fadc7201c2e73ee58ebcaa330e10b2196b0382bb5451,7e6bab01e9d6b0298352c3d96c8f671d95a236c9e60e60360e5c70a016b1f97e,No-Dq-R,2,0,0.0,0.0,0,0,0,0,0
0.0,2000000,1017,11,daa4f055b7b733c8f0b7fadc7201c2e73ee58ebcaa330e10b2196b0382bb5451,7e6bab01e9d6b0298352c3d96c8f671d95a236c9e60e60360e5c70a016b1f97e,No-Dq-R,3,0,0.0,0.0,0,0,0,0,0
0.0,2000000,1017,11,daa4f055b7b733c8f0b7fadc7201c2e73ee58ebcaa330e10b2196b0382bb5451,7e6bab01e9d6b0298352c3d96c8f671d95a236c9e60e60360e5c70a016b1f97e,No-Dq-R,4,0,0.0,0.0,0,0,0,0,0
0.0,2000000,1017,11,daa4f055b7b733c8f0b7fadc7201c2e73ee58ebcaa330e10b2196b0382bb5451,7e6bab01e9d6b0298352c3d96c8f671d95a236c9e60e60360e5c70a016b1f97e,Fixed-Dc,1,0,0.0,0.0,0.0,0,0,0,0
0.0,2000000,1017,11,daa4f055b7b733c8f0b7fadc7201c2e73ee58ebcaa330e10b2196b0382bb5451,7e6bab01e9d6b0298352c3d96c8f671d95a236c9e60e60360e5c70a016b1f97e,Fixed-Dc,2,0,0.0,0.0,0,0,0,0,0
0.0,2000000,1017,11,daa4f055b7b733c8f0b7fadc7201c2e73ee58ebcaa330e10b2196b0382bb5451,7e6bab01e9d6b0298352c3d96c8f671d95a236c9e60e60360e5c70a016b1f97e,Fixed-Dc,3,0,0.0,0.0,0,0,0,0,0
0.0,2000000,1017,11,daa4f055b7b733c8f0b7fadc7201c2e73ee58ebcaa330e10b2196b0382bb5451,7e6bab01e9d6b0298352c3d96c8f671d95a236c9e60e60360e5c70a016b1f97e,Fixed-Dc,4,0,0.0,0.0,0,0,0,0,0
0.0,2000000,1017,11,daa4f055b7b733c8f0b7fadc7201c2e73ee58ebcaa330e10b2196b0382bb5451,7e6bab01e9d6b0298352c3d96c8f671d95a236c9e60e60360e5c70a016b1f97e,Decoupled,1,0,,,,,,0,0
0.0,2000000,1017,11,daa4f055b7b733c8f0b7fadc7201c2e73ee58ebcaa330e10b2196b0382bb5451,7e6bab01e9d6b0298352c3d96c8f671d95a236c9e60e60360e5c70a016b1f97e,Decoupled,2,0,,,,,,0,0
0.0,2000000,1017,11,daa4f055b7b733c8f0b7fadc7201c2e73ee58ebcaa330e10b2196b0382bb5451,7e6bab01e9d6b0298352c3d96c8f671d95a236c9e60e60360e5c70a016b1f97e,Decoupled,3,0,,,,,,0,0
0.0,2000000,1017,11,daa4f055b7b733c8f0b7fadc7201c2e73ee58ebcaa330e10b2196b0382bb5451,7e6bab01e9d6b0298352c3d96c8f671d95a236c9e60e60360e5c70a016b1f97e,Decoupled,4,0,,,,,,0,0
0.0,2000000,1018,7,354ef8298404997ad6754ea47d690d7cb8bc632981b72caa9e16d3c2a24365fc,7e6bab01e9d6b0298352c3d96c8f671d95a236c9e60e60360e5c70a016b1f97e,No-Dq-R,1,0,0.0,0.0,0.0,0,0,0,0
0.0,2000000,1018,7,354ef8298404997ad6754ea47d690d7cb8bc632981b72caa9e16d3c2a24365fc,7e6bab01e9d6b0298352c3d96c8f671d95a236c9e60e60360e5c70a016b1f97e,No-Dq-R,2,0,0.0,0.0,0,0,0,0,0
0.0,2000000,1018,7,354ef8298404997ad6754ea47d690d7cb8bc632981b72caa9e16d3c2a24365fc,7e6bab01e9d6b0298352c3d96c8f671d95a236c9e60e60360e5c70a016b1f97e,No-Dq-R,3,0,0.0,0.0,0,0,0,0,0
0.0,2000000,1018,7,354ef8298404997ad6754ea47d690d7cb8bc632981b72caa9e16d3c2a24365fc,7e6bab01e9d6b0298352c3d96c8f671d95a236c9e60e60360e5c70a016b1f97e,No-Dq-R,4,0,0.0,0.0,0,0,0,0,0
0.0,2000000,1018,7,354ef8298404997ad6754ea47d690d7cb8bc632981b72caa9e16d3c2a24365fc,7e6bab01e9d6b0298352c3d96c8f671d95a236c9e60e60360e5c70a016b1f97e,Fixed-Dc,1,0,0.0,0.0,0.0,0,0,0,0
0.0,2000000,1018,7,354ef8298404997ad6754ea47d690d7cb8bc632981b72caa9e16d3c2a24365fc,7e6bab01e9d6b0298352c3d96c8f671d95a236c9e60e60360e5c70a016b1f97e,Fixed-Dc,2,0,0.0,0.0,0,0,0,0,0
0.0,2000000,1018,7,354ef8298404997ad6754ea47d690d7cb8bc632981b72caa9e16d3c2a24365fc,7e6bab01e9d6b0298352c3d96c8f671d95a236c9e60e60360e5c70a016b1f97e,Fixed-Dc,3,0,0.0,0.0,0,0,0,0,0
0.0,2000000,1018,7,354ef8298404997ad6754ea47d690d7cb8bc632981b72caa9e16d3c2a24365fc,7e6bab01e9d6b0298352c3d96c8f671d95a236c9e60e60360e5c70a016b1f97e,Fixed-Dc,4,0,0.0,0.0,0,0,0,0,0
0.0,2000000,1018,7,354ef8298404997ad6754ea47d690d7cb8bc632981b72caa9e16d3c2a24365fc,7e6bab01e9d6b0298352c3d96c8f671d95a236c9e60e60360e5c70a016b1f97e,Decoupled,1,0,,,,,,0,0
0.0,2000000,1018,7,354ef8298404997ad6754ea47d690d7cb8bc632981b72caa9e16d3c2a24365fc,7e6bab01e9d6b0298352c3d96c8f671d95a236c9e60e60360e5c70a016b1f97e,Decoupled,2,0,,,,,,0,0
0.0,2000000,1018,7,354ef8298404997ad6754ea47d690d7cb8bc632981b72caa9e16d3c2a24365fc,7e6bab01e9d6b0298352c3d96c8f671d95a236c9e60e60360e5c70a016b1f97e,Decoupled,3,0,,,,,,0,0
0.0,2000000,1018,7,354ef8298404997ad6754ea47d690d7cb8bc632981b72caa9e16d3c2a24365fc,7e6bab01e9d6b0298352c3d96c8f671d95a236c9e60e60360e5c70a016b1f97e,Decoupled,4,0,,,,,,0,0
0.0,2000000,1018,11,354ef8298404997ad6754ea47d690d7cb8bc632981b72caa9e16d3c2a24365fc,7e6bab01e9d6b0298352c3d96c8f671d95a236c9e60e60360e5c70a016b1f97e,No-Dq-R,1,0,0.0,0.0,0.0,0,0,0,0
0.0,2000000,1018,11,354ef8298404997ad6754ea47d690d7cb8bc632981b72caa9e16d3c2a24365fc,7e6bab01e9d6b0298352c3d96c8f671d95a236c9e60e60360e5c70a016b1f97e,No-Dq-R,2,0,0.0,0.0,0,0,0,0,0
0.0,2000000,1018,11,354ef8298404997ad6754ea47d690d7cb8bc632981b72caa9e16d3c2a24365fc,7e6bab01e9d6b0298352c3d96c8f671d95a236c9e60e60360e5c70a016b1f97e,No-Dq-R,3,0,0.0,0.0,0,0,0,0,0
0.0,2000000,1018,11,354ef8298404997ad6754ea47d690d7cb8bc632981b72caa9e16d3c2a24365fc,7e6bab01e9d6b0298352c3d96c8f671d95a236c9e60e60360e5c70a016b1f97e,No-Dq-R,4,0,0.0,0.0,0,0,0,0,0
0.0,2000000,1018,11,354ef8298404997ad6754ea47d690d7cb8bc632981b72caa9e16d3c2a24365fc,7e6bab01e9d6b0298352c3d96c8f671d95a236c9e60e60360e5c70a016b1f97e,Fixed-Dc,1,0,0.0,0.0,0.0,0,0,0,0
0.0,2000000,1018,11,354ef8298404997ad6754ea47d690d7cb8bc632981b72caa9e16d3c2a24365fc,7e6bab01e9d6b0298352c3d96c8f671d95a236c9e60e60360e5c70a016b1f97e,Fixed-Dc,2,0,0.0,0.0,0,0,0,0,0
0.0,2000000,1018,11,354ef8298404997ad6754ea47d690d7cb8bc632981b72caa9e16d3c2a24365fc,7e6bab01e9d6b0298352c3d96c8f671d95a236c9e60e60360e5c70a016b1f97e,Fixed-Dc,3,0,0.0,0.0,0,0,0,0,0
0.0,2000000,1018,11,354ef8298404997ad6754ea47d690d7cb8bc632981b72caa9e16d3c2a24365fc,7e6bab01e9d6b0298352c3d96c8f671d95a236c9e60e60360e5c70a016b1f97e,Fixed-Dc,4,0,0.0,0.0,0,0,0,0,0
0.0,2000000,1018,11,354ef8298404997ad6754ea47d690d7cb8bc632981b72caa9e16d3c2a24365fc,7e6bab01e9d6b0298352c3d96c8f671d95a236c9e60e60360e5c70a016b1f97e,Decoupled,1,0,,,,,,0,0
0.0,2000000,1018,11,354ef8298404997ad6754ea47d690d7cb8bc632981b72caa9e16d3c2a24365fc,7e6bab01e9d6b0298352c3d96c8f671d95a236c9e60e60360e5c70a016b1f97e,Decoupled,2,0,,,,,,0,0
0.0,2000000,1018,11,354ef8298404997ad6754ea47d690d7cb8bc632981b72caa9e16d3c2a24365fc,7e6bab01e9d6b0298352c3d96c8f671d95a236c9e60e60360e5c70a016b1f97e,Decoupled,3,0,,,,,,0,0
0.0,2000000,1018,11,354ef8298404997ad6754ea47d690d7cb8bc632981b72caa9e16d3c2a24365fc,7e6bab01e9d6b0298352c3d96c8f671d95a236c9e60e60360e5c70a016b1f97e,Decoupled,4,0,,,,,,0,0
0.0,2000000,1019,7,6ab477dc48c8c507a9cc3f799009d1f396d421924ecadd50db8203195184e4dd,7e6bab01e9d6b0298352c3d96c8f671d95a236c9e60e60360e5c70a016b1f97e,No-Dq-R,1,0,0.0,0.0,0.0,0,0,0,0
0.0,2000000,1019,7,6ab477dc48c8c507a9cc3f799009d1f396d421924ecadd50db8203195184e4dd,7e6bab01e9d6b0298352c3d96c8f671d95a236c9e60e60360e5c70a016b1f97e,No-Dq-R,2,0,0.0,0.0,0,0,0,0,0
0.0,2000000,1019,7,6ab477dc48c8c507a9cc3f799009d1f396d421924ecadd50db8203195184e4dd,7e6bab01e9d6b0298352c3d96c8f671d95a236c9e60e60360e5c70a016b1f97e,No-Dq-R,3,0,0.0,0.0,0,0,0,0,0
0.0,2000000,1019,7,6ab477dc48c8c507a9cc3f799009d1f396d421924ecadd50db8203195184e4dd,7e6bab01e9d6b0298352c3d96c8f671d95a236c9e60e60360e5c70a016b1f97e,No-Dq-R,4,0,0.0,0.0,0,0,0,0,0
0.0,2000000,1019,7,6ab477dc48c8c507a9cc3f799009d1f396d421924ecadd50db8203195184e4dd,7e6bab01e9d6b0298352c3d96c8f671d95a236c9e60e60360e5c70a016b1f97e,Fixed-Dc,1,0,0.0,0.0,0.0,0,0,0,0
0.0,2000000,1019,7,6ab477dc48c8c507a9cc3f799009d1f396d421924ecadd50db8203195184e4dd,7e6bab01e9d6b0298352c3d96c8f671d95a236c9e60e60360e5c70a016b1f97e,Fixed-Dc,2,0,0.0,0.0,0,0,0,0,0
0.0,2000000,1019,7,6ab477dc48c8c507a9cc3f799009d1f396d421924ecadd50db8203195184e4dd,7e6bab01e9d6b0298352c3d96c8f671d95a236c9e60e60360e5c70a016b1f97e,Fixed-Dc,3,0,0.0,0.0,0,0,0,0,0
0.0,2000000,1019,7,6ab477dc48c8c507a9cc3f799009d1f396d421924ecadd50db8203195184e4dd,7e6bab01e9d6b0298352c3d96c8f671d95a236c9e60e60360e5c70a016b1f97e,Fixed-Dc,4,0,0.0,0.0,0,0,0,0,0
0.0,2000000,1019,7,6ab477dc48c8c507a9cc3f799009d1f396d421924ecadd50db8203195184e4dd,7e6bab01e9d6b0298352c3d96c8f671d95a236c9e60e60360e5c70a016b1f97e,Decoupled,1,0,,,,,,0,0
0.0,2000000,1019,7,6ab477dc48c8c507a9cc3f799009d1f396d421924ecadd50db8203195184e4dd,7e6bab01e9d6b0298352c3d96c8f671d95a236c9e60e60360e5c70a016b1f97e,Decoupled,2,0,,,,,,0,0
0.0,2000000,1019,7,6ab477dc48c8c507a9cc3f799009d1f396d421924ecadd50db8203195184e4dd,7e6bab01e9d6b0298352c3d96c8f671d95a236c9e60e60360e5c70a016b1f97e,Decoupled,3,0,,,,,,0,0
0.0,2000000,1019,7,6ab477dc48c8c507a9cc3f799009d1f396d421924ecadd50db8203195184e4dd,7e6bab01e9d6b0298352c3d96c8f671d95a236c9e60e60360e5c70a016b1f97e,Decoupled,4,0,,,,,,0,0
0.0,2000000,1019,11,6ab477dc48c8c507a9cc3f799009d1f396d421924ecadd50db8203195184e4dd,7e6bab01e9d6b0298352c3d96c8f671d95a236c9e60e60360e5c70a016b1f97e,No-Dq-R,1,0,0.0,0.0,0.0,0,0,0,0
0.0,2000000,1019,11,6ab477dc48c8c507a9cc3f799009d1f396d421924ecadd50db8203195184e4dd,7e6bab01e9d6b0298352c3d96c8f671d95a236c9e60e60360e5c70a016b1f97e,No-Dq-R,2,0,0.0,0.0,0,0,0,0,0
0.0,2000000,1019,11,6ab477dc48c8c507a9cc3f799009d1f396d421924ecadd50db8203195184e4dd,7e6bab01e9d6b0298352c3d96c8f671d95a236c9e60e60360e5c70a016b1f97e,No-Dq-R,3,0,0.0,0.0,0,0,0,0,0
0.0,2000000,1019,11,6ab477dc48c8c507a9cc3f799009d1f396d421924ecadd50db8203195184e4dd,7e6bab01e9d6b0298352c3d96c8f671d95a236c9e60e60360e5c70a016b1f97e,No-Dq-R,4,0,0.0,0.0,0,0,0,0,0
0.0,2000000,1019,11,6ab477dc48c8c507a9cc3f799009d1f396d421924ecadd50db8203195184e4dd,7e6bab01e9d6b0298352c3d96c8f671d95a236c9e60e60360e5c70a016b1f97e,Fixed-Dc,1,0,0.0,0.0,0.0,0,0,0,0
0.0,2000000,1019,11,6ab477dc48c8c507a9cc3f799009d1f396d421924ecadd50db8203195184e4dd,7e6bab01e9d6b0298352c3d96c8f671d95a236c9e60e60360e5c70a016b1f97e,Fixed-Dc,2,0,0.0,0.0,0,0,0,0,0
0.0,2000000,1019,11,6ab477dc48c8c507a9cc3f799009d1f396d421924ecadd50db8203195184e4dd,7e6bab01e9d6b0298352c3d96c8f671d95a236c9e60e60360e5c70a016b1f97e,Fixed-Dc,3,0,0.0,0.0,0,0,0,0,0
0.0,2000000,1019,11,6ab477dc48c8c507a9cc3f799009d1f396d421924ecadd50db8203195184e4dd,7e6bab01e9d6b0298352c3d96c8f671d95a236c9e60e60360e5c70a016b1f97e,Fixed-Dc,4,0,0.0,0.0,0,0,0,0,0
0.0,2000000,1019,11,6ab477dc48c8c507a9cc3f799009d1f396d421924ecadd50db8203195184e4dd,7e6bab01e9d6b0298352c3d96c8f671d95a236c9e60e60360e5c70a016b1f97e,Decoupled,1,0,,,,,,0,0
0.0,2000000,1019,11,6ab477dc48c8c507a9cc3f799009d1f396d421924ecadd50db8203195184e4dd,7e6bab01e9d6b0298352c3d96c8f671d95a236c9e60e60360e5c70a016b1f97e,Decoupled,2,0,,,,,,0,0
0.0,2000000,1019,11,6ab477dc48c8c507a9cc3f799009d1f396d421924ecadd50db8203195184e4dd,7e6bab01e9d6b0298352c3d96c8f671d95a236c9e60e60360e5c70a016b1f97e,Decoupled,3,0,,,,,,0,0
0.0,2000000,1019,11,6ab477dc48c8c507a9cc3f799009d1f396d421924ecadd50db8203195184e4dd,7e6bab01e9d6b0298352c3d96c8f671d95a236c9e60e60360e5c70a016b1f97e,Decoupled,4,0,,,,,,0,0
0.0,2000000,1020,7,a4f96485c12cf25bd989fa41a9ff92dc5c3ae630ba93e0d9d37e160cb761b56e,7e6bab01e9d6b0298352c3d96c8f671d95a236c9e60e60360e5c70a016b1f97e,No-Dq-R,1,0,0.0,0.0,0.0,0,0,0,0
0.0,2000000,1020,7,a4f96485c12cf25bd989fa41a9ff92dc5c3ae630ba93e0d9d37e160cb761b56e,7e6bab01e9d6b0298352c3d96c8f671d95a236c9e60e60360e5c70a016b1f97e,No-Dq-R,2,0,0.0,0.0,0,0,0,0,0
0.0,2000000,1020,7,a4f96485c12cf25bd989fa41a9ff92dc5c3ae630ba93e0d9d37e160cb761b56e,7e6bab01e9d6b0298352c3d96c8f671d95a236c9e60e60360e5c70a016b1f97e,No-Dq-R,3,0,0.0,0.0,0,0,0,0,0
0.0,2000000,1020,7,a4f96485c12cf25bd989fa41a9ff92dc5c3ae630ba93e0d9d37e160cb761b56e,7e6bab01e9d6b0298352c3d96c8f671d95a236c9e60e60360e5c70a016b1f97e,No-Dq-R,4,0,0.0,0.0,0,0,0,0,0
0.0,2000000,1020,7,a4f96485c12cf25bd989fa41a9ff92dc5c3ae630ba93e0d9d37e160cb761b56e,7e6bab01e9d6b0298352c3d96c8f671d95a236c9e60e60360e5c70a016b1f97e,Fixed-Dc,1,0,0.0,0.0,0.0,0,0,0,0
0.0,2000000,1020,7,a4f96485c12cf25bd989fa41a9ff92dc5c3ae630ba93e0d9d37e160cb761b56e,7e6bab01e9d6b0298352c3d96c8f671d95a236c9e60e60360e5c70a016b1f97e,Fixed-Dc,2,0,0.0,0.0,0,0,0,0,0
0.0,2000000,1020,7,a4f96485c12cf25bd989fa41a9ff92dc5c3ae630ba93e0d9d37e160cb761b56e,7e6bab01e9d6b0298352c3d96c8f671d95a236c9e60e60360e5c70a016b1f97e,Fixed-Dc,3,0,0.0,0.0,0,0,0,0,0
0.0,2000000,1020,7,a4f96485c12cf25bd989fa41a9ff92dc5c3ae630ba93e0d9d37e160cb761b56e,7e6bab01e9d6b0298352c3d96c8f671d95a236c9e60e60360e5c70a016b1f97e,Fixed-Dc,4,0,0.0,0.0,0,0,0,0,0
0.0,2000000,1020,7,a4f96485c12cf25bd989fa41a9ff92dc5c3ae630ba93e0d9d37e160cb761b56e,7e6bab01e9d6b0298352c3d96c8f671d95a236c9e60e60360e5c70a016b1f97e,Decoupled,1,0,,,,,,0,0
0.0,2000000,1020,7,a4f96485c12cf25bd989fa41a9ff92dc5c3ae630ba93e0d9d37e160cb761b56e,7e6bab01e9d6b0298352c3d96c8f671d95a236c9e60e60360e5c70a016b1f97e,Decoupled,2,0,,,,,,0,0
0.0,2000000,1020,7,a4f96485c12cf25bd989fa41a9ff92dc5c3ae630ba93e0d9d37e160cb761b56e,7e6bab01e9d6b0298352c3d96c8f671d95a236c9e60e60360e5c70a016b1f97e,Decoupled,3,0,,,,,,0,0
0.0,2000000,1020,7,a4f96485c12cf25bd989fa41a9ff92dc5c3ae630ba93e0d9d37e160cb761b56e,7e6bab01e9d6b0298352c3d96c8f671d95a236c9e60e60360e5c70a016b1f97e,Decoupled,4,0,,,,,,0,0
0.0,2000000,1020,11,a4f96485c12cf25bd989fa41a9ff92dc5c3ae630ba93e0d9d37e160cb761b56e,7e6bab01e9d6b0298352c3d96c8f671d95a236c9e60e60360e5c70a016b1f97e,No-Dq-R,1,0,0.0,0.0,0.0,0,0,0,0
0.0,2000000,1020,11,a4f96485c12cf25bd989fa41a9ff92dc5c3ae630ba93e0d9d37e160cb761b56e,7e6bab01e9d6b0298352c3d96c8f671d95a236c9e60e60360e5c70a016b1f97e,No-Dq-R,2,0,0.0,0.0,0,0,0,0,0
0.0,2000000,1020,11,a4f96485c12cf25bd989fa41a9ff92dc5c3ae630ba93e0d9d37e160cb761b56e,7e6bab01e9d6b0298352c3d96c8f671d95a236c9e60e60360e5c70a016b1f97e,No-Dq-R,3,0,0.0,0.0,0,0,0,0,0
0.0,2000000,1020,11,a4f96485c12cf25bd989fa41a9ff92dc5c3ae630ba93e0d9d37e160cb761b56e,7e6bab01e9d6b0298352c3d96c8f671d95a236c9e60e60360e5c70a016b1f97e,No-Dq-R,4,0,0.0,0.0,0,0,0,0,0
0.0,2000000,1020,11,a4f96485c12cf25bd989fa41a9ff92dc5c3ae630ba93e0d9d37e160cb761b56e,7e6bab01e9d6b0298352c3d96c8f671d95a236c9e60e60360e5c70a016b1f97e,Fixed-Dc,1,0,0.0,0.0,0.0,0,0,0,0
0.0,2000000,1020,11,a4f96485c12cf25bd989fa41a9ff92dc5c3ae630ba93e0d9d37e160cb761b56e,7e6bab01e9d6b0298352c3d96c8f671d95a236c9e60e60360e5c70a016b1f97e,Fixed-Dc,2,0,0.0,0.0,0,0,0,0,0
0.0,2000000,1020,11,a4f96485c12cf25bd989fa41a9ff92dc5c3ae630ba93e0d9d37e160cb761b56e,7e6bab01e9d6b0298352c3d96c8f671d95a236c9e60e60360e5c70a016b1f97e,Fixed-Dc,3,0,0.0,0.0,0,0,0,0,0
0.0,2000000,1020,11,a4f96485c12cf25bd989fa41a9ff92dc5c3ae630ba93e0d9d37e160cb761b56e,7e6bab01e9d6b0298352c3d96c8f671d95a236c9e60e60360e5c70a016b1f97e,Fixed-Dc,4,0,0.0,0.0,0,0,0,0,0
0.0,2000000,1020,11,a4f96485c12cf25bd989fa41a9ff92dc5c3ae630ba93e0d9d37e160cb761b56e,7e6bab01e9d6b0298352c3d96c8f671d95a236c9e60e60360e5c70a016b1f97e,Decoupled,1,0,,,,,,0,0
0.0,2000000,1020,11,a4f96485c12cf25bd989fa41a9ff92dc5c3ae630ba93e0d9d37e160cb761b56e,7e6bab01e9d6b0298352c3d96c8f671d95a236c9e60e60360e5c70a016b1f97e,Decoupled,2,0,,,,,,0,0
0.0,2000000,1020,11,a4f96485c12cf25bd989fa41a9ff92dc5c3ae630ba93e0d9d37e160cb761b56e,7e6bab01e9d6b0298352c3d96c8f671d95a236c9e60e60360e5c70a016b1f97e,Decoupled,3,0,,,,,,0,0
0.0,2000000,1020,11,a4f96485c12cf25bd989fa41a9ff92dc5c3ae630ba93e0d9d37e160cb761b56e,7e6bab01e9d6b0298352c3d96c8f671d95a236c9e60e60360e5c70a016b1f97e,Decoupled,4,0,,,,,,0,0
0.0,2000000,1021,7,7b91932b04bcbfc25b217c1cfeb3ce2c5bdbb7ccb6522bac0a243efb6c88b48b,7e6bab01e9d6b0298352c3d96c8f671d95a236c9e60e60360e5c70a016b1f97e,No-Dq-R,1,0,0.0,0.0,0.0,0,0,0,0
0.0,2000000,1021,7,7b91932b04bcbfc25b217c1cfeb3ce2c5bdbb7ccb6522bac0a243efb6c88b48b,7e6bab01e9d6b0298352c3d96c8f671d95a236c9e60e60360e5c70a016b1f97e,No-Dq-R,2,0,0.0,0.0,0,0,0,0,0
0.0,2000000,1021,7,7b91932b04bcbfc25b217c1cfeb3ce2c5bdbb7ccb6522bac0a243efb6c88b48b,7e6bab01e9d6b0298352c3d96c8f671d95a236c9e60e60360e5c70a016b1f97e,No-Dq-R,3,0,0.0,0.0,0,0,0,0,0
0.0,2000000,1021,7,7b91932b04bcbfc25b217c1cfeb3ce2c5bdbb7ccb6522bac0a243efb6c88b48b,7e6bab01e9d6b0298352c3d96c8f671d95a236c9e60e60360e5c70a016b1f97e,No-Dq-R,4,0,0.0,0.0,0,0,0,0,0
0.0,2000000,1021,7,7b91932b04bcbfc25b217c1cfeb3ce2c5bdbb7ccb6522bac0a243efb6c88b48b,7e6bab01e9d6b0298352c3d96c8f671d95a236c9e60e60360e5c70a016b1f97e,Fixed-Dc,1,0,0.0,0.0,0.0,0,0,0,0
0.0,2000000,1021,7,7b91932b04bcbfc25b217c1cfeb3ce2c5bdbb7ccb6522bac0a243efb6c88b48b,7e6bab01e9d6b0298352c3d96c8f671d95a236c9e60e60360e5c70a016b1f97e,Fixed-Dc,2,0,0.0,0.0,0,0,0,0,0
0.0,2000000,1021,7,7b91932b04bcbfc25b217c1cfeb3ce2c5bdbb7ccb6522bac0a243efb6c88b48b,7e6bab01e9d6b0298352c3d96c8f671d95a236c9e60e60360e5c70a016b1f97e,Fixed-Dc,3,0,0.0,0.0,0,0,0,0,0
0.0,2000000,1021,7,7b91932b04bcbfc25b217c1cfeb3ce2c5bdbb7ccb6522bac0a243efb6c88b48b,7e6bab01e9d6b0298352c3d96c8f671d95a236c9e60e60360e5c70a016b1f97e,Fixed-Dc,4,0,0.0,0.0,0,0,0,0,0
0.0,2000000,1021,7,7b91932b04bcbfc25b217c1cfeb3ce2c5bdbb7ccb6522bac0a243efb6c88b48b,7e6bab01e9d6b0298352c3d96c8f671d95a236c9e60e60360e5c70a016b1f97e,Decoupled,1,0,,,,,,0,0
0.0,2000000,1021,7,7b91932b04bcbfc25b217c1cfeb3ce2c5bdbb7ccb6522bac0a243efb6c88b48b,7e6bab01e9d6b0298352c3d96c8f671d95a236c9e60e60360e5c70a016b1f97e,Decoupled,2,0,,,,,,0,0
0.0,2000000,1021,7,7b91932b04bcbfc25b217c1cfeb3ce2c5bdbb7ccb6522bac0a243efb6c88b48b,7e6bab01e9d6b0298352c3d96c8f671d95a236c9e60e60360e5c70a016b1f97e,Decoupled,3,0,,,,,,0,0
0.0,2000000,1021,7,7b91932b04bcbfc25b217c1cfeb3ce2c5bdbb7ccb6522bac0a243efb6c88b48b,7e6bab01e9d6b0298352c3d96c8f671d95a236c9e60e60360e5c70a016b1f97e,Decoupled,4,0,,,,,,0,0
0.0,2000000,1021,11,7b91932b04bcbfc25b217c1cfeb3ce2c5bdbb7ccb6522bac0a243efb6c88b48b,7e6bab01e9d6b0298352c3d96c8f671d95a236c9e60e60360e5c70a016b1f97e,No-Dq-R,1,0,0.0,0.0,0.0,0,0,0,0
0.0,2000000,1021,11,7b91932b04bcbfc25b217c1cfeb3ce2c5bdbb7ccb6522bac0a243efb6c88b48b,7e6bab01e9d6b0298352c3d96c8f671d95a236c9e60e60360e5c70a016b1f97e,No-Dq-R,2,0,0.0,0.0,0,0,0,0,0
0.0,2000000,1021,11,7b91932b04bcbfc25b217c1cfeb3ce2c5bdbb7ccb6522bac0a243efb6c88b48b,7e6bab01e9d6b0298352c3d96c8f671d95a236c9e60e60360e5c70a016b1f97e,No-Dq-R,3,0,0.0,0.0,0,0,0,0,0
0.0,2000000,1021,11,7b91932b04bcbfc25b217c1cfeb3ce2c5bdbb7ccb6522bac0a243efb6c88b48b,7e6bab01e9d6b0298352c3d96c8f671d95a236c9e60e60360e5c70a016b1f97e,No-Dq-R,4,0,0.0,0.0,0,0,0,0,0
0.0,2000000,1021,11,7b91932b04bcbfc25b217c1cfeb3ce2c5bdbb7ccb6522bac0a243efb6c88b48b,7e6bab01e9d6b0298352c3d96c8f671d95a236c9e60e60360e5c70a016b1f97e,Fixed-Dc,1,0,0.0,0.0,0.0,0,0,0,0
0.0,2000000,1021,11,7b91932b04bcbfc25b217c1cfeb3ce2c5bdbb7ccb6522bac0a243efb6c88b48b,7e6bab01e9d6b0298352c3d96c8f671d95a236c9e60e60360e5c70a016b1f97e,Fixed-Dc,2,0,0.0,0.0,0,0,0,0,0
0.0,2000000,1021,11,7b91932b04bcbfc25b217c1cfeb3ce2c5bdbb7ccb6522bac0a243efb6c88b48b,7e6bab01e9d6b0298352c3d96c8f671d95a236c9e60e60360e5c70a016b1f97e,Fixed-Dc,3,0,0.0,0.0,0,0,0,0,0
0.0,2000000,1021,11,7b91932b04bcbfc25b217c1cfeb3ce2c5bdbb7ccb6522bac0a243efb6c88b48b,7e6bab01e9d6b0298352c3d96c8f671d95a236c9e60e60360e5c70a016b1f97e,Fixed-Dc,4,0,0.0,0.0,0,0,0,0,0
0.0,2000000,1021,11,7b91932b04bcbfc25b217c1cfeb3ce2c5bdbb7ccb6522bac0a243efb6c88b48b,7e6bab01e9d6b0298352c3d96c8f671d95a236c9e60e60360e5c70a016b1f97e,Decoupled,1,0,,,,,,0,0
0.0,2000000,1021,11,7b91932b04bcbfc25b217c1cfeb3ce2c5bdbb7ccb6522bac0a243efb6c88b48b,7e6bab01e9d6b0298352c3d96c8f671d95a236c9e60e60360e5c70a016b1f97e,Decoupled,2,0,,,,,,0,0
0.0,2000000,1021,11,7b91932b04bcbfc25b217c1cfeb3ce2c5bdbb7ccb6522bac0a243efb6c88b48b,7e6bab01e9d6b0298352c3d96c8f671d95a236c9e60e60360e5c70a016b1f97e,Decoupled,3,0,,,,,,0,0
0.0,2000000,1021,11,7b91932b04bcbfc25b217c1cfeb3ce2c5bdbb7ccb6522bac0a243efb6c88b48b,7e6bab01e9d6b0298352c3d96c8f671d95a236c9e60e60360e5c70a016b1f97e,Decoupled,4,0,,,,,,0,0
0.0,2000000,1022,7,bfbc504caf19c968a72be9a217cf69853ee1fff55284a964a2980e7a7d778534,7e6bab01e9d6b0298352c3d96c8f671d95a236c9e60e60360e5c70a016b1f97e,No-Dq-R,1,0,0.0,0.0,0.0,0,0,0,0
0.0,2000000,1022,7,bfbc504caf19c968a72be9a217cf69853ee1fff55284a964a2980e7a7d778534,7e6bab01e9d6b0298352c3d96c8f671d95a236c9e60e60360e5c70a016b1f97e,No-Dq-R,2,0,0.0,0.0,0,0,0,0,0
0.0,2000000,1022,7,bfbc504caf19c968a72be9a217cf69853ee1fff55284a964a2980e7a7d778534,7e6bab01e9d6b0298352c3d96c8f671d95a236c9e60e60360e5c70a016b1f97e,No-Dq-R,3,0,0.0,0.0,0,0,0,0,0
0.0,2000000,1022,7,bfbc504caf19c968a72be9a217cf69853ee1fff55284a964a2980e7a7d778534,7e6bab01e9d6b0298352c3d96c8f671d95a236c9e60e60360e5c70a016b1f97e,No-Dq-R,4,0,0.0,0.0,0,0,0,0,0
0.0,2000000,1022,7,bfbc504caf19c968a72be9a217cf69853ee1fff55284a964a2980e7a7d778534,7e6bab01e9d6b0298352c3d96c8f671d95a236c9e60e60360e5c70a016b1f97e,Fixed-Dc,1,0,0.0,0.0,0.0,0,0,0,0
0.0,2000000,1022,7,bfbc504caf19c968a72be9a217cf69853ee1fff55284a964a2980e7a7d778534,7e6bab01e9d6b0298352c3d96c8f671d95a236c9e60e60360e5c70a016b1f97e,Fixed-Dc,2,0,0.0,0.0,0,0,0,0,0
0.0,2000000,1022,7,bfbc504caf19c968a72be9a217cf69853ee1fff55284a964a2980e7a7d778534,7e6bab01e9d6b0298352c3d96c8f671d95a236c9e60e60360e5c70a016b1f97e,Fixed-Dc,3,0,0.0,0.0,0,0,0,0,0
0.0,2000000,1022,7,bfbc504caf19c968a72be9a217cf69853ee1fff55284a964a2980e7a7d778534,7e6bab01e9d6b0298352c3d96c8f671d95a236c9e60e60360e5c70a016b1f97e,Fixed-Dc,4,0,0.0,0.0,0,0,0,0,0
0.0,2000000,1022,7,bfbc504caf19c968a72be9a217cf69853ee1fff55284a964a2980e7a7d778534,7e6bab01e9d6b0298352c3d96c8f671d95a236c9e60e60360e5c70a016b1f97e,Decoupled,1,0,,,,,,0,0
0.0,2000000,1022,7,bfbc504caf19c968a72be9a217cf69853ee1fff55284a964a2980e7a7d778534,7e6bab01e9d6b0298352c3d96c8f671d95a236c9e60e60360e5c70a016b1f97e,Decoupled,2,0,,,,,,0,0
0.0,2000000,1022,7,bfbc504caf19c968a72be9a217cf69853ee1fff55284a964a2980e7a7d778534,7e6bab01e9d6b0298352c3d96c8f671d95a236c9e60e60360e5c70a016b1f97e,Decoupled,3,0,,,,,,0,0
0.0,2000000,1022,7,bfbc504caf19c968a72be9a217cf69853ee1fff55284a964a2980e7a7d778534,7e6bab01e9d6b0298352c3d96c8f671d95a236c9e60e60360e5c70a016b1f97e,Decoupled,4,0,,,,,,0,0
0.0,2000000,1022,11,bfbc504caf19c968a72be9a217cf69853ee1fff55284a964a2980e7a7d778534,7e6bab01e9d6b0298352c3d96c8f671d95a236c9e60e60360e5c70a016b1f97e,No-Dq-R,1,0,0.0,0.0,0.0,0,0,0,0
0.0,2000000,1022,11,bfbc504caf19c968a72be9a217cf69853ee1fff55284a964a2980e7a7d778534,7e6bab01e9d6b0298352c3d96c8f671d95a236c9e60e60360e5c70a016b1f97e,No-Dq-R,2,0,0.0,0.0,0,0,0,0,0
0.0,2000000,1022,11,bfbc504caf19c968a72be9a217cf69853ee1fff55284a964a2980e7a7d778534,7e6bab01e9d6b0298352c3d96c8f671d95a236c9e60e60360e5c70a016b1f97e,No-Dq-R,3,0,0.0,0.0,0,0,0,0,0
0.0,2000000,1022,11,bfbc504caf19c968a72be9a217cf69853ee1fff55284a964a2980e7a7d778534,7e6bab01e9d6b0298352c3d96c8f671d95a236c9e60e60360e5c70a016b1f97e,No-Dq-R,4,0,0.0,0.0,0,0,0,0,0
0.0,2000000,1022,11,bfbc504caf19c968a72be9a217cf69853ee1fff55284a964a2980e7a7d778534,7e6bab01e9d6b0298352c3d96c8f671d95a236c9e60e60360e5c70a016b1f97e,Fixed-Dc,1,0,0.0,0.0,0.0,0,0,0,0
0.0,2000000,1022,11,bfbc504caf19c968a72be9a217cf69853ee1fff55284a964a2980e7a7d778534,7e6bab01e9d6b0298352c3d96c8f671d95a236c9e60e60360e5c70a016b1f97e,Fixed-Dc,2,0,0.0,0.0,0,0,0,0,0
0.0,2000000,1022,11,bfbc504caf19c968a72be9a217cf69853ee1fff55284a964a2980e7a7d778534,7e6bab01e9d6b0298352c3d96c8f671d95a236c9e60e60360e5c70a016b1f97e,Fixed-Dc,3,0,0.0,0.0,0,0,0,0,0
0.0,2000000,1022,11,bfbc504caf19c968a72be9a217cf69853ee1fff55284a964a2980e7a7d778534,7e6bab01e9d6b0298352c3d96c8f671d95a236c9e60e60360e5c70a016b1f97e,Fixed-Dc,4,0,0.0,0.0,0,0,0,0,0
0.0,2000000,1022,11,bfbc504caf19c968a72be9a217cf69853ee1fff55284a964a2980e7a7d778534,7e6bab01e9d6b0298352c3d96c8f671d95a236c9e60e60360e5c70a016b1f97e,Decoupled,1,0,,,,,,0,0
0.0,2000000,1022,11,bfbc504caf19c968a72be9a217cf69853ee1fff55284a964a2980e7a7d778534,7e6bab01e9d6b0298352c3d96c8f671d95a236c9e60e60360e5c70a016b1f97e,Decoupled,2,0,,,,,,0,0
0.0,2000000,1022,11,bfbc504caf19c968a72be9a217cf69853ee1fff55284a964a2980e7a7d778534,7e6bab01e9d6b0298352c3d96c8f671d95a236c9e60e60360e5c70a016b1f97e,Decoupled,3,0,,,,,,0,0
0.0,2000000,1022,11,bfbc504caf19c968a72be9a217cf69853ee1fff55284a964a2980e7a7d778534,7e6bab01e9d6b0298352c3d96c8f671d95a236c9e60e60360e5c70a016b1f97e,Decoupled,4,0,,,,,,0,0
0.0,2000000,1023,7,584ee05cedeabb2b22154e92d9de14c998f3409b9294ef4972cd4f5011931258,7e6bab01e9d6b0298352c3d96c8f671d95a236c9e60e60360e5c70a016b1f97e,No-Dq-R,1,0,0.0,0.0,0.0,0,0,0,0
0.0,2000000,1023,7,584ee05cedeabb2b22154e92d9de14c998f3409b9294ef4972cd4f5011931258,7e6bab01e9d6b0298352c3d96c8f671d95a236c9e60e60360e5c70a016b1f97e,No-Dq-R,2,0,0.0,0.0,0,0,0,0,0
0.0,2000000,1023,7,584ee05cedeabb2b22154e92d9de14c998f3409b9294ef4972cd4f5011931258,7e6bab01e9d6b0298352c3d96c8f671d95a236c9e60e60360e5c70a016b1f97e,No-Dq-R,3,0,0.0,0.0,0,0,0,0,0
0.0,2000000,1023,7,584ee05cedeabb2b22154e92d9de14c998f3409b9294ef4972cd4f5011931258,7e6bab01e9d6b0298352c3d96c8f671d95a236c9e60e60360e5c70a016b1f97e,No-Dq-R,4,0,0.0,0.0,0,0,0,0,0
0.0,2000000,1023,7,584ee05cedeabb2b22154e92d9de14c998f3409b9294ef4972cd4f5011931258,7e6bab01e9d6b0298352c3d96c8f671d95a236c9e60e60360e5c70a016b1f97e,Fixed-Dc,1,0,0.0,0.0,0.0,0,0,0,0
0.0,2000000,1023,7,584ee05cedeabb2b22154e92d9de14c998f3409b9294ef4972cd4f5011931258,7e6bab01e9d6b0298352c3d96c8f671d95a236c9e60e60360e5c70a016b1f97e,Fixed-Dc,2,0,0.0,0.0,0,0,0,0,0
0.0,2000000,1023,7,584ee05cedeabb2b22154e92d9de14c998f3409b9294ef4972cd4f5011931258,7e6bab01e9d6b0298352c3d96c8f671d95a236c9e60e60360e5c70a016b1f97e,Fixed-Dc,3,0,0.0,0.0,0,0,0,0,0
0.0,2000000,1023,7,584ee05cedeabb2b22154e92d9de14c998f3409b9294ef4972cd4f5011931258,7e6bab01e9d6b0298352c3d96c8f671d95a236c9e60e60360e5c70a016b1f97e,Fixed-Dc,4,0,0.0,0.0,0,0,0,0,0
0.0,2000000,1023,7,584ee05cedeabb2b22154e92d9de14c998f3409b9294ef4972cd4f5011931258,7e6bab01e9d6b0298352c3d96c8f671d95a236c9e60e60360e5c70a016b1f97e,Decoupled,1,0,,,,,,0,0
0.0,2000000,1023,7,584ee05cedeabb2b22154e92d9de14c998f3409b9294ef4972cd4f5011931258,7e6bab01e9d6b0298352c3d96c8f671d95a236c9e60e60360e5c70a016b1f97e,Decoupled,2,0,,,,,,0,0
0.0,2000000,1023,7,584ee05cedeabb2b22154e92d9de14c998f3409b9294ef4972cd4f5011931258,7e6bab01e9d6b0298352c3d96c8f671d95a236c9e60e60360e5c70a016b1f97e,Decoupled,3,0,,,,,,0,0
0.0,2000000,1023,7,584ee05cedeabb2b22154e92d9de14c998f3409b9294ef4972cd4f5011931258,7e6bab01e9d6b0298352c3d96c8f671d95a236c9e60e60360e5c70a016b1f97e,Decoupled,4,0,,,,,,0,0
0.0,2000000,1023,11,584ee05cedeabb2b22154e92d9de14c998f3409b9294ef4972cd4f5011931258,7e6bab01e9d6b0298352c3d96c8f671d95a236c9e60e60360e5c70a016b1f97e,No-Dq-R,1,0,0.0,0.0,0.0,0,0,0,0
0.0,2000000,1023,11,584ee05cedeabb2b22154e92d9de14c998f3409b9294ef4972cd4f5011931258,7e6bab01e9d6b0298352c3d96c8f671d95a236c9e60e60360e5c70a016b1f97e,No-Dq-R,2,0,0.0,0.0,0,0,0,0,0
0.0,2000000,1023,11,584ee05cedeabb2b22154e92d9de14c998f3409b9294ef4972cd4f5011931258,7e6bab01e9d6b0298352c3d96c8f671d95a236c9e60e60360e5c70a016b1f97e,No-Dq-R,3,0,0.0,0.0,0,0,0,0,0
0.0,2000000,1023,11,584ee05cedeabb2b22154e92d9de14c998f3409b9294ef4972cd4f5011931258,7e6bab01e9d6b0298352c3d96c8f671d95a236c9e60e60360e5c70a016b1f97e,No-Dq-R,4,0,0.0,0.0,0,0,0,0,0
0.0,2000000,1023,11,584ee05cedeabb2b22154e92d9de14c998f3409b9294ef4972cd4f5011931258,7e6bab01e9d6b0298352c3d96c8f671d95a236c9e60e60360e5c70a016b1f97e,Fixed-Dc,1,0,0.0,0.0,0.0,0,0,0,0
0.0,2000000,1023,11,584ee05cedeabb2b22154e92d9de14c998f3409b9294ef4972cd4f5011931258,7e6bab01e9d6b0298352c3d96c8f671d95a236c9e60e60360e5c70a016b1f97e,Fixed-Dc,2,0,0.0,0.0,0,0,0,0,0
0.0,2000000,1023,11,584ee05cedeabb2b22154e92d9de14c998f3409b9294ef4972cd4f5011931258,7e6bab01e9d6b0298352c3d96c8f671d95a236c9e60e60360e5c70a016b1f97e,Fixed-Dc,3,0,0.0,0.0,0,0,0,0,0
0.0,2000000,1023,11,584ee05cedeabb2b22154e92d9de14c998f3409b9294ef4972cd4f5011931258,7e6bab01e9d6b0298352c3d96c8f671d95a236c9e60e60360e5c70a016b1f97e,Fixed-Dc,4,0,0.0,0.0,0,0,0,0,0
0.0,2000000,1023,11,584ee05cedeabb2b22154e92d9de14c998f3409b9294ef4972cd4f5011931258,7e6bab01e9d6b0298352c3d96c8f671d95a236c9e60e60360e5c70a016b1f97e,Decoupled,1,0,,,,,,0,0
0.0,2000000,1023,11,584ee05cedeabb2b22154e92d9de14c998f3409b9294ef4972cd4f5011931258,7e6bab01e9d6b0298352c3d96c8f671d95a236c9e60e60360e5c70a016b1f97e,Decoupled,2,0,,,,,,0,0
0.0,2000000,1023,11,584ee05cedeabb2b22154e92d9de14c998f3409b9294ef4972cd4f5011931258,7e6bab01e9d6b0298352c3d96c8f671d95a236c9e60e60360e5c70a016b1f97e,Decoupled,3,0,,,,,,0,0
0.0,2000000,1023,11,584ee05cedeabb2b22154e92d9de14c998f3409b9294ef4972cd4f5011931258,7e6bab01e9d6b0298352c3d96c8f671d95a236c9e60e60360e5c70a016b1f97e,Decoupled,4,0,,,,,,0,0
0.0,2000000,1024,7,c40331b47b9f00ece2bce0cd4448ab83c2c37b8dba38ee7cad8a7cab77afed12,7e6bab01e9d6b0298352c3d96c8f671d95a236c9e60e60360e5c70a016b1f97e,No-Dq-R,1,0,0.0,0.0,0.0,0,0,0,0
0.0,2000000,1024,7,c40331b47b9f00ece2bce0cd4448ab83c2c37b8dba38ee7cad8a7cab77afed12,7e6bab01e9d6b0298352c3d96c8f671d95a236c9e60e60360e5c70a016b1f97e,No-Dq-R,2,0,0.0,0.0,0,0,0,0,0
0.0,2000000,1024,7,c40331b47b9f00ece2bce0cd4448ab83c2c37b8dba38ee7cad8a7cab77afed12,7e6bab01e9d6b0298352c3d96c8f671d95a236c9e60e60360e5c70a016b1f97e,No-Dq-R,3,0,0.0,0.0,0,0,0,0,0
0.0,2000000,1024,7,c40331b47b9f00ece2bce0cd4448ab83c2c37b8dba38ee7cad8a7cab77afed12,7e6bab01e9d6b0298352c3d96c8f671d95a236c9e60e60360e5c70a016b1f97e,No-Dq-R,4,0,0.0,0.0,0,0,0,0,0
0.0,2000000,1024,7,c40331b47b9f00ece2bce0cd4448ab83c2c37b8dba38ee7cad8a7cab77afed12,7e6bab01e9d6b0298352c3d96c8f671d95a236c9e60e60360e5c70a016b1f97e,Fixed-Dc,1,0,0.0,0.0,0.0,0,0,0,0
0.0,2000000,1024,7,c40331b47b9f00ece2bce0cd4448ab83c2c37b8dba38ee7cad8a7cab77afed12,7e6bab01e9d6b0298352c3d96c8f671d95a236c9e60e60360e5c70a016b1f97e,Fixed-Dc,2,0,0.0,0.0,0,0,0,0,0
0.0,2000000,1024,7,c40331b47b9f00ece2bce0cd4448ab83c2c37b8dba38ee7cad8a7cab77afed12,7e6bab01e9d6b0298352c3d96c8f671d95a236c9e60e60360e5c70a016b1f97e,Fixed-Dc,3,0,0.0,0.0,0,0,0,0,0
0.0,2000000,1024,7,c40331b47b9f00ece2bce0cd4448ab83c2c37b8dba38ee7cad8a7cab77afed12,7e6bab01e9d6b0298352c3d96c8f671d95a236c9e60e60360e5c70a016b1f97e,Fixed-Dc,4,0,0.0,0.0,0,0,0,0,0
0.0,2000000,1024,7,c40331b47b9f00ece2bce0cd4448ab83c2c37b8dba38ee7cad8a7cab77afed12,7e6bab01e9d6b0298352c3d96c8f671d95a236c9e60e60360e5c70a016b1f97e,Decoupled,1,0,,,,,,0,0
0.0,2000000,1024,7,c40331b47b9f00ece2bce0cd4448ab83c2c37b8dba38ee7cad8a7cab77afed12,7e6bab01e9d6b0298352c3d96c8f671d95a236c9e60e60360e5c70a016b1f97e,Decoupled,2,0,,,,,,0,0
0.0,2000000,1024,7,c40331b47b9f00ece2bce0cd4448ab83c2c37b8dba38ee7cad8a7cab77afed12,7e6bab01e9d6b0298352c3d96c8f671d95a236c9e60e60360e5c70a016b1f97e,Decoupled,3,0,,,,,,0,0
0.0,2000000,1024,7,c40331b47b9f00ece2bce0cd4448ab83c2c37b8dba38ee7cad8a7cab77afed12,7e6bab01e9d6b0298352c3d96c8f671d95a236c9e60e60360e5c70a016b1f97e,Decoupled,4,0,,,,,,0,0
0.0,2000000,1024,11,c40331b47b9f00ece2bce0cd4448ab83c2c37b8dba38ee7cad8a7cab77afed12,7e6bab01e9d6b0298352c3d96c8f671d95a236c9e60e60360e5c70a016b1f97e,No-Dq-R,1,0,0.0,0.0,0.0,0,0,0,0
0.0,2000000,1024,11,c40331b47b9f00ece2bce0cd4448ab83c2c37b8dba38ee7cad8a7cab77afed12,7e6bab01e9d6b0298352c3d96c8f671d95a236c9e60e60360e5c70a016b1f97e,No-Dq-R,2,0,0.0,0.0,0,0,0,0,0
0.0,2000000,1024,11,c40331b47b9f00ece2bce0cd4448ab83c2c37b8dba38ee7cad8a7cab77afed12,7e6bab01e9d6b0298352c3d96c8f671d95a236c9e60e60360e5c70a016b1f97e,No-Dq-R,3,0,0.0,0.0,0,0,0,0,0
0.0,2000000,1024,11,c40331b47b9f00ece2bce0cd4448ab83c2c37b8dba38ee7cad8a7cab77afed12,7e6bab01e9d6b0298352c3d96c8f671d95a236c9e60e60360e5c70a016b1f97e,No-Dq-R,4,0,0.0,0.0,0,0,0,0,0
0.0,2000000,1024,11,c40331b47b9f00ece2bce0cd4448ab83c2c37b8dba38ee7cad8a7cab77afed12,7e6bab01e9d6b0298352c3d96c8f671d95a236c9e60e60360e5c70a016b1f97e,Fixed-Dc,1,0,0.0,0.0,0.0,0,0,0,0
0.0,2000000,1024,11,c40331b47b9f00ece2bce0cd4448ab83c2c37b8dba38ee7cad8a7cab77afed12,7e6bab01e9d6b0298352c3d96c8f671d95a236c9e60e60360e5c70a016b1f97e,Fixed-Dc,2,0,0.0,0.0,0,0,0,0,0
0.0,2000000,1024,11,c40331b47b9f00ece2bce0cd4448ab83c2c37b8dba38ee7cad8a7cab77afed12,7e6bab01e9d6b0298352c3d96c8f671d95a236c9e60e60360e5c70a016b1f97e,Fixed-Dc,3,0,0.0,0.0,0,0,0,0,0
0.0,2000000,1024,11,c40331b47b9f00ece2bce0cd4448ab83c2c37b8dba38ee7cad8a7cab77afed12,7e6bab01e9d6b0298352c3d96c8f671d95a236c9e60e60360e5c70a016b1f97e,Fixed-Dc,4,0,0.0,0.0,0,0,0,0,0
0.0,2000000,1024,11,c40331b47b9f00ece2bce0cd4448ab83c2c37b8dba38ee7cad8a7cab77afed12,7e6bab01e9d6b0298352c3d96c8f671d95a236c9e60e60360e5c70a016b1f97e,Decoupled,1,0,,,,,,0,0
0.0,2000000,1024,11,c40331b47b9f00ece2bce0cd4448ab83c2c37b8dba38ee7cad8a7cab77afed12,7e6bab01e9d6b0298352c3d96c8f671d95a236c9e60e60360e5c70a016b1f97e,Decoupled,2,0,,,,,,0,0
0.0,2000000,1024,11,c40331b47b9f00ece2bce0cd4448ab83c2c37b8dba38ee7cad8a7cab77afed12,7e6bab01e9d6b0298352c3d96c8f671d95a236c9e60e60360e5c70a016b1f97e,Decoupled,3,0,,,,,,0,0
0.0,2000000,1024,11,c40331b47b9f00ece2bce0cd4448ab83c2c37b8dba38ee7cad8a7cab77afed12,7e6bab01e9d6b0298352c3d96c8f671d95a236c9e60e60360e5c70a016b1f97e,Decoupled,4,0,,,,,,0,0
0.0,2000000,1025,7,f7f40193c5a2d2dc71eff758c8dc3280c1e0f8e5021d42f3d87c2da2d604e4da,7e6bab01e9d6b0298352c3d96c8f671d95a236c9e60e60360e5c70a016b1f97e,No-Dq-R,1,0,0.0,0.0,0.0,0,0,0,0
0.0,2000000,1025,7,f7f40193c5a2d2dc71eff758c8dc3280c1e0f8e5021d42f3d87c2da2d604e4da,7e6bab01e9d6b0298352c3d96c8f671d95a236c9e60e60360e5c70a016b1f97e,No-Dq-R,2,0,0.0,0.0,0,0,0,0,0
0.0,2000000,1025,7,f7f40193c5a2d2dc71eff758c8dc3280c1e0f8e5021d42f3d87c2da2d604e4da,7e6bab01e9d6b0298352c3d96c8f671d95a236c9e60e60360e5c70a016b1f97e,No-Dq-R,3,0,0.0,0.0,0,0,0,0,0
0.0,2000000,1025,7,f7f40193c5a2d2dc71eff758c8dc3280c1e0f8e5021d42f3d87c2da2d604e4da,7e6bab01e9d6b0298352c3d96c8f671d95a236c9e60e60360e5c70a016b1f97e,No-Dq-R,4,0,0.0,0.0,0,0,0,0,0
0.0,2000000,1025,7,f7f40193c5a2d2dc71eff758c8dc3280c1e0f8e5021d42f3d87c2da2d604e4da,7e6bab01e9d6b0298352c3d96c8f671d95a236c9e60e60360e5c70a016b1f97e,Fixed-Dc,1,0,0.0,0.0,0.0,0,0,0,0
0.0,2000000,1025,7,f7f40193c5a2d2dc71eff758c8dc3280c1e0f8e5021d42f3d87c2da2d604e4da,7e6bab01e9d6b0298352c3d96c8f671d95a236c9e60e60360e5c70a016b1f97e,Fixed-Dc,2,0,0.0,0.0,0,0,0,0,0
0.0,2000000,1025,7,f7f40193c5a2d2dc71eff758c8dc3280c1e0f8e5021d42f3d87c2da2d604e4da,7e6bab01e9d6b0298352c3d96c8f671d95a236c9e60e60360e5c70a016b1f97e,Fixed-Dc,3,0,0.0,0.0,0,0,0,0,0
0.0,2000000,1025,7,f7f40193c5a2d2dc71eff758c8dc3280c1e0f8e5021d42f3d87c2da2d604e4da,7e6bab01e9d6b0298352c3d96c8f671d95a236c9e60e60360e5c70a016b1f97e,Fixed-Dc,4,0,0.0,0.0,0,0,0,0,0
0.0,2000000,1025,7,f7f40193c5a2d2dc71eff758c8dc3280c1e0f8e5021d42f3d87c2da2d604e4da,7e6bab01e9d6b0298352c3d96c8f671d95a236c9e60e60360e5c70a016b1f97e,Decoupled,1,0,,,,,,0,0
0.0,2000000,1025,7,f7f40193c5a2d2dc71eff758c8dc3280c1e0f8e5021d42f3d87c2da2d604e4da,7e6bab01e9d6b0298352c3d96c8f671d95a236c9e60e60360e5c70a016b1f97e,Decoupled,2,0,,,,,,0,0
0.0,2000000,1025,7,f7f40193c5a2d2dc71eff758c8dc3280c1e0f8e5021d42f3d87c2da2d604e4da,7e6bab01e9d6b0298352c3d96c8f671d95a236c9e60e60360e5c70a016b1f97e,Decoupled,3,0,,,,,,0,0
0.0,2000000,1025,7,f7f40193c5a2d2dc71eff758c8dc3280c1e0f8e5021d42f3d87c2da2d604e4da,7e6bab01e9d6b0298352c3d96c8f671d95a236c9e60e60360e5c70a016b1f97e,Decoupled,4,0,,,,,,0,0
0.0,2000000,1025,11,f7f40193c5a2d2dc71eff758c8dc3280c1e0f8e5021d42f3d87c2da2d604e4da,7e6bab01e9d6b0298352c3d96c8f671d95a236c9e60e60360e5c70a016b1f97e,No-Dq-R,1,0,0.0,0.0,0.0,0,0,0,0
0.0,2000000,1025,11,f7f40193c5a2d2dc71eff758c8dc3280c1e0f8e5021d42f3d87c2da2d604e4da,7e6bab01e9d6b0298352c3d96c8f671d95a236c9e60e60360e5c70a016b1f97e,No-Dq-R,2,0,0.0,0.0,0,0,0,0,0
0.0,2000000,1025,11,f7f40193c5a2d2dc71eff758c8dc3280c1e0f8e5021d42f3d87c2da2d604e4da,7e6bab01e9d6b0298352c3d96c8f671d95a236c9e60e60360e5c70a016b1f97e,No-Dq-R,3,0,0.0,0.0,0,0,0,0,0
0.0,2000000,1025,11,f7f40193c5a2d2dc71eff758c8dc3280c1e0f8e5021d42f3d87c2da2d604e4da,7e6bab01e9d6b0298352c3d96c8f671d95a236c9e60e60360e5c70a016b1f97e,No-Dq-R,4,0,0.0,0.0,0,0,0,0,0
0.0,2000000,1025,11,f7f40193c5a2d2dc71eff758c8dc3280c1e0f8e5021d42f3d87c2da2d604e4da,7e6bab01e9d6b0298352c3d96c8f671d95a236c9e60e60360e5c70a016b1f97e,Fixed-Dc,1,0,0.0,0.0,0.0,0,0,0,0
0.0,2000000,1025,11,f7f40193c5a2d2dc71eff758c8dc3280c1e0f8e5021d42f3d87c2da2d604e4da,7e6bab01e9d6b0298352c3d96c8f671d95a236c9e60e60360e5c70a016b1f97e,Fixed-Dc,2,0,0.0,0.0,0,0,0,0,0
0.0,2000000,1025,11,f7f40193c5a2d2dc71eff758c8dc3280c1e0f8e5021d42f3d87c2da2d604e4da,7e6bab01e9d6b0298352c3d96c8f671d95a236c9e60e60360e5c70a016b1f97e,Fixed-Dc,3,0,0.0,0.0,0,0,0,0,0
0.0,2000000,1025,11,f7f40193c5a2d2dc71eff758c8dc3280c1e0f8e5021d42f3d87c2da2d604e4da,7e6bab01e9d6b0298352c3d96c8f671d95a236c9e60e60360e5c70a016b1f97e,Fixed-Dc,4,0,0.0,0.0,0,0,0,0,0
0.0,2000000,1025,11,f7f40193c5a2d2dc71eff758c8dc3280c1e0f8e5021d42f3d87c2da2d604e4da,7e6bab01e9d6b0298352c3d96c8f671d95a236c9e60e60360e5c70a016b1f97e,Decoupled,1,0,,,,,,0,0
0.0,2000000,1025,11,f7f40193c5a2d2dc71eff758c8dc3280c1e0f8e5021d42f3d87c2da2d604e4da,7e6bab01e9d6b0298352c3d96c8f671d95a236c9e60e60360e5c70a016b1f97e,Decoupled,2,0,,,,,,0,0
0.0,2000000,1025,11,f7f40193c5a2d2dc71eff758c8dc3280c1e0f8e5021d42f3d87c2da2d604e4da,7e6bab01e9d6b0298352c3d96c8f671d95a236c9e60e60360e5c70a016b1f97e,Decoupled,3,0,,,,,,0,0
0.0,2000000,1025,11,f7f40193c5a2d2dc71eff758c8dc3280c1e0f8e5021d42f3d87c2da2d604e4da,7e6bab01e9d6b0298352c3d96c8f671d95a236c9e60e60360e5c70a016b1f97e,Decoupled,4,0,,,,,,0,0
0.0,2000000,1026,7,29388823ac9dc7a44ca4f01540674132c9e92472084b61c079642f0be31019b4,7e6bab01e9d6b0298352c3d96c8f671d95a236c9e60e60360e5c70a016b1f97e,No-Dq-R,1,0,0.0,0.0,0.0,0,0,0,0
0.0,2000000,1026,7,29388823ac9dc7a44ca4f01540674132c9e92472084b61c079642f0be31019b4,7e6bab01e9d6b0298352c3d96c8f671d95a236c9e60e60360e5c70a016b1f97e,No-Dq-R,2,0,0.0,0.0,0,0,0,0,0
0.0,2000000,1026,7,29388823ac9dc7a44ca4f01540674132c9e92472084b61c079642f0be31019b4,7e6bab01e9d6b0298352c3d96c8f671d95a236c9e60e60360e5c70a016b1f97e,No-Dq-R,3,0,0.0,0.0,0,0,0,0,0
0.0,2000000,1026,7,29388823ac9dc7a44ca4f01540674132c9e92472084b61c079642f0be31019b4,7e6bab01e9d6b0298352c3d96c8f671d95a236c9e60e60360e5c70a016b1f97e,No-Dq-R,4,0,0.0,0.0,0,0,0,0,0
0.0,2000000,1026,7,29388823ac9dc7a44ca4f01540674132c9e92472084b61c079642f0be31019b4,7e6bab01e9d6b0298352c3d96c8f671d95a236c9e60e60360e5c70a016b1f97e,Fixed-Dc,1,0,0.0,0.0,0.0,0,0,0,0
0.0,2000000,1026,7,29388823ac9dc7a44ca4f01540674132c9e92472084b61c079642f0be31019b4,7e6bab01e9d6b0298352c3d96c8f671d95a236c9e60e60360e5c70a016b1f97e,Fixed-Dc,2,0,0.0,0.0,0,0,0,0,0
0.0,2000000,1026,7,29388823ac9dc7a44ca4f01540674132c9e92472084b61c079642f0be31019b4,7e6bab01e9d6b0298352c3d96c8f671d95a236c9e60e60360e5c70a016b1f97e,Fixed-Dc,3,0,0.0,0.0,0,0,0,0,0
0.0,2000000,1026,7,29388823ac9dc7a44ca4f01540674132c9e92472084b61c079642f0be31019b4,7e6bab01e9d6b0298352c3d96c8f671d95a236c9e60e60360e5c70a016b1f97e,Fixed-Dc,4,0,0.0,0.0,0,0,0,0,0
0.0,2000000,1026,7,29388823ac9dc7a44ca4f01540674132c9e92472084b61c079642f0be31019b4,7e6bab01e9d6b0298352c3d96c8f671d95a236c9e60e60360e5c70a016b1f97e,Decoupled,1,0,,,,,,0,0
0.0,2000000,1026,7,29388823ac9dc7a44ca4f01540674132c9e92472084b61c079642f0be31019b4,7e6bab01e9d6b0298352c3d96c8f671d95a236c9e60e60360e5c70a016b1f97e,Decoupled,2,0,,,,,,0,0
0.0,2000000,1026,7,29388823ac9dc7a44ca4f01540674132c9e92472084b61c079642f0be31019b4,7e6bab01e9d6b0298352c3d96c8f671d95a236c9e60e60360e5c70a016b1f97e,Decoupled,3,0,,,,,,0,0
0.0,2000000,1026,7,29388823ac9dc7a44ca4f01540674132c9e92472084b61c079642f0be31019b4,7e6bab01e9d6b0298352c3d96c8f671d95a236c9e60e60360e5c70a016b1f97e,Decoupled,4,0,,,,,,0,0
0.0,2000000,1026,11,29388823ac9dc7a44ca4f01540674132c9e92472084b61c079642f0be31019b4,7e6bab01e9d6b0298352c3d96c8f671d95a236c9e60e60360e5c70a016b1f97e,No-Dq-R,1,0,0.0,0.0,0.0,0,0,0,0
0.0,2000000,1026,11,29388823ac9dc7a44ca4f01540674132c9e92472084b61c079642f0be31019b4,7e6bab01e9d6b0298352c3d96c8f671d95a236c9e60e60360e5c70a016b1f97e,No-Dq-R,2,0,0.0,0.0,0,0,0,0,0
0.0,2000000,1026,11,29388823ac9dc7a44ca4f01540674132c9e92472084b61c079642f0be31019b4,7e6bab01e9d6b0298352c3d96c8f671d95a236c9e60e60360e5c70a016b1f97e,No-Dq-R,3,0,0.0,0.0,0,0,0,0,0
0.0,2000000,1026,11,29388823ac9dc7a44ca4f01540674132c9e92472084b61c079642f0be31019b4,7e6bab01e9d6b0298352c3d96c8f671d95a236c9e60e60360e5c70a016b1f97e,No-Dq-R,4,0,0.0,0.0,0,0,0,0,0
0.0,2000000,1026,11,29388823ac9dc7a44ca4f01540674132c9e92472084b61c079642f0be31019b4,7e6bab01e9d6b0298352c3d96c8f671d95a236c9e60e60360e5c70a016b1f97e,Fixed-Dc,1,0,0.0,0.0,0.0,0,0,0,0
0.0,2000000,1026,11,29388823ac9dc7a44ca4f01540674132c9e92472084b61c079642f0be31019b4,7e6bab01e9d6b0298352c3d96c8f671d95a236c9e60e60360e5c70a016b1f97e,Fixed-Dc,2,0,0.0,0.0,0,0,0,0,0
0.0,2000000,1026,11,29388823ac9dc7a44ca4f01540674132c9e92472084b61c079642f0be31019b4,7e6bab01e9d6b0298352c3d96c8f671d95a236c9e60e60360e5c70a016b1f97e,Fixed-Dc,3,0,0.0,0.0,0,0,0,0,0
0.0,2000000,1026,11,29388823ac9dc7a44ca4f01540674132c9e92472084b61c079642f0be31019b4,7e6bab01e9d6b0298352c3d96c8f671d95a236c9e60e60360e5c70a016b1f97e,Fixed-Dc,4,0,0.0,0.0,0,0,0,0,0
0.0,2000000,1026,11,29388823ac9dc7a44ca4f01540674132c9e92472084b61c079642f0be31019b4,7e6bab01e9d6b0298352c3d96c8f671d95a236c9e60e60360e5c70a016b1f97e,Decoupled,1,0,,,,,,0,0
0.0,2000000,1026,11,29388823ac9dc7a44ca4f01540674132c9e92472084b61c079642f0be31019b4,7e6bab01e9d6b0298352c3d96c8f671d95a236c9e60e60360e5c70a016b1f97e,Decoupled,2,0,,,,,,0,0
0.0,2000000,1026,11,29388823ac9dc7a44ca4f01540674132c9e92472084b61c079642f0be31019b4,7e6bab01e9d6b0298352c3d96c8f671d95a236c9e60e60360e5c70a016b1f97e,Decoupled,3,0,,,,,,0,0
0.0,2000000,1026,11,29388823ac9dc7a44ca4f01540674132c9e92472084b61c079642f0be31019b4,7e6bab01e9d6b0298352c3d96c8f671d95a236c9e60e60360e5c70a016b1f97e,Decoupled,4,0,,,,,,0,0
0.0,2000000,1027,7,5e747dda9f2615337b25b8abaf0eb73fba7515eb607c80036150b6d00d4d15f9,7e6bab01e9d6b0298352c3d96c8f671d95a236c9e60e60360e5c70a016b1f97e,No-Dq-R,1,0,0.0,0.0,0.0,0,0,0,0
0.0,2000000,1027,7,5e747dda9f2615337b25b8abaf0eb73fba7515eb607c80036150b6d00d4d15f9,7e6bab01e9d6b0298352c3d96c8f671d95a236c9e60e60360e5c70a016b1f97e,No-Dq-R,2,0,0.0,0.0,0,0,0,0,0
0.0,2000000,1027,7,5e747dda9f2615337b25b8abaf0eb73fba7515eb607c80036150b6d00d4d15f9,7e6bab01e9d6b0298352c3d96c8f671d95a236c9e60e60360e5c70a016b1f97e,No-Dq-R,3,0,0.0,0.0,0,0,0,0,0
0.0,2000000,1027,7,5e747dda9f2615337b25b8abaf0eb73fba7515eb607c80036150b6d00d4d15f9,7e6bab01e9d6b0298352c3d96c8f671d95a236c9e60e60360e5c70a016b1f97e,No-Dq-R,4,0,0.0,0.0,0,0,0,0,0
0.0,2000000,1027,7,5e747dda9f2615337b25b8abaf0eb73fba7515eb607c80036150b6d00d4d15f9,7e6bab01e9d6b0298352c3d96c8f671d95a236c9e60e60360e5c70a016b1f97e,Fixed-Dc,1,0,0.0,0.0,0.0,0,0,0,0
0.0,2000000,1027,7,5e747dda9f2615337b25b8abaf0eb73fba7515eb607c80036150b6d00d4d15f9,7e6bab01e9d6b0298352c3d96c8f671d95a236c9e60e60360e5c70a016b1f97e,Fixed-Dc,2,0,0.0,0.0,0,0,0,0,0
0.0,2000000,1027,7,5e747dda9f2615337b25b8abaf0eb73fba7515eb607c80036150b6d00d4d15f9,7e6bab01e9d6b0298352c3d96c8f671d95a236c9e60e60360e5c70a016b1f97e,Fixed-Dc,3,0,0.0,0.0,0,0,0,0,0
0.0,2000000,1027,7,5e747dda9f2615337b25b8abaf0eb73fba7515eb607c80036150b6d00d4d15f9,7e6bab01e9d6b0298352c3d96c8f671d95a236c9e60e60360e5c70a016b1f97e,Fixed-Dc,4,0,0.0,0.0,0,0,0,0,0
0.0,2000000,1027,7,5e747dda9f2615337b25b8abaf0eb73fba7515eb607c80036150b6d00d4d15f9,7e6bab01e9d6b0298352c3d96c8f671d95a236c9e60e60360e5c70a016b1f97e,Decoupled,1,0,,,,,,0,0
0.0,2000000,1027,7,5e747dda9f2615337b25b8abaf0eb73fba7515eb607c80036150b6d00d4d15f9,7e6bab01e9d6b0298352c3d96c8f671d95a236c9e60e60360e5c70a016b1f97e,Decoupled,2,0,,,,,,0,0
0.0,2000000,1027,7,5e747dda9f2615337b25b8abaf0eb73fba7515eb607c80036150b6d00d4d15f9,7e6bab01e9d6b0298352c3d96c8f671d95a236c9e60e60360e5c70a016b1f97e,Decoupled,3,0,,,,,,0,0
0.0,2000000,1027,7,5e747dda9f2615337b25b8abaf0eb73fba7515eb607c80036150b6d00d4d15f9,7e6bab01e9d6b0298352c3d96c8f671d95a236c9e60e60360e5c70a016b1f97e,Decoupled,4,0,,,,,,0,0
0.0,2000000,1027,11,5e747dda9f2615337b25b8abaf0eb73fba7515eb607c80036150b6d00d4d15f9,7e6bab01e9d6b0298352c3d96c8f671d95a236c9e60e60360e5c70a016b1f97e,No-Dq-R,1,0,0.0,0.0,0.0,0,0,0,0
0.0,2000000,1027,11,5e747dda9f2615337b25b8abaf0eb73fba7515eb607c80036150b6d00d4d15f9,7e6bab01e9d6b0298352c3d96c8f671d95a236c9e60e60360e5c70a016b1f97e,No-Dq-R,2,0,0.0,0.0,0,0,0,0,0
0.0,2000000,1027,11,5e747dda9f2615337b25b8abaf0eb73fba7515eb607c80036150b6d00d4d15f9,7e6bab01e9d6b0298352c3d96c8f671d95a236c9e60e60360e5c70a016b1f97e,No-Dq-R,3,0,0.0,0.0,0,0,0,0,0
0.0,2000000,1027,11,5e747dda9f2615337b25b8abaf0eb73fba7515eb607c80036150b6d00d4d15f9,7e6bab01e9d6b0298352c3d96c8f671d95a236c9e60e60360e5c70a016b1f97e,No-Dq-R,4,0,0.0,0.0,0,0,0,0,0
0.0,2000000,1027,11,5e747dda9f2615337b25b8abaf0eb73fba7515eb607c80036150b6d00d4d15f9,7e6bab01e9d6b0298352c3d96c8f671d95a236c9e60e60360e5c70a016b1f97e,Fixed-Dc,1,0,0.0,0.0,0.0,0,0,0,0
0.0,2000000,1027,11,5e747dda9f2615337b25b8abaf0eb73fba7515eb607c80036150b6d00d4d15f9,7e6bab01e9d6b0298352c3d96c8f671d95a236c9e60e60360e5c70a016b1f97e,Fixed-Dc,2,0,0.0,0.0,0,0,0,0,0
0.0,2000000,1027,11,5e747dda9f2615337b25b8abaf0eb73fba7515eb607c80036150b6d00d4d15f9,7e6bab01e9d6b0298352c3d96c8f671d95a236c9e60e60360e5c70a016b1f97e,Fixed-Dc,3,0,0.0,0.0,0,0,0,0,0
0.0,2000000,1027,11,5e747dda9f2615337b25b8abaf0eb73fba7515eb607c80036150b6d00d4d15f9,7e6bab01e9d6b0298352c3d96c8f671d95a236c9e60e60360e5c70a016b1f97e,Fixed-Dc,4,0,0.0,0.0,0,0,0,0,0
0.0,2000000,1027,11,5e747dda9f2615337b25b8abaf0eb73fba7515eb607c80036150b6d00d4d15f9,7e6bab01e9d6b0298352c3d96c8f671d95a236c9e60e60360e5c70a016b1f97e,Decoupled,1,0,,,,,,0,0
0.0,2000000,1027,11,5e747dda9f2615337b25b8abaf0eb73fba7515eb607c80036150b6d00d4d15f9,7e6bab01e9d6b0298352c3d96c8f671d95a236c9e60e60360e5c70a016b1f97e,Decoupled,2,0,,,,,,0,0
0.0,2000000,1027,11,5e747dda9f2615337b25b8abaf0eb73fba7515eb607c80036150b6d00d4d15f9,7e6bab01e9d6b0298352c3d96c8f671d95a236c9e60e60360e5c70a016b1f97e,Decoupled,3,0,,,,,,0,0
0.0,2000000,1027,11,5e747dda9f2615337b25b8abaf0eb73fba7515eb607c80036150b6d00d4d15f9,7e6bab01e9d6b0298352c3d96c8f671d95a236c9e60e60360e5c70a016b1f97e,Decoupled,4,0,,,,,,0,0
0.0,2000000,1028,7,cfd6aa6ee20306792cf298ea53f7e8a23417906cb01828c2947a0c99ff0e8fa8,7e6bab01e9d6b0298352c3d96c8f671d95a236c9e60e60360e5c70a016b1f97e,No-Dq-R,1,0,0.0,0.0,0.0,0,0,0,0
0.0,2000000,1028,7,cfd6aa6ee20306792cf298ea53f7e8a23417906cb01828c2947a0c99ff0e8fa8,7e6bab01e9d6b0298352c3d96c8f671d95a236c9e60e60360e5c70a016b1f97e,No-Dq-R,2,0,0.0,0.0,0,0,0,0,0
0.0,2000000,1028,7,cfd6aa6ee20306792cf298ea53f7e8a23417906cb01828c2947a0c99ff0e8fa8,7e6bab01e9d6b0298352c3d96c8f671d95a236c9e60e60360e5c70a016b1f97e,No-Dq-R,3,0,0.0,0.0,0,0,0,0,0
0.0,2000000,1028,7,cfd6aa6ee20306792cf298ea53f7e8a23417906cb01828c2947a0c99ff0e8fa8,7e6bab01e9d6b0298352c3d96c8f671d95a236c9e60e60360e5c70a016b1f97e,No-Dq-R,4,0,0.0,0.0,0,0,0,0,0
0.0,2000000,1028,7,cfd6aa6ee20306792cf298ea53f7e8a23417906cb01828c2947a0c99ff0e8fa8,7e6bab01e9d6b0298352c3d96c8f671d95a236c9e60e60360e5c70a016b1f97e,Fixed-Dc,1,0,0.0,0.0,0.0,0,0,0,0
0.0,2000000,1028,7,cfd6aa6ee20306792cf298ea53f7e8a23417906cb01828c2947a0c99ff0e8fa8,7e6bab01e9d6b0298352c3d96c8f671d95a236c9e60e60360e5c70a016b1f97e,Fixed-Dc,2,0,0.0,0.0,0,0,0,0,0
0.0,2000000,1028,7,cfd6aa6ee20306792cf298ea53f7e8a23417906cb01828c2947a0c99ff0e8fa8,7e6bab01e9d6b0298352c3d96c8f671d95a236c9e60e60360e5c70a016b1f97e,Fixed-Dc,3,0,0.0,0.0,0,0,0,0,0
0.0,2000000,1028,7,cfd6aa6ee20306792cf298ea53f7e8a23417906cb01828c2947a0c99ff0e8fa8,7e6bab01e9d6b0298352c3d96c8f671d95a236c9e60e60360e5c70a016b1f97e,Fixed-Dc,4,0,0.0,0.0,0,0,0,0,0
0.0,2000000,1028,7,cfd6aa6ee20306792cf298ea53f7e8a23417906cb01828c2947a0c99ff0e8fa8,7e6bab01e9d6b0298352c3d96c8f671d95a236c9e60e60360e5c70a016b1f97e,Decoupled,1,0,,,,,,0,0
0.0,2000000,1028,7,cfd6aa6ee20306792cf298ea53f7e8a23417906cb01828c2947a0c99ff0e8fa8,7e6bab01e9d6b0298352c3d96c8f671d95a236c9e60e60360e5c70a016b1f97e,Decoupled,2,0,,,,,,0,0
0.0,2000000,1028,7,cfd6aa6ee20306792cf298ea53f7e8a23417906cb01828c2947a0c99ff0e8fa8,7e6bab01e9d6b0298352c3d96c8f671d95a236c9e60e60360e5c70a016b1f97e,Decoupled,3,0,,,,,,0,0
0.0,2000000,1028,7,cfd6aa6ee20306792cf298ea53f7e8a23417906cb01828c2947a0c99ff0e8fa8,7e6bab01e9d6b0298352c3d96c8f671d95a236c9e60e60360e5c70a016b1f97e,Decoupled,4,0,,,,,,0,0
0.0,2000000,1028,11,cfd6aa6ee20306792cf298ea53f7e8a23417906cb01828c2947a0c99ff0e8fa8,7e6bab01e9d6b0298352c3d96c8f671d95a236c9e60e60360e5c70a016b1f97e,No-Dq-R,1,0,0.0,0.0,0.0,0,0,0,0
0.0,2000000,1028,11,cfd6aa6ee20306792cf298ea53f7e8a23417906cb01828c2947a0c99ff0e8fa8,7e6bab01e9d6b0298352c3d96c8f671d95a236c9e60e60360e5c70a016b1f97e,No-Dq-R,2,0,0.0,0.0,0,0,0,0,0
0.0,2000000,1028,11,cfd6aa6ee20306792cf298ea53f7e8a23417906cb01828c2947a0c99ff0e8fa8,7e6bab01e9d6b0298352c3d96c8f671d95a236c9e60e60360e5c70a016b1f97e,No-Dq-R,3,0,0.0,0.0,0,0,0,0,0
0.0,2000000,1028,11,cfd6aa6ee20306792cf298ea53f7e8a23417906cb01828c2947a0c99ff0e8fa8,7e6bab01e9d6b0298352c3d96c8f671d95a236c9e60e60360e5c70a016b1f97e,No-Dq-R,4,0,0.0,0.0,0,0,0,0,0
0.0,2000000,1028,11,cfd6aa6ee20306792cf298ea53f7e8a23417906cb01828c2947a0c99ff0e8fa8,7e6bab01e9d6b0298352c3d96c8f671d95a236c9e60e60360e5c70a016b1f97e,Fixed-Dc,1,0,0.0,0.0,0.0,0,0,0,0
0.0,2000000,1028,11,cfd6aa6ee20306792cf298ea53f7e8a23417906cb01828c2947a0c99ff0e8fa8,7e6bab01e9d6b0298352c3d96c8f671d95a236c9e60e60360e5c70a016b1f97e,Fixed-Dc,2,0,0.0,0.0,0,0,0,0,0
0.0,2000000,1028,11,cfd6aa6ee20306792cf298ea53f7e8a23417906cb01828c2947a0c99ff0e8fa8,7e6bab01e9d6b0298352c3d96c8f671d95a236c9e60e60360e5c70a016b1f97e,Fixed-Dc,3,0,0.0,0.0,0,0,0,0,0
0.0,2000000,1028,11,cfd6aa6ee20306792cf298ea53f7e8a23417906cb01828c2947a0c99ff0e8fa8,7e6bab01e9d6b0298352c3d96c8f671d95a236c9e60e60360e5c70a016b1f97e,Fixed-Dc,4,0,0.0,0.0,0,0,0,0,0
0.0,2000000,1028,11,cfd6aa6ee20306792cf298ea53f7e8a23417906cb01828c2947a0c99ff0e8fa8,7e6bab01e9d6b0298352c3d96c8f671d95a236c9e60e60360e5c70a016b1f97e,Decoupled,1,0,,,,,,0,0
0.0,2000000,1028,11,cfd6aa6ee20306792cf298ea53f7e8a23417906cb01828c2947a0c99ff0e8fa8,7e6bab01e9d6b0298352c3d96c8f671d95a236c9e60e60360e5c70a016b1f97e,Decoupled,2,0,,,,,,0,0
0.0,2000000,1028,11,cfd6aa6ee20306792cf298ea53f7e8a23417906cb01828c2947a0c99ff0e8fa8,7e6bab01e9d6b0298352c3d96c8f671d95a236c9e60e60360e5c70a016b1f97e,Decoupled,3,0,,,,,,0,0
0.0,2000000,1028,11,cfd6aa6ee20306792cf298ea53f7e8a23417906cb01828c2947a0c99ff0e8fa8,7e6bab01e9d6b0298352c3d96c8f671d95a236c9e60e60360e5c70a016b1f97e,Decoupled,4,0,,,,,,0,0
0.0,2000000,1029,7,32fefa1d378c27401eccf0f84650333e03997977ae636247c948cac5258b16c3,7e6bab01e9d6b0298352c3d96c8f671d95a236c9e60e60360e5c70a016b1f97e,No-Dq-R,1,0,0.0,0.0,0.0,0,0,0,0
0.0,2000000,1029,7,32fefa1d378c27401eccf0f84650333e03997977ae636247c948cac5258b16c3,7e6bab01e9d6b0298352c3d96c8f671d95a236c9e60e60360e5c70a016b1f97e,No-Dq-R,2,0,0.0,0.0,0,0,0,0,0
0.0,2000000,1029,7,32fefa1d378c27401eccf0f84650333e03997977ae636247c948cac5258b16c3,7e6bab01e9d6b0298352c3d96c8f671d95a236c9e60e60360e5c70a016b1f97e,No-Dq-R,3,0,0.0,0.0,0,0,0,0,0
0.0,2000000,1029,7,32fefa1d378c27401eccf0f84650333e03997977ae636247c948cac5258b16c3,7e6bab01e9d6b0298352c3d96c8f671d95a236c9e60e60360e5c70a016b1f97e,No-Dq-R,4,0,0.0,0.0,0,0,0,0,0
0.0,2000000,1029,7,32fefa1d378c27401eccf0f84650333e03997977ae636247c948cac5258b16c3,7e6bab01e9d6b0298352c3d96c8f671d95a236c9e60e60360e5c70a016b1f97e,Fixed-Dc,1,0,0.0,0.0,0.0,0,0,0,0
0.0,2000000,1029,7,32fefa1d378c27401eccf0f84650333e03997977ae636247c948cac5258b16c3,7e6bab01e9d6b0298352c3d96c8f671d95a236c9e60e60360e5c70a016b1f97e,Fixed-Dc,2,0,0.0,0.0,0,0,0,0,0
0.0,2000000,1029,7,32fefa1d378c27401eccf0f84650333e03997977ae636247c948cac5258b16c3,7e6bab01e9d6b0298352c3d96c8f671d95a236c9e60e60360e5c70a016b1f97e,Fixed-Dc,3,0,0.0,0.0,0,0,0,0,0
0.0,2000000,1029,7,32fefa1d378c27401eccf0f84650333e03997977ae636247c948cac5258b16c3,7e6bab01e9d6b0298352c3d96c8f671d95a236c9e60e60360e5c70a016b1f97e,Fixed-Dc,4,0,0.0,0.0,0,0,0,0,0
0.0,2000000,1029,7,32fefa1d378c27401eccf0f84650333e03997977ae636247c948cac5258b16c3,7e6bab01e9d6b0298352c3d96c8f671d95a236c9e60e60360e5c70a016b1f97e,Decoupled,1,0,,,,,,0,0
0.0,2000000,1029,7,32fefa1d378c27401eccf0f84650333e03997977ae636247c948cac5258b16c3,7e6bab01e9d6b0298352c3d96c8f671d95a236c9e60e60360e5c70a016b1f97e,Decoupled,2,0,,,,,,0,0
0.0,2000000,1029,7,32fefa1d378c27401eccf0f84650333e03997977ae636247c948cac5258b16c3,7e6bab01e9d6b0298352c3d96c8f671d95a236c9e60e60360e5c70a016b1f97e,Decoupled,3,0,,,,,,0,0
0.0,2000000,1029,7,32fefa1d378c27401eccf0f84650333e03997977ae636247c948cac5258b16c3,7e6bab01e9d6b0298352c3d96c8f671d95a236c9e60e60360e5c70a016b1f97e,Decoupled,4,0,,,,,,0,0
0.0,2000000,1029,11,32fefa1d378c27401eccf0f84650333e03997977ae636247c948cac5258b16c3,7e6bab01e9d6b0298352c3d96c8f671d95a236c9e60e60360e5c70a016b1f97e,No-Dq-R,1,0,0.0,0.0,0.0,0,0,0,0
0.0,2000000,1029,11,32fefa1d378c27401eccf0f84650333e03997977ae636247c948cac5258b16c3,7e6bab01e9d6b0298352c3d96c8f671d95a236c9e60e60360e5c70a016b1f97e,No-Dq-R,2,0,0.0,0.0,0,0,0,0,0
0.0,2000000,1029,11,32fefa1d378c27401eccf0f84650333e03997977ae636247c948cac5258b16c3,7e6bab01e9d6b0298352c3d96c8f671d95a236c9e60e60360e5c70a016b1f97e,No-Dq-R,3,0,0.0,0.0,0,0,0,0,0
0.0,2000000,1029,11,32fefa1d378c27401eccf0f84650333e03997977ae636247c948cac5258b16c3,7e6bab01e9d6b0298352c3d96c8f671d95a236c9e60e60360e5c70a016b1f97e,No-Dq-R,4,0,0.0,0.0,0,0,0,0,0
0.0,2000000,1029,11,32fefa1d378c27401eccf0f84650333e03997977ae636247c948cac5258b16c3,7e6bab01e9d6b0298352c3d96c8f671d95a236c9e60e60360e5c70a016b1f97e,Fixed-Dc,1,0,0.0,0.0,0.0,0,0,0,0
0.0,2000000,1029,11,32fefa1d378c27401eccf0f84650333e03997977ae636247c948cac5258b16c3,7e6bab01e9d6b0298352c3d96c8f671d95a236c9e60e60360e5c70a016b1f97e,Fixed-Dc,2,0,0.0,0.0,0,0,0,0,0
0.0,2000000,1029,11,32fefa1d378c27401eccf0f84650333e03997977ae636247c948cac5258b16c3,7e6bab01e9d6b0298352c3d96c8f671d95a236c9e60e60360e5c70a016b1f97e,Fixed-Dc,3,0,0.0,0.0,0,0,0,0,0
0.0,2000000,1029,11,32fefa1d378c27401eccf0f84650333e03997977ae636247c948cac5258b16c3,7e6bab01e9d6b0298352c3d96c8f671d95a236c9e60e60360e5c70a016b1f97e,Fixed-Dc,4,0,0.0,0.0,0,0,0,0,0
0.0,2000000,1029,11,32fefa1d378c27401eccf0f84650333e03997977ae636247c948cac5258b16c3,7e6bab01e9d6b0298352c3d96c8f671d95a236c9e60e60360e5c70a016b1f97e,Decoupled,1,0,,,,,,0,0
0.0,2000000,1029,11,32fefa1d378c27401eccf0f84650333e03997977ae636247c948cac5258b16c3,7e6bab01e9d6b0298352c3d96c8f671d95a236c9e60e60360e5c70a016b1f97e,Decoupled,2,0,,,,,,0,0
0.0,2000000,1029,11,32fefa1d378c27401eccf0f84650333e03997977ae636247c948cac5258b16c3,7e6bab01e9d6b0298352c3d96c8f671d95a236c9e60e60360e5c70a016b1f97e,Decoupled,3,0,,,,,,0,0
0.0,2000000,1029,11,32fefa1d378c27401eccf0f84650333e03997977ae636247c948cac5258b16c3,7e6bab01e9d6b0298352c3d96c8f671d95a236c9e60e60360e5c70a016b1f97e,Decoupled,4,0,,,,,,0,0
0.0,2000000,1030,7,931f3283e3edb9c9ecd59738ed2bd86fa088d1f95bbb045c14c2682bc097309b,7e6bab01e9d6b0298352c3d96c8f671d95a236c9e60e60360e5c70a016b1f97e,No-Dq-R,1,0,0.0,0.0,0.0,0,0,0,0
0.0,2000000,1030,7,931f3283e3edb9c9ecd59738ed2bd86fa088d1f95bbb045c14c2682bc097309b,7e6bab01e9d6b0298352c3d96c8f671d95a236c9e60e60360e5c70a016b1f97e,No-Dq-R,2,0,0.0,0.0,0,0,0,0,0
0.0,2000000,1030,7,931f3283e3edb9c9ecd59738ed2bd86fa088d1f95bbb045c14c2682bc097309b,7e6bab01e9d6b0298352c3d96c8f671d95a236c9e60e60360e5c70a016b1f97e,No-Dq-R,3,0,0.0,0.0,0,0,0,0,0
0.0,2000000,1030,7,931f3283e3edb9c9ecd59738ed2bd86fa088d1f95bbb045c14c2682bc097309b,7e6bab01e9d6b0298352c3d96c8f671d95a236c9e60e60360e5c70a016b1f97e,No-Dq-R,4,0,0.0,0.0,0,0,0,0,0
0.0,2000000,1030,7,931f3283e3edb9c9ecd59738ed2bd86fa088d1f95bbb045c14c2682bc097309b,7e6bab01e9d6b0298352c3d96c8f671d95a236c9e60e60360e5c70a016b1f97e,Fixed-Dc,1,0,0.0,0.0,0.0,0,0,0,0
0.0,2000000,1030,7,931f3283e3edb9c9ecd59738ed2bd86fa088d1f95bbb045c14c2682bc097309b,7e6bab01e9d6b0298352c3d96c8f671d95a236c9e60e60360e5c70a016b1f97e,Fixed-Dc,2,0,0.0,0.0,0,0,0,0,0
0.0,2000000,1030,7,931f3283e3edb9c9ecd59738ed2bd86fa088d1f95bbb045c14c2682bc097309b,7e6bab01e9d6b0298352c3d96c8f671d95a236c9e60e60360e5c70a016b1f97e,Fixed-Dc,3,0,0.0,0.0,0,0,0,0,0
0.0,2000000,1030,7,931f3283e3edb9c9ecd59738ed2bd86fa088d1f95bbb045c14c2682bc097309b,7e6bab01e9d6b0298352c3d96c8f671d95a236c9e60e60360e5c70a016b1f97e,Fixed-Dc,4,0,0.0,0.0,0,0,0,0,0
0.0,2000000,1030,7,931f3283e3edb9c9ecd59738ed2bd86fa088d1f95bbb045c14c2682bc097309b,7e6bab01e9d6b0298352c3d96c8f671d95a236c9e60e60360e5c70a016b1f97e,Decoupled,1,0,,,,,,0,0
0.0,2000000,1030,7,931f3283e3edb9c9ecd59738ed2bd86fa088d1f95bbb045c14c2682bc097309b,7e6bab01e9d6b0298352c3d96c8f671d95a236c9e60e60360e5c70a016b1f97e,Decoupled,2,0,,,,,,0,0
0.0,2000000,1030,7,931f3283e3edb9c9ecd59738ed2bd86fa088d1f95bbb045c14c2682bc097309b,7e6bab01e9d6b0298352c3d96c8f671d95a236c9e60e60360e5c70a016b1f97e,Decoupled,3,0,,,,,,0,0
0.0,2000000,1030,7,931f3283e3edb9c9ecd59738ed2bd86fa088d1f95bbb045c14c2682bc097309b,7e6bab01e9d6b0298352c3d96c8f671d95a236c9e60e60360e5c70a016b1f97e,Decoupled,4,0,,,,,,0,0
0.0,2000000,1030,11,931f3283e3edb9c9ecd59738ed2bd86fa088d1f95bbb045c14c2682bc097309b,7e6bab01e9d6b0298352c3d96c8f671d95a236c9e60e60360e5c70a016b1f97e,No-Dq-R,1,0,0.0,0.0,0.0,0,0,0,0
0.0,2000000,1030,11,931f3283e3edb9c9ecd59738ed2bd86fa088d1f95bbb045c14c2682bc097309b,7e6bab01e9d6b0298352c3d96c8f671d95a236c9e60e60360e5c70a016b1f97e,No-Dq-R,2,0,0.0,0.0,0,0,0,0,0
0.0,2000000,1030,11,931f3283e3edb9c9ecd59738ed2bd86fa088d1f95bbb045c14c2682bc097309b,7e6bab01e9d6b0298352c3d96c8f671d95a236c9e60e60360e5c70a016b1f97e,No-Dq-R,3,0,0.0,0.0,0,0,0,0,0
0.0,2000000,1030,11,931f3283e3edb9c9ecd59738ed2bd86fa088d1f95bbb045c14c2682bc097309b,7e6bab01e9d6b0298352c3d96c8f671d95a236c9e60e60360e5c70a016b1f97e,No-Dq-R,4,0,0.0,0.0,0,0,0,0,0
0.0,2000000,1030,11,931f3283e3edb9c9ecd59738ed2bd86fa088d1f95bbb045c14c2682bc097309b,7e6bab01e9d6b0298352c3d96c8f671d95a236c9e60e60360e5c70a016b1f97e,Fixed-Dc,1,0,0.0,0.0,0.0,0,0,0,0
0.0,2000000,1030,11,931f3283e3edb9c9ecd59738ed2bd86fa088d1f95bbb045c14c2682bc097309b,7e6bab01e9d6b0298352c3d96c8f671d95a236c9e60e60360e5c70a016b1f97e,Fixed-Dc,2,0,0.0,0.0,0,0,0,0,0
0.0,2000000,1030,11,931f3283e3edb9c9ecd59738ed2bd86fa088d1f95bbb045c14c2682bc097309b,7e6bab01e9d6b0298352c3d96c8f671d95a236c9e60e60360e5c70a016b1f97e,Fixed-Dc,3,0,0.0,0.0,0,0,0,0,0
0.0,2000000,1030,11,931f3283e3edb9c9ecd59738ed2bd86fa088d1f95bbb045c14c2682bc097309b,7e6bab01e9d6b0298352c3d96c8f671d95a236c9e60e60360e5c70a016b1f97e,Fixed-Dc,4,0,0.0,0.0,0,0,0,0,0
0.0,2000000,1030,11,931f3283e3edb9c9ecd59738ed2bd86fa088d1f95bbb045c14c2682bc097309b,7e6bab01e9d6b0298352c3d96c8f671d95a236c9e60e60360e5c70a016b1f97e,Decoupled,1,0,,,,,,0,0
0.0,2000000,1030,11,931f3283e3edb9c9ecd59738ed2bd86fa088d1f95bbb045c14c2682bc097309b,7e6bab01e9d6b0298352c3d96c8f671d95a236c9e60e60360e5c70a016b1f97e,Decoupled,2,0,,,,,,0,0
0.0,2000000,1030,11,931f3283e3edb9c9ecd59738ed2bd86fa088d1f95bbb045c14c2682bc097309b,7e6bab01e9d6b0298352c3d96c8f671d95a236c9e60e60360e5c70a016b1f97e,Decoupled,3,0,,,,,,0,0
0.0,2000000,1030,11,931f3283e3edb9c9ecd59738ed2bd86fa088d1f95bbb045c14c2682bc097309b,7e6bab01e9d6b0298352c3d96c8f671d95a236c9e60e60360e5c70a016b1f97e,Decoupled,4,0,,,,,,0,0
0.0,2000000,1031,7,641b04d63b6341c3e575d998794b279e2ab4085779872adff09c0f8bb7a30702,7e6bab01e9d6b0298352c3d96c8f671d95a236c9e60e60360e5c70a016b1f97e,No-Dq-R,1,0,0.0,0.0,0.0,0,0,0,0
0.0,2000000,1031,7,641b04d63b6341c3e575d998794b279e2ab4085779872adff09c0f8bb7a30702,7e6bab01e9d6b0298352c3d96c8f671d95a236c9e60e60360e5c70a016b1f97e,No-Dq-R,2,0,0.0,0.0,0,0,0,0,0
0.0,2000000,1031,7,641b04d63b6341c3e575d998794b279e2ab4085779872adff09c0f8bb7a30702,7e6bab01e9d6b0298352c3d96c8f671d95a236c9e60e60360e5c70a016b1f97e,No-Dq-R,3,0,0.0,0.0,0,0,0,0,0
0.0,2000000,1031,7,641b04d63b6341c3e575d998794b279e2ab4085779872adff09c0f8bb7a30702,7e6bab01e9d6b0298352c3d96c8f671d95a236c9e60e60360e5c70a016b1f97e,No-Dq-R,4,0,0.0,0.0,0,0,0,0,0
0.0,2000000,1031,7,641b04d63b6341c3e575d998794b279e2ab4085779872adff09c0f8bb7a30702,7e6bab01e9d6b0298352c3d96c8f671d95a236c9e60e60360e5c70a016b1f97e,Fixed-Dc,1,0,0.0,0.0,0.0,0,0,0,0
0.0,2000000,1031,7,641b04d63b6341c3e575d998794b279e2ab4085779872adff09c0f8bb7a30702,7e6bab01e9d6b0298352c3d96c8f671d95a236c9e60e60360e5c70a016b1f97e,Fixed-Dc,2,0,0.0,0.0,0,0,0,0,0
0.0,2000000,1031,7,641b04d63b6341c3e575d998794b279e2ab4085779872adff09c0f8bb7a30702,7e6bab01e9d6b0298352c3d96c8f671d95a236c9e60e60360e5c70a016b1f97e,Fixed-Dc,3,0,0.0,0.0,0,0,0,0,0
0.0,2000000,1031,7,641b04d63b6341c3e575d998794b279e2ab4085779872adff09c0f8bb7a30702,7e6bab01e9d6b0298352c3d96c8f671d95a236c9e60e60360e5c70a016b1f97e,Fixed-Dc,4,0,0.0,0.0,0,0,0,0,0
0.0,2000000,1031,7,641b04d63b6341c3e575d998794b279e2ab4085779872adff09c0f8bb7a30702,7e6bab01e9d6b0298352c3d96c8f671d95a236c9e60e60360e5c70a016b1f97e,Decoupled,1,0,,,,,,0,0
0.0,2000000,1031,7,641b04d63b6341c3e575d998794b279e2ab4085779872adff09c0f8bb7a30702,7e6bab01e9d6b0298352c3d96c8f671d95a236c9e60e60360e5c70a016b1f97e,Decoupled,2,0,,,,,,0,0
0.0,2000000,1031,7,641b04d63b6341c3e575d998794b279e2ab4085779872adff09c0f8bb7a30702,7e6bab01e9d6b0298352c3d96c8f671d95a236c9e60e60360e5c70a016b1f97e,Decoupled,3,0,,,,,,0,0
0.0,2000000,1031,7,641b04d63b6341c3e575d998794b279e2ab4085779872adff09c0f8bb7a30702,7e6bab01e9d6b0298352c3d96c8f671d95a236c9e60e60360e5c70a016b1f97e,Decoupled,4,0,,,,,,0,0
0.0,2000000,1031,11,641b04d63b6341c3e575d998794b279e2ab4085779872adff09c0f8bb7a30702,7e6bab01e9d6b0298352c3d96c8f671d95a236c9e60e60360e5c70a016b1f97e,No-Dq-R,1,0,0.0,0.0,0.0,0,0,0,0
0.0,2000000,1031,11,641b04d63b6341c3e575d998794b279e2ab4085779872adff09c0f8bb7a30702,7e6bab01e9d6b0298352c3d96c8f671d95a236c9e60e60360e5c70a016b1f97e,No-Dq-R,2,0,0.0,0.0,0,0,0,0,0
0.0,2000000,1031,11,641b04d63b6341c3e575d998794b279e2ab4085779872adff09c0f8bb7a30702,7e6bab01e9d6b0298352c3d96c8f671d95a236c9e60e60360e5c70a016b1f97e,No-Dq-R,3,0,0.0,0.0,0,0,0,0,0
0.0,2000000,1031,11,641b04d63b6341c3e575d998794b279e2ab4085779872adff09c0f8bb7a30702,7e6bab01e9d6b0298352c3d96c8f671d95a236c9e60e60360e5c70a016b1f97e,No-Dq-R,4,0,0.0,0.0,0,0,0,0,0
0.0,2000000,1031,11,641b04d63b6341c3e575d998794b279e2ab4085779872adff09c0f8bb7a30702,7e6bab01e9d6b0298352c3d96c8f671d95a236c9e60e60360e5c70a016b1f97e,Fixed-Dc,1,0,0.0,0.0,0.0,0,0,0,0
0.0,2000000,1031,11,641b04d63b6341c3e575d998794b279e2ab4085779872adff09c0f8bb7a30702,7e6bab01e9d6b0298352c3d96c8f671d95a236c9e60e60360e5c70a016b1f97e,Fixed-Dc,2,0,0.0,0.0,0,0,0,0,0
0.0,2000000,1031,11,641b04d63b6341c3e575d998794b279e2ab4085779872adff09c0f8bb7a30702,7e6bab01e9d6b0298352c3d96c8f671d95a236c9e60e60360e5c70a016b1f97e,Fixed-Dc,3,0,0.0,0.0,0,0,0,0,0
0.0,2000000,1031,11,641b04d63b6341c3e575d998794b279e2ab4085779872adff09c0f8bb7a30702,7e6bab01e9d6b0298352c3d96c8f671d95a236c9e60e60360e5c70a016b1f97e,Fixed-Dc,4,0,0.0,0.0,0,0,0,0,0
0.0,2000000,1031,11,641b04d63b6341c3e575d998794b279e2ab4085779872adff09c0f8bb7a30702,7e6bab01e9d6b0298352c3d96c8f671d95a236c9e60e60360e5c70a016b1f97e,Decoupled,1,0,,,,,,0,0
0.0,2000000,1031,11,641b04d63b6341c3e575d998794b279e2ab4085779872adff09c0f8bb7a30702,7e6bab01e9d6b0298352c3d96c8f671d95a236c9e60e60360e5c70a016b1f97e,Decoupled,2,0,,,,,,0,0
0.0,2000000,1031,11,641b04d63b6341c3e575d998794b279e2ab4085779872adff09c0f8bb7a30702,7e6bab01e9d6b0298352c3d96c8f671d95a236c9e60e60360e5c70a016b1f97e,Decoupled,3,0,,,,,,0,0
0.0,2000000,1031,11,641b04d63b6341c3e575d998794b279e2ab4085779872adff09c0f8bb7a30702,7e6bab01e9d6b0298352c3d96c8f671d95a236c9e60e60360e5c70a016b1f97e,Decoupled,4,0,,,,,,0,0
0.35,800000,1000,7,d580847be21fd1e31344c4c71c5ec2e9e5207f6fb3639429e9014dd8bf506401,7e6bab01e9d6b0298352c3d96c8f671d95a236c9e60e60360e5c70a016b1f97e,No-Dq-R,1,0,0.0,0.0,0.0,0,0,0,0
0.35,800000,1000,7,d580847be21fd1e31344c4c71c5ec2e9e5207f6fb3639429e9014dd8bf506401,7e6bab01e9d6b0298352c3d96c8f671d95a236c9e60e60360e5c70a016b1f97e,No-Dq-R,2,-1577547,0.07267072529530294,0.06657898932980078,0.9999999999999994,1,0,0,0
0.35,800000,1000,7,d580847be21fd1e31344c4c71c5ec2e9e5207f6fb3639429e9014dd8bf506401,7e6bab01e9d6b0298352c3d96c8f671d95a236c9e60e60360e5c70a016b1f97e,No-Dq-R,3,-822453,0.04606655353067124,0.04420058921488046,0,0,0,0,0
0.35,800000,1000,7,d580847be21fd1e31344c4c71c5ec2e9e5207f6fb3639429e9014dd8bf506401,7e6bab01e9d6b0298352c3d96c8f671d95a236c9e60e60360e5c70a016b1f97e,No-Dq-R,4,-2334453,0.053278847417145336,0.062034161948323674,0,0,0,0,0
0.35,800000,1000,7,d580847be21fd1e31344c4c71c5ec2e9e5207f6fb3639429e9014dd8bf506401,7e6bab01e9d6b0298352c3d96c8f671d95a236c9e60e60360e5c70a016b1f97e,Fixed-Dc,1,-10296,0.0005069268529755977,0.00046888595745764317,0.0,0,0,0,0
0.35,800000,1000,7,d580847be21fd1e31344c4c71c5ec2e9e5207f6fb3639429e9014dd8bf506401,7e6bab01e9d6b0298352c3d96c8f671d95a236c9e60e60360e5c70a016b1f97e,Fixed-Dc,2,-764582,0.022655897169824857,0.01857998597812105,0,0,0,0,0
0.35,800000,1000,7,d580847be21fd1e31344c4c71c5ec2e9e5207f6fb3639429e9014dd8bf506401,7e6bab01e9d6b0298352c3d96c8f671d95a236c9e60e60360e5c70a016b1f97e,Fixed-Dc,3,12965,-0.00027226355259524215,-0.00019195251098830246,0,0,0,0,0
0.35,800000,1000,7,d580847be21fd1e31344c4c71c5ec2e9e5207f6fb3639429e9014dd8bf506401,7e6bab01e9d6b0298352c3d96c8f671d95a236c9e60e60360e5c70a016b1f97e,Fixed-Dc,4,12965,-3.628976974440201e-05,-0.00011041375565751244,0,0,0,0,0
0.35,800000,1000,7,d580847be21fd1e31344c4c71c5ec2e9e5207f6fb3639429e9014dd8bf506401,7e6bab01e9d6b0298352c3d96c8f671d95a236c9e60e60360e5c70a016b1f97e,Decoupled,1,0,,,,,,0,0
0.35,800000,1000,7,d580847be21fd1e31344c4c71c5ec2e9e5207f6fb3639429e9014dd8bf506401,7e6bab01e9d6b0298352c3d96c8f671d95a236c9e60e60360e5c70a016b1f97e,Decoupled,2,-777547,,,,,,0,0
0.35,800000,1000,7,d580847be21fd1e31344c4c71c5ec2e9e5207f6fb3639429e9014dd8bf506401,7e6bab01e9d6b0298352c3d96c8f671d95a236c9e60e60360e5c70a016b1f97e,Decoupled,3,777547,,,,,,0,0
0.35,800000,1000,7,d580847be21fd1e31344c4c71c5ec2e9e5207f6fb3639429e9014dd8bf506401,7e6bab01e9d6b0298352c3d96c8f671d95a236c9e60e60360e5c70a016b1f97e,Decoupled,4,65547,,,,,,0,0
0.35,800000,1000,11,d580847be21fd1e31344c4c71c5ec2e9e5207f6fb3639429e9014dd8bf506401,7e6bab01e9d6b0298352c3d96c8f671d95a236c9e60e60360e5c70a016b1f97e,No-Dq-R,1,0,0.0,0.0,0.0,0,0,0,0
0.35,800000,1000,11,d580847be21fd1e31344c4c71c5ec2e9e5207f6fb3639429e9014dd8bf506401,7e6bab01e9d6b0298352c3d96c8f671d95a236c9e60e60360e5c70a016b1f97e,No-Dq-R,2,-1577547,0.07267072529530294,0.06657898932980078,0.9999999999999994,1,0,0,0
0.35,800000,1000,11,d580847be21fd1e31344c4c71c5ec2e9e5207f6fb3639429e9014dd8bf506401,7e6bab01e9d6b0298352c3d96c8f671d95a236c9e60e60360e5c70a016b1f97e,No-Dq-R,3,-822453,0.04291785675437981,0.04420058921488046,0,0,0,0,0
0.35,800000,1000,11,d580847be21fd1e31344c4c71c5ec2e9e5207f6fb3639429e9014dd8bf506401,7e6bab01e9d6b0298352c3d96c8f671d95a236c9e60e60360e5c70a016b1f97e,No-Dq-R,4,-2334453,0.053278847417145336,0.062034161948323674,0,0,0,0,0
0.35,800000,1000,11,d580847be21fd1e31344c4c71c5ec2e9e5207f6fb3639429e9014dd8bf506401,7e6bab01e9d6b0298352c3d96c8f671d95a236c9e60e60360e5c70a016b1f97e,Fixed-Dc,1,-10296,0.0004319591364806419,0.00046888595745764317,0.0,0,0,0,0
0.35,800000,1000,11,d580847be21fd1e31344c4c71c5ec2e9e5207f6fb3639429e9014dd8bf506401,7e6bab01e9d6b0298352c3d96c8f671d95a236c9e60e60360e5c70a016b1f97e,Fixed-Dc,2,-764582,0.022655897169824857,0.01857998597812105,0,0,0,0,0
0.35,800000,1000,11,d580847be21fd1e31344c4c71c5ec2e9e5207f6fb3639429e9014dd8bf506401,7e6bab01e9d6b0298352c3d96c8f671d95a236c9e60e60360e5c70a016b1f97e,Fixed-Dc,3,12965,-0.00012121368546541555,-0.00019195251098830246,0,0,0,0,0
0.35,800000,1000,11,d580847be21fd1e31344c4c71c5ec2e9e5207f6fb3639429e9014dd8bf506401,7e6bab01e9d6b0298352c3d96c8f671d95a236c9e60e60360e5c70a016b1f97e,Fixed-Dc,4,12965,-3.628976974440201e-05,-0.00011041375565751244,0,0,0,0,0
0.35,800000,1000,11,d580847be21fd1e31344c4c71c5ec2e9e5207f6fb3639429e9014dd8bf506401,7e6bab01e9d6b0298352c3d96c8f671d95a236c9e60e60360e5c70a016b1f97e,Decoupled,1,0,,,,,,0,0
0.35,800000,1000,11,d580847be21fd1e31344c4c71c5ec2e9e5207f6fb3639429e9014dd8bf506401,7e6bab01e9d6b0298352c3d96c8f671d95a236c9e60e60360e5c70a016b1f97e,Decoupled,2,-777547,,,,,,0,0
0.35,800000,1000,11,d580847be21fd1e31344c4c71c5ec2e9e5207f6fb3639429e9014dd8bf506401,7e6bab01e9d6b0298352c3d96c8f671d95a236c9e60e60360e5c70a016b1f97e,Decoupled,3,777547,,,,,,0,0
0.35,800000,1000,11,d580847be21fd1e31344c4c71c5ec2e9e5207f6fb3639429e9014dd8bf506401,7e6bab01e9d6b0298352c3d96c8f671d95a236c9e60e60360e5c70a016b1f97e,Decoupled,4,65547,,,,,,0,0
0.35,800000,1001,7,ebae30120a4ea1224edf7f6c8aebf57494d3d2423a5477826e5fc157a66a49fc,7e6bab01e9d6b0298352c3d96c8f671d95a236c9e60e60360e5c70a016b1f97e,No-Dq-R,1,0,0.0,0.0,0.0,0,0,0,0
0.35,800000,1001,7,ebae30120a4ea1224edf7f6c8aebf57494d3d2423a5477826e5fc157a66a49fc,7e6bab01e9d6b0298352c3d96c8f671d95a236c9e60e60360e5c70a016b1f97e,No-Dq-R,2,-688000,0.04529600987672988,0.04385281926423246,0,0,0,0,0
0.35,800000,1001,7,ebae30120a4ea1224edf7f6c8aebf57494d3d2423a5477826e5fc157a66a49fc,7e6bab01e9d6b0298352c3d96c8f671d95a236c9e60e60360e5c70a016b1f97e,No-Dq-R,3,-1600000,0.06912469436576968,0.06311589691596853,0,0,0,0,0
0.35,800000,1001,7,ebae30120a4ea1224edf7f6c8aebf57494d3d2423a5477826e5fc157a66a49fc,7e6bab01e9d6b0298352c3d96c8f671d95a236c9e60e60360e5c70a016b1f97e,No-Dq-R,4,-2354286,0.045712597574342706,0.054903158548497366,0.0,0,0,1,0
0.35,800000,1001,7,ebae30120a4ea1224edf7f6c8aebf57494d3d2423a5477826e5fc157a66a49fc,7e6bab01e9d6b0298352c3d96c8f671d95a236c9e60e60360e5c70a016b1f97e,Fixed-Dc,1,12965,-0.0006394031017732393,-0.000591603153459408,0.0,0,0,0,0
0.35,800000,1001,7,ebae30120a4ea1224edf7f6c8aebf57494d3d2423a5477826e5fc157a66a49fc,7e6bab01e9d6b0298352c3d96c8f671d95a236c9e60e60360e5c70a016b1f97e,Fixed-Dc,2,12965,-0.0004022436652736383,-0.0003353217229670191,0,0,0,0,0
0.35,800000,1001,7,ebae30120a4ea1224edf7f6c8aebf57494d3d2423a5477826e5fc157a66a49fc,7e6bab01e9d6b0298352c3d96c8f671d95a236c9e60e60360e5c70a016b1f97e,Fixed-Dc,3,12965,-0.00027226355259524215,-0.00019195251098830246,0,0,0,0,0
0.35,800000,1001,7,ebae30120a4ea1224edf7f6c8aebf57494d3d2423a5477826e5fc157a66a49fc,7e6bab01e9d6b0298352c3d96c8f671d95a236c9e60e60360e5c70a016b1f97e,Fixed-Dc,4,-719789,0.001660592511200376,0.005817480463936653,0.0,0,0,1,0
0.35,800000,1001,7,ebae30120a4ea1224edf7f6c8aebf57494d3d2423a5477826e5fc157a66a49fc,7e6bab01e9d6b0298352c3d96c8f671d95a236c9e60e60360e5c70a016b1f97e,Decoupled,1,0,,,,,,0,0
0.35,800000,1001,7,ebae30120a4ea1224edf7f6c8aebf57494d3d2423a5477826e5fc157a66a49fc,7e6bab01e9d6b0298352c3d96c8f671d95a236c9e60e60360e5c70a016b1f97e,Decoupled,2,112000,,,,,,0,0
0.35,800000,1001,7,ebae30120a4ea1224edf7f6c8aebf57494d3d2423a5477826e5fc157a66a49fc,7e6bab01e9d6b0298352c3d96c8f671d95a236c9e60e60360e5c70a016b1f97e,Decoupled,3,0,,,,,,0,0
0.35,800000,1001,7,ebae30120a4ea1224edf7f6c8aebf57494d3d2423a5477826e5fc157a66a49fc,7e6bab01e9d6b0298352c3d96c8f671d95a236c9e60e60360e5c70a016b1f97e,Decoupled,4,45714,,,,,,0,0
0.35,800000,1001,11,ebae30120a4ea1224edf7f6c8aebf57494d3d2423a5477826e5fc157a66a49fc,7e6bab01e9d6b0298352c3d96c8f671d95a236c9e60e60360e5c70a016b1f97e,No-Dq-R,1,0,0.0,0.0,0.0,0,0,0,0
0.35,800000,1001,11,ebae30120a4ea1224edf7f6c8aebf57494d3d2423a5477826e5fc157a66a49fc,7e6bab01e9d6b0298352c3d96c8f671d95a236c9e60e60360e5c70a016b1f97e,No-Dq-R,2,-688000,0.04529600987672988,0.04385281926423246,0,0,0,0,0
0.35,800000,1001,11,ebae30120a4ea1224edf7f6c8aebf57494d3d2423a5477826e5fc157a66a49fc,7e6bab01e9d6b0298352c3d96c8f671d95a236c9e60e60360e5c70a016b1f97e,No-Dq-R,3,-1600000,0.05797731082766472,0.06311589691596853,0,0,0,0,0
0.35,800000,1001,11,ebae30120a4ea1224edf7f6c8aebf57494d3d2423a5477826e5fc157a66a49fc,7e6bab01e9d6b0298352c3d96c8f671d95a236c9e60e60360e5c70a016b1f97e,No-Dq-R,4,-2354286,0.045712597574342706,0.054903158548497366,0.0,0,0,1,0
0.35,800000,1001,11,ebae30120a4ea1224edf7f6c8aebf57494d3d2423a5477826e5fc157a66a49fc,7e6bab01e9d6b0298352c3d96c8f671d95a236c9e60e60360e5c70a016b1f97e,Fixed-Dc,1,12965,-0.0005452030855833678,-0.000591603153459408,0.0,0,0,0,0
0.35,800000,1001,11,ebae30120a4ea1224edf7f6c8aebf57494d3d2423a5477826e5fc157a66a49fc,7e6bab01e9d6b0298352c3d96c8f671d95a236c9e60e60360e5c70a016b1f97e,Fixed-Dc,2,12965,-0.0004022436652736383,-0.0003353217229670191,0,0,0,0,0
0.35,800000,1001,11,ebae30120a4ea1224edf7f6c8aebf57494d3d2423a5477826e5fc157a66a49fc,7e6bab01e9d6b0298352c3d96c8f671d95a236c9e60e60360e5c70a016b1f97e,Fixed-Dc,3,12965,-0.00012121368546541555,-0.00019195251098830246,0,0,0,0,0
0.35,800000,1001,11,ebae30120a4ea1224edf7f6c8aebf57494d3d2423a5477826e5fc157a66a49fc,7e6bab01e9d6b0298352c3d96c8f671d95a236c9e60e60360e5c70a016b1f97e,Fixed-Dc,4,-719789,0.001660592511200376,0.005817480463936653,0.0,0,0,1,0
0.35,800000,1001,11,ebae30120a4ea1224edf7f6c8aebf57494d3d2423a5477826e5fc157a66a49fc,7e6bab01e9d6b0298352c3d96c8f671d95a236c9e60e60360e5c70a016b1f97e,Decoupled,1,0,,,,,,0,0
0.35,800000,1001,11,ebae30120a4ea1224edf7f6c8aebf57494d3d2423a5477826e5fc157a66a49fc,7e6bab01e9d6b0298352c3d96c8f671d95a236c9e60e60360e5c70a016b1f97e,Decoupled,2,112000,,,,,,0,0
0.35,800000,1001,11,ebae30120a4ea1224edf7f6c8aebf57494d3d2423a5477826e5fc157a66a49fc,7e6bab01e9d6b0298352c3d96c8f671d95a236c9e60e60360e5c70a016b1f97e,Decoupled,3,0,,,,,,0,0
0.35,800000,1001,11,ebae30120a4ea1224edf7f6c8aebf57494d3d2423a5477826e5fc157a66a49fc,7e6bab01e9d6b0298352c3d96c8f671d95a236c9e60e60360e5c70a016b1f97e,Decoupled,4,45714,,,,,,0,0
0.35,800000,1002,7,25f87c8fecb14229316b3c9858261e2c60dfae9112d35f3ef06eb8dc29ad76ee,7e6bab01e9d6b0298352c3d96c8f671d95a236c9e60e60360e5c70a016b1f97e,No-Dq-R,1,0,0.0,0.0,0.0,0,0,0,0
0.35,800000,1002,7,25f87c8fecb14229316b3c9858261e2c60dfae9112d35f3ef06eb8dc29ad76ee,7e6bab01e9d6b0298352c3d96c8f671d95a236c9e60e60360e5c70a016b1f97e,No-Dq-R,2,-800000,0.049612584460204445,0.047663681628712706,0.9999999999999994,1,0,0,0
0.35,800000,1002,7,25f87c8fecb14229316b3c9858261e2c60dfae9112d35f3ef06eb8dc29ad76ee,7e6bab01e9d6b0298352c3d96c8f671d95a236c9e60e60360e5c70a016b1f97e,No-Dq-R,3,-1600000,0.06912469436576968,0.06311589691596853,0,0,0,0,0
0.35,800000,1002,7,25f87c8fecb14229316b3c9858261e2c60dfae9112d35f3ef06eb8dc29ad76ee,7e6bab01e9d6b0298352c3d96c8f671d95a236c9e60e60360e5c70a016b1f97e,No-Dq-R,4,-2354286,0.05003444967659437,0.059047498821882205,0,0,0,0,0
0.35,800000,1002,7,25f87c8fecb14229316b3c9858261e2c60dfae9112d35f3ef06eb8dc29ad76ee,7e6bab01e9d6b0298352c3d96c8f671d95a236c9e60e60360e5c70a016b1f97e,Fixed-Dc,1,-396050,0.018972471038441574,0.01745857695931241,0.0,0,0,0,0
0.35,800000,1002,7,25f87c8fecb14229316b3c9858261e2c60dfae9112d35f3ef06eb8dc29ad76ee,7e6bab01e9d6b0298352c3d96c8f671d95a236c9e60e60360e5c70a016b1f97e,Fixed-Dc,2,12965,-0.0004022436652736383,-0.0003353217229670191,0,0,0,0,0
0.35,800000,1002,7,25f87c8fecb14229316b3c9858261e2c60dfae9112d35f3ef06eb8dc29ad76ee,7e6bab01e9d6b0298352c3d96c8f671d95a236c9e60e60360e5c70a016b1f97e,Fixed-Dc,3,12965,-0.00027226355259524215,-0.00019195251098830246,0,0,0,0,0
0.35,800000,1002,7,25f87c8fecb14229316b3c9858261e2c60dfae9112d35f3ef06eb8dc29ad76ee,7e6bab01e9d6b0298352c3d96c8f671d95a236c9e60e60360e5c70a016b1f97e,Fixed-Dc,4,-304622,0.0007860132527514607,0.002535565766291381,0,0,0,0,0
0.35,800000,1002,7,25f87c8fecb14229316b3c9858261e2c60dfae9112d35f3ef06eb8dc29ad76ee,7e6bab01e9d6b0298352c3d96c8f671d95a236c9e60e60360e5c70a016b1f97e,Decoupled,1,0,,,,,,0,0
0.35,800000,1002,7,25f87c8fecb14229316b3c9858261e2c60dfae9112d35f3ef06eb8dc29ad76ee,7e6bab01e9d6b0298352c3d96c8f671d95a236c9e60e60360e5c70a016b1f97e,Decoupled,2,0,,,,,,0,0
0.35,800000,1002,7,25f87c8fecb14229316b3c9858261e2c60dfae9112d35f3ef06eb8dc29ad76ee,7e6bab01e9d6b0298352c3d96c8f671d95a236c9e60e60360e5c70a016b1f97e,Decoupled,3,0,,,,,,0,0
0.35,800000,1002,7,25f87c8fecb14229316b3c9858261e2c60dfae9112d35f3ef06eb8dc29ad76ee,7e6bab01e9d6b0298352c3d96c8f671d95a236c9e60e60360e5c70a016b1f97e,Decoupled,4,45714,,,,,,0,0
0.35,800000,1002,11,25f87c8fecb14229316b3c9858261e2c60dfae9112d35f3ef06eb8dc29ad76ee,7e6bab01e9d6b0298352c3d96c8f671d95a236c9e60e60360e5c70a016b1f97e,No-Dq-R,1,0,0.0,0.0,0.0,0,0,0,0
0.35,800000,1002,11,25f87c8fecb14229316b3c9858261e2c60dfae9112d35f3ef06eb8dc29ad76ee,7e6bab01e9d6b0298352c3d96c8f671d95a236c9e60e60360e5c70a016b1f97e,No-Dq-R,2,-800000,0.049612584460204445,0.047663681628712706,0.9999999999999994,1,0,0,0
0.35,800000,1002,11,25f87c8fecb14229316b3c9858261e2c60dfae9112d35f3ef06eb8dc29ad76ee,7e6bab01e9d6b0298352c3d96c8f671d95a236c9e60e60360e5c70a016b1f97e,No-Dq-R,3,-1600000,0.05797731082766472,0.06311589691596853,0,0,0,0,0
0.35,800000,1002,11,25f87c8fecb14229316b3c9858261e2c60dfae9112d35f3ef06eb8dc29ad76ee,7e6bab01e9d6b0298352c3d96c8f671d95a236c9e60e60360e5c70a016b1f97e,No-Dq-R,4,-2354286,0.05003444967659437,0.059047498821882205,0,0,0,0,0
0.35,800000,1002,11,25f87c8fecb14229316b3c9858261e2c60dfae9112d35f3ef06eb8dc29ad76ee,7e6bab01e9d6b0298352c3d96c8f671d95a236c9e60e60360e5c70a016b1f97e,Fixed-Dc,1,-396050,0.015989019135369986,0.01745857695931241,0.0,0,0,0,0
0.35,800000,1002,11,25f87c8fecb14229316b3c9858261e2c60dfae9112d35f3ef06eb8dc29ad76ee,7e6bab01e9d6b0298352c3d96c8f671d95a236c9e60e60360e5c70a016b1f97e,Fixed-Dc,2,12965,-0.0004022436652736383,-0.0003353217229670191,0,0,0,0,0
0.35,800000,1002,11,25f87c8fecb14229316b3c9858261e2c60dfae9112d35f3ef06eb8dc29ad76ee,7e6bab01e9d6b0298352c3d96c8f671d95a236c9e60e60360e5c70a016b1f97e,Fixed-Dc,3,12965,-0.00012121368546541555,-0.00019195251098830246,0,0,0,0,0
0.35,800000,1002,11,25f87c8fecb14229316b3c9858261e2c60dfae9112d35f3ef06eb8dc29ad76ee,7e6bab01e9d6b0298352c3d96c8f671d95a236c9e60e60360e5c70a016b1f97e,Fixed-Dc,4,-304622,0.0007860132527514607,0.002535565766291381,0,0,0,0,0
0.35,800000,1002,11,25f87c8fecb14229316b3c9858261e2c60dfae9112d35f3ef06eb8dc29ad76ee,7e6bab01e9d6b0298352c3d96c8f671d95a236c9e60e60360e5c70a016b1f97e,Decoupled,1,0,,,,,,0,0
0.35,800000,1002,11,25f87c8fecb14229316b3c9858261e2c60dfae9112d35f3ef06eb8dc29ad76ee,7e6bab01e9d6b0298352c3d96c8f671d95a236c9e60e60360e5c70a016b1f97e,Decoupled,2,0,,,,,,0,0
0.35,800000,1002,11,25f87c8fecb14229316b3c9858261e2c60dfae9112d35f3ef06eb8dc29ad76ee,7e6bab01e9d6b0298352c3d96c8f671d95a236c9e60e60360e5c70a016b1f97e,Decoupled,3,0,,,,,,0,0
0.35,800000,1002,11,25f87c8fecb14229316b3c9858261e2c60dfae9112d35f3ef06eb8dc29ad76ee,7e6bab01e9d6b0298352c3d96c8f671d95a236c9e60e60360e5c70a016b1f97e,Decoupled,4,45714,,,,,,0,0
0.35,800000,1003,7,5d90d6df17e3c868c5b5a5c5b43cafb7673964645513fcd6af5f97f886be051e,7e6bab01e9d6b0298352c3d96c8f671d95a236c9e60e60360e5c70a016b1f97e,No-Dq-R,1,0,0.0,0.0,0.0,0,0,0,0
0.35,800000,1003,7,5d90d6df17e3c868c5b5a5c5b43cafb7673964645513fcd6af5f97f886be051e,7e6bab01e9d6b0298352c3d96c8f671d95a236c9e60e60360e5c70a016b1f97e,No-Dq-R,2,-800000,0.049612584460204445,0.047663681628712706,0.9999999999999994,1,0,0,0
0.35,800000,1003,7,5d90d6df17e3c868c5b5a5c5b43cafb7673964645513fcd6af5f97f886be051e,7e6bab01e9d6b0298352c3d96c8f671d95a236c9e60e60360e5c70a016b1f97e,No-Dq-R,3,-1600000,0.06912469436576968,0.06311589691596853,0,0,0,0,0
0.35,800000,1003,7,5d90d6df17e3c868c5b5a5c5b43cafb7673964645513fcd6af5f97f886be051e,7e6bab01e9d6b0298352c3d96c8f671d95a236c9e60e60360e5c70a016b1f97e,No-Dq-R,4,-2354286,0.051112629601160586,0.06007929384060107,0,0,0,0,0
0.35,800000,1003,7,5d90d6df17e3c868c5b5a5c5b43cafb7673964645513fcd6af5f97f886be051e,7e6bab01e9d6b0298352c3d96c8f671d95a236c9e60e60360e5c70a016b1f97e,Fixed-Dc,1,-297036,0.01432897922412546,0.01320314948673007,0.0,0,0,0,0
0.35,800000,1003,7,5d90d6df17e3c868c5b5a5c5b43cafb7673964645513fcd6af5f97f886be051e,7e6bab01e9d6b0298352c3d96c8f671d95a236c9e60e60360e5c70a016b1f97e,Fixed-Dc,2,12965,-0.0004022436652736383,-0.0003353217229670191,0,0,0,0,0
0.35,800000,1003,7,5d90d6df17e3c868c5b5a5c5b43cafb7673964645513fcd6af5f97f886be051e,7e6bab01e9d6b0298352c3d96c8f671d95a236c9e60e60360e5c70a016b1f97e,Fixed-Dc,3,12965,-0.00027226355259524215,-0.00019195251098830246,0,0,0,0,0
0.35,800000,1003,7,5d90d6df17e3c868c5b5a5c5b43cafb7673964645513fcd6af5f97f886be051e,7e6bab01e9d6b0298352c3d96c8f671d95a236c9e60e60360e5c70a016b1f97e,Fixed-Dc,4,-205608,0.0005443611793291003,0.0017236016940785914,0,0,0,0,0
0.35,800000,1003,7,5d90d6df17e3c868c5b5a5c5b43cafb7673964645513fcd6af5f97f886be051e,7e6bab01e9d6b0298352c3d96c8f671d95a236c9e60e60360e5c70a016b1f97e,Decoupled,1,0,,,,,,0,0
0.35,800000,1003,7,5d90d6df17e3c868c5b5a5c5b43cafb7673964645513fcd6af5f97f886be051e,7e6bab01e9d6b0298352c3d96c8f671d95a236c9e60e60360e5c70a016b1f97e,Decoupled,2,0,,,,,,0,0
0.35,800000,1003,7,5d90d6df17e3c868c5b5a5c5b43cafb7673964645513fcd6af5f97f886be051e,7e6bab01e9d6b0298352c3d96c8f671d95a236c9e60e60360e5c70a016b1f97e,Decoupled,3,0,,,,,,0,0
0.35,800000,1003,7,5d90d6df17e3c868c5b5a5c5b43cafb7673964645513fcd6af5f97f886be051e,7e6bab01e9d6b0298352c3d96c8f671d95a236c9e60e60360e5c70a016b1f97e,Decoupled,4,45714,,,,,,0,0
0.35,800000,1003,11,5d90d6df17e3c868c5b5a5c5b43cafb7673964645513fcd6af5f97f886be051e,7e6bab01e9d6b0298352c3d96c8f671d95a236c9e60e60360e5c70a016b1f97e,No-Dq-R,1,0,0.0,0.0,0.0,0,0,0,0
0.35,800000,1003,11,5d90d6df17e3c868c5b5a5c5b43cafb7673964645513fcd6af5f97f886be051e,7e6bab01e9d6b0298352c3d96c8f671d95a236c9e60e60360e5c70a016b1f97e,No-Dq-R,2,-800000,0.049612584460204445,0.047663681628712706,0.9999999999999994,1,0,0,0
0.35,800000,1003,11,5d90d6df17e3c868c5b5a5c5b43cafb7673964645513fcd6af5f97f886be051e,7e6bab01e9d6b0298352c3d96c8f671d95a236c9e60e60360e5c70a016b1f97e,No-Dq-R,3,-1600000,0.05797731082766472,0.06311589691596853,0,0,0,0,0
0.35,800000,1003,11,5d90d6df17e3c868c5b5a5c5b43cafb7673964645513fcd6af5f97f886be051e,7e6bab01e9d6b0298352c3d96c8f671d95a236c9e60e60360e5c70a016b1f97e,No-Dq-R,4,-2354286,0.051112629601160586,0.06007929384060107,0,0,0,0,0
0.35,800000,1003,11,5d90d6df17e3c868c5b5a5c5b43cafb7673964645513fcd6af5f97f886be051e,7e6bab01e9d6b0298352c3d96c8f671d95a236c9e60e60360e5c70a016b1f97e,Fixed-Dc,1,-297036,0.012110291061675937,0.01320314948673007,0.0,0,0,0,0
0.35,800000,1003,11,5d90d6df17e3c868c5b5a5c5b43cafb7673964645513fcd6af5f97f886be051e,7e6bab01e9d6b0298352c3d96c8f671d95a236c9e60e60360e5c70a016b1f97e,Fixed-Dc,2,12965,-0.0004022436652736383,-0.0003353217229670191,0,0,0,0,0
0.35,800000,1003,11,5d90d6df17e3c868c5b5a5c5b43cafb7673964645513fcd6af5f97f886be051e,7e6bab01e9d6b0298352c3d96c8f671d95a236c9e60e60360e5c70a016b1f97e,Fixed-Dc,3,12965,-0.00012121368546541555,-0.00019195251098830246,0,0,0,0,0
0.35,800000,1003,11,5d90d6df17e3c868c5b5a5c5b43cafb7673964645513fcd6af5f97f886be051e,7e6bab01e9d6b0298352c3d96c8f671d95a236c9e60e60360e5c70a016b1f97e,Fixed-Dc,4,-205608,0.0005443611793291003,0.0017236016940785914,0,0,0,0,0
0.35,800000,1003,11,5d90d6df17e3c868c5b5a5c5b43cafb7673964645513fcd6af5f97f886be051e,7e6bab01e9d6b0298352c3d96c8f671d95a236c9e60e60360e5c70a016b1f97e,Decoupled,1,0,,,,,,0,0
0.35,800000,1003,11,5d90d6df17e3c868c5b5a5c5b43cafb7673964645513fcd6af5f97f886be051e,7e6bab01e9d6b0298352c3d96c8f671d95a236c9e60e60360e5c70a016b1f97e,Decoupled,2,0,,,,,,0,0
0.35,800000,1003,11,5d90d6df17e3c868c5b5a5c5b43cafb7673964645513fcd6af5f97f886be051e,7e6bab01e9d6b0298352c3d96c8f671d95a236c9e60e60360e5c70a016b1f97e,Decoupled,3,0,,,,,,0,0
0.35,800000,1003,11,5d90d6df17e3c868c5b5a5c5b43cafb7673964645513fcd6af5f97f886be051e,7e6bab01e9d6b0298352c3d96c8f671d95a236c9e60e60360e5c70a016b1f97e,Decoupled,4,45714,,,,,,0,0
0.35,800000,1004,7,13f42e27584164d9048fb6373113d344c8f95fe6709aa32675fe9c845ac745f8,7e6bab01e9d6b0298352c3d96c8f671d95a236c9e60e60360e5c70a016b1f97e,No-Dq-R,1,0,0.0,0.0,0.0,0,0,0,0
0.35,800000,1004,7,13f42e27584164d9048fb6373113d344c8f95fe6709aa32675fe9c845ac745f8,7e6bab01e9d6b0298352c3d96c8f671d95a236c9e60e60360e5c70a016b1f97e,No-Dq-R,2,-1544611,0.07173608350333271,0.06582492527422923,0.9999999999999994,1,0,0,0
0.35,800000,1004,7,13f42e27584164d9048fb6373113d344c8f95fe6709aa32675fe9c845ac745f8,7e6bab01e9d6b0298352c3d96c8f671d95a236c9e60e60360e5c70a016b1f97e,No-Dq-R,3,-855389,0.047001195322641465,0.044954653270452005,0,0,0,0,0
0.35,800000,1004,7,13f42e27584164d9048fb6373113d344c8f95fe6709aa32675fe9c845ac745f8,7e6bab01e9d6b0298352c3d96c8f671d95a236c9e60e60360e5c70a016b1f97e,No-Dq-R,4,-2367389,0.05374692416275789,0.0626736587046593,0,0,0,0,0
0.35,800000,1004,7,13f42e27584164d9048fb6373113d344c8f95fe6709aa32675fe9c845ac745f8,7e6bab01e9d6b0298352c3d96c8f671d95a236c9e60e60360e5c70a016b1f97e,Fixed-Dc,1,12965,-0.0006394031017732393,-0.000591603153459408,0.0,0,0,0,0
0.35,800000,1004,7,13f42e27584164d9048fb6373113d344c8f95fe6709aa32675fe9c845ac745f8,7e6bab01e9d6b0298352c3d96c8f671d95a236c9e60e60360e5c70a016b1f97e,Fixed-Dc,2,-731646,0.02172125537785463,0.017825921922549504,0,0,0,0,0
0.35,800000,1004,7,13f42e27584164d9048fb6373113d344c8f95fe6709aa32675fe9c845ac745f8,7e6bab01e9d6b0298352c3d96c8f671d95a236c9e60e60360e5c70a016b1f97e,Fixed-Dc,3,12965,-0.00027226355259524215,-0.00019195251098830246,0,0,0,0,0
0.35,800000,1004,7,13f42e27584164d9048fb6373113d344c8f95fe6709aa32675fe9c845ac745f8,7e6bab01e9d6b0298352c3d96c8f671d95a236c9e60e60360e5c70a016b1f97e,Fixed-Dc,4,12965,-3.628976974440201e-05,-0.00011041375565751244,0,0,0,0,0
0.35,800000,1004,7,13f42e27584164d9048fb6373113d344c8f95fe6709aa32675fe9c845ac745f8,7e6bab01e9d6b0298352c3d96c8f671d95a236c9e60e60360e5c70a016b1f97e,Decoupled,1,0,,,,,,0,0
0.35,800000,1004,7,13f42e27584164d9048fb6373113d344c8f95fe6709aa32675fe9c845ac745f8,7e6bab01e9d6b0298352c3d96c8f671d95a236c9e60e60360e5c70a016b1f97e,Decoupled,2,-744611,,,,,,0,0
0.35,800000,1004,7,13f42e27584164d9048fb6373113d344c8f95fe6709aa32675fe9c845ac745f8,7e6bab01e9d6b0298352c3d96c8f671d95a236c9e60e60360e5c70a016b1f97e,Decoupled,3,744611,,,,,,0,0
0.35,800000,1004,7,13f42e27584164d9048fb6373113d344c8f95fe6709aa32675fe9c845ac745f8,7e6bab01e9d6b0298352c3d96c8f671d95a236c9e60e60360e5c70a016b1f97e,Decoupled,4,32611,,,,,,0,0
0.35,800000,1004,11,13f42e27584164d9048fb6373113d344c8f95fe6709aa32675fe9c845ac745f8,7e6bab01e9d6b0298352c3d96c8f671d95a236c9e60e60360e5c70a016b1f97e,No-Dq-R,1,0,0.0,0.0,0.0,0,0,0,0
0.35,800000,1004,11,13f42e27584164d9048fb6373113d344c8f95fe6709aa32675fe9c845ac745f8,7e6bab01e9d6b0298352c3d96c8f671d95a236c9e60e60360e5c70a016b1f97e,No-Dq-R,2,-1544611,0.07173608350333271,0.06582492527422923,0.9999999999999994,1,0,0,0
0.35,800000,1004,11,13f42e27584164d9048fb6373113d344c8f95fe6709aa32675fe9c845ac745f8,7e6bab01e9d6b0298352c3d96c8f671d95a236c9e60e60360e5c70a016b1f97e,No-Dq-R,3,-855389,0.043503851931126214,0.044954653270452005,0,0,0,0,0
0.35,800000,1004,11,13f42e27584164d9048fb6373113d344c8f95fe6709aa32675fe9c845ac745f8,7e6bab01e9d6b0298352c3d96c8f671d95a236c9e60e60360e5c70a016b1f97e,No-Dq-R,4,-2367389,0.05374692416275789,0.0626736587046593,0,0,0,0,0
0.35,800000,1004,11,13f42e27584164d9048fb6373113d344c8f95fe6709aa32675fe9c845ac745f8,7e6bab01e9d6b0298352c3d96c8f671d95a236c9e60e60360e5c70a016b1f97e,Fixed-Dc,1,12965,-0.0005452030855833678,-0.000591603153459408,0.0,0,0,0,0
0.35,800000,1004,11,13f42e27584164d9048fb6373113d344c8f95fe6709aa32675fe9c845ac745f8,7e6bab01e9d6b0298352c3d96c8f671d95a236c9e60e60360e5c70a016b1f97e,Fixed-Dc,2,-731646,0.02172125537785463,0.017825921922549504,0,0,0,0,0
0.35,800000,1004,11,13f42e27584164d9048fb6373113d344c8f95fe6709aa32675fe9c845ac745f8,7e6bab01e9d6b0298352c3d96c8f671d95a236c9e60e60360e5c70a016b1f97e,Fixed-Dc,3,12965,-0.00012121368546541555,-0.00019195251098830246,0,0,0,0,0
0.35,800000,1004,11,13f42e27584164d9048fb6373113d344c8f95fe6709aa32675fe9c845ac745f8,7e6bab01e9d6b0298352c3d96c8f671d95a236c9e60e60360e5c70a016b1f97e,Fixed-Dc,4,12965,-3.628976974440201e-05,-0.00011041375565751244,0,0,0,0,0
0.35,800000,1004,11,13f42e27584164d9048fb6373113d344c8f95fe6709aa32675fe9c845ac745f8,7e6bab01e9d6b0298352c3d96c8f671d95a236c9e60e60360e5c70a016b1f97e,Decoupled,1,0,,,,,,0,0
0.35,800000,1004,11,13f42e27584164d9048fb6373113d344c8f95fe6709aa32675fe9c845ac745f8,7e6bab01e9d6b0298352c3d96c8f671d95a236c9e60e60360e5c70a016b1f97e,Decoupled,2,-744611,,,,,,0,0
0.35,800000,1004,11,13f42e27584164d9048fb6373113d344c8f95fe6709aa32675fe9c845ac745f8,7e6bab01e9d6b0298352c3d96c8f671d95a236c9e60e60360e5c70a016b1f97e,Decoupled,3,744611,,,,,,0,0
0.35,800000,1004,11,13f42e27584164d9048fb6373113d344c8f95fe6709aa32675fe9c845ac745f8,7e6bab01e9d6b0298352c3d96c8f671d95a236c9e60e60360e5c70a016b1f97e,Decoupled,4,32611,,,,,,0,0
0.35,800000,1005,7,a9e60f369ead4d754b7ec610154b2c5545e4cea86deaf450467bac310c8cdd91,7e6bab01e9d6b0298352c3d96c8f671d95a236c9e60e60360e5c70a016b1f97e,No-Dq-R,1,0,0.0,0.0,0.0,0,0,0,0
0.35,800000,1005,7,a9e60f369ead4d754b7ec610154b2c5545e4cea86deaf450467bac310c8cdd91,7e6bab01e9d6b0298352c3d96c8f671d95a236c9e60e60360e5c70a016b1f97e,No-Dq-R,2,-800000,0.049612584460204445,0.047663681628712706,0.9999999999999994,1,0,0,0
0.35,800000,1005,7,a9e60f369ead4d754b7ec610154b2c5545e4cea86deaf450467bac310c8cdd91,7e6bab01e9d6b0298352c3d96c8f671d95a236c9e60e60360e5c70a016b1f97e,No-Dq-R,3,-1600000,0.06912469436576968,0.06311589691596853,0,0,0,0,0
0.35,800000,1005,7,a9e60f369ead4d754b7ec610154b2c5545e4cea86deaf450467bac310c8cdd91,7e6bab01e9d6b0298352c3d96c8f671d95a236c9e60e60360e5c70a016b1f97e,No-Dq-R,4,-2354286,0.051771736550375314,0.06070966669676281,0,0,0,0,0
0.35,800000,1005,7,a9e60f369ead4d754b7ec610154b2c5545e4cea86deaf450467bac310c8cdd91,7e6bab01e9d6b0298352c3d96c8f671d95a236c9e60e60360e5c70a016b1f97e,Fixed-Dc,1,-237346,0.01149803682127093,0.010603103218416954,0.0,0,0,0,0
0.35,800000,1005,7,a9e60f369ead4d754b7ec610154b2c5545e4cea86deaf450467bac310c8cdd91,7e6bab01e9d6b0298352c3d96c8f671d95a236c9e60e60360e5c70a016b1f97e,Fixed-Dc,2,12965,-0.0004022436652736383,-0.0003353217229670191,0,0,0,0,0
0.35,800000,1005,7,a9e60f369ead4d754b7ec610154b2c5545e4cea86deaf450467bac310c8cdd91,7e6bab01e9d6b0298352c3d96c8f671d95a236c9e60e60360e5c70a016b1f97e,Fixed-Dc,3,12965,-0.00027226355259524215,-0.00019195251098830246,0,0,0,0,0
0.35,800000,1005,7,a9e60f369ead4d754b7ec610154b2c5545e4cea86deaf450467bac310c8cdd91,7e6bab01e9d6b0298352c3d96c8f671d95a236c9e60e60360e5c70a016b1f97e,Fixed-Dc,4,-145918,0.00039230477226287475,0.0012284881483420884,0,0,0,0,0
0.35,800000,1005,7,a9e60f369ead4d754b7ec610154b2c5545e4cea86deaf450467bac310c8cdd91,7e6bab01e9d6b0298352c3d96c8f671d95a236c9e60e60360e5c70a016b1f97e,Decoupled,1,0,,,,,,0,0
0.35,800000,1005,7,a9e60f369ead4d754b7ec610154b2c5545e4cea86deaf450467bac310c8cdd91,7e6bab01e9d6b0298352c3d96c8f671d95a236c9e60e60360e5c70a016b1f97e,Decoupled,2,0,,,,,,0,0
0.35,800000,1005,7,a9e60f369ead4d754b7ec610154b2c5545e4cea86deaf450467bac310c8cdd91,7e6bab01e9d6b0298352c3d96c8f671d95a236c9e60e60360e5c70a016b1f97e,Decoupled,3,0,,,,,,0,0
0.35,800000,1005,7,a9e60f369ead4d754b7ec610154b2c5545e4cea86deaf450467bac310c8cdd91,7e6bab01e9d6b0298352c3d96c8f671d95a236c9e60e60360e5c70a016b1f97e,Decoupled,4,45714,,,,,,0,0
0.35,800000,1005,11,a9e60f369ead4d754b7ec610154b2c5545e4cea86deaf450467bac310c8cdd91,7e6bab01e9d6b0298352c3d96c8f671d95a236c9e60e60360e5c70a016b1f97e,No-Dq-R,1,0,0.0,0.0,0.0,0,0,0,0
0.35,800000,1005,11,a9e60f369ead4d754b7ec610154b2c5545e4cea86deaf450467bac310c8cdd91,7e6bab01e9d6b0298352c3d96c8f671d95a236c9e60e60360e5c70a016b1f97e,No-Dq-R,2,-800000,0.049612584460204445,0.047663681628712706,0.9999999999999994,1,0,0,0
0.35,800000,1005,11,a9e60f369ead4d754b7ec610154b2c5545e4cea86deaf450467bac310c8cdd91,7e6bab01e9d6b0298352c3d96c8f671d95a236c9e60e60360e5c70a016b1f97e,No-Dq-R,3,-1600000,0.05797731082766472,0.06311589691596853,0,0,0,0,0
0.35,800000,1005,11,a9e60f369ead4d754b7ec610154b2c5545e4cea86deaf450467bac310c8cdd91,7e6bab01e9d6b0298352c3d96c8f671d95a236c9e60e60360e5c70a016b1f97e,No-Dq-R,4,-2354286,0.051771736550375314,0.06070966669676281,0,0,0,0,0
0.35,800000,1005,11,a9e60f369ead4d754b7ec610154b2c5545e4cea86deaf450467bac310c8cdd91,7e6bab01e9d6b0298352c3d96c8f671d95a236c9e60e60360e5c70a016b1f97e,Fixed-Dc,1,-237346,0.00973437884984052,0.010603103218416954,0.0,0,0,0,0
0.35,800000,1005,11,a9e60f369ead4d754b7ec610154b2c5545e4cea86deaf450467bac310c8cdd91,7e6bab01e9d6b0298352c3d96c8f671d95a236c9e60e60360e5c70a016b1f97e,Fixed-Dc,2,12965,-0.0004022436652736383,-0.0003353217229670191,0,0,0,0,0
0.35,800000,1005,11,a9e60f369ead4d754b7ec610154b2c5545e4cea86deaf450467bac310c8cdd91,7e6bab01e9d6b0298352c3d96c8f671d95a236c9e60e60360e5c70a016b1f97e,Fixed-Dc,3,12965,-0.00012121368546541555,-0.00019195251098830246,0,0,0,0,0
0.35,800000,1005,11,a9e60f369ead4d754b7ec610154b2c5545e4cea86deaf450467bac310c8cdd91,7e6bab01e9d6b0298352c3d96c8f671d95a236c9e60e60360e5c70a016b1f97e,Fixed-Dc,4,-145918,0.00039230477226287475,0.0012284881483420884,0,0,0,0,0
0.35,800000,1005,11,a9e60f369ead4d754b7ec610154b2c5545e4cea86deaf450467bac310c8cdd91,7e6bab01e9d6b0298352c3d96c8f671d95a236c9e60e60360e5c70a016b1f97e,Decoupled,1,0,,,,,,0,0
0.35,800000,1005,11,a9e60f369ead4d754b7ec610154b2c5545e4cea86deaf450467bac310c8cdd91,7e6bab01e9d6b0298352c3d96c8f671d95a236c9e60e60360e5c70a016b1f97e,Decoupled,2,0,,,,,,0,0
0.35,800000,1005,11,a9e60f369ead4d754b7ec610154b2c5545e4cea86deaf450467bac310c8cdd91,7e6bab01e9d6b0298352c3d96c8f671d95a236c9e60e60360e5c70a016b1f97e,Decoupled,3,0,,,,,,0,0
0.35,800000,1005,11,a9e60f369ead4d754b7ec610154b2c5545e4cea86deaf450467bac310c8cdd91,7e6bab01e9d6b0298352c3d96c8f671d95a236c9e60e60360e5c70a016b1f97e,Decoupled,4,45714,,,,,,0,0
0.35,800000,1006,7,5f0f6a007bb01285a2715b127e730419315f1839ccdab360ad78ce4c4d955f3a,7e6bab01e9d6b0298352c3d96c8f671d95a236c9e60e60360e5c70a016b1f97e,No-Dq-R,1,0,0.0,0.0,0.0,0,0,0,0
0.35,800000,1006,7,5f0f6a007bb01285a2715b127e730419315f1839ccdab360ad78ce4c4d955f3a,7e6bab01e9d6b0298352c3d96c8f671d95a236c9e60e60360e5c70a016b1f97e,No-Dq-R,2,-1232115,0.06268781635937792,0.05846818858062813,0.9999999999999994,1,0,0,0
0.35,800000,1006,7,5f0f6a007bb01285a2715b127e730419315f1839ccdab360ad78ce4c4d955f3a,7e6bab01e9d6b0298352c3d96c8f671d95a236c9e60e60360e5c70a016b1f97e,No-Dq-R,3,-1167885,0.056049462466596256,0.0523113899640531,0,0,0,0,0
0.35,800000,1006,7,5f0f6a007bb01285a2715b127e730419315f1839ccdab360ad78ce4c4d955f3a,7e6bab01e9d6b0298352c3d96c8f671d95a236c9e60e60360e5c70a016b1f97e,No-Dq-R,4,-2400000,0.05421404102665128,0.06331014280973901,0,0,0,0,0
0.35,800000,1006,7,5f0f6a007bb01285a2715b127e730419315f1839ccdab360ad78ce4c4d955f3a,7e6bab01e9d6b0298352c3d96c8f671d95a236c9e60e60360e5c70a016b1f97e,Fixed-Dc,1,12965,-0.0006394031017732393,-0.000591603153459408,0.0,0,0,0,0
0.35,800000,1006,7,5f0f6a007bb01285a2715b127e730419315f1839ccdab360ad78ce4c4d955f3a,7e6bab01e9d6b0298352c3d96c8f671d95a236c9e60e60360e5c70a016b1f97e,Fixed-Dc,2,-419150,0.01267298823389984,0.010469185228948408,0,0,0,0,0
0.35,800000,1006,7,5f0f6a007bb01285a2715b127e730419315f1839ccdab360ad78ce4c4d955f3a,7e6bab01e9d6b0298352c3d96c8f671d95a236c9e60e60360e5c70a016b1f97e,Fixed-Dc,3,12965,-0.00027226355259524215,-0.00019195251098830246,0,0,0,0,0
0.35,800000,1006,7,5f0f6a007bb01285a2715b127e730419315f1839ccdab360ad78ce4c4d955f3a,7e6bab01e9d6b0298352c3d96c8f671d95a236c9e60e60360e5c70a016b1f97e,Fixed-Dc,4,12965,-3.628976974440201e-05,-0.00011041375565751244,0,0,0,0,0
0.35,800000,1006,7,5f0f6a007bb01285a2715b127e730419315f1839ccdab360ad78ce4c4d955f3a,7e6bab01e9d6b0298352c3d96c8f671d95a236c9e60e60360e5c70a016b1f97e,Decoupled,1,0,,,,,,0,0
0.35,800000,1006,7,5f0f6a007bb01285a2715b127e730419315f1839ccdab360ad78ce4c4d955f3a,7e6bab01e9d6b0298352c3d96c8f671d95a236c9e60e60360e5c70a016b1f97e,Decoupled,2,-432115,,,,,,0,0
0.35,800000,1006,7,5f0f6a007bb01285a2715b127e730419315f1839ccdab360ad78ce4c4d955f3a,7e6bab01e9d6b0298352c3d96c8f671d95a236c9e60e60360e5c70a016b1f97e,Decoupled,3,432115,,,,,,0,0
0.35,800000,1006,7,5f0f6a007bb01285a2715b127e730419315f1839ccdab360ad78ce4c4d955f3a,7e6bab01e9d6b0298352c3d96c8f671d95a236c9e60e60360e5c70a016b1f97e,Decoupled,4,0,,,,,,0,0
0.35,800000,1006,11,5f0f6a007bb01285a2715b127e730419315f1839ccdab360ad78ce4c4d955f3a,7e6bab01e9d6b0298352c3d96c8f671d95a236c9e60e60360e5c70a016b1f97e,No-Dq-R,1,0,0.0,0.0,0.0,0,0,0,0
0.35,800000,1006,11,5f0f6a007bb01285a2715b127e730419315f1839ccdab360ad78ce4c4d955f3a,7e6bab01e9d6b0298352c3d96c8f671d95a236c9e60e60360e5c70a016b1f97e,No-Dq-R,2,-1232115,0.06268781635937792,0.05846818858062813,0.9999999999999994,1,0,0,0
0.35,800000,1006,11,5f0f6a007bb01285a2715b127e730419315f1839ccdab360ad78ce4c4d955f3a,7e6bab01e9d6b0298352c3d96c8f671d95a236c9e60e60360e5c70a016b1f97e,No-Dq-R,3,-1167885,0.04928623271596727,0.0523113899640531,0,0,0,0,0
0.35,800000,1006,11,5f0f6a007bb01285a2715b127e730419315f1839ccdab360ad78ce4c4d955f3a,7e6bab01e9d6b0298352c3d96c8f671d95a236c9e60e60360e5c70a016b1f97e,No-Dq-R,4,-2400000,0.05421404102665128,0.06331014280973901,0,0,0,0,0
0.35,800000,1006,11,5f0f6a007bb01285a2715b127e730419315f1839ccdab360ad78ce4c4d955f3a,7e6bab01e9d6b0298352c3d96c8f671d95a236c9e60e60360e5c70a016b1f97e,Fixed-Dc,1,12965,-0.0005452030855833678,-0.000591603153459408,0.0,0,0,0,0
0.35,800000,1006,11,5f0f6a007bb01285a2715b127e730419315f1839ccdab360ad78ce4c4d955f3a,7e6bab01e9d6b0298352c3d96c8f671d95a236c9e60e60360e5c70a016b1f97e,Fixed-Dc,2,-419150,0.01267298823389984,0.010469185228948408,0,0,0,0,0
0.35,800000,1006,11,5f0f6a007bb01285a2715b127e730419315f1839ccdab360ad78ce4c4d955f3a,7e6bab01e9d6b0298352c3d96c8f671d95a236c9e60e60360e5c70a016b1f97e,Fixed-Dc,3,12965,-0.00012121368546541555,-0.00019195251098830246,0,0,0,0,0
0.35,800000,1006,11,5f0f6a007bb01285a2715b127e730419315f1839ccdab360ad78ce4c4d955f3a,7e6bab01e9d6b0298352c3d96c8f671d95a236c9e60e60360e5c70a016b1f97e,Fixed-Dc,4,12965,-3.628976974440201e-05,-0.00011041375565751244,0,0,0,0,0
0.35,800000,1006,11,5f0f6a007bb01285a2715b127e730419315f1839ccdab360ad78ce4c4d955f3a,7e6bab01e9d6b0298352c3d96c8f671d95a236c9e60e60360e5c70a016b1f97e,Decoupled,1,0,,,,,,0,0
0.35,800000,1006,11,5f0f6a007bb01285a2715b127e730419315f1839ccdab360ad78ce4c4d955f3a,7e6bab01e9d6b0298352c3d96c8f671d95a236c9e60e60360e5c70a016b1f97e,Decoupled,2,-432115,,,,,,0,0
0.35,800000,1006,11,5f0f6a007bb01285a2715b127e730419315f1839ccdab360ad78ce4c4d955f3a,7e6bab01e9d6b0298352c3d96c8f671d95a236c9e60e60360e5c70a016b1f97e,Decoupled,3,432115,,,,,,0,0
0.35,800000,1006,11,5f0f6a007bb01285a2715b127e730419315f1839ccdab360ad78ce4c4d955f3a,7e6bab01e9d6b0298352c3d96c8f671d95a236c9e60e60360e5c70a016b1f97e,Decoupled,4,0,,,,,,0,0
0.35,800000,1007,7,e604e1d73e551b2dd565441529a6ef2d17f6bbc861673ca97225823dbebb6ea4,7e6bab01e9d6b0298352c3d96c8f671d95a236c9e60e60360e5c70a016b1f97e,No-Dq-R,1,0,0.0,0.0,0.0,0,0,0,0
0.35,800000,1007,7,e604e1d73e551b2dd565441529a6ef2d17f6bbc861673ca97225823dbebb6ea4,7e6bab01e9d6b0298352c3d96c8f671d95a236c9e60e60360e5c70a016b1f97e,No-Dq-R,2,-798566,0.049556910287291145,0.047614438499628764,0.9999999999999994,1,0,0,0
0.35,800000,1007,7,e604e1d73e551b2dd565441529a6ef2d17f6bbc861673ca97225823dbebb6ea4,7e6bab01e9d6b0298352c3d96c8f671d95a236c9e60e60360e5c70a016b1f97e,No-Dq-R,3,-1600000,0.06912469436576968,0.06311589691596853,0,0,0,0,0
0.35,800000,1007,7,e604e1d73e551b2dd565441529a6ef2d17f6bbc861673ca97225823dbebb6ea4,7e6bab01e9d6b0298352c3d96c8f671d95a236c9e60e60360e5c70a016b1f97e,No-Dq-R,4,-2354286,0.04683479298988874,0.055980639708309354,0,0,0,0,0
0.35,800000,1007,7,e604e1d73e551b2dd565441529a6ef2d17f6bbc861673ca97225823dbebb6ea4,7e6bab01e9d6b0298352c3d96c8f671d95a236c9e60e60360e5c70a016b1f97e,Fixed-Dc,1,-700469,0.032850209691286825,0.030104740406574293,0.0,0,0,0,0
0.35,800000,1007,7,e604e1d73e551b2dd565441529a6ef2d17f6bbc861673ca97225823dbebb6ea4,7e6bab01e9d6b0298352c3d96c8f671d95a236c9e60e60360e5c70a016b1f97e,Fixed-Dc,2,12965,-0.0004022436652736383,-0.0003353217229670191,0,0,0,0,0
0.35,800000,1007,7,e604e1d73e551b2dd565441529a6ef2d17f6bbc861673ca97225823dbebb6ea4,7e6bab01e9d6b0298352c3d96c8f671d95a236c9e60e60360e5c70a016b1f97e,Fixed-Dc,3,12965,-0.00027226355259524215,-0.00019195251098830246,0,0,0,0,0
0.35,800000,1007,7,e604e1d73e551b2dd565441529a6ef2d17f6bbc861673ca97225823dbebb6ea4,7e6bab01e9d6b0298352c3d96c8f671d95a236c9e60e60360e5c70a016b1f97e,Fixed-Dc,4,-609041,0.0014486446179860502,0.004960937411001121,0,0,0,0,0
0.35,800000,1007,7,e604e1d73e551b2dd565441529a6ef2d17f6bbc861673ca97225823dbebb6ea4,7e6bab01e9d6b0298352c3d96c8f671d95a236c9e60e60360e5c70a016b1f97e,Decoupled,1,0,,,,,,0,0
0.35,800000,1007,7,e604e1d73e551b2dd565441529a6ef2d17f6bbc861673ca97225823dbebb6ea4,7e6bab01e9d6b0298352c3d96c8f671d95a236c9e60e60360e5c70a016b1f97e,Decoupled,2,1434,,,,,,0,0
0.35,800000,1007,7,e604e1d73e551b2dd565441529a6ef2d17f6bbc861673ca97225823dbebb6ea4,7e6bab01e9d6b0298352c3d96c8f671d95a236c9e60e60360e5c70a016b1f97e,Decoupled,3,0,,,,,,0,0
0.35,800000,1007,7,e604e1d73e551b2dd565441529a6ef2d17f6bbc861673ca97225823dbebb6ea4,7e6bab01e9d6b0298352c3d96c8f671d95a236c9e60e60360e5c70a016b1f97e,Decoupled,4,45714,,,,,,0,1
0.35,800000,1007,11,e604e1d73e551b2dd565441529a6ef2d17f6bbc861673ca97225823dbebb6ea4,7e6bab01e9d6b0298352c3d96c8f671d95a236c9e60e60360e5c70a016b1f97e,No-Dq-R,1,0,0.0,0.0,0.0,0,0,0,0
0.35,800000,1007,11,e604e1d73e551b2dd565441529a6ef2d17f6bbc861673ca97225823dbebb6ea4,7e6bab01e9d6b0298352c3d96c8f671d95a236c9e60e60360e5c70a016b1f97e,No-Dq-R,2,-798566,0.049556910287291145,0.047614438499628764,0.9999999999999994,1,0,0,0
0.35,800000,1007,11,e604e1d73e551b2dd565441529a6ef2d17f6bbc861673ca97225823dbebb6ea4,7e6bab01e9d6b0298352c3d96c8f671d95a236c9e60e60360e5c70a016b1f97e,No-Dq-R,3,-1600000,0.05797731082766472,0.06311589691596853,0,0,0,0,0
0.35,800000,1007,11,e604e1d73e551b2dd565441529a6ef2d17f6bbc861673ca97225823dbebb6ea4,7e6bab01e9d6b0298352c3d96c8f671d95a236c9e60e60360e5c70a016b1f97e,No-Dq-R,4,-2354286,0.04683479298988874,0.055980639708309354,0,0,0,0,0
0.35,800000,1007,11,e604e1d73e551b2dd565441529a6ef2d17f6bbc861673ca97225823dbebb6ea4,7e6bab01e9d6b0298352c3d96c8f671d95a236c9e60e60360e5c70a016b1f97e,Fixed-Dc,1,-700469,0.027439675575840927,0.030104740406574293,0.0,0,0,0,0
0.35,800000,1007,11,e604e1d73e551b2dd565441529a6ef2d17f6bbc861673ca97225823dbebb6ea4,7e6bab01e9d6b0298352c3d96c8f671d95a236c9e60e60360e5c70a016b1f97e,Fixed-Dc,2,12965,-0.0004022436652736383,-0.0003353217229670191,0,0,0,0,0
0.35,800000,1007,11,e604e1d73e551b2dd565441529a6ef2d17f6bbc861673ca97225823dbebb6ea4,7e6bab01e9d6b0298352c3d96c8f671d95a236c9e60e60360e5c70a016b1f97e,Fixed-Dc,3,12965,-0.00012121368546541555,-0.00019195251098830246,0,0,0,0,0
0.35,800000,1007,11,e604e1d73e551b2dd565441529a6ef2d17f6bbc861673ca97225823dbebb6ea4,7e6bab01e9d6b0298352c3d96c8f671d95a236c9e60e60360e5c70a016b1f97e,Fixed-Dc,4,-609041,0.0014486446179860502,0.004960937411001121,0,0,0,0,0
0.35,800000,1007,11,e604e1d73e551b2dd565441529a6ef2d17f6bbc861673ca97225823dbebb6ea4,7e6bab01e9d6b0298352c3d96c8f671d95a236c9e60e60360e5c70a016b1f97e,Decoupled,1,0,,,,,,0,0
0.35,800000,1007,11,e604e1d73e551b2dd565441529a6ef2d17f6bbc861673ca97225823dbebb6ea4,7e6bab01e9d6b0298352c3d96c8f671d95a236c9e60e60360e5c70a016b1f97e,Decoupled,2,1434,,,,,,0,0
0.35,800000,1007,11,e604e1d73e551b2dd565441529a6ef2d17f6bbc861673ca97225823dbebb6ea4,7e6bab01e9d6b0298352c3d96c8f671d95a236c9e60e60360e5c70a016b1f97e,Decoupled,3,0,,,,,,0,0
0.35,800000,1007,11,e604e1d73e551b2dd565441529a6ef2d17f6bbc861673ca97225823dbebb6ea4,7e6bab01e9d6b0298352c3d96c8f671d95a236c9e60e60360e5c70a016b1f97e,Decoupled,4,45714,,,,,,0,1
0.35,800000,1008,7,d63dd708426fd4c4642c4802e013e1a286b4c7319d596f3b940f616490f31ad6,7e6bab01e9d6b0298352c3d96c8f671d95a236c9e60e60360e5c70a016b1f97e,No-Dq-R,1,0,0.0,0.0,0.0,0,0,0,0
0.35,800000,1008,7,d63dd708426fd4c4642c4802e013e1a286b4c7319d596f3b940f616490f31ad6,7e6bab01e9d6b0298352c3d96c8f671d95a236c9e60e60360e5c70a016b1f97e,No-Dq-R,2,-800000,0.049612584460204445,0.047663681628712706,0.9999999999999994,1,0,0,0
0.35,800000,1008,7,d63dd708426fd4c4642c4802e013e1a286b4c7319d596f3b940f616490f31ad6,7e6bab01e9d6b0298352c3d96c8f671d95a236c9e60e60360e5c70a016b1f97e,No-Dq-R,3,-1600000,0.06912469436576968,0.06311589691596853,0,0,0,0,0
0.35,800000,1008,7,d63dd708426fd4c4642c4802e013e1a286b4c7319d596f3b940f616490f31ad6,7e6bab01e9d6b0298352c3d96c8f671d95a236c9e60e60360e5c70a016b1f97e,No-Dq-R,4,-2354286,0.05008537814928343,0.05909625397904772,0,0,0,0,0
0.35,800000,1008,7,d63dd708426fd4c4642c4802e013e1a286b4c7319d596f3b940f616490f31ad6,7e6bab01e9d6b0298352c3d96c8f671d95a236c9e60e60360e5c70a016b1f97e,Fixed-Dc,1,-391334,0.018752774558368324,0.017257505599177048,0.0,0,0,0,0
0.35,800000,1008,7,d63dd708426fd4c4642c4802e013e1a286b4c7319d596f3b940f616490f31ad6,7e6bab01e9d6b0298352c3d96c8f671d95a236c9e60e60360e5c70a016b1f97e,Fixed-Dc,2,12965,-0.0004022436652736383,-0.0003353217229670191,0,0,0,0,0
0.35,800000,1008,7,d63dd708426fd4c4642c4802e013e1a286b4c7319d596f3b940f616490f31ad6,7e6bab01e9d6b0298352c3d96c8f671d95a236c9e60e60360e5c70a016b1f97e,Fixed-Dc,3,12965,-0.00027226355259524215,-0.00019195251098830246,0,0,0,0,0
0.35,800000,1008,7,d63dd708426fd4c4642c4802e013e1a286b4c7319d596f3b940f616490f31ad6,7e6bab01e9d6b0298352c3d96c8f671d95a236c9e60e60360e5c70a016b1f97e,Fixed-Dc,4,-299906,0.000774799987299124,0.002497153977477795,0,0,0,0,0
0.35,800000,1008,7,d63dd708426fd4c4642c4802e013e1a286b4c7319d596f3b940f616490f31ad6,7e6bab01e9d6b0298352c3d96c8f671d95a236c9e60e60360e5c70a016b1f97e,Decoupled,1,0,,,,,,0,0
0.35,800000,1008,7,d63dd708426fd4c4642c4802e013e1a286b4c7319d596f3b940f616490f31ad6,7e6bab01e9d6b0298352c3d96c8f671d95a236c9e60e60360e5c70a016b1f97e,Decoupled,2,0,,,,,,0,0
0.35,800000,1008,7,d63dd708426fd4c4642c4802e013e1a286b4c7319d596f3b940f616490f31ad6,7e6bab01e9d6b0298352c3d96c8f671d95a236c9e60e60360e5c70a016b1f97e,Decoupled,3,0,,,,,,0,0
0.35,800000,1008,7,d63dd708426fd4c4642c4802e013e1a286b4c7319d596f3b940f616490f31ad6,7e6bab01e9d6b0298352c3d96c8f671d95a236c9e60e60360e5c70a016b1f97e,Decoupled,4,45714,,,,,,0,0
0.35,800000,1008,11,d63dd708426fd4c4642c4802e013e1a286b4c7319d596f3b940f616490f31ad6,7e6bab01e9d6b0298352c3d96c8f671d95a236c9e60e60360e5c70a016b1f97e,No-Dq-R,1,0,0.0,0.0,0.0,0,0,0,0
0.35,800000,1008,11,d63dd708426fd4c4642c4802e013e1a286b4c7319d596f3b940f616490f31ad6,7e6bab01e9d6b0298352c3d96c8f671d95a236c9e60e60360e5c70a016b1f97e,No-Dq-R,2,-800000,0.049612584460204445,0.047663681628712706,0.9999999999999994,1,0,0,0
0.35,800000,1008,11,d63dd708426fd4c4642c4802e013e1a286b4c7319d596f3b940f616490f31ad6,7e6bab01e9d6b0298352c3d96c8f671d95a236c9e60e60360e5c70a016b1f97e,No-Dq-R,3,-1600000,0.05797731082766472,0.06311589691596853,0,0,0,0,0
0.35,800000,1008,11,d63dd708426fd4c4642c4802e013e1a286b4c7319d596f3b940f616490f31ad6,7e6bab01e9d6b0298352c3d96c8f671d95a236c9e60e60360e5c70a016b1f97e,No-Dq-R,4,-2354286,0.05008537814928343,0.05909625397904772,0,0,0,0,0
0.35,800000,1008,11,d63dd708426fd4c4642c4802e013e1a286b4c7319d596f3b940f616490f31ad6,7e6bab01e9d6b0298352c3d96c8f671d95a236c9e60e60360e5c70a016b1f97e,Fixed-Dc,1,-391334,0.015806027435564918,0.017257505599177048,0.0,0,0,0,0
0.35,800000,1008,11,d63dd708426fd4c4642c4802e013e1a286b4c7319d596f3b940f616490f31ad6,7e6bab01e9d6b0298352c3d96c8f671d95a236c9e60e60360e5c70a016b1f97e,Fixed-Dc,2,12965,-0.0004022436652736383,-0.0003353217229670191,0,0,0,0,0
0.35,800000,1008,11,d63dd708426fd4c4642c4802e013e1a286b4c7319d596f3b940f616490f31ad6,7e6bab01e9d6b0298352c3d96c8f671d95a236c9e60e60360e5c70a016b1f97e,Fixed-Dc,3,12965,-0.00012121368546541555,-0.00019195251098830246,0,0,0,0,0
0.35,800000,1008,11,d63dd708426fd4c4642c4802e013e1a286b4c7319d596f3b940f616490f31ad6,7e6bab01e9d6b0298352c3d96c8f671d95a236c9e60e60360e5c70a016b1f97e,Fixed-Dc,4,-299906,0.000774799987299124,0.002497153977477795,0,0,0,0,0
0.35,800000,1008,11,d63dd708426fd4c4642c4802e013e1a286b4c7319d596f3b940f616490f31ad6,7e6bab01e9d6b0298352c3d96c8f671d95a236c9e60e60360e5c70a016b1f97e,Decoupled,1,0,,,,,,0,0
0.35,800000,1008,11,d63dd708426fd4c4642c4802e013e1a286b4c7319d596f3b940f616490f31ad6,7e6bab01e9d6b0298352c3d96c8f671d95a236c9e60e60360e5c70a016b1f97e,Decoupled,2,0,,,,,,0,0
0.35,800000,1008,11,d63dd708426fd4c4642c4802e013e1a286b4c7319d596f3b940f616490f31ad6,7e6bab01e9d6b0298352c3d96c8f671d95a236c9e60e60360e5c70a016b1f97e,Decoupled,3,0,,,,,,0,0
0.35,800000,1008,11,d63dd708426fd4c4642c4802e013e1a286b4c7319d596f3b940f616490f31ad6,7e6bab01e9d6b0298352c3d96c8f671d95a236c9e60e60360e5c70a016b1f97e,Decoupled,4,45714,,,,,,0,0
0.35,800000,1009,7,6ccc6f21c40c4722777091c49c3192ca26f96480205c7bd73a38cef1d3c2198f,7e6bab01e9d6b0298352c3d96c8f671d95a236c9e60e60360e5c70a016b1f97e,No-Dq-R,1,0,0.0,0.0,0.0,0,0,0,0
0.35,800000,1009,7,6ccc6f21c40c4722777091c49c3192ca26f96480205c7bd73a38cef1d3c2198f,7e6bab01e9d6b0298352c3d96c8f671d95a236c9e60e60360e5c70a016b1f97e,No-Dq-R,2,-265933,0.029588860361751124,0.030111897213182526,0,0,0,0,0
0.35,800000,1009,7,6ccc6f21c40c4722777091c49c3192ca26f96480205c7bd73a38cef1d3c2198f,7e6bab01e9d6b0298352c3d96c8f671d95a236c9e60e60360e5c70a016b1f97e,No-Dq-R,3,-2088353,0.07915693520285333,0.07008857729653561,0,0,0,0,0
0.35,800000,1009,7,6ccc6f21c40c4722777091c49c3192ca26f96480205c7bd73a38cef1d3c2198f,7e6bab01e9d6b0298352c3d96c8f671d95a236c9e60e60360e5c70a016b1f97e,No-Dq-R,4,-2400000,0.05421404102665128,0.06331014280973901,0,0,0,0,0
0.35,800000,1009,7,6ccc6f21c40c4722777091c49c3192ca26f96480205c7bd73a38cef1d3c2198f,7e6bab01e9d6b0298352c3d96c8f671d95a236c9e60e60360e5c70a016b1f97e,Fixed-Dc,1,12965,-0.0006394031017732393,-0.000591603153459408,0.0,0,0,0,0
0.35,800000,1009,7,6ccc6f21c40c4722777091c49c3192ca26f96480205c7bd73a38cef1d3c2198f,7e6bab01e9d6b0298352c3d96c8f671d95a236c9e60e60360e5c70a016b1f97e,Fixed-Dc,2,12965,-0.0004022436652736383,-0.0003353217229670191,0,0,0,0,0
0.35,800000,1009,7,6ccc6f21c40c4722777091c49c3192ca26f96480205c7bd73a38cef1d3c2198f,7e6bab01e9d6b0298352c3d96c8f671d95a236c9e60e60360e5c70a016b1f97e,Fixed-Dc,3,-475388,0.009759977284488408,0.006780727869578784,0,0,0,0,0
0.35,800000,1009,7,6ccc6f21c40c4722777091c49c3192ca26f96480205c7bd73a38cef1d3c2198f,7e6bab01e9d6b0298352c3d96c8f671d95a236c9e60e60360e5c70a016b1f97e,Fixed-Dc,4,12965,-3.628976974440201e-05,-0.00011041375565751244,0,0,0,0,0
0.35,800000,1009,7,6ccc6f21c40c4722777091c49c3192ca26f96480205c7bd73a38cef1d3c2198f,7e6bab01e9d6b0298352c3d96c8f671d95a236c9e60e60360e5c70a016b1f97e,Decoupled,1,0,,,,,,0,0
0.35,800000,1009,7,6ccc6f21c40c4722777091c49c3192ca26f96480205c7bd73a38cef1d3c2198f,7e6bab01e9d6b0298352c3d96c8f671d95a236c9e60e60360e5c70a016b1f97e,Decoupled,2,534067,,,,,,0,0
0.35,800000,1009,7,6ccc6f21c40c4722777091c49c3192ca26f96480205c7bd73a38cef1d3c2198f,7e6bab01e9d6b0298352c3d96c8f671d95a236c9e60e60360e5c70a016b1f97e,Decoupled,3,-488353,,,,,,0,0
0.35,800000,1009,7,6ccc6f21c40c4722777091c49c3192ca26f96480205c7bd73a38cef1d3c2198f,7e6bab01e9d6b0298352c3d96c8f671d95a236c9e60e60360e5c70a016b1f97e,Decoupled,4,0,,,,,,0,0
0.35,800000,1009,11,6ccc6f21c40c4722777091c49c3192ca26f96480205c7bd73a38cef1d3c2198f,7e6bab01e9d6b0298352c3d96c8f671d95a236c9e60e60360e5c70a016b1f97e,No-Dq-R,1,0,0.0,0.0,0.0,0,0,0,0
0.35,800000,1009,11,6ccc6f21c40c4722777091c49c3192ca26f96480205c7bd73a38cef1d3c2198f,7e6bab01e9d6b0298352c3d96c8f671d95a236c9e60e60360e5c70a016b1f97e,No-Dq-R,2,-265933,0.029588860361751124,0.030111897213182526,0,0,0,0,0
0.35,800000,1009,11,6ccc6f21c40c4722777091c49c3192ca26f96480205c7bd73a38cef1d3c2198f,7e6bab01e9d6b0298352c3d96c8f671d95a236c9e60e60360e5c70a016b1f97e,No-Dq-R,3,-2088353,0.06225509759236458,0.07008857729653561,0,0,0,0,0
0.35,800000,1009,11,6ccc6f21c40c4722777091c49c3192ca26f96480205c7bd73a38cef1d3c2198f,7e6bab01e9d6b0298352c3d96c8f671d95a236c9e60e60360e5c70a016b1f97e,No-Dq-R,4,-2400000,0.05421404102665128,0.06331014280973901,0,0,0,0,0
0.35,800000,1009,11,6ccc6f21c40c4722777091c49c3192ca26f96480205c7bd73a38cef1d3c2198f,7e6bab01e9d6b0298352c3d96c8f671d95a236c9e60e60360e5c70a016b1f97e,Fixed-Dc,1,12965,-0.0005452030855833678,-0.000591603153459408,0.0,0,0,0,0
0.35,800000,1009,11,6ccc6f21c40c4722777091c49c3192ca26f96480205c7bd73a38cef1d3c2198f,7e6bab01e9d6b0298352c3d96c8f671d95a236c9e60e60360e5c70a016b1f97e,Fixed-Dc,2,12965,-0.0004022436652736383,-0.0003353217229670191,0,0,0,0,0
0.35,800000,1009,11,6ccc6f21c40c4722777091c49c3192ca26f96480205c7bd73a38cef1d3c2198f,7e6bab01e9d6b0298352c3d96c8f671d95a236c9e60e60360e5c70a016b1f97e,Fixed-Dc,3,-475388,0.004156573079234449,0.006780727869578784,0,0,0,0,0
0.35,800000,1009,11,6ccc6f21c40c4722777091c49c3192ca26f96480205c7bd73a38cef1d3c2198f,7e6bab01e9d6b0298352c3d96c8f671d95a236c9e60e60360e5c70a016b1f97e,Fixed-Dc,4,12965,-3.628976974440201e-05,-0.00011041375565751244,0,0,0,0,0
0.35,800000,1009,11,6ccc6f21c40c4722777091c49c3192ca26f96480205c7bd73a38cef1d3c2198f,7e6bab01e9d6b0298352c3d96c8f671d95a236c9e60e60360e5c70a016b1f97e,Decoupled,1,0,,,,,,0,0
0.35,800000,1009,11,6ccc6f21c40c4722777091c49c3192ca26f96480205c7bd73a38cef1d3c2198f,7e6bab01e9d6b0298352c3d96c8f671d95a236c9e60e60360e5c70a016b1f97e,Decoupled,2,534067,,,,,,0,0
0.35,800000,1009,11,6ccc6f21c40c4722777091c49c3192ca26f96480205c7bd73a38cef1d3c2198f,7e6bab01e9d6b0298352c3d96c8f671d95a236c9e60e60360e5c70a016b1f97e,Decoupled,3,-488353,,,,,,0,0
0.35,800000,1009,11,6ccc6f21c40c4722777091c49c3192ca26f96480205c7bd73a38cef1d3c2198f,7e6bab01e9d6b0298352c3d96c8f671d95a236c9e60e60360e5c70a016b1f97e,Decoupled,4,0,,,,,,0,0
0.35,800000,1010,7,08764eb3060c59dc1eace2940821677963de4f9b33d87205584e0a2196d97449,7e6bab01e9d6b0298352c3d96c8f671d95a236c9e60e60360e5c70a016b1f97e,No-Dq-R,1,0,0.0,0.0,0.0,0,0,0,0
0.35,800000,1010,7,08764eb3060c59dc1eace2940821677963de4f9b33d87205584e0a2196d97449,7e6bab01e9d6b0298352c3d96c8f671d95a236c9e60e60360e5c70a016b1f97e,No-Dq-R,2,0,0.02006912610701006,0.021874160837951462,0,0,0,0,0
0.35,800000,1010,7,08764eb3060c59dc1eace2940821677963de4f9b33d87205584e0a2196d97449,7e6bab01e9d6b0298352c3d96c8f671d95a236c9e60e60360e5c70a016b1f97e,No-Dq-R,3,-2266286,0.08155963398412985,0.0712356319866484,0,0,0,0,0
0.35,800000,1010,7,08764eb3060c59dc1eace2940821677963de4f9b33d87205584e0a2196d97449,7e6bab01e9d6b0298352c3d96c8f671d95a236c9e60e60360e5c70a016b1f97e,No-Dq-R,4,-2400000,0.05421404102665128,0.06331014280973901,0,0,0,0,0
0.35,800000,1010,7,08764eb3060c59dc1eace2940821677963de4f9b33d87205584e0a2196d97449,7e6bab01e9d6b0298352c3d96c8f671d95a236c9e60e60360e5c70a016b1f97e,Fixed-Dc,1,12965,-0.0006394031017732393,-0.000591603153459408,0.0,0,0,0,0
0.35,800000,1010,7,08764eb3060c59dc1eace2940821677963de4f9b33d87205584e0a2196d97449,7e6bab01e9d6b0298352c3d96c8f671d95a236c9e60e60360e5c70a016b1f97e,Fixed-Dc,2,-1235,3.8283419854012735e-05,3.1904672186611194e-05,0,0,0,0,0
0.35,800000,1010,7,08764eb3060c59dc1eace2940821677963de4f9b33d87205584e0a2196d97449,7e6bab01e9d6b0298352c3d96c8f671d95a236c9e60e60360e5c70a016b1f97e,Fixed-Dc,3,-755521,0.015316454470280516,0.01055196222789151,0,0,0,0,0
0.35,800000,1010,7,08764eb3060c59dc1eace2940821677963de4f9b33d87205584e0a2196d97449,7e6bab01e9d6b0298352c3d96c8f671d95a236c9e60e60360e5c70a016b1f97e,Fixed-Dc,4,12965,-3.628976974440201e-05,-0.00011041375565751244,0,0,0,0,0
0.35,800000,1010,7,08764eb3060c59dc1eace2940821677963de4f9b33d87205584e0a2196d97449,7e6bab01e9d6b0298352c3d96c8f671d95a236c9e60e60360e5c70a016b1f97e,Decoupled,1,0,,,,,,0,0
0.35,800000,1010,7,08764eb3060c59dc1eace2940821677963de4f9b33d87205584e0a2196d97449,7e6bab01e9d6b0298352c3d96c8f671d95a236c9e60e60360e5c70a016b1f97e,Decoupled,2,800000,,,,,,0,0
0.35,800000,1010,7,08764eb3060c59dc1eace2940821677963de4f9b33d87205584e0a2196d97449,7e6bab01e9d6b0298352c3d96c8f671d95a236c9e60e60360e5c70a016b1f97e,Decoupled,3,-666286,,,,,,0,0
0.35,800000,1010,7,08764eb3060c59dc1eace2940821677963de4f9b33d87205584e0a2196d97449,7e6bab01e9d6b0298352c3d96c8f671d95a236c9e60e60360e5c70a016b1f97e,Decoupled,4,0,,,,,,0,0
0.35,800000,1010,11,08764eb3060c59dc1eace2940821677963de4f9b33d87205584e0a2196d97449,7e6bab01e9d6b0298352c3d96c8f671d95a236c9e60e60360e5c70a016b1f97e,No-Dq-R,1,0,0.0,0.0,0.0,0,0,0,0
0.35,800000,1010,11,08764eb3060c59dc1eace2940821677963de4f9b33d87205584e0a2196d97449,7e6bab01e9d6b0298352c3d96c8f671d95a236c9e60e60360e5c70a016b1f97e,No-Dq-R,2,0,0.02006912610701006,0.021874160837951462,0,0,0,0,0
0.35,800000,1010,11,08764eb3060c59dc1eace2940821677963de4f9b33d87205584e0a2196d97449,7e6bab01e9d6b0298352c3d96c8f671d95a236c9e60e60360e5c70a016b1f97e,No-Dq-R,3,-2266286,0.06232260401583262,0.0712356319866484,0,0,0,0,0
0.35,800000,1010,11,08764eb3060c59dc1eace2940821677963de4f9b33d87205584e0a2196d97449,7e6bab01e9d6b0298352c3d96c8f671d95a236c9e60e60360e5c70a016b1f97e,No-Dq-R,4,-2400000,0.05421404102665128,0.06331014280973901,0,0,0,0,0
0.35,800000,1010,11,08764eb3060c59dc1eace2940821677963de4f9b33d87205584e0a2196d97449,7e6bab01e9d6b0298352c3d96c8f671d95a236c9e60e60360e5c70a016b1f97e,Fixed-Dc,1,12965,-0.0005452030855833678,-0.000591603153459408,0.0,0,0,0,0
0.35,800000,1010,11,08764eb3060c59dc1eace2940821677963de4f9b33d87205584e0a2196d97449,7e6bab01e9d6b0298352c3d96c8f671d95a236c9e60e60360e5c70a016b1f97e,Fixed-Dc,2,-1235,3.8283419854012735e-05,3.1904672186611194e-05,0,0,0,0,0
0.35,800000,1010,11,08764eb3060c59dc1eace2940821677963de4f9b33d87205584e0a2196d97449,7e6bab01e9d6b0298352c3d96c8f671d95a236c9e60e60360e5c70a016b1f97e,Fixed-Dc,3,-755521,0.006355346436392573,0.01055196222789151,0,0,0,0,0
0.35,800000,1010,11,08764eb3060c59dc1eace2940821677963de4f9b33d87205584e0a2196d97449,7e6bab01e9d6b0298352c3d96c8f671d95a236c9e60e60360e5c70a016b1f97e,Fixed-Dc,4,12965,-3.628976974440201e-05,-0.00011041375565751244,0,0,0,0,0
0.35,800000,1010,11,08764eb3060c59dc1eace2940821677963de4f9b33d87205584e0a2196d97449,7e6bab01e9d6b0298352c3d96c8f671d95a236c9e60e60360e5c70a016b1f97e,Decoupled,1,0,,,,,,0,0
0.35,800000,1010,11,08764eb3060c59dc1eace2940821677963de4f9b33d87205584e0a2196d97449,7e6bab01e9d6b0298352c3d96c8f671d95a236c9e60e60360e5c70a016b1f97e,Decoupled,2,800000,,,,,,0,0
0.35,800000,1010,11,08764eb3060c59dc1eace2940821677963de4f9b33d87205584e0a2196d97449,7e6bab01e9d6b0298352c3d96c8f671d95a236c9e60e60360e5c70a016b1f97e,Decoupled,3,-666286,,,,,,0,0
0.35,800000,1010,11,08764eb3060c59dc1eace2940821677963de4f9b33d87205584e0a2196d97449,7e6bab01e9d6b0298352c3d96c8f671d95a236c9e60e60360e5c70a016b1f97e,Decoupled,4,0,,,,,,0,0
0.35,800000,1011,7,31d3f92099b2af6bb4ac6689823875ed412685f16383d8924cc769c195b01788,7e6bab01e9d6b0298352c3d96c8f671d95a236c9e60e60360e5c70a016b1f97e,No-Dq-R,1,0,0.0,0.0,0.0,0,0,0,0
0.35,800000,1011,7,31d3f92099b2af6bb4ac6689823875ed412685f16383d8924cc769c195b01788,7e6bab01e9d6b0298352c3d96c8f671d95a236c9e60e60360e5c70a016b1f97e,No-Dq-R,2,-1317263,0.06518611830800236,0.06050956107859967,0.9999999999999994,1,0,0,0
0.35,800000,1011,7,31d3f92099b2af6bb4ac6689823875ed412685f16383d8924cc769c195b01788,7e6bab01e9d6b0298352c3d96c8f671d95a236c9e60e60360e5c70a016b1f97e,No-Dq-R,3,-1082737,0.05355116051797176,0.05027001746608156,0,0,0,0,0
0.35,800000,1011,7,31d3f92099b2af6bb4ac6689823875ed412685f16383d8924cc769c195b01788,7e6bab01e9d6b0298352c3d96c8f671d95a236c9e60e60360e5c70a016b1f97e,No-Dq-R,4,-2400000,0.05421404102665128,0.06331014280973901,0,0,0,0,0
0.35,800000,1011,7,31d3f92099b2af6bb4ac6689823875ed412685f16383d8924cc769c195b01788,7e6bab01e9d6b0298352c3d96c8f671d95a236c9e60e60360e5c70a016b1f97e,Fixed-Dc,1,12965,-0.0006394031017732393,-0.000591603153459408,0.0,0,0,0,0
0.35,800000,1011,7,31d3f92099b2af6bb4ac6689823875ed412685f16383d8924cc769c195b01788,7e6bab01e9d6b0298352c3d96c8f671d95a236c9e60e60360e5c70a016b1f97e,Fixed-Dc,2,-504298,0.015171290182524277,0.012510557726919946,0,0,0,0,0
0.35,800000,1011,7,31d3f92099b2af6bb4ac6689823875ed412685f16383d8924cc769c195b01788,7e6bab01e9d6b0298352c3d96c8f671d95a236c9e60e60360e5c70a016b1f97e,Fixed-Dc,3,12965,-0.00027226355259524215,-0.00019195251098830246,0,0,0,0,0
0.35,800000,1011,7,31d3f92099b2af6bb4ac6689823875ed412685f16383d8924cc769c195b01788,7e6bab01e9d6b0298352c3d96c8f671d95a236c9e60e60360e5c70a016b1f97e,Fixed-Dc,4,12965,-3.628976974440201e-05,-0.00011041375565751244,0,0,0,0,0
0.35,800000,1011,7,31d3f92099b2af6bb4ac6689823875ed412685f16383d8924cc769c195b01788,7e6bab01e9d6b0298352c3d96c8f671d95a236c9e60e60360e5c70a016b1f97e,Decoupled,1,0,,,,,,0,0
0.35,800000,1011,7,31d3f92099b2af6bb4ac6689823875ed412685f16383d8924cc769c195b01788,7e6bab01e9d6b0298352c3d96c8f671d95a236c9e60e60360e5c70a016b1f97e,Decoupled,2,-517263,,,,,,0,0
0.35,800000,1011,7,31d3f92099b2af6bb4ac6689823875ed412685f16383d8924cc769c195b01788,7e6bab01e9d6b0298352c3d96c8f671d95a236c9e60e60360e5c70a016b1f97e,Decoupled,3,517263,,,,,,0,0
0.35,800000,1011,7,31d3f92099b2af6bb4ac6689823875ed412685f16383d8924cc769c195b01788,7e6bab01e9d6b0298352c3d96c8f671d95a236c9e60e60360e5c70a016b1f97e,Decoupled,4,0,,,,,,0,0
0.35,800000,1011,11,31d3f92099b2af6bb4ac6689823875ed412685f16383d8924cc769c195b01788,7e6bab01e9d6b0298352c3d96c8f671d95a236c9e60e60360e5c70a016b1f97e,No-Dq-R,1,0,0.0,0.0,0.0,0,0,0,0
0.35,800000,1011,11,31d3f92099b2af6bb4ac6689823875ed412685f16383d8924cc769c195b01788,7e6bab01e9d6b0298352c3d96c8f671d95a236c9e60e60360e5c70a016b1f97e,No-Dq-R,2,-1317263,0.06518611830800236,0.06050956107859967,0.9999999999999994,1,0,0,0
0.35,800000,1011,11,31d3f92099b2af6bb4ac6689823875ed412685f16383d8924cc769c195b01788,7e6bab01e9d6b0298352c3d96c8f671d95a236c9e60e60360e5c70a016b1f97e,No-Dq-R,3,-1082737,0.047670137563946835,0.05027001746608156,0,0,0,0,0
0.35,800000,1011,11,31d3f92099b2af6bb4ac6689823875ed412685f16383d8924cc769c195b01788,7e6bab01e9d6b0298352c3d96c8f671d95a236c9e60e60360e5c70a016b1f97e,No-Dq-R,4,-2400000,0.05421404102665128,0.06331014280973901,0,0,0,0,0
0.35,800000,1011,11,31d3f92099b2af6bb4ac6689823875ed412685f16383d8924cc769c195b01788,7e6bab01e9d6b0298352c3d96c8f671d95a236c9e60e60360e5c70a016b1f97e,Fixed-Dc,1,12965,-0.0005452030855833678,-0.000591603153459408,0.0,0,0,0,0
0.35,800000,1011,11,31d3f92099b2af6bb4ac6689823875ed412685f16383d8924cc769c195b01788,7e6bab01e9d6b0298352c3d96c8f671d95a236c9e60e60360e5c70a016b1f97e,Fixed-Dc,2,-504298,0.015171290182524277,0.012510557726919946,0,0,0,0,0
0.35,800000,1011,11,31d3f92099b2af6bb4ac6689823875ed412685f16383d8924cc769c195b01788,7e6bab01e9d6b0298352c3d96c8f671d95a236c9e60e60360e5c70a016b1f97e,Fixed-Dc,3,12965,-0.00012121368546541555,-0.00019195251098830246,0,0,0,0,0
0.35,800000,1011,11,31d3f92099b2af6bb4ac6689823875ed412685f16383d8924cc769c195b01788,7e6bab01e9d6b0298352c3d96c8f671d95a236c9e60e60360e5c70a016b1f97e,Fixed-Dc,4,12965,-3.628976974440201e-05,-0.00011041375565751244,0,0,0,0,0
0.35,800000,1011,11,31d3f92099b2af6bb4ac6689823875ed412685f16383d8924cc769c195b01788,7e6bab01e9d6b0298352c3d96c8f671d95a236c9e60e60360e5c70a016b1f97e,Decoupled,1,0,,,,,,0,0
0.35,800000,1011,11,31d3f92099b2af6bb4ac6689823875ed412685f16383d8924cc769c195b01788,7e6bab01e9d6b0298352c3d96c8f671d95a236c9e60e60360e5c70a016b1f97e,Decoupled,2,-517263,,,,,,0,0
0.35,800000,1011,11,31d3f92099b2af6bb4ac6689823875ed412685f16383d8924cc769c195b01788,7e6bab01e9d6b0298352c3d96c8f671d95a236c9e60e60360e5c70a016b1f97e,Decoupled,3,517263,,,,,,0,0
0.35,800000,1011,11,31d3f92099b2af6bb4ac6689823875ed412685f16383d8924cc769c195b01788,7e6bab01e9d6b0298352c3d96c8f671d95a236c9e60e60360e5c70a016b1f97e,Decoupled,4,0,,,,,,0,0
0.35,800000,1012,7,f3d451a8c9b0f032c1fd605d2a647cd24f49e85a15da075b16f7b4c525ac5984,7e6bab01e9d6b0298352c3d96c8f671d95a236c9e60e60360e5c70a016b1f97e,No-Dq-R,1,0,0.0,0.0,0.0,0,0,0,0
0.35,800000,1012,7,f3d451a8c9b0f032c1fd605d2a647cd24f49e85a15da075b16f7b4c525ac5984,7e6bab01e9d6b0298352c3d96c8f671d95a236c9e60e60360e5c70a016b1f97e,No-Dq-R,2,-1197957,0.06167853593042538,0.057641354660856736,0.9999999999999994,1,0,0,0
0.35,800000,1012,7,f3d451a8c9b0f032c1fd605d2a647cd24f49e85a15da075b16f7b4c525ac5984,7e6bab01e9d6b0298352c3d96c8f671d95a236c9e60e60360e5c70a016b1f97e,No-Dq-R,3,-1202043,0.05705874289554891,0.0531382238838245,0,0,0,0,0
0.35,800000,1012,7,f3d451a8c9b0f032c1fd605d2a647cd24f49e85a15da075b16f7b4c525ac5984,7e6bab01e9d6b0298352c3d96c8f671d95a236c9e60e60360e5c70a016b1f97e,No-Dq-R,4,-2400000,0.05421404102665128,0.06331014280973901,0,0,0,0,0
0.35,800000,1012,7,f3d451a8c9b0f032c1fd605d2a647cd24f49e85a15da075b16f7b4c525ac5984,7e6bab01e9d6b0298352c3d96c8f671d95a236c9e60e60360e5c70a016b1f97e,Fixed-Dc,1,12965,-0.0006394031017732393,-0.000591603153459408,0.0,0,0,0,0
0.35,800000,1012,7,f3d451a8c9b0f032c1fd605d2a647cd24f49e85a15da075b16f7b4c525ac5984,7e6bab01e9d6b0298352c3d96c8f671d95a236c9e60e60360e5c70a016b1f97e,Fixed-Dc,2,-384992,0.011663707804947299,0.00964235130917701,0,0,0,0,0
0.35,800000,1012,7,f3d451a8c9b0f032c1fd605d2a647cd24f49e85a15da075b16f7b4c525ac5984,7e6bab01e9d6b0298352c3d96c8f671d95a236c9e60e60360e5c70a016b1f97e,Fixed-Dc,3,12965,-0.00027226355259524215,-0.00019195251098830246,0,0,0,0,0
0.35,800000,1012,7,f3d451a8c9b0f032c1fd605d2a647cd24f49e85a15da075b16f7b4c525ac5984,7e6bab01e9d6b0298352c3d96c8f671d95a236c9e60e60360e5c70a016b1f97e,Fixed-Dc,4,12965,-3.628976974440201e-05,-0.00011041375565751244,0,0,0,0,0
0.35,800000,1012,7,f3d451a8c9b0f032c1fd605d2a647cd24f49e85a15da075b16f7b4c525ac5984,7e6bab01e9d6b0298352c3d96c8f671d95a236c9e60e60360e5c70a016b1f97e,Decoupled,1,0,,,,,,0,0
0.35,800000,1012,7,f3d451a8c9b0f032c1fd605d2a647cd24f49e85a15da075b16f7b4c525ac5984,7e6bab01e9d6b0298352c3d96c8f671d95a236c9e60e60360e5c70a016b1f97e,Decoupled,2,-397957,,,,,,0,0
0.35,800000,1012,7,f3d451a8c9b0f032c1fd605d2a647cd24f49e85a15da075b16f7b4c525ac5984,7e6bab01e9d6b0298352c3d96c8f671d95a236c9e60e60360e5c70a016b1f97e,Decoupled,3,397957,,,,,,0,0
0.35,800000,1012,7,f3d451a8c9b0f032c1fd605d2a647cd24f49e85a15da075b16f7b4c525ac5984,7e6bab01e9d6b0298352c3d96c8f671d95a236c9e60e60360e5c70a016b1f97e,Decoupled,4,0,,,,,,0,0
0.35,800000,1012,11,f3d451a8c9b0f032c1fd605d2a647cd24f49e85a15da075b16f7b4c525ac5984,7e6bab01e9d6b0298352c3d96c8f671d95a236c9e60e60360e5c70a016b1f97e,No-Dq-R,1,0,0.0,0.0,0.0,0,0,0,0
0.35,800000,1012,11,f3d451a8c9b0f032c1fd605d2a647cd24f49e85a15da075b16f7b4c525ac5984,7e6bab01e9d6b0298352c3d96c8f671d95a236c9e60e60360e5c70a016b1f97e,No-Dq-R,2,-1197957,0.06167853593042538,0.057641354660856736,0.9999999999999994,1,0,0,0
0.35,800000,1012,11,f3d451a8c9b0f032c1fd605d2a647cd24f49e85a15da075b16f7b4c525ac5984,7e6bab01e9d6b0298352c3d96c8f671d95a236c9e60e60360e5c70a016b1f97e,No-Dq-R,3,-1202043,0.049943258436482174,0.0531382238838245,0,0,0,0,0
0.35,800000,1012,11,f3d451a8c9b0f032c1fd605d2a647cd24f49e85a15da075b16f7b4c525ac5984,7e6bab01e9d6b0298352c3d96c8f671d95a236c9e60e60360e5c70a016b1f97e,No-Dq-R,4,-2400000,0.05421404102665128,0.06331014280973901,0,0,0,0,0
0.35,800000,1012,11,f3d451a8c9b0f032c1fd605d2a647cd24f49e85a15da075b16f7b4c525ac5984,7e6bab01e9d6b0298352c3d96c8f671d95a236c9e60e60360e5c70a016b1f97e,Fixed-Dc,1,12965,-0.0005452030855833678,-0.000591603153459408,0.0,0,0,0,0
0.35,800000,1012,11,f3d451a8c9b0f032c1fd605d2a647cd24f49e85a15da075b16f7b4c525ac5984,7e6bab01e9d6b0298352c3d96c8f671d95a236c9e60e60360e5c70a016b1f97e,Fixed-Dc,2,-384992,0.011663707804947299,0.00964235130917701,0,0,0,0,0
0.35,800000,1012,11,f3d451a8c9b0f032c1fd605d2a647cd24f49e85a15da075b16f7b4c525ac5984,7e6bab01e9d6b0298352c3d96c8f671d95a236c9e60e60360e5c70a016b1f97e,Fixed-Dc,3,12965,-0.00012121368546541555,-0.00019195251098830246,0,0,0,0,0
0.35,800000,1012,11,f3d451a8c9b0f032c1fd605d2a647cd24f49e85a15da075b16f7b4c525ac5984,7e6bab01e9d6b0298352c3d96c8f671d95a236c9e60e60360e5c70a016b1f97e,Fixed-Dc,4,12965,-3.628976974440201e-05,-0.00011041375565751244,0,0,0,0,0
0.35,800000,1012,11,f3d451a8c9b0f032c1fd605d2a647cd24f49e85a15da075b16f7b4c525ac5984,7e6bab01e9d6b0298352c3d96c8f671d95a236c9e60e60360e5c70a016b1f97e,Decoupled,1,0,,,,,,0,0
0.35,800000,1012,11,f3d451a8c9b0f032c1fd605d2a647cd24f49e85a15da075b16f7b4c525ac5984,7e6bab01e9d6b0298352c3d96c8f671d95a236c9e60e60360e5c70a016b1f97e,Decoupled,2,-397957,,,,,,0,0
0.35,800000,1012,11,f3d451a8c9b0f032c1fd605d2a647cd24f49e85a15da075b16f7b4c525ac5984,7e6bab01e9d6b0298352c3d96c8f671d95a236c9e60e60360e5c70a016b1f97e,Decoupled,3,397957,,,,,,0,0
0.35,800000,1012,11,f3d451a8c9b0f032c1fd605d2a647cd24f49e85a15da075b16f7b4c525ac5984,7e6bab01e9d6b0298352c3d96c8f671d95a236c9e60e60360e5c70a016b1f97e,Decoupled,4,0,,,,,,0,0
0.35,800000,1013,7,71dd1f065b4486ded8df8b5b383fe69eb16fc56811e6e9de5a1ce0acbc75b316,7e6bab01e9d6b0298352c3d96c8f671d95a236c9e60e60360e5c70a016b1f97e,No-Dq-R,1,0,0.0,0.0,0.0,0,0,0,0
0.35,800000,1013,7,71dd1f065b4486ded8df8b5b383fe69eb16fc56811e6e9de5a1ce0acbc75b316,7e6bab01e9d6b0298352c3d96c8f671d95a236c9e60e60360e5c70a016b1f97e,No-Dq-R,2,-800000,0.049612584460204445,0.047663681628712706,0.9999999999999994,1,0,0,0
0.35,800000,1013,7,71dd1f065b4486ded8df8b5b383fe69eb16fc56811e6e9de5a1ce0acbc75b316,7e6bab01e9d6b0298352c3d96c8f671d95a236c9e60e60360e5c70a016b1f97e,No-Dq-R,3,-1600000,0.06912469436576968,0.06311589691596853,0,0,0,0,0
0.35,800000,1013,7,71dd1f065b4486ded8df8b5b383fe69eb16fc56811e6e9de5a1ce0acbc75b316,7e6bab01e9d6b0298352c3d96c8f671d95a236c9e60e60360e5c70a016b1f97e,No-Dq-R,4,-2354286,0.05136523960605799,0.06032092447854248,0,0,0,0,0
0.35,800000,1013,7,71dd1f065b4486ded8df8b5b383fe69eb16fc56811e6e9de5a1ce0acbc75b316,7e6bab01e9d6b0298352c3d96c8f671d95a236c9e60e60360e5c70a016b1f97e,Fixed-Dc,1,-274085,0.013243310249361095,0.012206533836577771,0.0,0,0,0,0
0.35,800000,1013,7,71dd1f065b4486ded8df8b5b383fe69eb16fc56811e6e9de5a1ce0acbc75b316,7e6bab01e9d6b0298352c3d96c8f671d95a236c9e60e60360e5c70a016b1f97e,Fixed-Dc,2,12965,-0.0004022436652736383,-0.0003353217229670191,0,0,0,0,0
0.35,800000,1013,7,71dd1f065b4486ded8df8b5b383fe69eb16fc56811e6e9de5a1ce0acbc75b316,7e6bab01e9d6b0298352c3d96c8f671d95a236c9e60e60360e5c70a016b1f97e,Fixed-Dc,3,12965,-0.00027226355259524215,-0.00019195251098830246,0,0,0,0,0
0.35,800000,1013,7,71dd1f065b4486ded8df8b5b383fe69eb16fc56811e6e9de5a1ce0acbc75b316,7e6bab01e9d6b0298352c3d96c8f671d95a236c9e60e60360e5c70a016b1f97e,Fixed-Dc,4,-182657,0.0004864670317561437,0.0015337332173630536,0,0,0,0,0
0.35,800000,1013,7,71dd1f065b4486ded8df8b5b383fe69eb16fc56811e6e9de5a1ce0acbc75b316,7e6bab01e9d6b0298352c3d96c8f671d95a236c9e60e60360e5c70a016b1f97e,Decoupled,1,0,,,,,,0,0
0.35,800000,1013,7,71dd1f065b4486ded8df8b5b383fe69eb16fc56811e6e9de5a1ce0acbc75b316,7e6bab01e9d6b0298352c3d96c8f671d95a236c9e60e60360e5c70a016b1f97e,Decoupled,2,0,,,,,,0,0
0.35,800000,1013,7,71dd1f065b4486ded8df8b5b383fe69eb16fc56811e6e9de5a1ce0acbc75b316,7e6bab01e9d6b0298352c3d96c8f671d95a236c9e60e60360e5c70a016b1f97e,Decoupled,3,0,,,,,,0,0
0.35,800000,1013,7,71dd1f065b4486ded8df8b5b383fe69eb16fc56811e6e9de5a1ce0acbc75b316,7e6bab01e9d6b0298352c3d96c8f671d95a236c9e60e60360e5c70a016b1f97e,Decoupled,4,45714,,,,,,0,0
0.35,800000,1013,11,71dd1f065b4486ded8df8b5b383fe69eb16fc56811e6e9de5a1ce0acbc75b316,7e6bab01e9d6b0298352c3d96c8f671d95a236c9e60e60360e5c70a016b1f97e,No-Dq-R,1,0,0.0,0.0,0.0,0,0,0,0
0.35,800000,1013,11,71dd1f065b4486ded8df8b5b383fe69eb16fc56811e6e9de5a1ce0acbc75b316,7e6bab01e9d6b0298352c3d96c8f671d95a236c9e60e60360e5c70a016b1f97e,No-Dq-R,2,-800000,0.049612584460204445,0.047663681628712706,0.9999999999999994,1,0,0,0
0.35,800000,1013,11,71dd1f065b4486ded8df8b5b383fe69eb16fc56811e6e9de5a1ce0acbc75b316,7e6bab01e9d6b0298352c3d96c8f671d95a236c9e60e60360e5c70a016b1f97e,No-Dq-R,3,-1600000,0.05797731082766472,0.06311589691596853,0,0,0,0,0
0.35,800000,1013,11,71dd1f065b4486ded8df8b5b383fe69eb16fc56811e6e9de5a1ce0acbc75b316,7e6bab01e9d6b0298352c3d96c8f671d95a236c9e60e60360e5c70a016b1f97e,No-Dq-R,4,-2354286,0.05136523960605799,0.06032092447854248,0,0,0,0,0
0.35,800000,1013,11,71dd1f065b4486ded8df8b5b383fe69eb16fc56811e6e9de5a1ce0acbc75b316,7e6bab01e9d6b0298352c3d96c8f671d95a236c9e60e60360e5c70a016b1f97e,Fixed-Dc,1,-274085,0.011200120699695337,0.012206533836577771,0.0,0,0,0,0
0.35,800000,1013,11,71dd1f065b4486ded8df8b5b383fe69eb16fc56811e6e9de5a1ce0acbc75b316,7e6bab01e9d6b0298352c3d96c8f671d95a236c9e60e60360e5c70a016b1f97e,Fixed-Dc,2,12965,-0.0004022436652736383,-0.0003353217229670191,0,0,0,0,0
0.35,800000,1013,11,71dd1f065b4486ded8df8b5b383fe69eb16fc56811e6e9de5a1ce0acbc75b316,7e6bab01e9d6b0298352c3d96c8f671d95a236c9e60e60360e5c70a016b1f97e,Fixed-Dc,3,12965,-0.00012121368546541555,-0.00019195251098830246,0,0,0,0,0
0.35,800000,1013,11,71dd1f065b4486ded8df8b5b383fe69eb16fc56811e6e9de5a1ce0acbc75b316,7e6bab01e9d6b0298352c3d96c8f671d95a236c9e60e60360e5c70a016b1f97e,Fixed-Dc,4,-182657,0.0004864670317561437,0.0015337332173630536,0,0,0,0,0
0.35,800000,1013,11,71dd1f065b4486ded8df8b5b383fe69eb16fc56811e6e9de5a1ce0acbc75b316,7e6bab01e9d6b0298352c3d96c8f671d95a236c9e60e60360e5c70a016b1f97e,Decoupled,1,0,,,,,,0,0
0.35,800000,1013,11,71dd1f065b4486ded8df8b5b383fe69eb16fc56811e6e9de5a1ce0acbc75b316,7e6bab01e9d6b0298352c3d96c8f671d95a236c9e60e60360e5c70a016b1f97e,Decoupled,2,0,,,,,,0,0
0.35,800000,1013,11,71dd1f065b4486ded8df8b5b383fe69eb16fc56811e6e9de5a1ce0acbc75b316,7e6bab01e9d6b0298352c3d96c8f671d95a236c9e60e60360e5c70a016b1f97e,Decoupled,3,0,,,,,,0,0
0.35,800000,1013,11,71dd1f065b4486ded8df8b5b383fe69eb16fc56811e6e9de5a1ce0acbc75b316,7e6bab01e9d6b0298352c3d96c8f671d95a236c9e60e60360e5c70a016b1f97e,Decoupled,4,45714,,,,,,0,0
0.35,800000,1014,7,cad98dc157f0757905ab52953eb816a3c908f7f1f131c8cc4b6a124aa70a8a50,7e6bab01e9d6b0298352c3d96c8f671d95a236c9e60e60360e5c70a016b1f97e,No-Dq-R,1,0,0.0,0.0,0.0,0,0,0,0
0.35,800000,1014,7,cad98dc157f0757905ab52953eb816a3c908f7f1f131c8cc4b6a124aa70a8a50,7e6bab01e9d6b0298352c3d96c8f671d95a236c9e60e60360e5c70a016b1f97e,No-Dq-R,2,-800000,0.049612584460204445,0.047663681628712706,0.9999999999999994,1,0,0,0
0.35,800000,1014,7,cad98dc157f0757905ab52953eb816a3c908f7f1f131c8cc4b6a124aa70a8a50,7e6bab01e9d6b0298352c3d96c8f671d95a236c9e60e60360e5c70a016b1f97e,No-Dq-R,3,-1600000,0.06912469436576968,0.06311589691596853,0,0,0,0,0
0.35,800000,1014,7,cad98dc157f0757905ab52953eb816a3c908f7f1f131c8cc4b6a124aa70a8a50,7e6bab01e9d6b0298352c3d96c8f671d95a236c9e60e60360e5c70a016b1f97e,No-Dq-R,4,-2354286,0.05027977116394672,0.05928233516059278,0,0,0,0,0
0.35,800000,1014,7,cad98dc157f0757905ab52953eb816a3c908f7f1f131c8cc4b6a124aa70a8a50,7e6bab01e9d6b0298352c3d96c8f671d95a236c9e60e60360e5c70a016b1f97e,Fixed-Dc,1,-373369,0.017914527126085655,0.016490078858197088,0.0,0,0,0,0
0.35,800000,1014,7,cad98dc157f0757905ab52953eb816a3c908f7f1f131c8cc4b6a124aa70a8a50,7e6bab01e9d6b0298352c3d96c8f671d95a236c9e60e60360e5c70a016b1f97e,Fixed-Dc,2,12965,-0.0004022436652736383,-0.0003353217229670191,0,0,0,0,0
0.35,800000,1014,7,cad98dc157f0757905ab52953eb816a3c908f7f1f131c8cc4b6a124aa70a8a50,7e6bab01e9d6b0298352c3d96c8f671d95a236c9e60e60360e5c70a016b1f97e,Fixed-Dc,3,12965,-0.00027226355259524215,-0.00019195251098830246,0,0,0,0,0
0.35,800000,1014,7,cad98dc157f0757905ab52953eb816a3c908f7f1f131c8cc4b6a124aa70a8a50,7e6bab01e9d6b0298352c3d96c8f671d95a236c9e60e60360e5c70a016b1f97e,Fixed-Dc,4,-281941,0.0007318140845262722,0.0023505903945243434,0,0,0,0,0
0.35,800000,1014,7,cad98dc157f0757905ab52953eb816a3c908f7f1f131c8cc4b6a124aa70a8a50,7e6bab01e9d6b0298352c3d96c8f671d95a236c9e60e60360e5c70a016b1f97e,Decoupled,1,0,,,,,,0,0
0.35,800000,1014,7,cad98dc157f0757905ab52953eb816a3c908f7f1f131c8cc4b6a124aa70a8a50,7e6bab01e9d6b0298352c3d96c8f671d95a236c9e60e60360e5c70a016b1f97e,Decoupled,2,0,,,,,,0,0
0.35,800000,1014,7,cad98dc157f0757905ab52953eb816a3c908f7f1f131c8cc4b6a124aa70a8a50,7e6bab01e9d6b0298352c3d96c8f671d95a236c9e60e60360e5c70a016b1f97e,Decoupled,3,0,,,,,,0,0
0.35,800000,1014,7,cad98dc157f0757905ab52953eb816a3c908f7f1f131c8cc4b6a124aa70a8a50,7e6bab01e9d6b0298352c3d96c8f671d95a236c9e60e60360e5c70a016b1f97e,Decoupled,4,45714,,,,,,0,0
0.35,800000,1014,11,cad98dc157f0757905ab52953eb816a3c908f7f1f131c8cc4b6a124aa70a8a50,7e6bab01e9d6b0298352c3d96c8f671d95a236c9e60e60360e5c70a016b1f97e,No-Dq-R,1,0,0.0,0.0,0.0,0,0,0,0
0.35,800000,1014,11,cad98dc157f0757905ab52953eb816a3c908f7f1f131c8cc4b6a124aa70a8a50,7e6bab01e9d6b0298352c3d96c8f671d95a236c9e60e60360e5c70a016b1f97e,No-Dq-R,2,-800000,0.049612584460204445,0.047663681628712706,0.9999999999999994,1,0,0,0
0.35,800000,1014,11,cad98dc157f0757905ab52953eb816a3c908f7f1f131c8cc4b6a124aa70a8a50,7e6bab01e9d6b0298352c3d96c8f671d95a236c9e60e60360e5c70a016b1f97e,No-Dq-R,3,-1600000,0.05797731082766472,0.06311589691596853,0,0,0,0,0
0.35,800000,1014,11,cad98dc157f0757905ab52953eb816a3c908f7f1f131c8cc4b6a124aa70a8a50,7e6bab01e9d6b0298352c3d96c8f671d95a236c9e60e60360e5c70a016b1f97e,No-Dq-R,4,-2354286,0.05027977116394672,0.05928233516059278,0,0,0,0,0
0.35,800000,1014,11,cad98dc157f0757905ab52953eb816a3c908f7f1f131c8cc4b6a124aa70a8a50,7e6bab01e9d6b0298352c3d96c8f671d95a236c9e60e60360e5c70a016b1f97e,Fixed-Dc,1,-373369,0.015107347314600172,0.016490078858197088,0.0,0,0,0,0
0.35,800000,1014,11,cad98dc157f0757905ab52953eb816a3c908f7f1f131c8cc4b6a124aa70a8a50,7e6bab01e9d6b0298352c3d96c8f671d95a236c9e60e60360e5c70a016b1f97e,Fixed-Dc,2,12965,-0.0004022436652736383,-0.0003353217229670191,0,0,0,0,0
0.35,800000,1014,11,cad98dc157f0757905ab52953eb816a3c908f7f1f131c8cc4b6a124aa70a8a50,7e6bab01e9d6b0298352c3d96c8f671d95a236c9e60e60360e5c70a016b1f97e,Fixed-Dc,3,12965,-0.00012121368546541555,-0.00019195251098830246,0,0,0,0,0
0.35,800000,1014,11,cad98dc157f0757905ab52953eb816a3c908f7f1f131c8cc4b6a124aa70a8a50,7e6bab01e9d6b0298352c3d96c8f671d95a236c9e60e60360e5c70a016b1f97e,Fixed-Dc,4,-281941,0.0007318140845262722,0.0023505903945243434,0,0,0,0,0
0.35,800000,1014,11,cad98dc157f0757905ab52953eb816a3c908f7f1f131c8cc4b6a124aa70a8a50,7e6bab01e9d6b0298352c3d96c8f671d95a236c9e60e60360e5c70a016b1f97e,Decoupled,1,0,,,,,,0,0
0.35,800000,1014,11,cad98dc157f0757905ab52953eb816a3c908f7f1f131c8cc4b6a124aa70a8a50,7e6bab01e9d6b0298352c3d96c8f671d95a236c9e60e60360e5c70a016b1f97e,Decoupled,2,0,,,,,,0,0
0.35,800000,1014,11,cad98dc157f0757905ab52953eb816a3c908f7f1f131c8cc4b6a124aa70a8a50,7e6bab01e9d6b0298352c3d96c8f671d95a236c9e60e60360e5c70a016b1f97e,Decoupled,3,0,,,,,,0,0
0.35,800000,1014,11,cad98dc157f0757905ab52953eb816a3c908f7f1f131c8cc4b6a124aa70a8a50,7e6bab01e9d6b0298352c3d96c8f671d95a236c9e60e60360e5c70a016b1f97e,Decoupled,4,45714,,,,,,0,0
0.35,800000,1015,7,1434a53c9eb763e1db82eb5d87b9e612b03d5e0e31ad6eb41d8f96cfc41b31ea,7e6bab01e9d6b0298352c3d96c8f671d95a236c9e60e60360e5c70a016b1f97e,No-Dq-R,1,0,0.0,0.0,0.0,0,0,0,0
0.35,800000,1015,7,1434a53c9eb763e1db82eb5d87b9e612b03d5e0e31ad6eb41d8f96cfc41b31ea,7e6bab01e9d6b0298352c3d96c8f671d95a236c9e60e60360e5c70a016b1f97e,No-Dq-R,2,-586513,0.04143946234024576,0.040460437131836224,0,0,0,0,0
0.35,800000,1015,7,1434a53c9eb763e1db82eb5d87b9e612b03d5e0e31ad6eb41d8f96cfc41b31ea,7e6bab01e9d6b0298352c3d96c8f671d95a236c9e60e60360e5c70a016b1f97e,No-Dq-R,3,-1767773,0.07262249337427912,0.0655704841532897,0,0,0,0,0
0.35,800000,1015,7,1434a53c9eb763e1db82eb5d87b9e612b03d5e0e31ad6eb41d8f96cfc41b31ea,7e6bab01e9d6b0298352c3d96c8f671d95a236c9e60e60360e5c70a016b1f97e,No-Dq-R,4,-2400000,0.05421404102665128,0.06331014280973901,0,0,0,0,0
0.35,800000,1015,7,1434a53c9eb763e1db82eb5d87b9e612b03d5e0e31ad6eb41d8f96cfc41b31ea,7e6bab01e9d6b0298352c3d96c8f671d95a236c9e60e60360e5c70a016b1f97e,Fixed-Dc,1,12965,-0.0006394031017732393,-0.000591603153459408,0.0,0,0,0,0
0.35,800000,1015,7,1434a53c9eb763e1db82eb5d87b9e612b03d5e0e31ad6eb41d8f96cfc41b31ea,7e6bab01e9d6b0298352c3d96c8f671d95a236c9e60e60360e5c70a016b1f97e,Fixed-Dc,2,12965,-0.0004022436652736383,-0.0003353217229670191,0,0,0,0,0
0.35,800000,1015,7,1434a53c9eb763e1db82eb5d87b9e612b03d5e0e31ad6eb41d8f96cfc41b31ea,7e6bab01e9d6b0298352c3d96c8f671d95a236c9e60e60360e5c70a016b1f97e,Fixed-Dc,3,-154808,0.003225535455914197,0.0022626347263328683,0,0,0,0,0
0.35,800000,1015,7,1434a53c9eb763e1db82eb5d87b9e612b03d5e0e31ad6eb41d8f96cfc41b31ea,7e6bab01e9d6b0298352c3d96c8f671d95a236c9e60e60360e5c70a016b1f97e,Fixed-Dc,4,12965,-3.628976974440201e-05,-0.00011041375565751244,0,0,0,0,0
0.35,800000,1015,7,1434a53c9eb763e1db82eb5d87b9e612b03d5e0e31ad6eb41d8f96cfc41b31ea,7e6bab01e9d6b0298352c3d96c8f671d95a236c9e60e60360e5c70a016b1f97e,Decoupled,1,0,,,,,,0,0
0.35,800000,1015,7,1434a53c9eb763e1db82eb5d87b9e612b03d5e0e31ad6eb41d8f96cfc41b31ea,7e6bab01e9d6b0298352c3d96c8f671d95a236c9e60e60360e5c70a016b1f97e,Decoupled,2,213487,,,,,,0,0
0.35,800000,1015,7,1434a53c9eb763e1db82eb5d87b9e612b03d5e0e31ad6eb41d8f96cfc41b31ea,7e6bab01e9d6b0298352c3d96c8f671d95a236c9e60e60360e5c70a016b1f97e,Decoupled,3,-167773,,,,,,0,0
0.35,800000,1015,7,1434a53c9eb763e1db82eb5d87b9e612b03d5e0e31ad6eb41d8f96cfc41b31ea,7e6bab01e9d6b0298352c3d96c8f671d95a236c9e60e60360e5c70a016b1f97e,Decoupled,4,0,,,,,,0,0
0.35,800000,1015,11,1434a53c9eb763e1db82eb5d87b9e612b03d5e0e31ad6eb41d8f96cfc41b31ea,7e6bab01e9d6b0298352c3d96c8f671d95a236c9e60e60360e5c70a016b1f97e,No-Dq-R,1,0,0.0,0.0,0.0,0,0,0,0
0.35,800000,1015,11,1434a53c9eb763e1db82eb5d87b9e612b03d5e0e31ad6eb41d8f96cfc41b31ea,7e6bab01e9d6b0298352c3d96c8f671d95a236c9e60e60360e5c70a016b1f97e,No-Dq-R,2,-586513,0.04143946234024576,0.040460437131836224,0,0,0,0,0
0.35,800000,1015,11,1434a53c9eb763e1db82eb5d87b9e612b03d5e0e31ad6eb41d8f96cfc41b31ea,7e6bab01e9d6b0298352c3d96c8f671d95a236c9e60e60360e5c70a016b1f97e,No-Dq-R,3,-1767773,0.05951302596484981,0.0655704841532897,0,0,0,0,0
0.35,800000,1015,11,1434a53c9eb763e1db82eb5d87b9e612b03d5e0e31ad6eb41d8f96cfc41b31ea,7e6bab01e9d6b0298352c3d96c8f671d95a236c9e60e60360e5c70a016b1f97e,No-Dq-R,4,-2400000,0.05421404102665128,0.06331014280973901,0,0,0,0,0
0.35,800000,1015,11,1434a53c9eb763e1db82eb5d87b9e612b03d5e0e31ad6eb41d8f96cfc41b31ea,7e6bab01e9d6b0298352c3d96c8f671d95a236c9e60e60360e5c70a016b1f97e,Fixed-Dc,1,12965,-0.0005452030855833678,-0.000591603153459408,0.0,0,0,0,0
0.35,800000,1015,11,1434a53c9eb763e1db82eb5d87b9e612b03d5e0e31ad6eb41d8f96cfc41b31ea,7e6bab01e9d6b0298352c3d96c8f671d95a236c9e60e60360e5c70a016b1f97e,Fixed-Dc,2,12965,-0.0004022436652736383,-0.0003353217229670191,0,0,0,0,0
0.35,800000,1015,11,1434a53c9eb763e1db82eb5d87b9e612b03d5e0e31ad6eb41d8f96cfc41b31ea,7e6bab01e9d6b0298352c3d96c8f671d95a236c9e60e60360e5c70a016b1f97e,Fixed-Dc,3,-154808,0.0014145014517196741,0.0022626347263328683,0,0,0,0,0
0.35,800000,1015,11,1434a53c9eb763e1db82eb5d87b9e612b03d5e0e31ad6eb41d8f96cfc41b31ea,7e6bab01e9d6b0298352c3d96c8f671d95a236c9e60e60360e5c70a016b1f97e,Fixed-Dc,4,12965,-3.628976974440201e-05,-0.00011041375565751244,0,0,0,0,0
0.35,800000,1015,11,1434a53c9eb763e1db82eb5d87b9e612b03d5e0e31ad6eb41d8f96cfc41b31ea,7e6bab01e9d6b0298352c3d96c8f671d95a236c9e60e60360e5c70a016b1f97e,Decoupled,1,0,,,,,,0,0
0.35,800000,1015,11,1434a53c9eb763e1db82eb5d87b9e612b03d5e0e31ad6eb41d8f96cfc41b31ea,7e6bab01e9d6b0298352c3d96c8f671d95a236c9e60e60360e5c70a016b1f97e,Decoupled,2,213487,,,,,,0,0
0.35,800000,1015,11,1434a53c9eb763e1db82eb5d87b9e612b03d5e0e31ad6eb41d8f96cfc41b31ea,7e6bab01e9d6b0298352c3d96c8f671d95a236c9e60e60360e5c70a016b1f97e,Decoupled,3,-167773,,,,,,0,0
0.35,800000,1015,11,1434a53c9eb763e1db82eb5d87b9e612b03d5e0e31ad6eb41d8f96cfc41b31ea,7e6bab01e9d6b0298352c3d96c8f671d95a236c9e60e60360e5c70a016b1f97e,Decoupled,4,0,,,,,,0,0
0.35,800000,1016,7,7b0e7800254a00d9352cf9656685f0cf5fc28db691951f61e746d63d5587ccb4,7e6bab01e9d6b0298352c3d96c8f671d95a236c9e60e60360e5c70a016b1f97e,No-Dq-R,1,0,0.0,0.0,0.0,0,0,0,0
0.35,800000,1016,7,7b0e7800254a00d9352cf9656685f0cf5fc28db691951f61e746d63d5587ccb4,7e6bab01e9d6b0298352c3d96c8f671d95a236c9e60e60360e5c70a016b1f97e,No-Dq-R,2,-1308508,0.06493039165417763,0.06030095575555722,0.9999999999999994,1,0,0,0
0.35,800000,1016,7,7b0e7800254a00d9352cf9656685f0cf5fc28db691951f61e746d63d5587ccb4,7e6bab01e9d6b0298352c3d96c8f671d95a236c9e60e60360e5c70a016b1f97e,No-Dq-R,3,-1091492,0.0538068871717966,0.05047862278912402,0,0,0,0,0
0.35,800000,1016,7,7b0e7800254a00d9352cf9656685f0cf5fc28db691951f61e746d63d5587ccb4,7e6bab01e9d6b0298352c3d96c8f671d95a236c9e60e60360e5c70a016b1f97e,No-Dq-R,4,-2400000,0.05421404102665128,0.06331014280973901,0,0,0,0,0
0.35,800000,1016,7,7b0e7800254a00d9352cf9656685f0cf5fc28db691951f61e746d63d5587ccb4,7e6bab01e9d6b0298352c3d96c8f671d95a236c9e60e60360e5c70a016b1f97e,Fixed-Dc,1,12965,-0.0006394031017732393,-0.000591603153459408,0.0,0,0,0,0
0.35,800000,1016,7,7b0e7800254a00d9352cf9656685f0cf5fc28db691951f61e746d63d5587ccb4,7e6bab01e9d6b0298352c3d96c8f671d95a236c9e60e60360e5c70a016b1f97e,Fixed-Dc,2,-495543,0.01491556352869955,0.012301952403877492,0,0,0,0,0
0.35,800000,1016,7,7b0e7800254a00d9352cf9656685f0cf5fc28db691951f61e746d63d5587ccb4,7e6bab01e9d6b0298352c3d96c8f671d95a236c9e60e60360e5c70a016b1f97e,Fixed-Dc,3,12965,-0.00027226355259524215,-0.00019195251098830246,0,0,0,0,0
0.35,800000,1016,7,7b0e7800254a00d9352cf9656685f0cf5fc28db691951f61e746d63d5587ccb4,7e6bab01e9d6b0298352c3d96c8f671d95a236c9e60e60360e5c70a016b1f97e,Fixed-Dc,4,12965,-3.628976974440201e-05,-0.00011041375565751244,0,0,0,0,0
0.35,800000,1016,7,7b0e7800254a00d9352cf9656685f0cf5fc28db691951f61e746d63d5587ccb4,7e6bab01e9d6b0298352c3d96c8f671d95a236c9e60e60360e5c70a016b1f97e,Decoupled,1,0,,,,,,0,0
0.35,800000,1016,7,7b0e7800254a00d9352cf9656685f0cf5fc28db691951f61e746d63d5587ccb4,7e6bab01e9d6b0298352c3d96c8f671d95a236c9e60e60360e5c70a016b1f97e,Decoupled,2,-508508,,,,,,0,0
0.35,800000,1016,7,7b0e7800254a00d9352cf9656685f0cf5fc28db691951f61e746d63d5587ccb4,7e6bab01e9d6b0298352c3d96c8f671d95a236c9e60e60360e5c70a016b1f97e,Decoupled,3,508508,,,,,,0,0
0.35,800000,1016,7,7b0e7800254a00d9352cf9656685f0cf5fc28db691951f61e746d63d5587ccb4,7e6bab01e9d6b0298352c3d96c8f671d95a236c9e60e60360e5c70a016b1f97e,Decoupled,4,0,,,,,,0,0
0.35,800000,1016,11,7b0e7800254a00d9352cf9656685f0cf5fc28db691951f61e746d63d5587ccb4,7e6bab01e9d6b0298352c3d96c8f671d95a236c9e60e60360e5c70a016b1f97e,No-Dq-R,1,0,0.0,0.0,0.0,0,0,0,0
0.35,800000,1016,11,7b0e7800254a00d9352cf9656685f0cf5fc28db691951f61e746d63d5587ccb4,7e6bab01e9d6b0298352c3d96c8f671d95a236c9e60e60360e5c70a016b1f97e,No-Dq-R,2,-1308508,0.06493039165417763,0.06030095575555722,0.9999999999999994,1,0,0,0
0.35,800000,1016,11,7b0e7800254a00d9352cf9656685f0cf5fc28db691951f61e746d63d5587ccb4,7e6bab01e9d6b0298352c3d96c8f671d95a236c9e60e60360e5c70a016b1f97e,No-Dq-R,3,-1091492,0.047834885712836506,0.05047862278912402,0,0,0,0,0
0.35,800000,1016,11,7b0e7800254a00d9352cf9656685f0cf5fc28db691951f61e746d63d5587ccb4,7e6bab01e9d6b0298352c3d96c8f671d95a236c9e60e60360e5c70a016b1f97e,No-Dq-R,4,-2400000,0.05421404102665128,0.06331014280973901,0,0,0,0,0
0.35,800000,1016,11,7b0e7800254a00d9352cf9656685f0cf5fc28db691951f61e746d63d5587ccb4,7e6bab01e9d6b0298352c3d96c8f671d95a236c9e60e60360e5c70a016b1f97e,Fixed-Dc,1,12965,-0.0005452030855833678,-0.000591603153459408,0.0,0,0,0,0
0.35,800000,1016,11,7b0e7800254a00d9352cf9656685f0cf5fc28db691951f61e746d63d5587ccb4,7e6bab01e9d6b0298352c3d96c8f671d95a236c9e60e60360e5c70a016b1f97e,Fixed-Dc,2,-495543,0.01491556352869955,0.012301952403877492,0,0,0,0,0
0.35,800000,1016,11,7b0e7800254a00d9352cf9656685f0cf5fc28db691951f61e746d63d5587ccb4,7e6bab01e9d6b0298352c3d96c8f671d95a236c9e60e60360e5c70a016b1f97e,Fixed-Dc,3,12965,-0.00012121368546541555,-0.00019195251098830246,0,0,0,0,0
0.35,800000,1016,11,7b0e7800254a00d9352cf9656685f0cf5fc28db691951f61e746d63d5587ccb4,7e6bab01e9d6b0298352c3d96c8f671d95a236c9e60e60360e5c70a016b1f97e,Fixed-Dc,4,12965,-3.628976974440201e-05,-0.00011041375565751244,0,0,0,0,0
0.35,800000,1016,11,7b0e7800254a00d9352cf9656685f0cf5fc28db691951f61e746d63d5587ccb4,7e6bab01e9d6b0298352c3d96c8f671d95a236c9e60e60360e5c70a016b1f97e,Decoupled,1,0,,,,,,0,0
0.35,800000,1016,11,7b0e7800254a00d9352cf9656685f0cf5fc28db691951f61e746d63d5587ccb4,7e6bab01e9d6b0298352c3d96c8f671d95a236c9e60e60360e5c70a016b1f97e,Decoupled,2,-508508,,,,,,0,0
0.35,800000,1016,11,7b0e7800254a00d9352cf9656685f0cf5fc28db691951f61e746d63d5587ccb4,7e6bab01e9d6b0298352c3d96c8f671d95a236c9e60e60360e5c70a016b1f97e,Decoupled,3,508508,,,,,,0,0
0.35,800000,1016,11,7b0e7800254a00d9352cf9656685f0cf5fc28db691951f61e746d63d5587ccb4,7e6bab01e9d6b0298352c3d96c8f671d95a236c9e60e60360e5c70a016b1f97e,Decoupled,4,0,,,,,,0,0
0.35,800000,1017,7,cda22dc84000bce9b9c0ae7771bf978f8417aedd17ee72a6c850367df459618c,7e6bab01e9d6b0298352c3d96c8f671d95a236c9e60e60360e5c70a016b1f97e,No-Dq-R,1,0,0.0,0.0,0.0,0,0,0,0
0.35,800000,1017,7,cda22dc84000bce9b9c0ae7771bf978f8417aedd17ee72a6c850367df459618c,7e6bab01e9d6b0298352c3d96c8f671d95a236c9e60e60360e5c70a016b1f97e,No-Dq-R,2,-800000,0.049612584460204445,0.047663681628712706,0.9999999999999994,1,0,0,0
0.35,800000,1017,7,cda22dc84000bce9b9c0ae7771bf978f8417aedd17ee72a6c850367df459618c,7e6bab01e9d6b0298352c3d96c8f671d95a236c9e60e60360e5c70a016b1f97e,No-Dq-R,3,-1600000,0.06912469436576968,0.06311589691596853,0,0,0,0,0
0.35,800000,1017,7,cda22dc84000bce9b9c0ae7771bf978f8417aedd17ee72a6c850367df459618c,7e6bab01e9d6b0298352c3d96c8f671d95a236c9e60e60360e5c70a016b1f97e,No-Dq-R,4,-2354286,0.05185534351672888,0.06078960878279527,0,0,0,0,0
0.35,800000,1017,7,cda22dc84000bce9b9c0ae7771bf978f8417aedd17ee72a6c850367df459618c,7e6bab01e9d6b0298352c3d96c8f671d95a236c9e60e60360e5c70a016b1f97e,Fixed-Dc,1,-229819,0.01113934334289779,0.010273361873961107,0.0,0,0,0,0
0.35,800000,1017,7,cda22dc84000bce9b9c0ae7771bf978f8417aedd17ee72a6c850367df459618c,7e6bab01e9d6b0298352c3d96c8f671d95a236c9e60e60360e5c70a016b1f97e,Fixed-Dc,2,12965,-0.0004022436652736383,-0.0003353217229670191,0,0,0,0,0
0.35,800000,1017,7,cda22dc84000bce9b9c0ae7771bf978f8417aedd17ee72a6c850367df459618c,7e6bab01e9d6b0298352c3d96c8f671d95a236c9e60e60360e5c70a016b1f97e,Fixed-Dc,3,12965,-0.00027226355259524215,-0.00019195251098830246,0,0,0,0,0
0.35,800000,1017,7,cda22dc84000bce9b9c0ae7771bf978f8417aedd17ee72a6c850367df459618c,7e6bab01e9d6b0298352c3d96c8f671d95a236c9e60e60360e5c70a016b1f97e,Fixed-Dc,4,-138391,0.00037278603635915175,0.0011657502039871814,0,0,0,0,0
0.35,800000,1017,7,cda22dc84000bce9b9c0ae7771bf978f8417aedd17ee72a6c850367df459618c,7e6bab01e9d6b0298352c3d96c8f671d95a236c9e60e60360e5c70a016b1f97e,Decoupled,1,0,,,,,,0,0
0.35,800000,1017,7,cda22dc84000bce9b9c0ae7771bf978f8417aedd17ee72a6c850367df459618c,7e6bab01e9d6b0298352c3d96c8f671d95a236c9e60e60360e5c70a016b1f97e,Decoupled,2,0,,,,,,0,0
0.35,800000,1017,7,cda22dc84000bce9b9c0ae7771bf978f8417aedd17ee72a6c850367df459618c,7e6bab01e9d6b0298352c3d96c8f671d95a236c9e60e60360e5c70a016b1f97e,Decoupled,3,0,,,,,,0,0
0.35,800000,1017,7,cda22dc84000bce9b9c0ae7771bf978f8417aedd17ee72a6c850367df459618c,7e6bab01e9d6b0298352c3d96c8f671d95a236c9e60e60360e5c70a016b1f97e,Decoupled,4,45714,,,,,,0,0
0.35,800000,1017,11,cda22dc84000bce9b9c0ae7771bf978f8417aedd17ee72a6c850367df459618c,7e6bab01e9d6b0298352c3d96c8f671d95a236c9e60e60360e5c70a016b1f97e,No-Dq-R,1,0,0.0,0.0,0.0,0,0,0,0
0.35,800000,1017,11,cda22dc84000bce9b9c0ae7771bf978f8417aedd17ee72a6c850367df459618c,7e6bab01e9d6b0298352c3d96c8f671d95a236c9e60e60360e5c70a016b1f97e,No-Dq-R,2,-800000,0.049612584460204445,0.047663681628712706,0.9999999999999994,1,0,0,0
0.35,800000,1017,11,cda22dc84000bce9b9c0ae7771bf978f8417aedd17ee72a6c850367df459618c,7e6bab01e9d6b0298352c3d96c8f671d95a236c9e60e60360e5c70a016b1f97e,No-Dq-R,3,-1600000,0.05797731082766472,0.06311589691596853,0,0,0,0,0
0.35,800000,1017,11,cda22dc84000bce9b9c0ae7771bf978f8417aedd17ee72a6c850367df459618c,7e6bab01e9d6b0298352c3d96c8f671d95a236c9e60e60360e5c70a016b1f97e,No-Dq-R,4,-2354286,0.05185534351672888,0.06078960878279527,0,0,0,0,0
0.35,800000,1017,11,cda22dc84000bce9b9c0ae7771bf978f8417aedd17ee72a6c850367df459618c,7e6bab01e9d6b0298352c3d96c8f671d95a236c9e60e60360e5c70a016b1f97e,Fixed-Dc,1,-229819,0.00943274174035369,0.010273361873961107,0.0,0,0,0,0
0.35,800000,1017,11,cda22dc84000bce9b9c0ae7771bf978f8417aedd17ee72a6c850367df459618c,7e6bab01e9d6b0298352c3d96c8f671d95a236c9e60e60360e5c70a016b1f97e,Fixed-Dc,2,12965,-0.0004022436652736383,-0.0003353217229670191,0,0,0,0,0
0.35,800000,1017,11,cda22dc84000bce9b9c0ae7771bf978f8417aedd17ee72a6c850367df459618c,7e6bab01e9d6b0298352c3d96c8f671d95a236c9e60e60360e5c70a016b1f97e,Fixed-Dc,3,12965,-0.00012121368546541555,-0.00019195251098830246,0,0,0,0,0
0.35,800000,1017,11,cda22dc84000bce9b9c0ae7771bf978f8417aedd17ee72a6c850367df459618c,7e6bab01e9d6b0298352c3d96c8f671d95a236c9e60e60360e5c70a016b1f97e,Fixed-Dc,4,-138391,0.00037278603635915175,0.0011657502039871814,0,0,0,0,0
0.35,800000,1017,11,cda22dc84000bce9b9c0ae7771bf978f8417aedd17ee72a6c850367df459618c,7e6bab01e9d6b0298352c3d96c8f671d95a236c9e60e60360e5c70a016b1f97e,Decoupled,1,0,,,,,,0,0
0.35,800000,1017,11,cda22dc84000bce9b9c0ae7771bf978f8417aedd17ee72a6c850367df459618c,7e6bab01e9d6b0298352c3d96c8f671d95a236c9e60e60360e5c70a016b1f97e,Decoupled,2,0,,,,,,0,0
0.35,800000,1017,11,cda22dc84000bce9b9c0ae7771bf978f8417aedd17ee72a6c850367df459618c,7e6bab01e9d6b0298352c3d96c8f671d95a236c9e60e60360e5c70a016b1f97e,Decoupled,3,0,,,,,,0,0
0.35,800000,1017,11,cda22dc84000bce9b9c0ae7771bf978f8417aedd17ee72a6c850367df459618c,7e6bab01e9d6b0298352c3d96c8f671d95a236c9e60e60360e5c70a016b1f97e,Decoupled,4,45714,,,,,,0,0
0.35,800000,1018,7,1406434ac330d051d019d2c9b1b19d724482f98591747d83abb4945b6f72d6d8,7e6bab01e9d6b0298352c3d96c8f671d95a236c9e60e60360e5c70a016b1f97e,No-Dq-R,1,0,0.0,0.0,0.0,0,0,0,0
0.35,800000,1018,7,1406434ac330d051d019d2c9b1b19d724482f98591747d83abb4945b6f72d6d8,7e6bab01e9d6b0298352c3d96c8f671d95a236c9e60e60360e5c70a016b1f97e,No-Dq-R,2,-1430728,0.06847675306117729,0.06318664873304192,0.9999999999999994,1,0,0,0
0.35,800000,1018,7,1406434ac330d051d019d2c9b1b19d724482f98591747d83abb4945b6f72d6d8,7e6bab01e9d6b0298352c3d96c8f671d95a236c9e60e60360e5c70a016b1f97e,No-Dq-R,3,-969272,0.05026052576479689,0.04759292981163932,0,0,0,0,0
0.35,800000,1018,7,1406434ac330d051d019d2c9b1b19d724482f98591747d83abb4945b6f72d6d8,7e6bab01e9d6b0298352c3d96c8f671d95a236c9e60e60360e5c70a016b1f97e,No-Dq-R,4,-2400000,0.05421404102665128,0.06331014280973901,0,0,0,0,0
0.35,800000,1018,7,1406434ac330d051d019d2c9b1b19d724482f98591747d83abb4945b6f72d6d8,7e6bab01e9d6b0298352c3d96c8f671d95a236c9e60e60360e5c70a016b1f97e,Fixed-Dc,1,12965,-0.0006394031017732393,-0.000591603153459408,0.0,0,0,0,0
0.35,800000,1018,7,1406434ac330d051d019d2c9b1b19d724482f98591747d83abb4945b6f72d6d8,7e6bab01e9d6b0298352c3d96c8f671d95a236c9e60e60360e5c70a016b1f97e,Fixed-Dc,2,-617763,0.018461924935699203,0.015187645381362191,0,0,0,0,0
0.35,800000,1018,7,1406434ac330d051d019d2c9b1b19d724482f98591747d83abb4945b6f72d6d8,7e6bab01e9d6b0298352c3d96c8f671d95a236c9e60e60360e5c70a016b1f97e,Fixed-Dc,3,12965,-0.00027226355259524215,-0.00019195251098830246,0,0,0,0,0
0.35,800000,1018,7,1406434ac330d051d019d2c9b1b19d724482f98591747d83abb4945b6f72d6d8,7e6bab01e9d6b0298352c3d96c8f671d95a236c9e60e60360e5c70a016b1f97e,Fixed-Dc,4,12965,-3.628976974440201e-05,-0.00011041375565751244,0,0,0,0,0
0.35,800000,1018,7,1406434ac330d051d019d2c9b1b19d724482f98591747d83abb4945b6f72d6d8,7e6bab01e9d6b0298352c3d96c8f671d95a236c9e60e60360e5c70a016b1f97e,Decoupled,1,0,,,,,,0,0
0.35,800000,1018,7,1406434ac330d051d019d2c9b1b19d724482f98591747d83abb4945b6f72d6d8,7e6bab01e9d6b0298352c3d96c8f671d95a236c9e60e60360e5c70a016b1f97e,Decoupled,2,-630728,,,,,,0,0
0.35,800000,1018,7,1406434ac330d051d019d2c9b1b19d724482f98591747d83abb4945b6f72d6d8,7e6bab01e9d6b0298352c3d96c8f671d95a236c9e60e60360e5c70a016b1f97e,Decoupled,3,630728,,,,,,0,0
0.35,800000,1018,7,1406434ac330d051d019d2c9b1b19d724482f98591747d83abb4945b6f72d6d8,7e6bab01e9d6b0298352c3d96c8f671d95a236c9e60e60360e5c70a016b1f97e,Decoupled,4,0,,,,,,0,0
0.35,800000,1018,11,1406434ac330d051d019d2c9b1b19d724482f98591747d83abb4945b6f72d6d8,7e6bab01e9d6b0298352c3d96c8f671d95a236c9e60e60360e5c70a016b1f97e,No-Dq-R,1,0,0.0,0.0,0.0,0,0,0,0
0.35,800000,1018,11,1406434ac330d051d019d2c9b1b19d724482f98591747d83abb4945b6f72d6d8,7e6bab01e9d6b0298352c3d96c8f671d95a236c9e60e60360e5c70a016b1f97e,No-Dq-R,2,-1430728,0.06847675306117729,0.06318664873304192,0.9999999999999994,1,0,0,0
0.35,800000,1018,11,1406434ac330d051d019d2c9b1b19d724482f98591747d83abb4945b6f72d6d8,7e6bab01e9d6b0298352c3d96c8f671d95a236c9e60e60360e5c70a016b1f97e,No-Dq-R,3,-969272,0.045564095792828885,0.04759292981163932,0,0,0,0,0
0.35,800000,1018,11,1406434ac330d051d019d2c9b1b19d724482f98591747d83abb4945b6f72d6d8,7e6bab01e9d6b0298352c3d96c8f671d95a236c9e60e60360e5c70a016b1f97e,No-Dq-R,4,-2400000,0.05421404102665128,0.06331014280973901,0,0,0,0,0
0.35,800000,1018,11,1406434ac330d051d019d2c9b1b19d724482f98591747d83abb4945b6f72d6d8,7e6bab01e9d6b0298352c3d96c8f671d95a236c9e60e60360e5c70a016b1f97e,Fixed-Dc,1,12965,-0.0005452030855833678,-0.000591603153459408,0.0,0,0,0,0
0.35,800000,1018,11,1406434ac330d051d019d2c9b1b19d724482f98591747d83abb4945b6f72d6d8,7e6bab01e9d6b0298352c3d96c8f671d95a236c9e60e60360e5c70a016b1f97e,Fixed-Dc,2,-617763,0.018461924935699203,0.015187645381362191,0,0,0,0,0
0.35,800000,1018,11,1406434ac330d051d019d2c9b1b19d724482f98591747d83abb4945b6f72d6d8,7e6bab01e9d6b0298352c3d96c8f671d95a236c9e60e60360e5c70a016b1f97e,Fixed-Dc,3,12965,-0.00012121368546541555,-0.00019195251098830246,0,0,0,0,0
0.35,800000,1018,11,1406434ac330d051d019d2c9b1b19d724482f98591747d83abb4945b6f72d6d8,7e6bab01e9d6b0298352c3d96c8f671d95a236c9e60e60360e5c70a016b1f97e,Fixed-Dc,4,12965,-3.628976974440201e-05,-0.00011041375565751244,0,0,0,0,0
0.35,800000,1018,11,1406434ac330d051d019d2c9b1b19d724482f98591747d83abb4945b6f72d6d8,7e6bab01e9d6b0298352c3d96c8f671d95a236c9e60e60360e5c70a016b1f97e,Decoupled,1,0,,,,,,0,0
0.35,800000,1018,11,1406434ac330d051d019d2c9b1b19d724482f98591747d83abb4945b6f72d6d8,7e6bab01e9d6b0298352c3d96c8f671d95a236c9e60e60360e5c70a016b1f97e,Decoupled,2,-630728,,,,,,0,0
0.35,800000,1018,11,1406434ac330d051d019d2c9b1b19d724482f98591747d83abb4945b6f72d6d8,7e6bab01e9d6b0298352c3d96c8f671d95a236c9e60e60360e5c70a016b1f97e,Decoupled,3,630728,,,,,,0,0
0.35,800000,1018,11,1406434ac330d051d019d2c9b1b19d724482f98591747d83abb4945b6f72d6d8,7e6bab01e9d6b0298352c3d96c8f671d95a236c9e60e60360e5c70a016b1f97e,Decoupled,4,0,,,,,,0,0
0.35,800000,1019,7,c10f3b1364a73db7ced712e1732e89037e6ed9b3b6f9cbc421ad8317c1fa0835,7e6bab01e9d6b0298352c3d96c8f671d95a236c9e60e60360e5c70a016b1f97e,No-Dq-R,1,0,0.0,0.0,0.0,0,0,0,0
0.35,800000,1019,7,c10f3b1364a73db7ced712e1732e89037e6ed9b3b6f9cbc421ad8317c1fa0835,7e6bab01e9d6b0298352c3d96c8f671d95a236c9e60e60360e5c70a016b1f97e,No-Dq-R,2,-790008,0.049224871835713,0.04732080382094206,0.9999999999999994,1,0,0,0
0.35,800000,1019,7,c10f3b1364a73db7ced712e1732e89037e6ed9b3b6f9cbc421ad8317c1fa0835,7e6bab01e9d6b0298352c3d96c8f671d95a236c9e60e60360e5c70a016b1f97e,No-Dq-R,3,-1600000,0.06912469436576968,0.06311589691596853,0,0,0,0,0
0.35,800000,1019,7,c10f3b1364a73db7ced712e1732e89037e6ed9b3b6f9cbc421ad8317c1fa0835,7e6bab01e9d6b0298352c3d96c8f671d95a236c9e60e60360e5c70a016b1f97e,No-Dq-R,4,-2354286,0.04674729463033667,0.05589666417732675,0,0,0,0,0
0.35,800000,1019,7,c10f3b1364a73db7ced712e1732e89037e6ed9b3b6f9cbc421ad8317c1fa0835,7e6bab01e9d6b0298352c3d96c8f671d95a236c9e60e60360e5c70a016b1f97e,Fixed-Dc,1,-709027,0.03323187136703254,0.0304509599210524,0.0,0,0,0,0
0.35,800000,1019,7,c10f3b1364a73db7ced712e1732e89037e6ed9b3b6f9cbc421ad8317c1fa0835,7e6bab01e9d6b0298352c3d96c8f671d95a236c9e60e60360e5c70a016b1f97e,Fixed-Dc,2,12965,-0.0004022436652736383,-0.0003353217229670191,0,0,0,0,0
0.35,800000,1019,7,c10f3b1364a73db7ced712e1732e89037e6ed9b3b6f9cbc421ad8317c1fa0835,7e6bab01e9d6b0298352c3d96c8f671d95a236c9e60e60360e5c70a016b1f97e,Fixed-Dc,3,12965,-0.00027226355259524215,-0.00019195251098830246,0,0,0,0,0
0.35,800000,1019,7,c10f3b1364a73db7ced712e1732e89037e6ed9b3b6f9cbc421ad8317c1fa0835,7e6bab01e9d6b0298352c3d96c8f671d95a236c9e60e60360e5c70a016b1f97e,Fixed-Dc,4,-617599,0.001465565768027921,0.005027608474500067,0,0,0,0,0
0.35,800000,1019,7,c10f3b1364a73db7ced712e1732e89037e6ed9b3b6f9cbc421ad8317c1fa0835,7e6bab01e9d6b0298352c3d96c8f671d95a236c9e60e60360e5c70a016b1f97e,Decoupled,1,0,,,,,,0,0
0.35,800000,1019,7,c10f3b1364a73db7ced712e1732e89037e6ed9b3b6f9cbc421ad8317c1fa0835,7e6bab01e9d6b0298352c3d96c8f671d95a236c9e60e60360e5c70a016b1f97e,Decoupled,2,9992,,,,,,0,0
0.35,800000,1019,7,c10f3b1364a73db7ced712e1732e89037e6ed9b3b6f9cbc421ad8317c1fa0835,7e6bab01e9d6b0298352c3d96c8f671d95a236c9e60e60360e5c70a016b1f97e,Decoupled,3,0,,,,,,0,0
0.35,800000,1019,7,c10f3b1364a73db7ced712e1732e89037e6ed9b3b6f9cbc421ad8317c1fa0835,7e6bab01e9d6b0298352c3d96c8f671d95a236c9e60e60360e5c70a016b1f97e,Decoupled,4,45714,,,,,,0,1
0.35,800000,1019,11,c10f3b1364a73db7ced712e1732e89037e6ed9b3b6f9cbc421ad8317c1fa0835,7e6bab01e9d6b0298352c3d96c8f671d95a236c9e60e60360e5c70a016b1f97e,No-Dq-R,1,0,0.0,0.0,0.0,0,0,0,0
0.35,800000,1019,11,c10f3b1364a73db7ced712e1732e89037e6ed9b3b6f9cbc421ad8317c1fa0835,7e6bab01e9d6b0298352c3d96c8f671d95a236c9e60e60360e5c70a016b1f97e,No-Dq-R,2,-790008,0.049224871835713,0.04732080382094206,0.9999999999999994,1,0,0,0
0.35,800000,1019,11,c10f3b1364a73db7ced712e1732e89037e6ed9b3b6f9cbc421ad8317c1fa0835,7e6bab01e9d6b0298352c3d96c8f671d95a236c9e60e60360e5c70a016b1f97e,No-Dq-R,3,-1600000,0.05797731082766472,0.06311589691596853,0,0,0,0,0
0.35,800000,1019,11,c10f3b1364a73db7ced712e1732e89037e6ed9b3b6f9cbc421ad8317c1fa0835,7e6bab01e9d6b0298352c3d96c8f671d95a236c9e60e60360e5c70a016b1f97e,No-Dq-R,4,-2354286,0.04674729463033667,0.05589666417732675,0,0,0,0,0
0.35,800000,1019,11,c10f3b1364a73db7ced712e1732e89037e6ed9b3b6f9cbc421ad8317c1fa0835,7e6bab01e9d6b0298352c3d96c8f671d95a236c9e60e60360e5c70a016b1f97e,Fixed-Dc,1,-709027,0.027751490896454567,0.0304509599210524,0.0,0,0,0,0
0.35,800000,1019,11,c10f3b1364a73db7ced712e1732e89037e6ed9b3b6f9cbc421ad8317c1fa0835,7e6bab01e9d6b0298352c3d96c8f671d95a236c9e60e60360e5c70a016b1f97e,Fixed-Dc,2,12965,-0.0004022436652736383,-0.0003353217229670191,0,0,0,0,0
0.35,800000,1019,11,c10f3b1364a73db7ced712e1732e89037e6ed9b3b6f9cbc421ad8317c1fa0835,7e6bab01e9d6b0298352c3d96c8f671d95a236c9e60e60360e5c70a016b1f97e,Fixed-Dc,3,12965,-0.00012121368546541555,-0.00019195251098830246,0,0,0,0,0
0.35,800000,1019,11,c10f3b1364a73db7ced712e1732e89037e6ed9b3b6f9cbc421ad8317c1fa0835,7e6bab01e9d6b0298352c3d96c8f671d95a236c9e60e60360e5c70a016b1f97e,Fixed-Dc,4,-617599,0.001465565768027921,0.005027608474500067,0,0,0,0,0
0.35,800000,1019,11,c10f3b1364a73db7ced712e1732e89037e6ed9b3b6f9cbc421ad8317c1fa0835,7e6bab01e9d6b0298352c3d96c8f671d95a236c9e60e60360e5c70a016b1f97e,Decoupled,1,0,,,,,,0,0
0.35,800000,1019,11,c10f3b1364a73db7ced712e1732e89037e6ed9b3b6f9cbc421ad8317c1fa0835,7e6bab01e9d6b0298352c3d96c8f671d95a236c9e60e60360e5c70a016b1f97e,Decoupled,2,9992,,,,,,0,0
0.35,800000,1019,11,c10f3b1364a73db7ced712e1732e89037e6ed9b3b6f9cbc421ad8317c1fa0835,7e6bab01e9d6b0298352c3d96c8f671d95a236c9e60e60360e5c70a016b1f97e,Decoupled,3,0,,,,,,0,0
0.35,800000,1019,11,c10f3b1364a73db7ced712e1732e89037e6ed9b3b6f9cbc421ad8317c1fa0835,7e6bab01e9d6b0298352c3d96c8f671d95a236c9e60e60360e5c70a016b1f97e,Decoupled,4,45714,,,,,,0,1
0.35,800000,1020,7,74dcf461cbc726548931c92612c2fd6b6e32fa3321a40128fa85d34f93c28836,7e6bab01e9d6b0298352c3d96c8f671d95a236c9e60e60360e5c70a016b1f97e,No-Dq-R,1,0,0.0,0.0,0.0,0,0,0,0
0.35,800000,1020,7,74dcf461cbc726548931c92612c2fd6b6e32fa3321a40128fa85d34f93c28836,7e6bab01e9d6b0298352c3d96c8f671d95a236c9e60e60360e5c70a016b1f97e,No-Dq-R,2,-549018,0.0400276277292228,0.039221494925278044,0,0,0,0,0
0.35,800000,1020,7,74dcf461cbc726548931c92612c2fd6b6e32fa3321a40128fa85d34f93c28836,7e6bab01e9d6b0298352c3d96c8f671d95a236c9e60e60360e5c70a016b1f97e,No-Dq-R,3,-1805268,0.07339675473297352,0.0661104477362906,0,0,0,0,0
0.35,800000,1020,7,74dcf461cbc726548931c92612c2fd6b6e32fa3321a40128fa85d34f93c28836,7e6bab01e9d6b0298352c3d96c8f671d95a236c9e60e60360e5c70a016b1f97e,No-Dq-R,4,-2400000,0.05421404102665128,0.06331014280973901,0,0,0,0,0
0.35,800000,1020,7,74dcf461cbc726548931c92612c2fd6b6e32fa3321a40128fa85d34f93c28836,7e6bab01e9d6b0298352c3d96c8f671d95a236c9e60e60360e5c70a016b1f97e,Fixed-Dc,1,12965,-0.0006394031017732393,-0.000591603153459408,0.0,0,0,0,0
0.35,800000,1020,7,74dcf461cbc726548931c92612c2fd6b6e32fa3321a40128fa85d34f93c28836,7e6bab01e9d6b0298352c3d96c8f671d95a236c9e60e60360e5c70a016b1f97e,Fixed-Dc,2,12965,-0.0004022436652736383,-0.0003353217229670191,0,0,0,0,0
0.35,800000,1020,7,74dcf461cbc726548931c92612c2fd6b6e32fa3321a40128fa85d34f93c28836,7e6bab01e9d6b0298352c3d96c8f671d95a236c9e60e60360e5c70a016b1f97e,Fixed-Dc,3,-192303,0.003999796814608603,0.0028025983093337703,0,0,0,0,0
0.35,800000,1020,7,74dcf461cbc726548931c92612c2fd6b6e32fa3321a40128fa85d34f93c28836,7e6bab01e9d6b0298352c3d96c8f671d95a236c9e60e60360e5c70a016b1f97e,Fixed-Dc,4,12965,-3.628976974440201e-05,-0.00011041375565751244,0,0,0,0,0
0.35,800000,1020,7,74dcf461cbc726548931c92612c2fd6b6e32fa3321a40128fa85d34f93c28836,7e6bab01e9d6b0298352c3d96c8f671d95a236c9e60e60360e5c70a016b1f97e,Decoupled,1,0,,,,,,0,0
0.35,800000,1020,7,74dcf461cbc726548931c92612c2fd6b6e32fa3321a40128fa85d34f93c28836,7e6bab01e9d6b0298352c3d96c8f671d95a236c9e60e60360e5c70a016b1f97e,Decoupled,2,250982,,,,,,0,0
0.35,800000,1020,7,74dcf461cbc726548931c92612c2fd6b6e32fa3321a40128fa85d34f93c28836,7e6bab01e9d6b0298352c3d96c8f671d95a236c9e60e60360e5c70a016b1f97e,Decoupled,3,-205268,,,,,,0,0
0.35,800000,1020,7,74dcf461cbc726548931c92612c2fd6b6e32fa3321a40128fa85d34f93c28836,7e6bab01e9d6b0298352c3d96c8f671d95a236c9e60e60360e5c70a016b1f97e,Decoupled,4,0,,,,,,0,0
0.35,800000,1020,11,74dcf461cbc726548931c92612c2fd6b6e32fa3321a40128fa85d34f93c28836,7e6bab01e9d6b0298352c3d96c8f671d95a236c9e60e60360e5c70a016b1f97e,No-Dq-R,1,0,0.0,0.0,0.0,0,0,0,0
0.35,800000,1020,11,74dcf461cbc726548931c92612c2fd6b6e32fa3321a40128fa85d34f93c28836,7e6bab01e9d6b0298352c3d96c8f671d95a236c9e60e60360e5c70a016b1f97e,No-Dq-R,2,-549018,0.0400276277292228,0.039221494925278044,0,0,0,0,0
0.35,800000,1020,11,74dcf461cbc726548931c92612c2fd6b6e32fa3321a40128fa85d34f93c28836,7e6bab01e9d6b0298352c3d96c8f671d95a236c9e60e60360e5c70a016b1f97e,No-Dq-R,3,-1805268,0.059846617557853476,0.0661104477362906,0,0,0,0,0
0.35,800000,1020,11,74dcf461cbc726548931c92612c2fd6b6e32fa3321a40128fa85d34f93c28836,7e6bab01e9d6b0298352c3d96c8f671d95a236c9e60e60360e5c70a016b1f97e,No-Dq-R,4,-2400000,0.05421404102665128,0.06331014280973901,0,0,0,0,0
0.35,800000,1020,11,74dcf461cbc726548931c92612c2fd6b6e32fa3321a40128fa85d34f93c28836,7e6bab01e9d6b0298352c3d96c8f671d95a236c9e60e60360e5c70a016b1f97e,Fixed-Dc,1,12965,-0.0005452030855833678,-0.000591603153459408,0.0,0,0,0,0
0.35,800000,1020,11,74dcf461cbc726548931c92612c2fd6b6e32fa3321a40128fa85d34f93c28836,7e6bab01e9d6b0298352c3d96c8f671d95a236c9e60e60360e5c70a016b1f97e,Fixed-Dc,2,12965,-0.0004022436652736383,-0.0003353217229670191,0,0,0,0,0
0.35,800000,1020,11,74dcf461cbc726548931c92612c2fd6b6e32fa3321a40128fa85d34f93c28836,7e6bab01e9d6b0298352c3d96c8f671d95a236c9e60e60360e5c70a016b1f97e,Fixed-Dc,3,-192303,0.0017480930447233423,0.0028025983093337703,0,0,0,0,0
0.35,800000,1020,11,74dcf461cbc726548931c92612c2fd6b6e32fa3321a40128fa85d34f93c28836,7e6bab01e9d6b0298352c3d96c8f671d95a236c9e60e60360e5c70a016b1f97e,Fixed-Dc,4,12965,-3.628976974440201e-05,-0.00011041375565751244,0,0,0,0,0
0.35,800000,1020,11,74dcf461cbc726548931c92612c2fd6b6e32fa3321a40128fa85d34f93c28836,7e6bab01e9d6b0298352c3d96c8f671d95a236c9e60e60360e5c70a016b1f97e,Decoupled,1,0,,,,,,0,0
0.35,800000,1020,11,74dcf461cbc726548931c92612c2fd6b6e32fa3321a40128fa85d34f93c28836,7e6bab01e9d6b0298352c3d96c8f671d95a236c9e60e60360e5c70a016b1f97e,Decoupled,2,250982,,,,,,0,0
0.35,800000,1020,11,74dcf461cbc726548931c92612c2fd6b6e32fa3321a40128fa85d34f93c28836,7e6bab01e9d6b0298352c3d96c8f671d95a236c9e60e60360e5c70a016b1f97e,Decoupled,3,-205268,,,,,,0,0
0.35,800000,1020,11,74dcf461cbc726548931c92612c2fd6b6e32fa3321a40128fa85d34f93c28836,7e6bab01e9d6b0298352c3d96c8f671d95a236c9e60e60360e5c70a016b1f97e,Decoupled,4,0,,,,,,0,0
0.35,800000,1021,7,3d1b7ead24ff824c40bec0d07a10265f1f9bd037692ae5a094e96a215afb1356,7e6bab01e9d6b0298352c3d96c8f671d95a236c9e60e60360e5c70a016b1f97e,No-Dq-R,1,0,0.0,0.0,0.0,0,0,0,0
0.35,800000,1021,7,3d1b7ead24ff824c40bec0d07a10265f1f9bd037692ae5a094e96a215afb1356,7e6bab01e9d6b0298352c3d96c8f671d95a236c9e60e60360e5c70a016b1f97e,No-Dq-R,2,-800000,0.049612584460204445,0.047663681628712706,0.9999999999999994,1,0,0,0
0.35,800000,1021,7,3d1b7ead24ff824c40bec0d07a10265f1f9bd037692ae5a094e96a215afb1356,7e6bab01e9d6b0298352c3d96c8f671d95a236c9e60e60360e5c70a016b1f97e,No-Dq-R,3,-1600000,0.06912469436576968,0.06311589691596853,0,0,0,0,0
0.35,800000,1021,7,3d1b7ead24ff824c40bec0d07a10265f1f9bd037692ae5a094e96a215afb1356,7e6bab01e9d6b0298352c3d96c8f671d95a236c9e60e60360e5c70a016b1f97e,No-Dq-R,4,-2354286,0.04957567544300856,0.058608221386463155,0,0,0,0,0
0.35,800000,1021,7,3d1b7ead24ff824c40bec0d07a10265f1f9bd037692ae5a094e96a215afb1356,7e6bab01e9d6b0298352c3d96c8f671d95a236c9e60e60360e5c70a016b1f97e,Fixed-Dc,1,-438710,0.02095317342084746,0.019270161111025197,0.0,0,0,0,0
0.35,800000,1021,7,3d1b7ead24ff824c40bec0d07a10265f1f9bd037692ae5a094e96a215afb1356,7e6bab01e9d6b0298352c3d96c8f671d95a236c9e60e60360e5c70a016b1f97e,Fixed-Dc,2,12965,-0.0004022436652736383,-0.0003353217229670191,0,0,0,0,0
0.35,800000,1021,7,3d1b7ead24ff824c40bec0d07a10265f1f9bd037692ae5a094e96a215afb1356,7e6bab01e9d6b0298352c3d96c8f671d95a236c9e60e60360e5c70a016b1f97e,Fixed-Dc,3,12965,-0.00027226355259524215,-0.00019195251098830246,0,0,0,0,0
0.35,800000,1021,7,3d1b7ead24ff824c40bec0d07a10265f1f9bd037692ae5a094e96a215afb1356,7e6bab01e9d6b0298352c3d96c8f671d95a236c9e60e60360e5c70a016b1f97e,Fixed-Dc,4,-347282,0.0008861104991564339,0.0028818512938028618,0,0,0,0,0
0.35,800000,1021,7,3d1b7ead24ff824c40bec0d07a10265f1f9bd037692ae5a094e96a215afb1356,7e6bab01e9d6b0298352c3d96c8f671d95a236c9e60e60360e5c70a016b1f97e,Decoupled,1,0,,,,,,0,0
0.35,800000,1021,7,3d1b7ead24ff824c40bec0d07a10265f1f9bd037692ae5a094e96a215afb1356,7e6bab01e9d6b0298352c3d96c8f671d95a236c9e60e60360e5c70a016b1f97e,Decoupled,2,0,,,,,,0,0
0.35,800000,1021,7,3d1b7ead24ff824c40bec0d07a10265f1f9bd037692ae5a094e96a215afb1356,7e6bab01e9d6b0298352c3d96c8f671d95a236c9e60e60360e5c70a016b1f97e,Decoupled,3,0,,,,,,0,0
0.35,800000,1021,7,3d1b7ead24ff824c40bec0d07a10265f1f9bd037692ae5a094e96a215afb1356,7e6bab01e9d6b0298352c3d96c8f671d95a236c9e60e60360e5c70a016b1f97e,Decoupled,4,45714,,,,,,0,0
0.35,800000,1021,11,3d1b7ead24ff824c40bec0d07a10265f1f9bd037692ae5a094e96a215afb1356,7e6bab01e9d6b0298352c3d96c8f671d95a236c9e60e60360e5c70a016b1f97e,No-Dq-R,1,0,0.0,0.0,0.0,0,0,0,0
0.35,800000,1021,11,3d1b7ead24ff824c40bec0d07a10265f1f9bd037692ae5a094e96a215afb1356,7e6bab01e9d6b0298352c3d96c8f671d95a236c9e60e60360e5c70a016b1f97e,No-Dq-R,2,-800000,0.049612584460204445,0.047663681628712706,0.9999999999999994,1,0,0,0
0.35,800000,1021,11,3d1b7ead24ff824c40bec0d07a10265f1f9bd037692ae5a094e96a215afb1356,7e6bab01e9d6b0298352c3d96c8f671d95a236c9e60e60360e5c70a016b1f97e,No-Dq-R,3,-1600000,0.05797731082766472,0.06311589691596853,0,0,0,0,0
0.35,800000,1021,11,3d1b7ead24ff824c40bec0d07a10265f1f9bd037692ae5a094e96a215afb1356,7e6bab01e9d6b0298352c3d96c8f671d95a236c9e60e60360e5c70a016b1f97e,No-Dq-R,4,-2354286,0.04957567544300856,0.058608221386463155,0,0,0,0,0
0.35,800000,1021,11,3d1b7ead24ff824c40bec0d07a10265f1f9bd037692ae5a094e96a215afb1356,7e6bab01e9d6b0298352c3d96c8f671d95a236c9e60e60360e5c70a016b1f97e,Fixed-Dc,1,-438710,0.017636437892348478,0.019270161111025197,0.0,0,0,0,0
0.35,800000,1021,11,3d1b7ead24ff824c40bec0d07a10265f1f9bd037692ae5a094e96a215afb1356,7e6bab01e9d6b0298352c3d96c8f671d95a236c9e60e60360e5c70a016b1f97e,Fixed-Dc,2,12965,-0.0004022436652736383,-0.0003353217229670191,0,0,0,0,0
0.35,800000,1021,11,3d1b7ead24ff824c40bec0d07a10265f1f9bd037692ae5a094e96a215afb1356,7e6bab01e9d6b0298352c3d96c8f671d95a236c9e60e60360e5c70a016b1f97e,Fixed-Dc,3,12965,-0.00012121368546541555,-0.00019195251098830246,0,0,0,0,0
0.35,800000,1021,11,3d1b7ead24ff824c40bec0d07a10265f1f9bd037692ae5a094e96a215afb1356,7e6bab01e9d6b0298352c3d96c8f671d95a236c9e60e60360e5c70a016b1f97e,Fixed-Dc,4,-347282,0.0008861104991564339,0.0028818512938028618,0,0,0,0,0
0.35,800000,1021,11,3d1b7ead24ff824c40bec0d07a10265f1f9bd037692ae5a094e96a215afb1356,7e6bab01e9d6b0298352c3d96c8f671d95a236c9e60e60360e5c70a016b1f97e,Decoupled,1,0,,,,,,0,0
0.35,800000,1021,11,3d1b7ead24ff824c40bec0d07a10265f1f9bd037692ae5a094e96a215afb1356,7e6bab01e9d6b0298352c3d96c8f671d95a236c9e60e60360e5c70a016b1f97e,Decoupled,2,0,,,,,,0,0
0.35,800000,1021,11,3d1b7ead24ff824c40bec0d07a10265f1f9bd037692ae5a094e96a215afb1356,7e6bab01e9d6b0298352c3d96c8f671d95a236c9e60e60360e5c70a016b1f97e,Decoupled,3,0,,,,,,0,0
0.35,800000,1021,11,3d1b7ead24ff824c40bec0d07a10265f1f9bd037692ae5a094e96a215afb1356,7e6bab01e9d6b0298352c3d96c8f671d95a236c9e60e60360e5c70a016b1f97e,Decoupled,4,45714,,,,,,0,0
0.35,800000,1022,7,b9e2db12dba9c4079eae3c6fda66718d7385c9050574910d0956b0990a24ac53,7e6bab01e9d6b0298352c3d96c8f671d95a236c9e60e60360e5c70a016b1f97e,No-Dq-R,1,0,0.0,0.0,0.0,0,0,0,0
0.35,800000,1022,7,b9e2db12dba9c4079eae3c6fda66718d7385c9050574910d0956b0990a24ac53,7e6bab01e9d6b0298352c3d96c8f671d95a236c9e60e60360e5c70a016b1f97e,No-Dq-R,2,-466294,0.03693720128062272,0.03651515925585458,0,0,0,0,0
0.35,800000,1022,7,b9e2db12dba9c4079eae3c6fda66718d7385c9050574910d0956b0990a24ac53,7e6bab01e9d6b0298352c3d96c8f671d95a236c9e60e60360e5c70a016b1f97e,No-Dq-R,3,-1887992,0.07509551281389809,0.06729082294683791,0,0,0,0,0
0.35,800000,1022,7,b9e2db12dba9c4079eae3c6fda66718d7385c9050574910d0956b0990a24ac53,7e6bab01e9d6b0298352c3d96c8f671d95a236c9e60e60360e5c70a016b1f97e,No-Dq-R,4,-2400000,0.05421404102665128,0.06331014280973901,0,0,0,0,0
0.35,800000,1022,7,b9e2db12dba9c4079eae3c6fda66718d7385c9050574910d0956b0990a24ac53,7e6bab01e9d6b0298352c3d96c8f671d95a236c9e60e60360e5c70a016b1f97e,Fixed-Dc,1,12965,-0.0006394031017732393,-0.000591603153459408,0.0,0,0,0,0
0.35,800000,1022,7,b9e2db12dba9c4079eae3c6fda66718d7385c9050574910d0956b0990a24ac53,7e6bab01e9d6b0298352c3d96c8f671d95a236c9e60e60360e5c70a016b1f97e,Fixed-Dc,2,12965,-0.0004022436652736383,-0.0003353217229670191,0,0,0,0,0
0.35,800000,1022,7,b9e2db12dba9c4079eae3c6fda66718d7385c9050574910d0956b0990a24ac53,7e6bab01e9d6b0298352c3d96c8f671d95a236c9e60e60360e5c70a016b1f97e,Fixed-Dc,3,-275027,0.00569855489553317,0.003982973519881083,0,0,0,0,0
0.35,800000,1022,7,b9e2db12dba9c4079eae3c6fda66718d7385c9050574910d0956b0990a24ac53,7e6bab01e9d6b0298352c3d96c8f671d95a236c9e60e60360e5c70a016b1f97e,Fixed-Dc,4,12965,-3.628976974440201e-05,-0.00011041375565751244,0,0,0,0,0
0.35,800000,1022,7,b9e2db12dba9c4079eae3c6fda66718d7385c9050574910d0956b0990a24ac53,7e6bab01e9d6b0298352c3d96c8f671d95a236c9e60e60360e5c70a016b1f97e,Decoupled,1,0,,,,,,0,0
0.35,800000,1022,7,b9e2db12dba9c4079eae3c6fda66718d7385c9050574910d0956b0990a24ac53,7e6bab01e9d6b0298352c3d96c8f671d95a236c9e60e60360e5c70a016b1f97e,Decoupled,2,333706,,,,,,0,0
0.35,800000,1022,7,b9e2db12dba9c4079eae3c6fda66718d7385c9050574910d0956b0990a24ac53,7e6bab01e9d6b0298352c3d96c8f671d95a236c9e60e60360e5c70a016b1f97e,Decoupled,3,-287992,,,,,,0,0
0.35,800000,1022,7,b9e2db12dba9c4079eae3c6fda66718d7385c9050574910d0956b0990a24ac53,7e6bab01e9d6b0298352c3d96c8f671d95a236c9e60e60360e5c70a016b1f97e,Decoupled,4,0,,,,,,0,0
0.35,800000,1022,11,b9e2db12dba9c4079eae3c6fda66718d7385c9050574910d0956b0990a24ac53,7e6bab01e9d6b0298352c3d96c8f671d95a236c9e60e60360e5c70a016b1f97e,No-Dq-R,1,0,0.0,0.0,0.0,0,0,0,0
0.35,800000,1022,11,b9e2db12dba9c4079eae3c6fda66718d7385c9050574910d0956b0990a24ac53,7e6bab01e9d6b0298352c3d96c8f671d95a236c9e60e60360e5c70a016b1f97e,No-Dq-R,2,-466294,0.03693720128062272,0.03651515925585458,0,0,0,0,0
0.35,800000,1022,11,b9e2db12dba9c4079eae3c6fda66718d7385c9050574910d0956b0990a24ac53,7e6bab01e9d6b0298352c3d96c8f671d95a236c9e60e60360e5c70a016b1f97e,No-Dq-R,3,-1887992,0.06057039558465205,0.06729082294683791,0,0,0,0,0
0.35,800000,1022,11,b9e2db12dba9c4079eae3c6fda66718d7385c9050574910d0956b0990a24ac53,7e6bab01e9d6b0298352c3d96c8f671d95a236c9e60e60360e5c70a016b1f97e,No-Dq-R,4,-2400000,0.05421404102665128,0.06331014280973901,0,0,0,0,0
0.35,800000,1022,11,b9e2db12dba9c4079eae3c6fda66718d7385c9050574910d0956b0990a24ac53,7e6bab01e9d6b0298352c3d96c8f671d95a236c9e60e60360e5c70a016b1f97e,Fixed-Dc,1,12965,-0.0005452030855833678,-0.000591603153459408,0.0,0,0,0,0
0.35,800000,1022,11,b9e2db12dba9c4079eae3c6fda66718d7385c9050574910d0956b0990a24ac53,7e6bab01e9d6b0298352c3d96c8f671d95a236c9e60e60360e5c70a016b1f97e,Fixed-Dc,2,12965,-0.0004022436652736383,-0.0003353217229670191,0,0,0,0,0
0.35,800000,1022,11,b9e2db12dba9c4079eae3c6fda66718d7385c9050574910d0956b0990a24ac53,7e6bab01e9d6b0298352c3d96c8f671d95a236c9e60e60360e5c70a016b1f97e,Fixed-Dc,3,-275027,0.002471871071521914,0.003982973519881083,0,0,0,0,0
0.35,800000,1022,11,b9e2db12dba9c4079eae3c6fda66718d7385c9050574910d0956b0990a24ac53,7e6bab01e9d6b0298352c3d96c8f671d95a236c9e60e60360e5c70a016b1f97e,Fixed-Dc,4,12965,-3.628976974440201e-05,-0.00011041375565751244,0,0,0,0,0
0.35,800000,1022,11,b9e2db12dba9c4079eae3c6fda66718d7385c9050574910d0956b0990a24ac53,7e6bab01e9d6b0298352c3d96c8f671d95a236c9e60e60360e5c70a016b1f97e,Decoupled,1,0,,,,,,0,0
0.35,800000,1022,11,b9e2db12dba9c4079eae3c6fda66718d7385c9050574910d0956b0990a24ac53,7e6bab01e9d6b0298352c3d96c8f671d95a236c9e60e60360e5c70a016b1f97e,Decoupled,2,333706,,,,,,0,0
0.35,800000,1022,11,b9e2db12dba9c4079eae3c6fda66718d7385c9050574910d0956b0990a24ac53,7e6bab01e9d6b0298352c3d96c8f671d95a236c9e60e60360e5c70a016b1f97e,Decoupled,3,-287992,,,,,,0,0
0.35,800000,1022,11,b9e2db12dba9c4079eae3c6fda66718d7385c9050574910d0956b0990a24ac53,7e6bab01e9d6b0298352c3d96c8f671d95a236c9e60e60360e5c70a016b1f97e,Decoupled,4,0,,,,,,0,0
0.35,800000,1023,7,eea147ba8af015c742f506d367f08cf32f0c4cf4efe054291292cdd2e321fa31,7e6bab01e9d6b0298352c3d96c8f671d95a236c9e60e60360e5c70a016b1f97e,No-Dq-R,1,0,0.0,0.0,0.0,0,0,0,0
0.35,800000,1023,7,eea147ba8af015c742f506d367f08cf32f0c4cf4efe054291292cdd2e321fa31,7e6bab01e9d6b0298352c3d96c8f671d95a236c9e60e60360e5c70a016b1f97e,No-Dq-R,2,-800000,0.049612584460204445,0.047663681628712706,0.9999999999999994,1,0,0,0
0.35,800000,1023,7,eea147ba8af015c742f506d367f08cf32f0c4cf4efe054291292cdd2e321fa31,7e6bab01e9d6b0298352c3d96c8f671d95a236c9e60e60360e5c70a016b1f97e,No-Dq-R,3,-1600000,0.06912469436576968,0.06311589691596853,0,0,0,0,0
0.35,800000,1023,7,eea147ba8af015c742f506d367f08cf32f0c4cf4efe054291292cdd2e321fa31,7e6bab01e9d6b0298352c3d96c8f671d95a236c9e60e60360e5c70a016b1f97e,No-Dq-R,4,-2354286,0.05151841700682974,0.06046742399813165,0,0,0,0,0
0.35,800000,1023,7,eea147ba8af015c742f506d367f08cf32f0c4cf4efe054291292cdd2e321fa31,7e6bab01e9d6b0298352c3d96c8f671d95a236c9e60e60360e5c70a016b1f97e,Fixed-Dc,1,-260213,0.012585395657225051,0.011602279512097247,0.0,0,0,0,0
0.35,800000,1023,7,eea147ba8af015c742f506d367f08cf32f0c4cf4efe054291292cdd2e321fa31,7e6bab01e9d6b0298352c3d96c8f671d95a236c9e60e60360e5c70a016b1f97e,Fixed-Dc,2,12965,-0.0004022436652736383,-0.0003353217229670191,0,0,0,0,0
0.35,800000,1023,7,eea147ba8af015c742f506d367f08cf32f0c4cf4efe054291292cdd2e321fa31,7e6bab01e9d6b0298352c3d96c8f671d95a236c9e60e60360e5c70a016b1f97e,Fixed-Dc,3,12965,-0.00027226355259524215,-0.00019195251098830246,0,0,0,0,0
0.35,800000,1023,7,eea147ba8af015c742f506d367f08cf32f0c4cf4efe054291292cdd2e321fa31,7e6bab01e9d6b0298352c3d96c8f671d95a236c9e60e60360e5c70a016b1f97e,Fixed-Dc,4,-168785,0.00045112871603913973,0.001418668172342985,0,0,0,0,0
0.35,800000,1023,7,eea147ba8af015c742f506d367f08cf32f0c4cf4efe054291292cdd2e321fa31,7e6bab01e9d6b0298352c3d96c8f671d95a236c9e60e60360e5c70a016b1f97e,Decoupled,1,0,,,,,,0,0
0.35,800000,1023,7,eea147ba8af015c742f506d367f08cf32f0c4cf4efe054291292cdd2e321fa31,7e6bab01e9d6b0298352c3d96c8f671d95a236c9e60e60360e5c70a016b1f97e,Decoupled,2,0,,,,,,0,0
0.35,800000,1023,7,eea147ba8af015c742f506d367f08cf32f0c4cf4efe054291292cdd2e321fa31,7e6bab01e9d6b0298352c3d96c8f671d95a236c9e60e60360e5c70a016b1f97e,Decoupled,3,0,,,,,,0,0
0.35,800000,1023,7,eea147ba8af015c742f506d367f08cf32f0c4cf4efe054291292cdd2e321fa31,7e6bab01e9d6b0298352c3d96c8f671d95a236c9e60e60360e5c70a016b1f97e,Decoupled,4,45714,,,,,,0,0
0.35,800000,1023,11,eea147ba8af015c742f506d367f08cf32f0c4cf4efe054291292cdd2e321fa31,7e6bab01e9d6b0298352c3d96c8f671d95a236c9e60e60360e5c70a016b1f97e,No-Dq-R,1,0,0.0,0.0,0.0,0,0,0,0
0.35,800000,1023,11,eea147ba8af015c742f506d367f08cf32f0c4cf4efe054291292cdd2e321fa31,7e6bab01e9d6b0298352c3d96c8f671d95a236c9e60e60360e5c70a016b1f97e,No-Dq-R,2,-800000,0.049612584460204445,0.047663681628712706,0.9999999999999994,1,0,0,0
0.35,800000,1023,11,eea147ba8af015c742f506d367f08cf32f0c4cf4efe054291292cdd2e321fa31,7e6bab01e9d6b0298352c3d96c8f671d95a236c9e60e60360e5c70a016b1f97e,No-Dq-R,3,-1600000,0.05797731082766472,0.06311589691596853,0,0,0,0,0
0.35,800000,1023,11,eea147ba8af015c742f506d367f08cf32f0c4cf4efe054291292cdd2e321fa31,7e6bab01e9d6b0298352c3d96c8f671d95a236c9e60e60360e5c70a016b1f97e,No-Dq-R,4,-2354286,0.05151841700682974,0.06046742399813165,0,0,0,0,0
0.35,800000,1023,11,eea147ba8af015c742f506d367f08cf32f0c4cf4efe054291292cdd2e321fa31,7e6bab01e9d6b0298352c3d96c8f671d95a236c9e60e60360e5c70a016b1f97e,Fixed-Dc,1,-260213,0.010647955135752563,0.011602279512097247,0.0,0,0,0,0
0.35,800000,1023,11,eea147ba8af015c742f506d367f08cf32f0c4cf4efe054291292cdd2e321fa31,7e6bab01e9d6b0298352c3d96c8f671d95a236c9e60e60360e5c70a016b1f97e,Fixed-Dc,2,12965,-0.0004022436652736383,-0.0003353217229670191,0,0,0,0,0
0.35,800000,1023,11,eea147ba8af015c742f506d367f08cf32f0c4cf4efe054291292cdd2e321fa31,7e6bab01e9d6b0298352c3d96c8f671d95a236c9e60e60360e5c70a016b1f97e,Fixed-Dc,3,12965,-0.00012121368546541555,-0.00019195251098830246,0,0,0,0,0
0.35,800000,1023,11,eea147ba8af015c742f506d367f08cf32f0c4cf4efe054291292cdd2e321fa31,7e6bab01e9d6b0298352c3d96c8f671d95a236c9e60e60360e5c70a016b1f97e,Fixed-Dc,4,-168785,0.00045112871603913973,0.001418668172342985,0,0,0,0,0
0.35,800000,1023,11,eea147ba8af015c742f506d367f08cf32f0c4cf4efe054291292cdd2e321fa31,7e6bab01e9d6b0298352c3d96c8f671d95a236c9e60e60360e5c70a016b1f97e,Decoupled,1,0,,,,,,0,0
0.35,800000,1023,11,eea147ba8af015c742f506d367f08cf32f0c4cf4efe054291292cdd2e321fa31,7e6bab01e9d6b0298352c3d96c8f671d95a236c9e60e60360e5c70a016b1f97e,Decoupled,2,0,,,,,,0,0
0.35,800000,1023,11,eea147ba8af015c742f506d367f08cf32f0c4cf4efe054291292cdd2e321fa31,7e6bab01e9d6b0298352c3d96c8f671d95a236c9e60e60360e5c70a016b1f97e,Decoupled,3,0,,,,,,0,0
0.35,800000,1023,11,eea147ba8af015c742f506d367f08cf32f0c4cf4efe054291292cdd2e321fa31,7e6bab01e9d6b0298352c3d96c8f671d95a236c9e60e60360e5c70a016b1f97e,Decoupled,4,45714,,,,,,0,0
0.35,800000,1024,7,8e75b2ace42861140e2f0a1a12ccba9e9b07e24771010f22badbea0e50bf1441,7e6bab01e9d6b0298352c3d96c8f671d95a236c9e60e60360e5c70a016b1f97e,No-Dq-R,1,0,0.0,0.0,0.0,0,0,0,0
0.35,800000,1024,7,8e75b2ace42861140e2f0a1a12ccba9e9b07e24771010f22badbea0e50bf1441,7e6bab01e9d6b0298352c3d96c8f671d95a236c9e60e60360e5c70a016b1f97e,No-Dq-R,2,-800000,0.049612584460204445,0.047663681628712706,0.9999999999999994,1,0,0,0
0.35,800000,1024,7,8e75b2ace42861140e2f0a1a12ccba9e9b07e24771010f22badbea0e50bf1441,7e6bab01e9d6b0298352c3d96c8f671d95a236c9e60e60360e5c70a016b1f97e,No-Dq-R,3,-1600000,0.06912469436576968,0.06311589691596853,0,0,0,0,0
0.35,800000,1024,7,8e75b2ace42861140e2f0a1a12ccba9e9b07e24771010f22badbea0e50bf1441,7e6bab01e9d6b0298352c3d96c8f671d95a236c9e60e60360e5c70a016b1f97e,No-Dq-R,4,-2354286,0.04739919038048701,0.05652216913328356,0,0,0,0,0
0.35,800000,1024,7,8e75b2ace42861140e2f0a1a12ccba9e9b07e24771010f22badbea0e50bf1441,7e6bab01e9d6b0298352c3d96c8f671d95a236c9e60e60360e5c70a016b1f97e,Fixed-Dc,1,-645574,0.030391198340639303,0.027872021238079747,0.0,0,0,0,0
0.35,800000,1024,7,8e75b2ace42861140e2f0a1a12ccba9e9b07e24771010f22badbea0e50bf1441,7e6bab01e9d6b0298352c3d96c8f671d95a236c9e60e60360e5c70a016b1f97e,Fixed-Dc,2,12965,-0.0004022436652736383,-0.0003353217229670191,0,0,0,0,0
0.35,800000,1024,7,8e75b2ace42861140e2f0a1a12ccba9e9b07e24771010f22badbea0e50bf1441,7e6bab01e9d6b0298352c3d96c8f671d95a236c9e60e60360e5c70a016b1f97e,Fixed-Dc,3,12965,-0.00027226355259524215,-0.00019195251098830246,0,0,0,0,0
0.35,800000,1024,7,8e75b2ace42861140e2f0a1a12ccba9e9b07e24771010f22badbea0e50bf1441,7e6bab01e9d6b0298352c3d96c8f671d95a236c9e60e60360e5c70a016b1f97e,Fixed-Dc,4,-554146,0.0013379191746484276,0.004531339590010119,0,0,0,0,0
0.35,800000,1024,7,8e75b2ace42861140e2f0a1a12ccba9e9b07e24771010f22badbea0e50bf1441,7e6bab01e9d6b0298352c3d96c8f671d95a236c9e60e60360e5c70a016b1f97e,Decoupled,1,0,,,,,,0,0
0.35,800000,1024,7,8e75b2ace42861140e2f0a1a12ccba9e9b07e24771010f22badbea0e50bf1441,7e6bab01e9d6b0298352c3d96c8f671d95a236c9e60e60360e5c70a016b1f97e,Decoupled,2,0,,,,,,0,0
0.35,800000,1024,7,8e75b2ace42861140e2f0a1a12ccba9e9b07e24771010f22badbea0e50bf1441,7e6bab01e9d6b0298352c3d96c8f671d95a236c9e60e60360e5c70a016b1f97e,Decoupled,3,0,,,,,,0,0
0.35,800000,1024,7,8e75b2ace42861140e2f0a1a12ccba9e9b07e24771010f22badbea0e50bf1441,7e6bab01e9d6b0298352c3d96c8f671d95a236c9e60e60360e5c70a016b1f97e,Decoupled,4,45714,,,,,,0,0
0.35,800000,1024,11,8e75b2ace42861140e2f0a1a12ccba9e9b07e24771010f22badbea0e50bf1441,7e6bab01e9d6b0298352c3d96c8f671d95a236c9e60e60360e5c70a016b1f97e,No-Dq-R,1,0,0.0,0.0,0.0,0,0,0,0
0.35,800000,1024,11,8e75b2ace42861140e2f0a1a12ccba9e9b07e24771010f22badbea0e50bf1441,7e6bab01e9d6b0298352c3d96c8f671d95a236c9e60e60360e5c70a016b1f97e,No-Dq-R,2,-800000,0.049612584460204445,0.047663681628712706,0.9999999999999994,1,0,0,0
0.35,800000,1024,11,8e75b2ace42861140e2f0a1a12ccba9e9b07e24771010f22badbea0e50bf1441,7e6bab01e9d6b0298352c3d96c8f671d95a236c9e60e60360e5c70a016b1f97e,No-Dq-R,3,-1600000,0.05797731082766472,0.06311589691596853,0,0,0,0,0
0.35,800000,1024,11,8e75b2ace42861140e2f0a1a12ccba9e9b07e24771010f22badbea0e50bf1441,7e6bab01e9d6b0298352c3d96c8f671d95a236c9e60e60360e5c70a016b1f97e,No-Dq-R,4,-2354286,0.04739919038048701,0.05652216913328356,0,0,0,0,0
0.35,800000,1024,11,8e75b2ace42861140e2f0a1a12ccba9e9b07e24771010f22badbea0e50bf1441,7e6bab01e9d6b0298352c3d96c8f671d95a236c9e60e60360e5c70a016b1f97e,Fixed-Dc,1,-645574,0.025426621343859646,0.027872021238079747,0.0,0,0,0,0
0.35,800000,1024,11,8e75b2ace42861140e2f0a1a12ccba9e9b07e24771010f22badbea0e50bf1441,7e6bab01e9d6b0298352c3d96c8f671d95a236c9e60e60360e5c70a016b1f97e,Fixed-Dc,2,12965,-0.0004022436652736383,-0.0003353217229670191,0,0,0,0,0
0.35,800000,1024,11,8e75b2ace42861140e2f0a1a12ccba9e9b07e24771010f22badbea0e50bf1441,7e6bab01e9d6b0298352c3d96c8f671d95a236c9e60e60360e5c70a016b1f97e,Fixed-Dc,3,12965,-0.00012121368546541555,-0.00019195251098830246,0,0,0,0,0
0.35,800000,1024,11,8e75b2ace42861140e2f0a1a12ccba9e9b07e24771010f22badbea0e50bf1441,7e6bab01e9d6b0298352c3d96c8f671d95a236c9e60e60360e5c70a016b1f97e,Fixed-Dc,4,-554146,0.0013379191746484276,0.004531339590010119,0,0,0,0,0
0.35,800000,1024,11,8e75b2ace42861140e2f0a1a12ccba9e9b07e24771010f22badbea0e50bf1441,7e6bab01e9d6b0298352c3d96c8f671d95a236c9e60e60360e5c70a016b1f97e,Decoupled,1,0,,,,,,0,0
0.35,800000,1024,11,8e75b2ace42861140e2f0a1a12ccba9e9b07e24771010f22badbea0e50bf1441,7e6bab01e9d6b0298352c3d96c8f671d95a236c9e60e60360e5c70a016b1f97e,Decoupled,2,0,,,,,,0,0
0.35,800000,1024,11,8e75b2ace42861140e2f0a1a12ccba9e9b07e24771010f22badbea0e50bf1441,7e6bab01e9d6b0298352c3d96c8f671d95a236c9e60e60360e5c70a016b1f97e,Decoupled,3,0,,,,,,0,0
0.35,800000,1024,11,8e75b2ace42861140e2f0a1a12ccba9e9b07e24771010f22badbea0e50bf1441,7e6bab01e9d6b0298352c3d96c8f671d95a236c9e60e60360e5c70a016b1f97e,Decoupled,4,45714,,,,,,0,0
0.35,800000,1025,7,c783dcb810fb91f09ec3dce90ac7d6047b0f9867f09129b90e5314fe3f9caf64,7e6bab01e9d6b0298352c3d96c8f671d95a236c9e60e60360e5c70a016b1f97e,No-Dq-R,1,0,0.0,0.0,0.0,0,0,0,0
0.35,800000,1025,7,c783dcb810fb91f09ec3dce90ac7d6047b0f9867f09129b90e5314fe3f9caf64,7e6bab01e9d6b0298352c3d96c8f671d95a236c9e60e60360e5c70a016b1f97e,No-Dq-R,2,-141566,0.025122661717461914,0.02624260314109844,0,0,0,0,0
0.35,800000,1025,7,c783dcb810fb91f09ec3dce90ac7d6047b0f9867f09129b90e5314fe3f9caf64,7e6bab01e9d6b0298352c3d96c8f671d95a236c9e60e60360e5c70a016b1f97e,No-Dq-R,3,-2212720,0.08164100798930268,0.07178266794249999,0,0,0,0,0
0.35,800000,1025,7,c783dcb810fb91f09ec3dce90ac7d6047b0f9867f09129b90e5314fe3f9caf64,7e6bab01e9d6b0298352c3d96c8f671d95a236c9e60e60360e5c70a016b1f97e,No-Dq-R,4,-2400000,0.05421404102665128,0.06331014280973901,0,0,0,0,0
0.35,800000,1025,7,c783dcb810fb91f09ec3dce90ac7d6047b0f9867f09129b90e5314fe3f9caf64,7e6bab01e9d6b0298352c3d96c8f671d95a236c9e60e60360e5c70a016b1f97e,Fixed-Dc,1,12965,-0.0006394031017732393,-0.000591603153459408,0.0,0,0,0,0
0.35,800000,1025,7,c783dcb810fb91f09ec3dce90ac7d6047b0f9867f09129b90e5314fe3f9caf64,7e6bab01e9d6b0298352c3d96c8f671d95a236c9e60e60360e5c70a016b1f97e,Fixed-Dc,2,12965,-0.0004022436652736383,-0.0003353217229670191,0,0,0,0,0
0.35,800000,1025,7,c783dcb810fb91f09ec3dce90ac7d6047b0f9867f09129b90e5314fe3f9caf64,7e6bab01e9d6b0298352c3d96c8f671d95a236c9e60e60360e5c70a016b1f97e,Fixed-Dc,3,-599755,0.012244050070937762,0.008474818515543159,0,0,0,0,0
0.35,800000,1025,7,c783dcb810fb91f09ec3dce90ac7d6047b0f9867f09129b90e5314fe3f9caf64,7e6bab01e9d6b0298352c3d96c8f671d95a236c9e60e60360e5c70a016b1f97e,Fixed-Dc,4,12965,-3.628976974440201e-05,-0.00011041375565751244,0,0,0,0,0
0.35,800000,1025,7,c783dcb810fb91f09ec3dce90ac7d6047b0f9867f09129b90e5314fe3f9caf64,7e6bab01e9d6b0298352c3d96c8f671d95a236c9e60e60360e5c70a016b1f97e,Decoupled,1,0,,,,,,0,0
0.35,800000,1025,7,c783dcb810fb91f09ec3dce90ac7d6047b0f9867f09129b90e5314fe3f9caf64,7e6bab01e9d6b0298352c3d96c8f671d95a236c9e60e60360e5c70a016b1f97e,Decoupled,2,658434,,,,,,0,0
0.35,800000,1025,7,c783dcb810fb91f09ec3dce90ac7d6047b0f9867f09129b90e5314fe3f9caf64,7e6bab01e9d6b0298352c3d96c8f671d95a236c9e60e60360e5c70a016b1f97e,Decoupled,3,-612720,,,,,,0,0
0.35,800000,1025,7,c783dcb810fb91f09ec3dce90ac7d6047b0f9867f09129b90e5314fe3f9caf64,7e6bab01e9d6b0298352c3d96c8f671d95a236c9e60e60360e5c70a016b1f97e,Decoupled,4,0,,,,,,0,0
0.35,800000,1025,11,c783dcb810fb91f09ec3dce90ac7d6047b0f9867f09129b90e5314fe3f9caf64,7e6bab01e9d6b0298352c3d96c8f671d95a236c9e60e60360e5c70a016b1f97e,No-Dq-R,1,0,0.0,0.0,0.0,0,0,0,0
0.35,800000,1025,11,c783dcb810fb91f09ec3dce90ac7d6047b0f9867f09129b90e5314fe3f9caf64,7e6bab01e9d6b0298352c3d96c8f671d95a236c9e60e60360e5c70a016b1f97e,No-Dq-R,2,-141566,0.025122661717461914,0.02624260314109844,0,0,0,0,0
0.35,800000,1025,11,c783dcb810fb91f09ec3dce90ac7d6047b0f9867f09129b90e5314fe3f9caf64,7e6bab01e9d6b0298352c3d96c8f671d95a236c9e60e60360e5c70a016b1f97e,No-Dq-R,3,-2212720,0.06325336350882976,0.07178266794249999,0,0,0,0,0
0.35,800000,1025,11,c783dcb810fb91f09ec3dce90ac7d6047b0f9867f09129b90e5314fe3f9caf64,7e6bab01e9d6b0298352c3d96c8f671d95a236c9e60e60360e5c70a016b1f97e,No-Dq-R,4,-2400000,0.05421404102665128,0.06331014280973901,0,0,0,0,0
0.35,800000,1025,11,c783dcb810fb91f09ec3dce90ac7d6047b0f9867f09129b90e5314fe3f9caf64,7e6bab01e9d6b0298352c3d96c8f671d95a236c9e60e60360e5c70a016b1f97e,Fixed-Dc,1,12965,-0.0005452030855833678,-0.000591603153459408,0.0,0,0,0,0
0.35,800000,1025,11,c783dcb810fb91f09ec3dce90ac7d6047b0f9867f09129b90e5314fe3f9caf64,7e6bab01e9d6b0298352c3d96c8f671d95a236c9e60e60360e5c70a016b1f97e,Fixed-Dc,2,12965,-0.0004022436652736383,-0.0003353217229670191,0,0,0,0,0
0.35,800000,1025,11,c783dcb810fb91f09ec3dce90ac7d6047b0f9867f09129b90e5314fe3f9caf64,7e6bab01e9d6b0298352c3d96c8f671d95a236c9e60e60360e5c70a016b1f97e,Fixed-Dc,3,-599755,0.005154838995699629,0.008474818515543159,0,0,0,0,0
0.35,800000,1025,11,c783dcb810fb91f09ec3dce90ac7d6047b0f9867f09129b90e5314fe3f9caf64,7e6bab01e9d6b0298352c3d96c8f671d95a236c9e60e60360e5c70a016b1f97e,Fixed-Dc,4,12965,-3.628976974440201e-05,-0.00011041375565751244,0,0,0,0,0
0.35,800000,1025,11,c783dcb810fb91f09ec3dce90ac7d6047b0f9867f09129b90e5314fe3f9caf64,7e6bab01e9d6b0298352c3d96c8f671d95a236c9e60e60360e5c70a016b1f97e,Decoupled,1,0,,,,,,0,0
0.35,800000,1025,11,c783dcb810fb91f09ec3dce90ac7d6047b0f9867f09129b90e5314fe3f9caf64,7e6bab01e9d6b0298352c3d96c8f671d95a236c9e60e60360e5c70a016b1f97e,Decoupled,2,658434,,,,,,0,0
0.35,800000,1025,11,c783dcb810fb91f09ec3dce90ac7d6047b0f9867f09129b90e5314fe3f9caf64,7e6bab01e9d6b0298352c3d96c8f671d95a236c9e60e60360e5c70a016b1f97e,Decoupled,3,-612720,,,,,,0,0
0.35,800000,1025,11,c783dcb810fb91f09ec3dce90ac7d6047b0f9867f09129b90e5314fe3f9caf64,7e6bab01e9d6b0298352c3d96c8f671d95a236c9e60e60360e5c70a016b1f97e,Decoupled,4,0,,,,,,0,0
0.35,800000,1026,7,1ad50726f4afa5756b53b52c8e49cfbea63e7f8cfd0c76850fa67ab1815aa002,7e6bab01e9d6b0298352c3d96c8f671d95a236c9e60e60360e5c70a016b1f97e,No-Dq-R,1,0,0.0,0.0,0.0,0,0,0,0
0.35,800000,1026,7,1ad50726f4afa5756b53b52c8e49cfbea63e7f8cfd0c76850fa67ab1815aa002,7e6bab01e9d6b0298352c3d96c8f671d95a236c9e60e60360e5c70a016b1f97e,No-Dq-R,2,-800000,0.049612584460204445,0.047663681628712706,0.9999999999999994,1,0,0,0
0.35,800000,1026,7,1ad50726f4afa5756b53b52c8e49cfbea63e7f8cfd0c76850fa67ab1815aa002,7e6bab01e9d6b0298352c3d96c8f671d95a236c9e60e60360e5c70a016b1f97e,No-Dq-R,3,-1600000,0.06912469436576968,0.06311589691596853,0,0,0,0,0
0.35,800000,1026,7,1ad50726f4afa5756b53b52c8e49cfbea63e7f8cfd0c76850fa67ab1815aa002,7e6bab01e9d6b0298352c3d96c8f671d95a236c9e60e60360e5c70a016b1f97e,No-Dq-R,4,-2354286,0.04712058271283015,0.05625488102603471,0,0,0,0,0
0.35,800000,1026,7,1ad50726f4afa5756b53b52c8e49cfbea63e7f8cfd0c76850fa67ab1815aa002,7e6bab01e9d6b0298352c3d96c8f671d95a236c9e60e60360e5c70a016b1f97e,Fixed-Dc,1,-672606,0.031604444340735505,0.028974061551220065,0.0,0,0,0,0
0.35,800000,1026,7,1ad50726f4afa5756b53b52c8e49cfbea63e7f8cfd0c76850fa67ab1815aa002,7e6bab01e9d6b0298352c3d96c8f671d95a236c9e60e60360e5c70a016b1f97e,Fixed-Dc,2,12965,-0.0004022436652736383,-0.0003353217229670191,0,0,0,0,0
0.35,800000,1026,7,1ad50726f4afa5756b53b52c8e49cfbea63e7f8cfd0c76850fa67ab1815aa002,7e6bab01e9d6b0298352c3d96c8f671d95a236c9e60e60360e5c70a016b1f97e,Fixed-Dc,3,12965,-0.00027226355259524215,-0.00019195251098830246,0,0,0,0,0
0.35,800000,1026,7,1ad50726f4afa5756b53b52c8e49cfbea63e7f8cfd0c76850fa67ab1815aa002,7e6bab01e9d6b0298352c3d96c8f671d95a236c9e60e60360e5c70a016b1f97e,Fixed-Dc,4,-581178,0.0013929174332041327,0.004743306933963576,0,0,0,0,0
0.35,800000,1026,7,1ad50726f4afa5756b53b52c8e49cfbea63e7f8cfd0c76850fa67ab1815aa002,7e6bab01e9d6b0298352c3d96c8f671d95a236c9e60e60360e5c70a016b1f97e,Decoupled,1,0,,,,,,0,0
0.35,800000,1026,7,1ad50726f4afa5756b53b52c8e49cfbea63e7f8cfd0c76850fa67ab1815aa002,7e6bab01e9d6b0298352c3d96c8f671d95a236c9e60e60360e5c70a016b1f97e,Decoupled,2,0,,,,,,0,0
0.35,800000,1026,7,1ad50726f4afa5756b53b52c8e49cfbea63e7f8cfd0c76850fa67ab1815aa002,7e6bab01e9d6b0298352c3d96c8f671d95a236c9e60e60360e5c70a016b1f97e,Decoupled,3,0,,,,,,0,0
0.35,800000,1026,7,1ad50726f4afa5756b53b52c8e49cfbea63e7f8cfd0c76850fa67ab1815aa002,7e6bab01e9d6b0298352c3d96c8f671d95a236c9e60e60360e5c70a016b1f97e,Decoupled,4,45714,,,,,,0,0
0.35,800000,1026,11,1ad50726f4afa5756b53b52c8e49cfbea63e7f8cfd0c76850fa67ab1815aa002,7e6bab01e9d6b0298352c3d96c8f671d95a236c9e60e60360e5c70a016b1f97e,No-Dq-R,1,0,0.0,0.0,0.0,0,0,0,0
0.35,800000,1026,11,1ad50726f4afa5756b53b52c8e49cfbea63e7f8cfd0c76850fa67ab1815aa002,7e6bab01e9d6b0298352c3d96c8f671d95a236c9e60e60360e5c70a016b1f97e,No-Dq-R,2,-800000,0.049612584460204445,0.047663681628712706,0.9999999999999994,1,0,0,0
0.35,800000,1026,11,1ad50726f4afa5756b53b52c8e49cfbea63e7f8cfd0c76850fa67ab1815aa002,7e6bab01e9d6b0298352c3d96c8f671d95a236c9e60e60360e5c70a016b1f97e,No-Dq-R,3,-1600000,0.05797731082766472,0.06311589691596853,0,0,0,0,0
0.35,800000,1026,11,1ad50726f4afa5756b53b52c8e49cfbea63e7f8cfd0c76850fa67ab1815aa002,7e6bab01e9d6b0298352c3d96c8f671d95a236c9e60e60360e5c70a016b1f97e,No-Dq-R,4,-2354286,0.04712058271283015,0.05625488102603471,0,0,0,0,0
0.35,800000,1026,11,1ad50726f4afa5756b53b52c8e49cfbea63e7f8cfd0c76850fa67ab1815aa002,7e6bab01e9d6b0298352c3d96c8f671d95a236c9e60e60360e5c70a016b1f97e,Fixed-Dc,1,-672606,0.02642071276573632,0.028974061551220065,0.0,0,0,0,0
0.35,800000,1026,11,1ad50726f4afa5756b53b52c8e49cfbea63e7f8cfd0c76850fa67ab1815aa002,7e6bab01e9d6b0298352c3d96c8f671d95a236c9e60e60360e5c70a016b1f97e,Fixed-Dc,2,12965,-0.0004022436652736383,-0.0003353217229670191,0,0,0,0,0
0.35,800000,1026,11,1ad50726f4afa5756b53b52c8e49cfbea63e7f8cfd0c76850fa67ab1815aa002,7e6bab01e9d6b0298352c3d96c8f671d95a236c9e60e60360e5c70a016b1f97e,Fixed-Dc,3,12965,-0.00012121368546541555,-0.00019195251098830246,0,0,0,0,0
0.35,800000,1026,11,1ad50726f4afa5756b53b52c8e49cfbea63e7f8cfd0c76850fa67ab1815aa002,7e6bab01e9d6b0298352c3d96c8f671d95a236c9e60e60360e5c70a016b1f97e,Fixed-Dc,4,-581178,0.0013929174332041327,0.004743306933963576,0,0,0,0,0
0.35,800000,1026,11,1ad50726f4afa5756b53b52c8e49cfbea63e7f8cfd0c76850fa67ab1815aa002,7e6bab01e9d6b0298352c3d96c8f671d95a236c9e60e60360e5c70a016b1f97e,Decoupled,1,0,,,,,,0,0
0.35,800000,1026,11,1ad50726f4afa5756b53b52c8e49cfbea63e7f8cfd0c76850fa67ab1815aa002,7e6bab01e9d6b0298352c3d96c8f671d95a236c9e60e60360e5c70a016b1f97e,Decoupled,2,0,,,,,,0,0
0.35,800000,1026,11,1ad50726f4afa5756b53b52c8e49cfbea63e7f8cfd0c76850fa67ab1815aa002,7e6bab01e9d6b0298352c3d96c8f671d95a236c9e60e60360e5c70a016b1f97e,Decoupled,3,0,,,,,,0,0
0.35,800000,1026,11,1ad50726f4afa5756b53b52c8e49cfbea63e7f8cfd0c76850fa67ab1815aa002,7e6bab01e9d6b0298352c3d96c8f671d95a236c9e60e60360e5c70a016b1f97e,Decoupled,4,45714,,,,,,0,0
0.35,800000,1027,7,7b6813057a345439f73e441318c2e16213f9a59f2f3aecb5ae22912e820030bb,7e6bab01e9d6b0298352c3d96c8f671d95a236c9e60e60360e5c70a016b1f97e,No-Dq-R,1,0,0.0,0.0,0.0,0,0,0,0
0.35,800000,1027,7,7b6813057a345439f73e441318c2e16213f9a59f2f3aecb5ae22912e820030bb,7e6bab01e9d6b0298352c3d96c8f671d95a236c9e60e60360e5c70a016b1f97e,No-Dq-R,2,-800000,0.049612584460204445,0.047663681628712706,0.9999999999999994,1,0,0,0
0.35,800000,1027,7,7b6813057a345439f73e441318c2e16213f9a59f2f3aecb5ae22912e820030bb,7e6bab01e9d6b0298352c3d96c8f671d95a236c9e60e60360e5c70a016b1f97e,No-Dq-R,3,-1600000,0.06912469436576968,0.06311589691596853,0,0,0,0,0
0.35,800000,1027,7,7b6813057a345439f73e441318c2e16213f9a59f2f3aecb5ae22912e820030bb,7e6bab01e9d6b0298352c3d96c8f671d95a236c9e60e60360e5c70a016b1f97e,No-Dq-R,4,-2354286,0.04734908524420578,0.05647410415526444,0,0,0,0,0
0.35,800000,1027,7,7b6813057a345439f73e441318c2e16213f9a59f2f3aecb5ae22912e820030bb,7e6bab01e9d6b0298352c3d96c8f671d95a236c9e60e60360e5c70a016b1f97e,Fixed-Dc,1,-650426,0.030609302220273138,0.028070197314562395,0.0,0,0,0,0
0.35,800000,1027,7,7b6813057a345439f73e441318c2e16213f9a59f2f3aecb5ae22912e820030bb,7e6bab01e9d6b0298352c3d96c8f671d95a236c9e60e60360e5c70a016b1f97e,Fixed-Dc,2,12965,-0.0004022436652736383,-0.0003353217229670191,0,0,0,0,0
0.35,800000,1027,7,7b6813057a345439f73e441318c2e16213f9a59f2f3aecb5ae22912e820030bb,7e6bab01e9d6b0298352c3d96c8f671d95a236c9e60e60360e5c70a016b1f97e,Fixed-Dc,3,12965,-0.00027226355259524215,-0.00019195251098830246,0,0,0,0,0
0.35,800000,1027,7,7b6813057a345439f73e441318c2e16213f9a59f2f3aecb5ae22912e820030bb,7e6bab01e9d6b0298352c3d96c8f671d95a236c9e60e60360e5c70a016b1f97e,Fixed-Dc,4,-558998,0.0013478587501348782,0.004569446006560118,0,0,0,0,0
0.35,800000,1027,7,7b6813057a345439f73e441318c2e16213f9a59f2f3aecb5ae22912e820030bb,7e6bab01e9d6b0298352c3d96c8f671d95a236c9e60e60360e5c70a016b1f97e,Decoupled,1,0,,,,,,0,0
0.35,800000,1027,7,7b6813057a345439f73e441318c2e16213f9a59f2f3aecb5ae22912e820030bb,7e6bab01e9d6b0298352c3d96c8f671d95a236c9e60e60360e5c70a016b1f97e,Decoupled,2,0,,,,,,0,0
0.35,800000,1027,7,7b6813057a345439f73e441318c2e16213f9a59f2f3aecb5ae22912e820030bb,7e6bab01e9d6b0298352c3d96c8f671d95a236c9e60e60360e5c70a016b1f97e,Decoupled,3,0,,,,,,0,0
0.35,800000,1027,7,7b6813057a345439f73e441318c2e16213f9a59f2f3aecb5ae22912e820030bb,7e6bab01e9d6b0298352c3d96c8f671d95a236c9e60e60360e5c70a016b1f97e,Decoupled,4,45714,,,,,,0,0
0.35,800000,1027,11,7b6813057a345439f73e441318c2e16213f9a59f2f3aecb5ae22912e820030bb,7e6bab01e9d6b0298352c3d96c8f671d95a236c9e60e60360e5c70a016b1f97e,No-Dq-R,1,0,0.0,0.0,0.0,0,0,0,0
0.35,800000,1027,11,7b6813057a345439f73e441318c2e16213f9a59f2f3aecb5ae22912e820030bb,7e6bab01e9d6b0298352c3d96c8f671d95a236c9e60e60360e5c70a016b1f97e,No-Dq-R,2,-800000,0.049612584460204445,0.047663681628712706,0.9999999999999994,1,0,0,0
0.35,800000,1027,11,7b6813057a345439f73e441318c2e16213f9a59f2f3aecb5ae22912e820030bb,7e6bab01e9d6b0298352c3d96c8f671d95a236c9e60e60360e5c70a016b1f97e,No-Dq-R,3,-1600000,0.05797731082766472,0.06311589691596853,0,0,0,0,0
0.35,800000,1027,11,7b6813057a345439f73e441318c2e16213f9a59f2f3aecb5ae22912e820030bb,7e6bab01e9d6b0298352c3d96c8f671d95a236c9e60e60360e5c70a016b1f97e,No-Dq-R,4,-2354286,0.04734908524420578,0.05647410415526444,0,0,0,0,0
0.35,800000,1027,11,7b6813057a345439f73e441318c2e16213f9a59f2f3aecb5ae22912e820030bb,7e6bab01e9d6b0298352c3d96c8f671d95a236c9e60e60360e5c70a016b1f97e,Fixed-Dc,1,-650426,0.02560545322748331,0.028070197314562395,0.0,0,0,0,0
0.35,800000,1027,11,7b6813057a345439f73e441318c2e16213f9a59f2f3aecb5ae22912e820030bb,7e6bab01e9d6b0298352c3d96c8f671d95a236c9e60e60360e5c70a016b1f97e,Fixed-Dc,2,12965,-0.0004022436652736383,-0.0003353217229670191,0,0,0,0,0
0.35,800000,1027,11,7b6813057a345439f73e441318c2e16213f9a59f2f3aecb5ae22912e820030bb,7e6bab01e9d6b0298352c3d96c8f671d95a236c9e60e60360e5c70a016b1f97e,Fixed-Dc,3,12965,-0.00012121368546541555,-0.00019195251098830246,0,0,0,0,0
0.35,800000,1027,11,7b6813057a345439f73e441318c2e16213f9a59f2f3aecb5ae22912e820030bb,7e6bab01e9d6b0298352c3d96c8f671d95a236c9e60e60360e5c70a016b1f97e,Fixed-Dc,4,-558998,0.0013478587501348782,0.004569446006560118,0,0,0,0,0
0.35,800000,1027,11,7b6813057a345439f73e441318c2e16213f9a59f2f3aecb5ae22912e820030bb,7e6bab01e9d6b0298352c3d96c8f671d95a236c9e60e60360e5c70a016b1f97e,Decoupled,1,0,,,,,,0,0
0.35,800000,1027,11,7b6813057a345439f73e441318c2e16213f9a59f2f3aecb5ae22912e820030bb,7e6bab01e9d6b0298352c3d96c8f671d95a236c9e60e60360e5c70a016b1f97e,Decoupled,2,0,,,,,,0,0
0.35,800000,1027,11,7b6813057a345439f73e441318c2e16213f9a59f2f3aecb5ae22912e820030bb,7e6bab01e9d6b0298352c3d96c8f671d95a236c9e60e60360e5c70a016b1f97e,Decoupled,3,0,,,,,,0,0
0.35,800000,1027,11,7b6813057a345439f73e441318c2e16213f9a59f2f3aecb5ae22912e820030bb,7e6bab01e9d6b0298352c3d96c8f671d95a236c9e60e60360e5c70a016b1f97e,Decoupled,4,45714,,,,,,0,0
0.35,800000,1028,7,bec43fe2d0c00bc44a22d9f36cfdaac8ef5027ffb699169571a932a136d1a948,7e6bab01e9d6b0298352c3d96c8f671d95a236c9e60e60360e5c70a016b1f97e,No-Dq-R,1,0,0.0,0.0,0.0,0,0,0,0
0.35,800000,1028,7,bec43fe2d0c00bc44a22d9f36cfdaac8ef5027ffb699169571a932a136d1a948,7e6bab01e9d6b0298352c3d96c8f671d95a236c9e60e60360e5c70a016b1f97e,No-Dq-R,2,-800000,0.049612584460204445,0.047663681628712706,0.9999999999999994,1,0,0,0
0.35,800000,1028,7,bec43fe2d0c00bc44a22d9f36cfdaac8ef5027ffb699169571a932a136d1a948,7e6bab01e9d6b0298352c3d96c8f671d95a236c9e60e60360e5c70a016b1f97e,No-Dq-R,3,-1600000,0.06912469436576968,0.06311589691596853,0,0,0,0,0
0.35,800000,1028,7,bec43fe2d0c00bc44a22d9f36cfdaac8ef5027ffb699169571a932a136d1a948,7e6bab01e9d6b0298352c3d96c8f671d95a236c9e60e60360e5c70a016b1f97e,No-Dq-R,4,-2354286,0.05273383227773398,0.06162932331509363,0,0,0,0,0
0.35,800000,1028,7,bec43fe2d0c00bc44a22d9f36cfdaac8ef5027ffb699169571a932a136d1a948,7e6bab01e9d6b0298352c3d96c8f671d95a236c9e60e60360e5c70a016b1f97e,Fixed-Dc,1,-151327,0.0073758760453852545,0.0068095995920369745,0.0,0,0,0,0
0.35,800000,1028,7,bec43fe2d0c00bc44a22d9f36cfdaac8ef5027ffb699169571a932a136d1a948,7e6bab01e9d6b0298352c3d96c8f671d95a236c9e60e60360e5c70a016b1f97e,Fixed-Dc,2,12965,-0.0004022436652736383,-0.0003353217229670191,0,0,0,0,0
0.35,800000,1028,7,bec43fe2d0c00bc44a22d9f36cfdaac8ef5027ffb699169571a932a136d1a948,7e6bab01e9d6b0298352c3d96c8f671d95a236c9e60e60360e5c70a016b1f97e,Fixed-Dc,3,12965,-0.00027226355259524215,-0.00019195251098830246,0,0,0,0,0
0.35,800000,1028,7,bec43fe2d0c00bc44a22d9f36cfdaac8ef5027ffb699169571a932a136d1a948,7e6bab01e9d6b0298352c3d96c8f671d95a236c9e60e60360e5c70a016b1f97e,Fixed-Dc,4,-59899,0.00016460822910335793,0.0005074323774511558,0,0,0,0,0
0.35,800000,1028,7,bec43fe2d0c00bc44a22d9f36cfdaac8ef5027ffb699169571a932a136d1a948,7e6bab01e9d6b0298352c3d96c8f671d95a236c9e60e60360e5c70a016b1f97e,Decoupled,1,0,,,,,,0,0
0.35,800000,1028,7,bec43fe2d0c00bc44a22d9f36cfdaac8ef5027ffb699169571a932a136d1a948,7e6bab01e9d6b0298352c3d96c8f671d95a236c9e60e60360e5c70a016b1f97e,Decoupled,2,0,,,,,,0,0
0.35,800000,1028,7,bec43fe2d0c00bc44a22d9f36cfdaac8ef5027ffb699169571a932a136d1a948,7e6bab01e9d6b0298352c3d96c8f671d95a236c9e60e60360e5c70a016b1f97e,Decoupled,3,0,,,,,,0,0
0.35,800000,1028,7,bec43fe2d0c00bc44a22d9f36cfdaac8ef5027ffb699169571a932a136d1a948,7e6bab01e9d6b0298352c3d96c8f671d95a236c9e60e60360e5c70a016b1f97e,Decoupled,4,45714,,,,,,0,0
0.35,800000,1028,11,bec43fe2d0c00bc44a22d9f36cfdaac8ef5027ffb699169571a932a136d1a948,7e6bab01e9d6b0298352c3d96c8f671d95a236c9e60e60360e5c70a016b1f97e,No-Dq-R,1,0,0.0,0.0,0.0,0,0,0,0
0.35,800000,1028,11,bec43fe2d0c00bc44a22d9f36cfdaac8ef5027ffb699169571a932a136d1a948,7e6bab01e9d6b0298352c3d96c8f671d95a236c9e60e60360e5c70a016b1f97e,No-Dq-R,2,-800000,0.049612584460204445,0.047663681628712706,0.9999999999999994,1,0,0,0
0.35,800000,1028,11,bec43fe2d0c00bc44a22d9f36cfdaac8ef5027ffb699169571a932a136d1a948,7e6bab01e9d6b0298352c3d96c8f671d95a236c9e60e60360e5c70a016b1f97e,No-Dq-R,3,-1600000,0.05797731082766472,0.06311589691596853,0,0,0,0,0
0.35,800000,1028,11,bec43fe2d0c00bc44a22d9f36cfdaac8ef5027ffb699169571a932a136d1a948,7e6bab01e9d6b0298352c3d96c8f671d95a236c9e60e60360e5c70a016b1f97e,No-Dq-R,4,-2354286,0.05273383227773398,0.06162932331509363,0,0,0,0,0
0.35,800000,1028,11,bec43fe2d0c00bc44a22d9f36cfdaac8ef5027ffb699169571a932a136d1a948,7e6bab01e9d6b0298352c3d96c8f671d95a236c9e60e60360e5c70a016b1f97e,Fixed-Dc,1,-151327,0.006259907243011731,0.0068095995920369745,0.0,0,0,0,0
0.35,800000,1028,11,bec43fe2d0c00bc44a22d9f36cfdaac8ef5027ffb699169571a932a136d1a948,7e6bab01e9d6b0298352c3d96c8f671d95a236c9e60e60360e5c70a016b1f97e,Fixed-Dc,2,12965,-0.0004022436652736383,-0.0003353217229670191,0,0,0,0,0
0.35,800000,1028,11,bec43fe2d0c00bc44a22d9f36cfdaac8ef5027ffb699169571a932a136d1a948,7e6bab01e9d6b0298352c3d96c8f671d95a236c9e60e60360e5c70a016b1f97e,Fixed-Dc,3,12965,-0.00012121368546541555,-0.00019195251098830246,0,0,0,0,0
0.35,800000,1028,11,bec43fe2d0c00bc44a22d9f36cfdaac8ef5027ffb699169571a932a136d1a948,7e6bab01e9d6b0298352c3d96c8f671d95a236c9e60e60360e5c70a016b1f97e,Fixed-Dc,4,-59899,0.00016460822910335793,0.0005074323774511558,0,0,0,0,0
0.35,800000,1028,11,bec43fe2d0c00bc44a22d9f36cfdaac8ef5027ffb699169571a932a136d1a948,7e6bab01e9d6b0298352c3d96c8f671d95a236c9e60e60360e5c70a016b1f97e,Decoupled,1,0,,,,,,0,0
0.35,800000,1028,11,bec43fe2d0c00bc44a22d9f36cfdaac8ef5027ffb699169571a932a136d1a948,7e6bab01e9d6b0298352c3d96c8f671d95a236c9e60e60360e5c70a016b1f97e,Decoupled,2,0,,,,,,0,0
0.35,800000,1028,11,bec43fe2d0c00bc44a22d9f36cfdaac8ef5027ffb699169571a932a136d1a948,7e6bab01e9d6b0298352c3d96c8f671d95a236c9e60e60360e5c70a016b1f97e,Decoupled,3,0,,,,,,0,0
0.35,800000,1028,11,bec43fe2d0c00bc44a22d9f36cfdaac8ef5027ffb699169571a932a136d1a948,7e6bab01e9d6b0298352c3d96c8f671d95a236c9e60e60360e5c70a016b1f97e,Decoupled,4,45714,,,,,,0,0
0.35,800000,1029,7,35a6a67d36ac194257796fc97b438c95f17594c6df4a428a83560108a705fcd5,7e6bab01e9d6b0298352c3d96c8f671d95a236c9e60e60360e5c70a016b1f97e,No-Dq-R,1,0,0.0,0.0,0.0,0,0,0,0
0.35,800000,1029,7,35a6a67d36ac194257796fc97b438c95f17594c6df4a428a83560108a705fcd5,7e6bab01e9d6b0298352c3d96c8f671d95a236c9e60e60360e5c70a016b1f97e,No-Dq-R,2,-1072109,0.0579246500819971,0.05455536098700453,0.9999999999999994,1,0,0,0
0.35,800000,1029,7,35a6a67d36ac194257796fc97b438c95f17594c6df4a428a83560108a705fcd5,7e6bab01e9d6b0298352c3d96c8f671d95a236c9e60e60360e5c70a016b1f97e,No-Dq-R,3,-1327891,0.06081262874397714,0.0562242175576767,0,0,0,0,0
0.35,800000,1029,7,35a6a67d36ac194257796fc97b438c95f17594c6df4a428a83560108a705fcd5,7e6bab01e9d6b0298352c3d96c8f671d95a236c9e60e60360e5c70a016b1f97e,No-Dq-R,4,-2400000,0.05421404102665128,0.06331014280973901,0,0,0,0,0
0.35,800000,1029,7,35a6a67d36ac194257796fc97b438c95f17594c6df4a428a83560108a705fcd5,7e6bab01e9d6b0298352c3d96c8f671d95a236c9e60e60360e5c70a016b1f97e,Fixed-Dc,1,12965,-0.0006394031017732393,-0.000591603153459408,0.0,0,0,0,0
0.35,800000,1029,7,35a6a67d36ac194257796fc97b438c95f17594c6df4a428a83560108a705fcd5,7e6bab01e9d6b0298352c3d96c8f671d95a236c9e60e60360e5c70a016b1f97e,Fixed-Dc,2,-259144,0.007909821956519014,0.006556357635324805,0,0,0,0,0
0.35,800000,1029,7,35a6a67d36ac194257796fc97b438c95f17594c6df4a428a83560108a705fcd5,7e6bab01e9d6b0298352c3d96c8f671d95a236c9e60e60360e5c70a016b1f97e,Fixed-Dc,3,12965,-0.00027226355259524215,-0.00019195251098830246,0,0,0,0,0
0.35,800000,1029,7,35a6a67d36ac194257796fc97b438c95f17594c6df4a428a83560108a705fcd5,7e6bab01e9d6b0298352c3d96c8f671d95a236c9e60e60360e5c70a016b1f97e,Fixed-Dc,4,12965,-3.628976974440201e-05,-0.00011041375565751244,0,0,0,0,0
0.35,800000,1029,7,35a6a67d36ac194257796fc97b438c95f17594c6df4a428a83560108a705fcd5,7e6bab01e9d6b0298352c3d96c8f671d95a236c9e60e60360e5c70a016b1f97e,Decoupled,1,0,,,,,,0,0
0.35,800000,1029,7,35a6a67d36ac194257796fc97b438c95f17594c6df4a428a83560108a705fcd5,7e6bab01e9d6b0298352c3d96c8f671d95a236c9e60e60360e5c70a016b1f97e,Decoupled,2,-272109,,,,,,0,0
0.35,800000,1029,7,35a6a67d36ac194257796fc97b438c95f17594c6df4a428a83560108a705fcd5,7e6bab01e9d6b0298352c3d96c8f671d95a236c9e60e60360e5c70a016b1f97e,Decoupled,3,272109,,,,,,0,0
0.35,800000,1029,7,35a6a67d36ac194257796fc97b438c95f17594c6df4a428a83560108a705fcd5,7e6bab01e9d6b0298352c3d96c8f671d95a236c9e60e60360e5c70a016b1f97e,Decoupled,4,0,,,,,,0,0
0.35,800000,1029,11,35a6a67d36ac194257796fc97b438c95f17594c6df4a428a83560108a705fcd5,7e6bab01e9d6b0298352c3d96c8f671d95a236c9e60e60360e5c70a016b1f97e,No-Dq-R,1,0,0.0,0.0,0.0,0,0,0,0
0.35,800000,1029,11,35a6a67d36ac194257796fc97b438c95f17594c6df4a428a83560108a705fcd5,7e6bab01e9d6b0298352c3d96c8f671d95a236c9e60e60360e5c70a016b1f97e,No-Dq-R,2,-1072109,0.0579246500819971,0.05455536098700453,0.9999999999999994,1,0,0,0
0.35,800000,1029,11,35a6a67d36ac194257796fc97b438c95f17594c6df4a428a83560108a705fcd5,7e6bab01e9d6b0298352c3d96c8f671d95a236c9e60e60360e5c70a016b1f97e,No-Dq-R,3,-1327891,0.0524076257061285,0.0562242175576767,0,0,0,0,0
0.35,800000,1029,11,35a6a67d36ac194257796fc97b438c95f17594c6df4a428a83560108a705fcd5,7e6bab01e9d6b0298352c3d96c8f671d95a236c9e60e60360e5c70a016b1f97e,No-Dq-R,4,-2400000,0.05421404102665128,0.06331014280973901,0,0,0,0,0
0.35,800000,1029,11,35a6a67d36ac194257796fc97b438c95f17594c6df4a428a83560108a705fcd5,7e6bab01e9d6b0298352c3d96c8f671d95a236c9e60e60360e5c70a016b1f97e,Fixed-Dc,1,12965,-0.0005452030855833678,-0.000591603153459408,0.0,0,0,0,0
0.35,800000,1029,11,35a6a67d36ac194257796fc97b438c95f17594c6df4a428a83560108a705fcd5,7e6bab01e9d6b0298352c3d96c8f671d95a236c9e60e60360e5c70a016b1f97e,Fixed-Dc,2,-259144,0.007909821956519014,0.006556357635324805,0,0,0,0,0
0.35,800000,1029,11,35a6a67d36ac194257796fc97b438c95f17594c6df4a428a83560108a705fcd5,7e6bab01e9d6b0298352c3d96c8f671d95a236c9e60e60360e5c70a016b1f97e,Fixed-Dc,3,12965,-0.00012121368546541555,-0.00019195251098830246,0,0,0,0,0
0.35,800000,1029,11,35a6a67d36ac194257796fc97b438c95f17594c6df4a428a83560108a705fcd5,7e6bab01e9d6b0298352c3d96c8f671d95a236c9e60e60360e5c70a016b1f97e,Fixed-Dc,4,12965,-3.628976974440201e-05,-0.00011041375565751244,0,0,0,0,0
0.35,800000,1029,11,35a6a67d36ac194257796fc97b438c95f17594c6df4a428a83560108a705fcd5,7e6bab01e9d6b0298352c3d96c8f671d95a236c9e60e60360e5c70a016b1f97e,Decoupled,1,0,,,,,,0,0
0.35,800000,1029,11,35a6a67d36ac194257796fc97b438c95f17594c6df4a428a83560108a705fcd5,7e6bab01e9d6b0298352c3d96c8f671d95a236c9e60e60360e5c70a016b1f97e,Decoupled,2,-272109,,,,,,0,0
0.35,800000,1029,11,35a6a67d36ac194257796fc97b438c95f17594c6df4a428a83560108a705fcd5,7e6bab01e9d6b0298352c3d96c8f671d95a236c9e60e60360e5c70a016b1f97e,Decoupled,3,272109,,,,,,0,0
0.35,800000,1029,11,35a6a67d36ac194257796fc97b438c95f17594c6df4a428a83560108a705fcd5,7e6bab01e9d6b0298352c3d96c8f671d95a236c9e60e60360e5c70a016b1f97e,Decoupled,4,0,,,,,,0,0
0.35,800000,1030,7,243a880d1cccead2f81325735c6161a3d3ae26bc375b08c0b33ebbb9631c591c,7e6bab01e9d6b0298352c3d96c8f671d95a236c9e60e60360e5c70a016b1f97e,No-Dq-R,1,0,0.0,0.0,0.0,0,0,0,0
0.35,800000,1030,7,243a880d1cccead2f81325735c6161a3d3ae26bc375b08c0b33ebbb9631c591c,7e6bab01e9d6b0298352c3d96c8f671d95a236c9e60e60360e5c70a016b1f97e,No-Dq-R,2,-701077,0.045796710796885964,0.04429411779049891,0.5122203447849208,0,0,0,0
0.35,800000,1030,7,243a880d1cccead2f81325735c6161a3d3ae26bc375b08c0b33ebbb9631c591c,7e6bab01e9d6b0298352c3d96c8f671d95a236c9e60e60360e5c70a016b1f97e,No-Dq-R,3,-1600000,0.06912469436576968,0.06311589691596853,0,0,0,0,0
0.35,800000,1030,7,243a880d1cccead2f81325735c6161a3d3ae26bc375b08c0b33ebbb9631c591c,7e6bab01e9d6b0298352c3d96c8f671d95a236c9e60e60360e5c70a016b1f97e,No-Dq-R,4,-2354286,0.045845800685547555,0.055031107853797556,0.0,0,0,1,0
0.35,800000,1030,7,243a880d1cccead2f81325735c6161a3d3ae26bc375b08c0b33ebbb9631c591c,7e6bab01e9d6b0298352c3d96c8f671d95a236c9e60e60360e5c70a016b1f97e,Fixed-Dc,1,-797958,0.03717116513085594,0.03401936285059792,0.0,0,0,0,0
0.35,800000,1030,7,243a880d1cccead2f81325735c6161a3d3ae26bc375b08c0b33ebbb9631c591c,7e6bab01e9d6b0298352c3d96c8f671d95a236c9e60e60360e5c70a016b1f97e,Fixed-Dc,2,12965,-0.0004022436652736383,-0.0003353217229670191,0,0,0,0,0
0.35,800000,1030,7,243a880d1cccead2f81325735c6161a3d3ae26bc375b08c0b33ebbb9631c591c,7e6bab01e9d6b0298352c3d96c8f671d95a236c9e60e60360e5c70a016b1f97e,Fixed-Dc,3,12965,-0.00027226355259524215,-0.00019195251098830246,0,0,0,0,0
0.35,800000,1030,7,243a880d1cccead2f81325735c6161a3d3ae26bc375b08c0b33ebbb9631c591c,7e6bab01e9d6b0298352c3d96c8f671d95a236c9e60e60360e5c70a016b1f97e,Fixed-Dc,4,-706530,0.0016360156857230246,0.005715642125816434,0.0,0,0,1,0
0.35,800000,1030,7,243a880d1cccead2f81325735c6161a3d3ae26bc375b08c0b33ebbb9631c591c,7e6bab01e9d6b0298352c3d96c8f671d95a236c9e60e60360e5c70a016b1f97e,Decoupled,1,0,,,,,,0,0
0.35,800000,1030,7,243a880d1cccead2f81325735c6161a3d3ae26bc375b08c0b33ebbb9631c591c,7e6bab01e9d6b0298352c3d96c8f671d95a236c9e60e60360e5c70a016b1f97e,Decoupled,2,98923,,,,,,0,0
0.35,800000,1030,7,243a880d1cccead2f81325735c6161a3d3ae26bc375b08c0b33ebbb9631c591c,7e6bab01e9d6b0298352c3d96c8f671d95a236c9e60e60360e5c70a016b1f97e,Decoupled,3,0,,,,,,0,0
0.35,800000,1030,7,243a880d1cccead2f81325735c6161a3d3ae26bc375b08c0b33ebbb9631c591c,7e6bab01e9d6b0298352c3d96c8f671d95a236c9e60e60360e5c70a016b1f97e,Decoupled,4,45714,,,,,,0,0
0.35,800000,1030,11,243a880d1cccead2f81325735c6161a3d3ae26bc375b08c0b33ebbb9631c591c,7e6bab01e9d6b0298352c3d96c8f671d95a236c9e60e60360e5c70a016b1f97e,No-Dq-R,1,0,0.0,0.0,0.0,0,0,0,0
0.35,800000,1030,11,243a880d1cccead2f81325735c6161a3d3ae26bc375b08c0b33ebbb9631c591c,7e6bab01e9d6b0298352c3d96c8f671d95a236c9e60e60360e5c70a016b1f97e,No-Dq-R,2,-701077,0.045796710796885964,0.04429411779049891,0.5122203447849208,0,0,0,0
0.35,800000,1030,11,243a880d1cccead2f81325735c6161a3d3ae26bc375b08c0b33ebbb9631c591c,7e6bab01e9d6b0298352c3d96c8f671d95a236c9e60e60360e5c70a016b1f97e,No-Dq-R,3,-1600000,0.05797731082766472,0.06311589691596853,0,0,0,0,0
0.35,800000,1030,11,243a880d1cccead2f81325735c6161a3d3ae26bc375b08c0b33ebbb9631c591c,7e6bab01e9d6b0298352c3d96c8f671d95a236c9e60e60360e5c70a016b1f97e,No-Dq-R,4,-2354286,0.045845800685547555,0.055031107853797556,0.0,0,0,1,0
0.35,800000,1030,11,243a880d1cccead2f81325735c6161a3d3ae26bc375b08c0b33ebbb9631c591c,7e6bab01e9d6b0298352c3d96c8f671d95a236c9e60e60360e5c70a016b1f97e,Fixed-Dc,1,-797958,0.030959864987222252,0.03401936285059792,0.0,0,0,0,0
0.35,800000,1030,11,243a880d1cccead2f81325735c6161a3d3ae26bc375b08c0b33ebbb9631c591c,7e6bab01e9d6b0298352c3d96c8f671d95a236c9e60e60360e5c70a016b1f97e,Fixed-Dc,2,12965,-0.0004022436652736383,-0.0003353217229670191,0,0,0,0,0
0.35,800000,1030,11,243a880d1cccead2f81325735c6161a3d3ae26bc375b08c0b33ebbb9631c591c,7e6bab01e9d6b0298352c3d96c8f671d95a236c9e60e60360e5c70a016b1f97e,Fixed-Dc,3,12965,-0.00012121368546541555,-0.00019195251098830246,0,0,0,0,0
0.35,800000,1030,11,243a880d1cccead2f81325735c6161a3d3ae26bc375b08c0b33ebbb9631c591c,7e6bab01e9d6b0298352c3d96c8f671d95a236c9e60e60360e5c70a016b1f97e,Fixed-Dc,4,-706530,0.0016360156857230246,0.005715642125816434,0.0,0,0,1,0
0.35,800000,1030,11,243a880d1cccead2f81325735c6161a3d3ae26bc375b08c0b33ebbb9631c591c,7e6bab01e9d6b0298352c3d96c8f671d95a236c9e60e60360e5c70a016b1f97e,Decoupled,1,0,,,,,,0,0
0.35,800000,1030,11,243a880d1cccead2f81325735c6161a3d3ae26bc375b08c0b33ebbb9631c591c,7e6bab01e9d6b0298352c3d96c8f671d95a236c9e60e60360e5c70a016b1f97e,Decoupled,2,98923,,,,,,0,0
0.35,800000,1030,11,243a880d1cccead2f81325735c6161a3d3ae26bc375b08c0b33ebbb9631c591c,7e6bab01e9d6b0298352c3d96c8f671d95a236c9e60e60360e5c70a016b1f97e,Decoupled,3,0,,,,,,0,0
0.35,800000,1030,11,243a880d1cccead2f81325735c6161a3d3ae26bc375b08c0b33ebbb9631c591c,7e6bab01e9d6b0298352c3d96c8f671d95a236c9e60e60360e5c70a016b1f97e,Decoupled,4,45714,,,,,,0,0
0.35,800000,1031,7,e2894cfe546a8b349a2a1a4dd16c699f4945c38926055b51c97dddb7f664210b,7e6bab01e9d6b0298352c3d96c8f671d95a236c9e60e60360e5c70a016b1f97e,No-Dq-R,1,0,0.0,0.0,0.0,0,0,0,0
0.35,800000,1031,7,e2894cfe546a8b349a2a1a4dd16c699f4945c38926055b51c97dddb7f664210b,7e6bab01e9d6b0298352c3d96c8f671d95a236c9e60e60360e5c70a016b1f97e,No-Dq-R,2,-800000,0.049612584460204445,0.047663681628712706,0.9999999999999994,1,0,0,0
0.35,800000,1031,7,e2894cfe546a8b349a2a1a4dd16c699f4945c38926055b51c97dddb7f664210b,7e6bab01e9d6b0298352c3d96c8f671d95a236c9e60e60360e5c70a016b1f97e,No-Dq-R,3,-1600000,0.06912469436576968,0.06311589691596853,0,0,0,0,0
0.35,800000,1031,7,e2894cfe546a8b349a2a1a4dd16c699f4945c38926055b51c97dddb7f664210b,7e6bab01e9d6b0298352c3d96c8f671d95a236c9e60e60360e5c70a016b1f97e,No-Dq-R,4,-2354286,0.04868976674638237,0.05775954129071614,0,0,0,0,0
0.35,800000,1031,7,e2894cfe546a8b349a2a1a4dd16c699f4945c38926055b51c97dddb7f664210b,7e6bab01e9d6b0298352c3d96c8f671d95a236c9e60e60360e5c70a016b1f97e,Fixed-Dc,1,-522005,0.024786425075246976,0.022769911061990222,0.0,0,0,0,0
0.35,800000,1031,7,e2894cfe546a8b349a2a1a4dd16c699f4945c38926055b51c97dddb7f664210b,7e6bab01e9d6b0298352c3d96c8f671d95a236c9e60e60360e5c70a016b1f97e,Fixed-Dc,2,12965,-0.0004022436652736383,-0.0003353217229670191,0,0,0,0,0
0.35,800000,1031,7,e2894cfe546a8b349a2a1a4dd16c699f4945c38926055b51c97dddb7f664210b,7e6bab01e9d6b0298352c3d96c8f671d95a236c9e60e60360e5c70a016b1f97e,Fixed-Dc,3,12965,-0.00027226355259524215,-0.00019195251098830246,0,0,0,0,0
0.35,800000,1031,7,e2894cfe546a8b349a2a1a4dd16c699f4945c38926055b51c97dddb7f664210b,7e6bab01e9d6b0298352c3d96c8f671d95a236c9e60e60360e5c70a016b1f97e,Fixed-Dc,4,-430577,0.0010746762274904675,0.0035519059006514087,0,0,0,0,0
0.35,800000,1031,7,e2894cfe546a8b349a2a1a4dd16c699f4945c38926055b51c97dddb7f664210b,7e6bab01e9d6b0298352c3d96c8f671d95a236c9e60e60360e5c70a016b1f97e,Decoupled,1,0,,,,,,0,0
0.35,800000,1031,7,e2894cfe546a8b349a2a1a4dd16c699f4945c38926055b51c97dddb7f664210b,7e6bab01e9d6b0298352c3d96c8f671d95a236c9e60e60360e5c70a016b1f97e,Decoupled,2,0,,,,,,0,0
0.35,800000,1031,7,e2894cfe546a8b349a2a1a4dd16c699f4945c38926055b51c97dddb7f664210b,7e6bab01e9d6b0298352c3d96c8f671d95a236c9e60e60360e5c70a016b1f97e,Decoupled,3,0,,,,,,0,0
0.35,800000,1031,7,e2894cfe546a8b349a2a1a4dd16c699f4945c38926055b51c97dddb7f664210b,7e6bab01e9d6b0298352c3d96c8f671d95a236c9e60e60360e5c70a016b1f97e,Decoupled,4,45714,,,,,,0,0
0.35,800000,1031,11,e2894cfe546a8b349a2a1a4dd16c699f4945c38926055b51c97dddb7f664210b,7e6bab01e9d6b0298352c3d96c8f671d95a236c9e60e60360e5c70a016b1f97e,No-Dq-R,1,0,0.0,0.0,0.0,0,0,0,0
0.35,800000,1031,11,e2894cfe546a8b349a2a1a4dd16c699f4945c38926055b51c97dddb7f664210b,7e6bab01e9d6b0298352c3d96c8f671d95a236c9e60e60360e5c70a016b1f97e,No-Dq-R,2,-800000,0.049612584460204445,0.047663681628712706,0.9999999999999994,1,0,0,0
0.35,800000,1031,11,e2894cfe546a8b349a2a1a4dd16c699f4945c38926055b51c97dddb7f664210b,7e6bab01e9d6b0298352c3d96c8f671d95a236c9e60e60360e5c70a016b1f97e,No-Dq-R,3,-1600000,0.05797731082766472,0.06311589691596853,0,0,0,0,0
0.35,800000,1031,11,e2894cfe546a8b349a2a1a4dd16c699f4945c38926055b51c97dddb7f664210b,7e6bab01e9d6b0298352c3d96c8f671d95a236c9e60e60360e5c70a016b1f97e,No-Dq-R,4,-2354286,0.04868976674638237,0.05775954129071614,0,0,0,0,0
0.35,800000,1031,11,e2894cfe546a8b349a2a1a4dd16c699f4945c38926055b51c97dddb7f664210b,7e6bab01e9d6b0298352c3d96c8f671d95a236c9e60e60360e5c70a016b1f97e,Fixed-Dc,1,-522005,0.020812453148570498,0.022769911061990222,0.0,0,0,0,0
0.35,800000,1031,11,e2894cfe546a8b349a2a1a4dd16c699f4945c38926055b51c97dddb7f664210b,7e6bab01e9d6b0298352c3d96c8f671d95a236c9e60e60360e5c70a016b1f97e,Fixed-Dc,2,12965,-0.0004022436652736383,-0.0003353217229670191,0,0,0,0,0
0.35,800000,1031,11,e2894cfe546a8b349a2a1a4dd16c699f4945c38926055b51c97dddb7f664210b,7e6bab01e9d6b0298352c3d96c8f671d95a236c9e60e60360e5c70a016b1f97e,Fixed-Dc,3,12965,-0.00012121368546541555,-0.00019195251098830246,0,0,0,0,0
0.35,800000,1031,11,e2894cfe546a8b349a2a1a4dd16c699f4945c38926055b51c97dddb7f664210b,7e6bab01e9d6b0298352c3d96c8f671d95a236c9e60e60360e5c70a016b1f97e,Fixed-Dc,4,-430577,0.0010746762274904675,0.0035519059006514087,0,0,0,0,0
0.35,800000,1031,11,e2894cfe546a8b349a2a1a4dd16c699f4945c38926055b51c97dddb7f664210b,7e6bab01e9d6b0298352c3d96c8f671d95a236c9e60e60360e5c70a016b1f97e,Decoupled,1,0,,,,,,0,0
0.35,800000,1031,11,e2894cfe546a8b349a2a1a4dd16c699f4945c38926055b51c97dddb7f664210b,7e6bab01e9d6b0298352c3d96c8f671d95a236c9e60e60360e5c70a016b1f97e,Decoupled,2,0,,,,,,0,0
0.35,800000,1031,11,e2894cfe546a8b349a2a1a4dd16c699f4945c38926055b51c97dddb7f664210b,7e6bab01e9d6b0298352c3d96c8f671d95a236c9e60e60360e5c70a016b1f97e,Decoupled,3,0,,,,,,0,0
0.35,800000,1031,11,e2894cfe546a8b349a2a1a4dd16c699f4945c38926055b51c97dddb7f664210b,7e6bab01e9d6b0298352c3d96c8f671d95a236c9e60e60360e5c70a016b1f97e,Decoupled,4,45714,,,,,,0,0
0.35,2000000,1000,7,3b84cecc11c4a756b1b3e0e9470bc59d69e9d0e179772b0752d366443508b26a,7e6bab01e9d6b0298352c3d96c8f671d95a236c9e60e60360e5c70a016b1f97e,No-Dq-R,1,0,0.0,0.0,0.0,0,0,0,0
0.35,2000000,1000,7,3b84cecc11c4a756b1b3e0e9470bc59d69e9d0e179772b0752d366443508b26a,7e6bab01e9d6b0298352c3d96c8f671d95a236c9e60e60360e5c70a016b1f97e,No-Dq-R,2,0,0.0,0.0,0,0,0,0,0
0.35,2000000,1000,7,3b84cecc11c4a756b1b3e0e9470bc59d69e9d0e179772b0752d366443508b26a,7e6bab01e9d6b0298352c3d96c8f671d95a236c9e60e60360e5c70a016b1f97e,No-Dq-R,3,0,0.0,0.0,0,0,0,0,0
0.35,2000000,1000,7,3b84cecc11c4a756b1b3e0e9470bc59d69e9d0e179772b0752d366443508b26a,7e6bab01e9d6b0298352c3d96c8f671d95a236c9e60e60360e5c70a016b1f97e,No-Dq-R,4,0,0.0,0.0,0,0,0,0,0
0.35,2000000,1000,7,3b84cecc11c4a756b1b3e0e9470bc59d69e9d0e179772b0752d366443508b26a,7e6bab01e9d6b0298352c3d96c8f671d95a236c9e60e60360e5c70a016b1f97e,Fixed-Dc,1,-10296,0.0005069268529755977,0.00046888595745764317,0.0,0,0,0,0
0.35,2000000,1000,7,3b84cecc11c4a756b1b3e0e9470bc59d69e9d0e179772b0752d366443508b26a,7e6bab01e9d6b0298352c3d96c8f671d95a236c9e60e60360e5c70a016b1f97e,Fixed-Dc,2,-364582,0.009968932678929565,0.007952079156161529,0,0,0,0,0
0.35,2000000,1000,7,3b84cecc11c4a756b1b3e0e9470bc59d69e9d0e179772b0752d366443508b26a,7e6bab01e9d6b0298352c3d96c8f671d95a236c9e60e60360e5c70a016b1f97e,Fixed-Dc,3,-718868,0.003550941932565832,0.007647974905455768,0,0,0,0,0
0.35,2000000,1000,7,3b84cecc11c4a756b1b3e0e9470bc59d69e9d0e179772b0752d366443508b26a,7e6bab01e9d6b0298352c3d96c8f671d95a236c9e60e60360e5c70a016b1f97e,Fixed-Dc,4,12965,1.8877786072679648e-06,-7.261431842237043e-05,0,0,0,0,0
0.35,2000000,1000,7,3b84cecc11c4a756b1b3e0e9470bc59d69e9d0e179772b0752d366443508b26a,7e6bab01e9d6b0298352c3d96c8f671d95a236c9e60e60360e5c70a016b1f97e,Decoupled,1,0,,,,,,0,0
0.35,2000000,1000,7,3b84cecc11c4a756b1b3e0e9470bc59d69e9d0e179772b0752d366443508b26a,7e6bab01e9d6b0298352c3d96c8f671d95a236c9e60e60360e5c70a016b1f97e,Decoupled,2,0,,,,,,0,0
0.35,2000000,1000,7,3b84cecc11c4a756b1b3e0e9470bc59d69e9d0e179772b0752d366443508b26a,7e6bab01e9d6b0298352c3d96c8f671d95a236c9e60e60360e5c70a016b1f97e,Decoupled,3,0,,,,,,0,0
0.35,2000000,1000,7,3b84cecc11c4a756b1b3e0e9470bc59d69e9d0e179772b0752d366443508b26a,7e6bab01e9d6b0298352c3d96c8f671d95a236c9e60e60360e5c70a016b1f97e,Decoupled,4,0,,,,,,0,0
0.35,2000000,1000,11,3b84cecc11c4a756b1b3e0e9470bc59d69e9d0e179772b0752d366443508b26a,7e6bab01e9d6b0298352c3d96c8f671d95a236c9e60e60360e5c70a016b1f97e,No-Dq-R,1,0,0.0,0.0,0.0,0,0,0,0
0.35,2000000,1000,11,3b84cecc11c4a756b1b3e0e9470bc59d69e9d0e179772b0752d366443508b26a,7e6bab01e9d6b0298352c3d96c8f671d95a236c9e60e60360e5c70a016b1f97e,No-Dq-R,2,0,0.0,0.0,0,0,0,0,0
0.35,2000000,1000,11,3b84cecc11c4a756b1b3e0e9470bc59d69e9d0e179772b0752d366443508b26a,7e6bab01e9d6b0298352c3d96c8f671d95a236c9e60e60360e5c70a016b1f97e,No-Dq-R,3,0,0.0,0.0,0,0,0,0,0
0.35,2000000,1000,11,3b84cecc11c4a756b1b3e0e9470bc59d69e9d0e179772b0752d366443508b26a,7e6bab01e9d6b0298352c3d96c8f671d95a236c9e60e60360e5c70a016b1f97e,No-Dq-R,4,0,0.0,0.0,0,0,0,0,0
0.35,2000000,1000,11,3b84cecc11c4a756b1b3e0e9470bc59d69e9d0e179772b0752d366443508b26a,7e6bab01e9d6b0298352c3d96c8f671d95a236c9e60e60360e5c70a016b1f97e,Fixed-Dc,1,-10296,0.0004319591364806419,0.00046888595745764317,0.0,0,0,0,0
0.35,2000000,1000,11,3b84cecc11c4a756b1b3e0e9470bc59d69e9d0e179772b0752d366443508b26a,7e6bab01e9d6b0298352c3d96c8f671d95a236c9e60e60360e5c70a016b1f97e,Fixed-Dc,2,-364582,0.009968932678929565,0.007952079156161529,0,0,0,0,0
0.35,2000000,1000,11,3b84cecc11c4a756b1b3e0e9470bc59d69e9d0e179772b0752d366443508b26a,7e6bab01e9d6b0298352c3d96c8f671d95a236c9e60e60360e5c70a016b1f97e,Fixed-Dc,3,-718868,0.003550941932565832,0.007647974905455768,0,0,0,0,0
0.35,2000000,1000,11,3b84cecc11c4a756b1b3e0e9470bc59d69e9d0e179772b0752d366443508b26a,7e6bab01e9d6b0298352c3d96c8f671d95a236c9e60e60360e5c70a016b1f97e,Fixed-Dc,4,12965,1.8877786072679648e-06,-7.261431842237043e-05,0,0,0,0,0
0.35,2000000,1000,11,3b84cecc11c4a756b1b3e0e9470bc59d69e9d0e179772b0752d366443508b26a,7e6bab01e9d6b0298352c3d96c8f671d95a236c9e60e60360e5c70a016b1f97e,Decoupled,1,0,,,,,,0,0
0.35,2000000,1000,11,3b84cecc11c4a756b1b3e0e9470bc59d69e9d0e179772b0752d366443508b26a,7e6bab01e9d6b0298352c3d96c8f671d95a236c9e60e60360e5c70a016b1f97e,Decoupled,2,0,,,,,,0,0
0.35,2000000,1000,11,3b84cecc11c4a756b1b3e0e9470bc59d69e9d0e179772b0752d366443508b26a,7e6bab01e9d6b0298352c3d96c8f671d95a236c9e60e60360e5c70a016b1f97e,Decoupled,3,0,,,,,,0,0
0.35,2000000,1000,11,3b84cecc11c4a756b1b3e0e9470bc59d69e9d0e179772b0752d366443508b26a,7e6bab01e9d6b0298352c3d96c8f671d95a236c9e60e60360e5c70a016b1f97e,Decoupled,4,0,,,,,,0,0
0.35,2000000,1001,7,2991be74903679c1168abe533fd73fd00cfed48d41dd252800f03e315a1aa544,7e6bab01e9d6b0298352c3d96c8f671d95a236c9e60e60360e5c70a016b1f97e,No-Dq-R,1,0,0.0,0.0,0.0,0,0,0,0
0.35,2000000,1001,7,2991be74903679c1168abe533fd73fd00cfed48d41dd252800f03e315a1aa544,7e6bab01e9d6b0298352c3d96c8f671d95a236c9e60e60360e5c70a016b1f97e,No-Dq-R,2,0,0.0,0.0,0,0,0,0,0
0.35,2000000,1001,7,2991be74903679c1168abe533fd73fd00cfed48d41dd252800f03e315a1aa544,7e6bab01e9d6b0298352c3d96c8f671d95a236c9e60e60360e5c70a016b1f97e,No-Dq-R,3,0,0.0,0.0,0,0,0,0,0
0.35,2000000,1001,7,2991be74903679c1168abe533fd73fd00cfed48d41dd252800f03e315a1aa544,7e6bab01e9d6b0298352c3d96c8f671d95a236c9e60e60360e5c70a016b1f97e,No-Dq-R,4,0,0.0,0.0,0,0,0,0,0
0.35,2000000,1001,7,2991be74903679c1168abe533fd73fd00cfed48d41dd252800f03e315a1aa544,7e6bab01e9d6b0298352c3d96c8f671d95a236c9e60e60360e5c70a016b1f97e,Fixed-Dc,1,12965,-0.0006394031017732393,-0.000591603153459408,0.0,0,0,0,0
0.35,2000000,1001,7,2991be74903679c1168abe533fd73fd00cfed48d41dd252800f03e315a1aa544,7e6bab01e9d6b0298352c3d96c8f671d95a236c9e60e60360e5c70a016b1f97e,Fixed-Dc,2,12965,-0.0003621663150976673,-0.0002914326773670872,0,0,0,0,0
0.35,2000000,1001,7,2991be74903679c1168abe533fd73fd00cfed48d41dd252800f03e315a1aa544,7e6bab01e9d6b0298352c3d96c8f671d95a236c9e60e60360e5c70a016b1f97e,Fixed-Dc,3,12965,-7.264721023014786e-05,-0.0001455767681869391,0,0,0,0,0
0.35,2000000,1001,7,2991be74903679c1168abe533fd73fd00cfed48d41dd252800f03e315a1aa544,7e6bab01e9d6b0298352c3d96c8f671d95a236c9e60e60360e5c70a016b1f97e,Fixed-Dc,4,12965,1.8877786072679648e-06,-7.261431842237043e-05,0,0,0,0,0
0.35,2000000,1001,7,2991be74903679c1168abe533fd73fd00cfed48d41dd252800f03e315a1aa544,7e6bab01e9d6b0298352c3d96c8f671d95a236c9e60e60360e5c70a016b1f97e,Decoupled,1,0,,,,,,0,0
0.35,2000000,1001,7,2991be74903679c1168abe533fd73fd00cfed48d41dd252800f03e315a1aa544,7e6bab01e9d6b0298352c3d96c8f671d95a236c9e60e60360e5c70a016b1f97e,Decoupled,2,0,,,,,,0,0
0.35,2000000,1001,7,2991be74903679c1168abe533fd73fd00cfed48d41dd252800f03e315a1aa544,7e6bab01e9d6b0298352c3d96c8f671d95a236c9e60e60360e5c70a016b1f97e,Decoupled,3,0,,,,,,0,0
0.35,2000000,1001,7,2991be74903679c1168abe533fd73fd00cfed48d41dd252800f03e315a1aa544,7e6bab01e9d6b0298352c3d96c8f671d95a236c9e60e60360e5c70a016b1f97e,Decoupled,4,0,,,,,,0,0
0.35,2000000,1001,11,2991be74903679c1168abe533fd73fd00cfed48d41dd252800f03e315a1aa544,7e6bab01e9d6b0298352c3d96c8f671d95a236c9e60e60360e5c70a016b1f97e,No-Dq-R,1,0,0.0,0.0,0.0,0,0,0,0
0.35,2000000,1001,11,2991be74903679c1168abe533fd73fd00cfed48d41dd252800f03e315a1aa544,7e6bab01e9d6b0298352c3d96c8f671d95a236c9e60e60360e5c70a016b1f97e,No-Dq-R,2,0,0.0,0.0,0,0,0,0,0
0.35,2000000,1001,11,2991be74903679c1168abe533fd73fd00cfed48d41dd252800f03e315a1aa544,7e6bab01e9d6b0298352c3d96c8f671d95a236c9e60e60360e5c70a016b1f97e,No-Dq-R,3,0,0.0,0.0,0,0,0,0,0
0.35,2000000,1001,11,2991be74903679c1168abe533fd73fd00cfed48d41dd252800f03e315a1aa544,7e6bab01e9d6b0298352c3d96c8f671d95a236c9e60e60360e5c70a016b1f97e,No-Dq-R,4,0,0.0,0.0,0,0,0,0,0
0.35,2000000,1001,11,2991be74903679c1168abe533fd73fd00cfed48d41dd252800f03e315a1aa544,7e6bab01e9d6b0298352c3d96c8f671d95a236c9e60e60360e5c70a016b1f97e,Fixed-Dc,1,12965,-0.0005452030855833678,-0.000591603153459408,0.0,0,0,0,0
0.35,2000000,1001,11,2991be74903679c1168abe533fd73fd00cfed48d41dd252800f03e315a1aa544,7e6bab01e9d6b0298352c3d96c8f671d95a236c9e60e60360e5c70a016b1f97e,Fixed-Dc,2,12965,-0.0003621663150976673,-0.0002914326773670872,0,0,0,0,0
0.35,2000000,1001,11,2991be74903679c1168abe533fd73fd00cfed48d41dd252800f03e315a1aa544,7e6bab01e9d6b0298352c3d96c8f671d95a236c9e60e60360e5c70a016b1f97e,Fixed-Dc,3,12965,-7.264721023014786e-05,-0.0001455767681869391,0,0,0,0,0
0.35,2000000,1001,11,2991be74903679c1168abe533fd73fd00cfed48d41dd252800f03e315a1aa544,7e6bab01e9d6b0298352c3d96c8f671d95a236c9e60e60360e5c70a016b1f97e,Fixed-Dc,4,12965,1.8877786072679648e-06,-7.261431842237043e-05,0,0,0,0,0
0.35,2000000,1001,11,2991be74903679c1168abe533fd73fd00cfed48d41dd252800f03e315a1aa544,7e6bab01e9d6b0298352c3d96c8f671d95a236c9e60e60360e5c70a016b1f97e,Decoupled,1,0,,,,,,0,0
0.35,2000000,1001,11,2991be74903679c1168abe533fd73fd00cfed48d41dd252800f03e315a1aa544,7e6bab01e9d6b0298352c3d96c8f671d95a236c9e60e60360e5c70a016b1f97e,Decoupled,2,0,,,,,,0,0
0.35,2000000,1001,11,2991be74903679c1168abe533fd73fd00cfed48d41dd252800f03e315a1aa544,7e6bab01e9d6b0298352c3d96c8f671d95a236c9e60e60360e5c70a016b1f97e,Decoupled,3,0,,,,,,0,0
0.35,2000000,1001,11,2991be74903679c1168abe533fd73fd00cfed48d41dd252800f03e315a1aa544,7e6bab01e9d6b0298352c3d96c8f671d95a236c9e60e60360e5c70a016b1f97e,Decoupled,4,0,,,,,,0,0
0.35,2000000,1002,7,28787c9300222ef09bb50d2251c88bfe71ebcddf5b7924558ae860e8effee76a,7e6bab01e9d6b0298352c3d96c8f671d95a236c9e60e60360e5c70a016b1f97e,No-Dq-R,1,0,0.0,0.0,0.0,0,0,0,0
0.35,2000000,1002,7,28787c9300222ef09bb50d2251c88bfe71ebcddf5b7924558ae860e8effee76a,7e6bab01e9d6b0298352c3d96c8f671d95a236c9e60e60360e5c70a016b1f97e,No-Dq-R,2,0,0.0,0.0,0,0,0,0,0
0.35,2000000,1002,7,28787c9300222ef09bb50d2251c88bfe71ebcddf5b7924558ae860e8effee76a,7e6bab01e9d6b0298352c3d96c8f671d95a236c9e60e60360e5c70a016b1f97e,No-Dq-R,3,0,0.0,0.0,0,0,0,0,0
0.35,2000000,1002,7,28787c9300222ef09bb50d2251c88bfe71ebcddf5b7924558ae860e8effee76a,7e6bab01e9d6b0298352c3d96c8f671d95a236c9e60e60360e5c70a016b1f97e,No-Dq-R,4,0,0.0,0.0,0,0,0,0,0
0.35,2000000,1002,7,28787c9300222ef09bb50d2251c88bfe71ebcddf5b7924558ae860e8effee76a,7e6bab01e9d6b0298352c3d96c8f671d95a236c9e60e60360e5c70a016b1f97e,Fixed-Dc,1,-396050,0.018972471038441574,0.01745857695931241,0.0,0,0,0,0
0.35,2000000,1002,7,28787c9300222ef09bb50d2251c88bfe71ebcddf5b7924558ae860e8effee76a,7e6bab01e9d6b0298352c3d96c8f671d95a236c9e60e60360e5c70a016b1f97e,Fixed-Dc,2,-750336,0.020083833578497468,0.01587741352304206,0,0,0,0,0
0.35,2000000,1002,7,28787c9300222ef09bb50d2251c88bfe71ebcddf5b7924558ae860e8effee76a,7e6bab01e9d6b0298352c3d96c8f671d95a236c9e60e60360e5c70a016b1f97e,Fixed-Dc,3,12965,-7.264721023014786e-05,-0.0001455767681869391,0,0,0,0,0
0.35,2000000,1002,7,28787c9300222ef09bb50d2251c88bfe71ebcddf5b7924558ae860e8effee76a,7e6bab01e9d6b0298352c3d96c8f671d95a236c9e60e60360e5c70a016b1f97e,Fixed-Dc,4,12965,1.8877786072679648e-06,-7.261431842237043e-05,0,0,0,0,0
0.35,2000000,1002,7,28787c9300222ef09bb50d2251c88bfe71ebcddf5b7924558ae860e8effee76a,7e6bab01e9d6b0298352c3d96c8f671d95a236c9e60e60360e5c70a016b1f97e,Decoupled,1,0,,,,,,0,0
0.35,2000000,1002,7,28787c9300222ef09bb50d2251c88bfe71ebcddf5b7924558ae860e8effee76a,7e6bab01e9d6b0298352c3d96c8f671d95a236c9e60e60360e5c70a016b1f97e,Decoupled,2,0,,,,,,0,0
0.35,2000000,1002,7,28787c9300222ef09bb50d2251c88bfe71ebcddf5b7924558ae860e8effee76a,7e6bab01e9d6b0298352c3d96c8f671d95a236c9e60e60360e5c70a016b1f97e,Decoupled,3,0,,,,,,0,0
0.35,2000000,1002,7,28787c9300222ef09bb50d2251c88bfe71ebcddf5b7924558ae860e8effee76a,7e6bab01e9d6b0298352c3d96c8f671d95a236c9e60e60360e5c70a016b1f97e,Decoupled,4,0,,,,,,0,0
0.35,2000000,1002,11,28787c9300222ef09bb50d2251c88bfe71ebcddf5b7924558ae860e8effee76a,7e6bab01e9d6b0298352c3d96c8f671d95a236c9e60e60360e5c70a016b1f97e,No-Dq-R,1,0,0.0,0.0,0.0,0,0,0,0
0.35,2000000,1002,11,28787c9300222ef09bb50d2251c88bfe71ebcddf5b7924558ae860e8effee76a,7e6bab01e9d6b0298352c3d96c8f671d95a236c9e60e60360e5c70a016b1f97e,No-Dq-R,2,0,0.0,0.0,0,0,0,0,0
0.35,2000000,1002,11,28787c9300222ef09bb50d2251c88bfe71ebcddf5b7924558ae860e8effee76a,7e6bab01e9d6b0298352c3d96c8f671d95a236c9e60e60360e5c70a016b1f97e,No-Dq-R,3,0,0.0,0.0,0,0,0,0,0
0.35,2000000,1002,11,28787c9300222ef09bb50d2251c88bfe71ebcddf5b7924558ae860e8effee76a,7e6bab01e9d6b0298352c3d96c8f671d95a236c9e60e60360e5c70a016b1f97e,No-Dq-R,4,0,0.0,0.0,0,0,0,0,0
0.35,2000000,1002,11,28787c9300222ef09bb50d2251c88bfe71ebcddf5b7924558ae860e8effee76a,7e6bab01e9d6b0298352c3d96c8f671d95a236c9e60e60360e5c70a016b1f97e,Fixed-Dc,1,-396050,0.015989019135369986,0.01745857695931241,0.0,0,0,0,0
0.35,2000000,1002,11,28787c9300222ef09bb50d2251c88bfe71ebcddf5b7924558ae860e8effee76a,7e6bab01e9d6b0298352c3d96c8f671d95a236c9e60e60360e5c70a016b1f97e,Fixed-Dc,2,-750336,0.020083833578497468,0.01587741352304206,0,0,0,0,0
0.35,2000000,1002,11,28787c9300222ef09bb50d2251c88bfe71ebcddf5b7924558ae860e8effee76a,7e6bab01e9d6b0298352c3d96c8f671d95a236c9e60e60360e5c70a016b1f97e,Fixed-Dc,3,12965,-7.264721023014786e-05,-0.0001455767681869391,0,0,0,0,0
0.35,2000000,1002,11,28787c9300222ef09bb50d2251c88bfe71ebcddf5b7924558ae860e8effee76a,7e6bab01e9d6b0298352c3d96c8f671d95a236c9e60e60360e5c70a016b1f97e,Fixed-Dc,4,12965,1.8877786072679648e-06,-7.261431842237043e-05,0,0,0,0,0
0.35,2000000,1002,11,28787c9300222ef09bb50d2251c88bfe71ebcddf5b7924558ae860e8effee76a,7e6bab01e9d6b0298352c3d96c8f671d95a236c9e60e60360e5c70a016b1f97e,Decoupled,1,0,,,,,,0,0
0.35,2000000,1002,11,28787c9300222ef09bb50d2251c88bfe71ebcddf5b7924558ae860e8effee76a,7e6bab01e9d6b0298352c3d96c8f671d95a236c9e60e60360e5c70a016b1f97e,Decoupled,2,0,,,,,,0,0
0.35,2000000,1002,11,28787c9300222ef09bb50d2251c88bfe71ebcddf5b7924558ae860e8effee76a,7e6bab01e9d6b0298352c3d96c8f671d95a236c9e60e60360e5c70a016b1f97e,Decoupled,3,0,,,,,,0,0
0.35,2000000,1002,11,28787c9300222ef09bb50d2251c88bfe71ebcddf5b7924558ae860e8effee76a,7e6bab01e9d6b0298352c3d96c8f671d95a236c9e60e60360e5c70a016b1f97e,Decoupled,4,0,,,,,,0,0
0.35,2000000,1003,7,cb7c48c6b35b31822b8c52f8d3e7fcaa951fcb990ded00148147e347b77eca82,7e6bab01e9d6b0298352c3d96c8f671d95a236c9e60e60360e5c70a016b1f97e,No-Dq-R,1,0,0.0,0.0,0.0,0,0,0,0
0.35,2000000,1003,7,cb7c48c6b35b31822b8c52f8d3e7fcaa951fcb990ded00148147e347b77eca82,7e6bab01e9d6b0298352c3d96c8f671d95a236c9e60e60360e5c70a016b1f97e,No-Dq-R,2,0,0.0,0.0,0,0,0,0,0
0.35,2000000,1003,7,cb7c48c6b35b31822b8c52f8d3e7fcaa951fcb990ded00148147e347b77eca82,7e6bab01e9d6b0298352c3d96c8f671d95a236c9e60e60360e5c70a016b1f97e,No-Dq-R,3,0,0.0,0.0,0,0,0,0,0
0.35,2000000,1003,7,cb7c48c6b35b31822b8c52f8d3e7fcaa951fcb990ded00148147e347b77eca82,7e6bab01e9d6b0298352c3d96c8f671d95a236c9e60e60360e5c70a016b1f97e,No-Dq-R,4,0,0.0,0.0,0,0,0,0,0
0.35,2000000,1003,7,cb7c48c6b35b31822b8c52f8d3e7fcaa951fcb990ded00148147e347b77eca82,7e6bab01e9d6b0298352c3d96c8f671d95a236c9e60e60360e5c70a016b1f97e,Fixed-Dc,1,-297036,0.01432897922412546,0.01320314948673007,0.0,0,0,0,0
0.35,2000000,1003,7,cb7c48c6b35b31822b8c52f8d3e7fcaa951fcb990ded00148147e347b77eca82,7e6bab01e9d6b0298352c3d96c8f671d95a236c9e60e60360e5c70a016b1f97e,Fixed-Dc,2,-651322,0.017528432151349138,0.013889240957814186,0,0,0,0,0
0.35,2000000,1003,7,cb7c48c6b35b31822b8c52f8d3e7fcaa951fcb990ded00148147e347b77eca82,7e6bab01e9d6b0298352c3d96c8f671d95a236c9e60e60360e5c70a016b1f97e,Fixed-Dc,3,12965,-7.264721023014786e-05,-0.0001455767681869391,0,0,0,0,0
0.35,2000000,1003,7,cb7c48c6b35b31822b8c52f8d3e7fcaa951fcb990ded00148147e347b77eca82,7e6bab01e9d6b0298352c3d96c8f671d95a236c9e60e60360e5c70a016b1f97e,Fixed-Dc,4,12965,1.8877786072679648e-06,-7.261431842237043e-05,0,0,0,0,0
0.35,2000000,1003,7,cb7c48c6b35b31822b8c52f8d3e7fcaa951fcb990ded00148147e347b77eca82,7e6bab01e9d6b0298352c3d96c8f671d95a236c9e60e60360e5c70a016b1f97e,Decoupled,1,0,,,,,,0,0
0.35,2000000,1003,7,cb7c48c6b35b31822b8c52f8d3e7fcaa951fcb990ded00148147e347b77eca82,7e6bab01e9d6b0298352c3d96c8f671d95a236c9e60e60360e5c70a016b1f97e,Decoupled,2,0,,,,,,0,0
0.35,2000000,1003,7,cb7c48c6b35b31822b8c52f8d3e7fcaa951fcb990ded00148147e347b77eca82,7e6bab01e9d6b0298352c3d96c8f671d95a236c9e60e60360e5c70a016b1f97e,Decoupled,3,0,,,,,,0,0
0.35,2000000,1003,7,cb7c48c6b35b31822b8c52f8d3e7fcaa951fcb990ded00148147e347b77eca82,7e6bab01e9d6b0298352c3d96c8f671d95a236c9e60e60360e5c70a016b1f97e,Decoupled,4,0,,,,,,0,0
0.35,2000000,1003,11,cb7c48c6b35b31822b8c52f8d3e7fcaa951fcb990ded00148147e347b77eca82,7e6bab01e9d6b0298352c3d96c8f671d95a236c9e60e60360e5c70a016b1f97e,No-Dq-R,1,0,0.0,0.0,0.0,0,0,0,0
0.35,2000000,1003,11,cb7c48c6b35b31822b8c52f8d3e7fcaa951fcb990ded00148147e347b77eca82,7e6bab01e9d6b0298352c3d96c8f671d95a236c9e60e60360e5c70a016b1f97e,No-Dq-R,2,0,0.0,0.0,0,0,0,0,0
0.35,2000000,1003,11,cb7c48c6b35b31822b8c52f8d3e7fcaa951fcb990ded00148147e347b77eca82,7e6bab01e9d6b0298352c3d96c8f671d95a236c9e60e60360e5c70a016b1f97e,No-Dq-R,3,0,0.0,0.0,0,0,0,0,0
0.35,2000000,1003,11,cb7c48c6b35b31822b8c52f8d3e7fcaa951fcb990ded00148147e347b77eca82,7e6bab01e9d6b0298352c3d96c8f671d95a236c9e60e60360e5c70a016b1f97e,No-Dq-R,4,0,0.0,0.0,0,0,0,0,0
0.35,2000000,1003,11,cb7c48c6b35b31822b8c52f8d3e7fcaa951fcb990ded00148147e347b77eca82,7e6bab01e9d6b0298352c3d96c8f671d95a236c9e60e60360e5c70a016b1f97e,Fixed-Dc,1,-297036,0.012110291061675937,0.01320314948673007,0.0,0,0,0,0
0.35,2000000,1003,11,cb7c48c6b35b31822b8c52f8d3e7fcaa951fcb990ded00148147e347b77eca82,7e6bab01e9d6b0298352c3d96c8f671d95a236c9e60e60360e5c70a016b1f97e,Fixed-Dc,2,-651322,0.017528432151349138,0.013889240957814186,0,0,0,0,0
0.35,2000000,1003,11,cb7c48c6b35b31822b8c52f8d3e7fcaa951fcb990ded00148147e347b77eca82,7e6bab01e9d6b0298352c3d96c8f671d95a236c9e60e60360e5c70a016b1f97e,Fixed-Dc,3,12965,-7.264721023014786e-05,-0.0001455767681869391,0,0,0,0,0
0.35,2000000,1003,11,cb7c48c6b35b31822b8c52f8d3e7fcaa951fcb990ded00148147e347b77eca82,7e6bab01e9d6b0298352c3d96c8f671d95a236c9e60e60360e5c70a016b1f97e,Fixed-Dc,4,12965,1.8877786072679648e-06,-7.261431842237043e-05,0,0,0,0,0
0.35,2000000,1003,11,cb7c48c6b35b31822b8c52f8d3e7fcaa951fcb990ded00148147e347b77eca82,7e6bab01e9d6b0298352c3d96c8f671d95a236c9e60e60360e5c70a016b1f97e,Decoupled,1,0,,,,,,0,0
0.35,2000000,1003,11,cb7c48c6b35b31822b8c52f8d3e7fcaa951fcb990ded00148147e347b77eca82,7e6bab01e9d6b0298352c3d96c8f671d95a236c9e60e60360e5c70a016b1f97e,Decoupled,2,0,,,,,,0,0
0.35,2000000,1003,11,cb7c48c6b35b31822b8c52f8d3e7fcaa951fcb990ded00148147e347b77eca82,7e6bab01e9d6b0298352c3d96c8f671d95a236c9e60e60360e5c70a016b1f97e,Decoupled,3,0,,,,,,0,0
0.35,2000000,1003,11,cb7c48c6b35b31822b8c52f8d3e7fcaa951fcb990ded00148147e347b77eca82,7e6bab01e9d6b0298352c3d96c8f671d95a236c9e60e60360e5c70a016b1f97e,Decoupled,4,0,,,,,,0,0
0.35,2000000,1004,7,8595c82708bb5a08d46d6ad380ad93acda847df0557135677ce920dd0fc3dc9b,7e6bab01e9d6b0298352c3d96c8f671d95a236c9e60e60360e5c70a016b1f97e,No-Dq-R,1,0,0.0,0.0,0.0,0,0,0,0
0.35,2000000,1004,7,8595c82708bb5a08d46d6ad380ad93acda847df0557135677ce920dd0fc3dc9b,7e6bab01e9d6b0298352c3d96c8f671d95a236c9e60e60360e5c70a016b1f97e,No-Dq-R,2,0,0.0,0.0,0,0,0,0,0
0.35,2000000,1004,7,8595c82708bb5a08d46d6ad380ad93acda847df0557135677ce920dd0fc3dc9b,7e6bab01e9d6b0298352c3d96c8f671d95a236c9e60e60360e5c70a016b1f97e,No-Dq-R,3,0,0.0,0.0,0,0,0,0,0
0.35,2000000,1004,7,8595c82708bb5a08d46d6ad380ad93acda847df0557135677ce920dd0fc3dc9b,7e6bab01e9d6b0298352c3d96c8f671d95a236c9e60e60360e5c70a016b1f97e,No-Dq-R,4,0,0.0,0.0,0,0,0,0,0
0.35,2000000,1004,7,8595c82708bb5a08d46d6ad380ad93acda847df0557135677ce920dd0fc3dc9b,7e6bab01e9d6b0298352c3d96c8f671d95a236c9e60e60360e5c70a016b1f97e,Fixed-Dc,1,12965,-0.0006394031017732393,-0.000591603153459408,0.0,0,0,0,0
0.35,2000000,1004,7,8595c82708bb5a08d46d6ad380ad93acda847df0557135677ce920dd0fc3dc9b,7e6bab01e9d6b0298352c3d96c8f671d95a236c9e60e60360e5c70a016b1f97e,Fixed-Dc,2,-331646,0.00908509203850455,0.007252595473285661,0,0,0,0,0
0.35,2000000,1004,7,8595c82708bb5a08d46d6ad380ad93acda847df0557135677ce920dd0fc3dc9b,7e6bab01e9d6b0298352c3d96c8f671d95a236c9e60e60360e5c70a016b1f97e,Fixed-Dc,3,-685932,0.0034078758482233296,0.0073150421870729065,0,0,0,0,0
0.35,2000000,1004,7,8595c82708bb5a08d46d6ad380ad93acda847df0557135677ce920dd0fc3dc9b,7e6bab01e9d6b0298352c3d96c8f671d95a236c9e60e60360e5c70a016b1f97e,Fixed-Dc,4,12965,1.8877786072679648e-06,-7.261431842237043e-05,0,0,0,0,0
0.35,2000000,1004,7,8595c82708bb5a08d46d6ad380ad93acda847df0557135677ce920dd0fc3dc9b,7e6bab01e9d6b0298352c3d96c8f671d95a236c9e60e60360e5c70a016b1f97e,Decoupled,1,0,,,,,,0,0
0.35,2000000,1004,7,8595c82708bb5a08d46d6ad380ad93acda847df0557135677ce920dd0fc3dc9b,7e6bab01e9d6b0298352c3d96c8f671d95a236c9e60e60360e5c70a016b1f97e,Decoupled,2,0,,,,,,0,0
0.35,2000000,1004,7,8595c82708bb5a08d46d6ad380ad93acda847df0557135677ce920dd0fc3dc9b,7e6bab01e9d6b0298352c3d96c8f671d95a236c9e60e60360e5c70a016b1f97e,Decoupled,3,0,,,,,,0,0
0.35,2000000,1004,7,8595c82708bb5a08d46d6ad380ad93acda847df0557135677ce920dd0fc3dc9b,7e6bab01e9d6b0298352c3d96c8f671d95a236c9e60e60360e5c70a016b1f97e,Decoupled,4,0,,,,,,0,0
0.35,2000000,1004,11,8595c82708bb5a08d46d6ad380ad93acda847df0557135677ce920dd0fc3dc9b,7e6bab01e9d6b0298352c3d96c8f671d95a236c9e60e60360e5c70a016b1f97e,No-Dq-R,1,0,0.0,0.0,0.0,0,0,0,0
0.35,2000000,1004,11,8595c82708bb5a08d46d6ad380ad93acda847df0557135677ce920dd0fc3dc9b,7e6bab01e9d6b0298352c3d96c8f671d95a236c9e60e60360e5c70a016b1f97e,No-Dq-R,2,0,0.0,0.0,0,0,0,0,0
0.35,2000000,1004,11,8595c82708bb5a08d46d6ad380ad93acda847df0557135677ce920dd0fc3dc9b,7e6bab01e9d6b0298352c3d96c8f671d95a236c9e60e60360e5c70a016b1f97e,No-Dq-R,3,0,0.0,0.0,0,0,0,0,0
0.35,2000000,1004,11,8595c82708bb5a08d46d6ad380ad93acda847df0557135677ce920dd0fc3dc9b,7e6bab01e9d6b0298352c3d96c8f671d95a236c9e60e60360e5c70a016b1f97e,No-Dq-R,4,0,0.0,0.0,0,0,0,0,0
0.35,2000000,1004,11,8595c82708bb5a08d46d6ad380ad93acda847df0557135677ce920dd0fc3dc9b,7e6bab01e9d6b0298352c3d96c8f671d95a236c9e60e60360e5c70a016b1f97e,Fixed-Dc,1,12965,-0.0005452030855833678,-0.000591603153459408,0.0,0,0,0,0
0.35,2000000,1004,11,8595c82708bb5a08d46d6ad380ad93acda847df0557135677ce920dd0fc3dc9b,7e6bab01e9d6b0298352c3d96c8f671d95a236c9e60e60360e5c70a016b1f97e,Fixed-Dc,2,-331646,0.00908509203850455,0.007252595473285661,0,0,0,0,0
0.35,2000000,1004,11,8595c82708bb5a08d46d6ad380ad93acda847df0557135677ce920dd0fc3dc9b,7e6bab01e9d6b0298352c3d96c8f671d95a236c9e60e60360e5c70a016b1f97e,Fixed-Dc,3,-685932,0.0034078758482233296,0.0073150421870729065,0,0,0,0,0
0.35,2000000,1004,11,8595c82708bb5a08d46d6ad380ad93acda847df0557135677ce920dd0fc3dc9b,7e6bab01e9d6b0298352c3d96c8f671d95a236c9e60e60360e5c70a016b1f97e,Fixed-Dc,4,12965,1.8877786072679648e-06,-7.261431842237043e-05,0,0,0,0,0
0.35,2000000,1004,11,8595c82708bb5a08d46d6ad380ad93acda847df0557135677ce920dd0fc3dc9b,7e6bab01e9d6b0298352c3d96c8f671d95a236c9e60e60360e5c70a016b1f97e,Decoupled,1,0,,,,,,0,0
0.35,2000000,1004,11,8595c82708bb5a08d46d6ad380ad93acda847df0557135677ce920dd0fc3dc9b,7e6bab01e9d6b0298352c3d96c8f671d95a236c9e60e60360e5c70a016b1f97e,Decoupled,2,0,,,,,,0,0
0.35,2000000,1004,11,8595c82708bb5a08d46d6ad380ad93acda847df0557135677ce920dd0fc3dc9b,7e6bab01e9d6b0298352c3d96c8f671d95a236c9e60e60360e5c70a016b1f97e,Decoupled,3,0,,,,,,0,0
0.35,2000000,1004,11,8595c82708bb5a08d46d6ad380ad93acda847df0557135677ce920dd0fc3dc9b,7e6bab01e9d6b0298352c3d96c8f671d95a236c9e60e60360e5c70a016b1f97e,Decoupled,4,0,,,,,,0,0
0.35,2000000,1005,7,629a23364b2f9877d2f88ab74e74c7a473e48195d2c69d564bddee51db17c1c4,7e6bab01e9d6b0298352c3d96c8f671d95a236c9e60e60360e5c70a016b1f97e,No-Dq-R,1,0,0.0,0.0,0.0,0,0,0,0
0.35,2000000,1005,7,629a23364b2f9877d2f88ab74e74c7a473e48195d2c69d564bddee51db17c1c4,7e6bab01e9d6b0298352c3d96c8f671d95a236c9e60e60360e5c70a016b1f97e,No-Dq-R,2,0,0.0,0.0,0,0,0,0,0
0.35,2000000,1005,7,629a23364b2f9877d2f88ab74e74c7a473e48195d2c69d564bddee51db17c1c4,7e6bab01e9d6b0298352c3d96c8f671d95a236c9e60e60360e5c70a016b1f97e,No-Dq-R,3,0,0.0,0.0,0,0,0,0,0
0.35,2000000,1005,7,629a23364b2f9877d2f88ab74e74c7a473e48195d2c69d564bddee51db17c1c4,7e6bab01e9d6b0298352c3d96c8f671d95a236c9e60e60360e5c70a016b1f97e,No-Dq-R,4,0,0.0,0.0,0,0,0,0,0
0.35,2000000,1005,7,629a23364b2f9877d2f88ab74e74c7a473e48195d2c69d564bddee51db17c1c4,7e6bab01e9d6b0298352c3d96c8f671d95a236c9e60e60360e5c70a016b1f97e,Fixed-Dc,1,-237346,0.01149803682127093,0.010603103218416954,0.0,0,0,0,0
0.35,2000000,1005,7,629a23364b2f9877d2f88ab74e74c7a473e48195d2c69d564bddee51db17c1c4,7e6bab01e9d6b0298352c3d96c8f671d95a236c9e60e60360e5c70a016b1f97e,Fixed-Dc,2,-591632,0.015974473287644564,0.012675518263876362,0,0,0,0,0
0.35,2000000,1005,7,629a23364b2f9877d2f88ab74e74c7a473e48195d2c69d564bddee51db17c1c4,7e6bab01e9d6b0298352c3d96c8f671d95a236c9e60e60360e5c70a016b1f97e,Fixed-Dc,3,12965,-7.264721023014786e-05,-0.0001455767681869391,0,0,0,0,0
0.35,2000000,1005,7,629a23364b2f9877d2f88ab74e74c7a473e48195d2c69d564bddee51db17c1c4,7e6bab01e9d6b0298352c3d96c8f671d95a236c9e60e60360e5c70a016b1f97e,Fixed-Dc,4,12965,1.8877786072679648e-06,-7.261431842237043e-05,0,0,0,0,0
0.35,2000000,1005,7,629a23364b2f9877d2f88ab74e74c7a473e48195d2c69d564bddee51db17c1c4,7e6bab01e9d6b0298352c3d96c8f671d95a236c9e60e60360e5c70a016b1f97e,Decoupled,1,0,,,,,,0,0
0.35,2000000,1005,7,629a23364b2f9877d2f88ab74e74c7a473e48195d2c69d564bddee51db17c1c4,7e6bab01e9d6b0298352c3d96c8f671d95a236c9e60e60360e5c70a016b1f97e,Decoupled,2,0,,,,,,0,0
0.35,2000000,1005,7,629a23364b2f9877d2f88ab74e74c7a473e48195d2c69d564bddee51db17c1c4,7e6bab01e9d6b0298352c3d96c8f671d95a236c9e60e60360e5c70a016b1f97e,Decoupled,3,0,,,,,,0,0
0.35,2000000,1005,7,629a23364b2f9877d2f88ab74e74c7a473e48195d2c69d564bddee51db17c1c4,7e6bab01e9d6b0298352c3d96c8f671d95a236c9e60e60360e5c70a016b1f97e,Decoupled,4,0,,,,,,0,0
0.35,2000000,1005,11,629a23364b2f9877d2f88ab74e74c7a473e48195d2c69d564bddee51db17c1c4,7e6bab01e9d6b0298352c3d96c8f671d95a236c9e60e60360e5c70a016b1f97e,No-Dq-R,1,0,0.0,0.0,0.0,0,0,0,0
0.35,2000000,1005,11,629a23364b2f9877d2f88ab74e74c7a473e48195d2c69d564bddee51db17c1c4,7e6bab01e9d6b0298352c3d96c8f671d95a236c9e60e60360e5c70a016b1f97e,No-Dq-R,2,0,0.0,0.0,0,0,0,0,0
0.35,2000000,1005,11,629a23364b2f9877d2f88ab74e74c7a473e48195d2c69d564bddee51db17c1c4,7e6bab01e9d6b0298352c3d96c8f671d95a236c9e60e60360e5c70a016b1f97e,No-Dq-R,3,0,0.0,0.0,0,0,0,0,0
0.35,2000000,1005,11,629a23364b2f9877d2f88ab74e74c7a473e48195d2c69d564bddee51db17c1c4,7e6bab01e9d6b0298352c3d96c8f671d95a236c9e60e60360e5c70a016b1f97e,No-Dq-R,4,0,0.0,0.0,0,0,0,0,0
0.35,2000000,1005,11,629a23364b2f9877d2f88ab74e74c7a473e48195d2c69d564bddee51db17c1c4,7e6bab01e9d6b0298352c3d96c8f671d95a236c9e60e60360e5c70a016b1f97e,Fixed-Dc,1,-237346,0.00973437884984052,0.010603103218416954,0.0,0,0,0,0
0.35,2000000,1005,11,629a23364b2f9877d2f88ab74e74c7a473e48195d2c69d564bddee51db17c1c4,7e6bab01e9d6b0298352c3d96c8f671d95a236c9e60e60360e5c70a016b1f97e,Fixed-Dc,2,-591632,0.015974473287644564,0.012675518263876362,0,0,0,0,0
0.35,2000000,1005,11,629a23364b2f9877d2f88ab74e74c7a473e48195d2c69d564bddee51db17c1c4,7e6bab01e9d6b0298352c3d96c8f671d95a236c9e60e60360e5c70a016b1f97e,Fixed-Dc,3,12965,-7.264721023014786e-05,-0.0001455767681869391,0,0,0,0,0
0.35,2000000,1005,11,629a23364b2f9877d2f88ab74e74c7a473e48195d2c69d564bddee51db17c1c4,7e6bab01e9d6b0298352c3d96c8f671d95a236c9e60e60360e5c70a016b1f97e,Fixed-Dc,4,12965,1.8877786072679648e-06,-7.261431842237043e-05,0,0,0,0,0
0.35,2000000,1005,11,629a23364b2f9877d2f88ab74e74c7a473e48195d2c69d564bddee51db17c1c4,7e6bab01e9d6b0298352c3d96c8f671d95a236c9e60e60360e5c70a016b1f97e,Decoupled,1,0,,,,,,0,0
0.35,2000000,1005,11,629a23364b2f9877d2f88ab74e74c7a473e48195d2c69d564bddee51db17c1c4,7e6bab01e9d6b0298352c3d96c8f671d95a236c9e60e60360e5c70a016b1f97e,Decoupled,2,0,,,,,,0,0
0.35,2000000,1005,11,629a23364b2f9877d2f88ab74e74c7a473e48195d2c69d564bddee51db17c1c4,7e6bab01e9d6b0298352c3d96c8f671d95a236c9e60e60360e5c70a016b1f97e,Decoupled,3,0,,,,,,0,0
0.35,2000000,1005,11,629a23364b2f9877d2f88ab74e74c7a473e48195d2c69d564bddee51db17c1c4,7e6bab01e9d6b0298352c3d96c8f671d95a236c9e60e60360e5c70a016b1f97e,Decoupled,4,0,,,,,,0,0
0.35,2000000,1006,7,d0bdc8c6365dcbd0358375ccfea27dd6986c6097ca6436d8949165021dd0c6ca,7e6bab01e9d6b0298352c3d96c8f671d95a236c9e60e60360e5c70a016b1f97e,No-Dq-R,1,0,0.0,0.0,0.0,0,0,0,0
0.35,2000000,1006,7,d0bdc8c6365dcbd0358375ccfea27dd6986c6097ca6436d8949165021dd0c6ca,7e6bab01e9d6b0298352c3d96c8f671d95a236c9e60e60360e5c70a016b1f97e,No-Dq-R,2,0,0.0,0.0,0,0,0,0,0
0.35,2000000,1006,7,d0bdc8c6365dcbd0358375ccfea27dd6986c6097ca6436d8949165021dd0c6ca,7e6bab01e9d6b0298352c3d96c8f671d95a236c9e60e60360e5c70a016b1f97e,No-Dq-R,3,0,0.0,0.0,0,0,0,0,0
0.35,2000000,1006,7,d0bdc8c6365dcbd0358375ccfea27dd6986c6097ca6436d8949165021dd0c6ca,7e6bab01e9d6b0298352c3d96c8f671d95a236c9e60e60360e5c70a016b1f97e,No-Dq-R,4,0,0.0,0.0,0,0,0,0,0
0.35,2000000,1006,7,d0bdc8c6365dcbd0358375ccfea27dd6986c6097ca6436d8949165021dd0c6ca,7e6bab01e9d6b0298352c3d96c8f671d95a236c9e60e60360e5c70a016b1f97e,Fixed-Dc,1,12965,-0.0006394031017732393,-0.000591603153459408,0.0,0,0,0,0
0.35,2000000,1006,7,d0bdc8c6365dcbd0358375ccfea27dd6986c6097ca6436d8949165021dd0c6ca,7e6bab01e9d6b0298352c3d96c8f671d95a236c9e60e60360e5c70a016b1f97e,Fixed-Dc,2,-19150,0.0005339569905156161,0.0004293526643251444,0,0,0,0,0
0.35,2000000,1006,7,d0bdc8c6365dcbd0358375ccfea27dd6986c6097ca6436d8949165021dd0c6ca,7e6bab01e9d6b0298352c3d96c8f671d95a236c9e60e60360e5c70a016b1f97e,Fixed-Dc,3,-373436,0.001958861458321026,0.004074533916266387,0,0,0,0,0
0.35,2000000,1006,7,d0bdc8c6365dcbd0358375ccfea27dd6986c6097ca6436d8949165021dd0c6ca,7e6bab01e9d6b0298352c3d96c8f671d95a236c9e60e60360e5c70a016b1f97e,Fixed-Dc,4,-727722,-0.0003345455212692694,0.0038753642646672803,0,0,0,0,0
0.35,2000000,1006,7,d0bdc8c6365dcbd0358375ccfea27dd6986c6097ca6436d8949165021dd0c6ca,7e6bab01e9d6b0298352c3d96c8f671d95a236c9e60e60360e5c70a016b1f97e,Decoupled,1,0,,,,,,0,0
0.35,2000000,1006,7,d0bdc8c6365dcbd0358375ccfea27dd6986c6097ca6436d8949165021dd0c6ca,7e6bab01e9d6b0298352c3d96c8f671d95a236c9e60e60360e5c70a016b1f97e,Decoupled,2,0,,,,,,0,0
0.35,2000000,1006,7,d0bdc8c6365dcbd0358375ccfea27dd6986c6097ca6436d8949165021dd0c6ca,7e6bab01e9d6b0298352c3d96c8f671d95a236c9e60e60360e5c70a016b1f97e,Decoupled,3,0,,,,,,0,0
0.35,2000000,1006,7,d0bdc8c6365dcbd0358375ccfea27dd6986c6097ca6436d8949165021dd0c6ca,7e6bab01e9d6b0298352c3d96c8f671d95a236c9e60e60360e5c70a016b1f97e,Decoupled,4,0,,,,,,0,0
0.35,2000000,1006,11,d0bdc8c6365dcbd0358375ccfea27dd6986c6097ca6436d8949165021dd0c6ca,7e6bab01e9d6b0298352c3d96c8f671d95a236c9e60e60360e5c70a016b1f97e,No-Dq-R,1,0,0.0,0.0,0.0,0,0,0,0
0.35,2000000,1006,11,d0bdc8c6365dcbd0358375ccfea27dd6986c6097ca6436d8949165021dd0c6ca,7e6bab01e9d6b0298352c3d96c8f671d95a236c9e60e60360e5c70a016b1f97e,No-Dq-R,2,0,0.0,0.0,0,0,0,0,0
0.35,2000000,1006,11,d0bdc8c6365dcbd0358375ccfea27dd6986c6097ca6436d8949165021dd0c6ca,7e6bab01e9d6b0298352c3d96c8f671d95a236c9e60e60360e5c70a016b1f97e,No-Dq-R,3,0,0.0,0.0,0,0,0,0,0
0.35,2000000,1006,11,d0bdc8c6365dcbd0358375ccfea27dd6986c6097ca6436d8949165021dd0c6ca,7e6bab01e9d6b0298352c3d96c8f671d95a236c9e60e60360e5c70a016b1f97e,No-Dq-R,4,0,0.0,0.0,0,0,0,0,0
0.35,2000000,1006,11,d0bdc8c6365dcbd0358375ccfea27dd6986c6097ca6436d8949165021dd0c6ca,7e6bab01e9d6b0298352c3d96c8f671d95a236c9e60e60360e5c70a016b1f97e,Fixed-Dc,1,12965,-0.0005452030855833678,-0.000591603153459408,0.0,0,0,0,0
0.35,2000000,1006,11,d0bdc8c6365dcbd0358375ccfea27dd6986c6097ca6436d8949165021dd0c6ca,7e6bab01e9d6b0298352c3d96c8f671d95a236c9e60e60360e5c70a016b1f97e,Fixed-Dc,2,-19150,0.0005339569905156161,0.0004293526643251444,0,0,0,0,0
0.35,2000000,1006,11,d0bdc8c6365dcbd0358375ccfea27dd6986c6097ca6436d8949165021dd0c6ca,7e6bab01e9d6b0298352c3d96c8f671d95a236c9e60e60360e5c70a016b1f97e,Fixed-Dc,3,-373436,0.001958861458321026,0.004074533916266387,0,0,0,0,0
0.35,2000000,1006,11,d0bdc8c6365dcbd0358375ccfea27dd6986c6097ca6436d8949165021dd0c6ca,7e6bab01e9d6b0298352c3d96c8f671d95a236c9e60e60360e5c70a016b1f97e,Fixed-Dc,4,-727722,-0.0003345455212692694,0.0038753642646672803,0,0,0,0,0
0.35,2000000,1006,11,d0bdc8c6365dcbd0358375ccfea27dd6986c6097ca6436d8949165021dd0c6ca,7e6bab01e9d6b0298352c3d96c8f671d95a236c9e60e60360e5c70a016b1f97e,Decoupled,1,0,,,,,,0,0
0.35,2000000,1006,11,d0bdc8c6365dcbd0358375ccfea27dd6986c6097ca6436d8949165021dd0c6ca,7e6bab01e9d6b0298352c3d96c8f671d95a236c9e60e60360e5c70a016b1f97e,Decoupled,2,0,,,,,,0,0
0.35,2000000,1006,11,d0bdc8c6365dcbd0358375ccfea27dd6986c6097ca6436d8949165021dd0c6ca,7e6bab01e9d6b0298352c3d96c8f671d95a236c9e60e60360e5c70a016b1f97e,Decoupled,3,0,,,,,,0,0
0.35,2000000,1006,11,d0bdc8c6365dcbd0358375ccfea27dd6986c6097ca6436d8949165021dd0c6ca,7e6bab01e9d6b0298352c3d96c8f671d95a236c9e60e60360e5c70a016b1f97e,Decoupled,4,0,,,,,,0,0
0.35,2000000,1007,7,94b9cbbbafefda5bdd290e11589facf735df3a27cbc7c8b9d605053bd511eaf1,7e6bab01e9d6b0298352c3d96c8f671d95a236c9e60e60360e5c70a016b1f97e,No-Dq-R,1,0,0.0,0.0,0.0,0,0,0,0
0.35,2000000,1007,7,94b9cbbbafefda5bdd290e11589facf735df3a27cbc7c8b9d605053bd511eaf1,7e6bab01e9d6b0298352c3d96c8f671d95a236c9e60e60360e5c70a016b1f97e,No-Dq-R,2,0,0.0,0.0,0,0,0,0,0
0.35,2000000,1007,7,94b9cbbbafefda5bdd290e11589facf735df3a27cbc7c8b9d605053bd511eaf1,7e6bab01e9d6b0298352c3d96c8f671d95a236c9e60e60360e5c70a016b1f97e,No-Dq-R,3,0,0.0,0.0,0,0,0,0,0
0.35,2000000,1007,7,94b9cbbbafefda5bdd290e11589facf735df3a27cbc7c8b9d605053bd511eaf1,7e6bab01e9d6b0298352c3d96c8f671d95a236c9e60e60360e5c70a016b1f97e,No-Dq-R,4,0,0.0,0.0,0,0,0,0,0
0.35,2000000,1007,7,94b9cbbbafefda5bdd290e11589facf735df3a27cbc7c8b9d605053bd511eaf1,7e6bab01e9d6b0298352c3d96c8f671d95a236c9e60e60360e5c70a016b1f97e,Fixed-Dc,1,-700469,0.032850209691286825,0.030104740406574293,0.0,0,0,0,0
0.35,2000000,1007,7,94b9cbbbafefda5bdd290e11589facf735df3a27cbc7c8b9d605053bd511eaf1,7e6bab01e9d6b0298352c3d96c8f671d95a236c9e60e60360e5c70a016b1f97e,Fixed-Dc,2,12965,-0.0003621663150976673,-0.0002914326773670872,0,0,0,0,0
0.35,2000000,1007,7,94b9cbbbafefda5bdd290e11589facf735df3a27cbc7c8b9d605053bd511eaf1,7e6bab01e9d6b0298352c3d96c8f671d95a236c9e60e60360e5c70a016b1f97e,Fixed-Dc,3,12965,-7.264721023014786e-05,-0.0001455767681869391,0,0,0,0,0
0.35,2000000,1007,7,94b9cbbbafefda5bdd290e11589facf735df3a27cbc7c8b9d605053bd511eaf1,7e6bab01e9d6b0298352c3d96c8f671d95a236c9e60e60360e5c70a016b1f97e,Fixed-Dc,4,12965,1.8877786072679648e-06,-7.261431842237043e-05,0,0,0,0,0
0.35,2000000,1007,7,94b9cbbbafefda5bdd290e11589facf735df3a27cbc7c8b9d605053bd511eaf1,7e6bab01e9d6b0298352c3d96c8f671d95a236c9e60e60360e5c70a016b1f97e,Decoupled,1,0,,,,,,0,0
0.35,2000000,1007,7,94b9cbbbafefda5bdd290e11589facf735df3a27cbc7c8b9d605053bd511eaf1,7e6bab01e9d6b0298352c3d96c8f671d95a236c9e60e60360e5c70a016b1f97e,Decoupled,2,0,,,,,,0,0
0.35,2000000,1007,7,94b9cbbbafefda5bdd290e11589facf735df3a27cbc7c8b9d605053bd511eaf1,7e6bab01e9d6b0298352c3d96c8f671d95a236c9e60e60360e5c70a016b1f97e,Decoupled,3,0,,,,,,0,0
0.35,2000000,1007,7,94b9cbbbafefda5bdd290e11589facf735df3a27cbc7c8b9d605053bd511eaf1,7e6bab01e9d6b0298352c3d96c8f671d95a236c9e60e60360e5c70a016b1f97e,Decoupled,4,0,,,,,,0,0
0.35,2000000,1007,11,94b9cbbbafefda5bdd290e11589facf735df3a27cbc7c8b9d605053bd511eaf1,7e6bab01e9d6b0298352c3d96c8f671d95a236c9e60e60360e5c70a016b1f97e,No-Dq-R,1,0,0.0,0.0,0.0,0,0,0,0
0.35,2000000,1007,11,94b9cbbbafefda5bdd290e11589facf735df3a27cbc7c8b9d605053bd511eaf1,7e6bab01e9d6b0298352c3d96c8f671d95a236c9e60e60360e5c70a016b1f97e,No-Dq-R,2,0,0.0,0.0,0,0,0,0,0
0.35,2000000,1007,11,94b9cbbbafefda5bdd290e11589facf735df3a27cbc7c8b9d605053bd511eaf1,7e6bab01e9d6b0298352c3d96c8f671d95a236c9e60e60360e5c70a016b1f97e,No-Dq-R,3,0,0.0,0.0,0,0,0,0,0
0.35,2000000,1007,11,94b9cbbbafefda5bdd290e11589facf735df3a27cbc7c8b9d605053bd511eaf1,7e6bab01e9d6b0298352c3d96c8f671d95a236c9e60e60360e5c70a016b1f97e,No-Dq-R,4,0,0.0,0.0,0,0,0,0,0
0.35,2000000,1007,11,94b9cbbbafefda5bdd290e11589facf735df3a27cbc7c8b9d605053bd511eaf1,7e6bab01e9d6b0298352c3d96c8f671d95a236c9e60e60360e5c70a016b1f97e,Fixed-Dc,1,-700469,0.027439675575840927,0.030104740406574293,0.0,0,0,0,0
0.35,2000000,1007,11,94b9cbbbafefda5bdd290e11589facf735df3a27cbc7c8b9d605053bd511eaf1,7e6bab01e9d6b0298352c3d96c8f671d95a236c9e60e60360e5c70a016b1f97e,Fixed-Dc,2,12965,-0.0003621663150976673,-0.0002914326773670872,0,0,0,0,0
0.35,2000000,1007,11,94b9cbbbafefda5bdd290e11589facf735df3a27cbc7c8b9d605053bd511eaf1,7e6bab01e9d6b0298352c3d96c8f671d95a236c9e60e60360e5c70a016b1f97e,Fixed-Dc,3,12965,-7.264721023014786e-05,-0.0001455767681869391,0,0,0,0,0
0.35,2000000,1007,11,94b9cbbbafefda5bdd290e11589facf735df3a27cbc7c8b9d605053bd511eaf1,7e6bab01e9d6b0298352c3d96c8f671d95a236c9e60e60360e5c70a016b1f97e,Fixed-Dc,4,12965,1.8877786072679648e-06,-7.261431842237043e-05,0,0,0,0,0
0.35,2000000,1007,11,94b9cbbbafefda5bdd290e11589facf735df3a27cbc7c8b9d605053bd511eaf1,7e6bab01e9d6b0298352c3d96c8f671d95a236c9e60e60360e5c70a016b1f97e,Decoupled,1,0,,,,,,0,0
0.35,2000000,1007,11,94b9cbbbafefda5bdd290e11589facf735df3a27cbc7c8b9d605053bd511eaf1,7e6bab01e9d6b0298352c3d96c8f671d95a236c9e60e60360e5c70a016b1f97e,Decoupled,2,0,,,,,,0,0
0.35,2000000,1007,11,94b9cbbbafefda5bdd290e11589facf735df3a27cbc7c8b9d605053bd511eaf1,7e6bab01e9d6b0298352c3d96c8f671d95a236c9e60e60360e5c70a016b1f97e,Decoupled,3,0,,,,,,0,0
0.35,2000000,1007,11,94b9cbbbafefda5bdd290e11589facf735df3a27cbc7c8b9d605053bd511eaf1,7e6bab01e9d6b0298352c3d96c8f671d95a236c9e60e60360e5c70a016b1f97e,Decoupled,4,0,,,,,,0,0
0.35,2000000,1008,7,3c6939ae4aaacfa53b5b38e5dc055eee205ae775175f0919f4d7be11afe393d6,7e6bab01e9d6b0298352c3d96c8f671d95a236c9e60e60360e5c70a016b1f97e,No-Dq-R,1,0,0.0,0.0,0.0,0,0,0,0
0.35,2000000,1008,7,3c6939ae4aaacfa53b5b38e5dc055eee205ae775175f0919f4d7be11afe393d6,7e6bab01e9d6b0298352c3d96c8f671d95a236c9e60e60360e5c70a016b1f97e,No-Dq-R,2,0,0.0,0.0,0,0,0,0,0
0.35,2000000,1008,7,3c6939ae4aaacfa53b5b38e5dc055eee205ae775175f0919f4d7be11afe393d6,7e6bab01e9d6b0298352c3d96c8f671d95a236c9e60e60360e5c70a016b1f97e,No-Dq-R,3,0,0.0,0.0,0,0,0,0,0
0.35,2000000,1008,7,3c6939ae4aaacfa53b5b38e5dc055eee205ae775175f0919f4d7be11afe393d6,7e6bab01e9d6b0298352c3d96c8f671d95a236c9e60e60360e5c70a016b1f97e,No-Dq-R,4,0,0.0,0.0,0,0,0,0,0
0.35,2000000,1008,7,3c6939ae4aaacfa53b5b38e5dc055eee205ae775175f0919f4d7be11afe393d6,7e6bab01e9d6b0298352c3d96c8f671d95a236c9e60e60360e5c70a016b1f97e,Fixed-Dc,1,-391334,0.018752774558368324,0.017257505599177048,0.0,0,0,0,0
0.35,2000000,1008,7,3c6939ae4aaacfa53b5b38e5dc055eee205ae775175f0919f4d7be11afe393d6,7e6bab01e9d6b0298352c3d96c8f671d95a236c9e60e60360e5c70a016b1f97e,Fixed-Dc,2,-745620,0.01996274650468094,0.01578342298339014,0,0,0,0,0
0.35,2000000,1008,7,3c6939ae4aaacfa53b5b38e5dc055eee205ae775175f0919f4d7be11afe393d6,7e6bab01e9d6b0298352c3d96c8f671d95a236c9e60e60360e5c70a016b1f97e,Fixed-Dc,3,12965,-7.264721023014786e-05,-0.0001455767681869391,0,0,0,0,0
0.35,2000000,1008,7,3c6939ae4aaacfa53b5b38e5dc055eee205ae775175f0919f4d7be11afe393d6,7e6bab01e9d6b0298352c3d96c8f671d95a236c9e60e60360e5c70a016b1f97e,Fixed-Dc,4,12965,1.8877786072679648e-06,-7.261431842237043e-05,0,0,0,0,0
0.35,2000000,1008,7,3c6939ae4aaacfa53b5b38e5dc055eee205ae775175f0919f4d7be11afe393d6,7e6bab01e9d6b0298352c3d96c8f671d95a236c9e60e60360e5c70a016b1f97e,Decoupled,1,0,,,,,,0,0
0.35,2000000,1008,7,3c6939ae4aaacfa53b5b38e5dc055eee205ae775175f0919f4d7be11afe393d6,7e6bab01e9d6b0298352c3d96c8f671d95a236c9e60e60360e5c70a016b1f97e,Decoupled,2,0,,,,,,0,0
0.35,2000000,1008,7,3c6939ae4aaacfa53b5b38e5dc055eee205ae775175f0919f4d7be11afe393d6,7e6bab01e9d6b0298352c3d96c8f671d95a236c9e60e60360e5c70a016b1f97e,Decoupled,3,0,,,,,,0,0
0.35,2000000,1008,7,3c6939ae4aaacfa53b5b38e5dc055eee205ae775175f0919f4d7be11afe393d6,7e6bab01e9d6b0298352c3d96c8f671d95a236c9e60e60360e5c70a016b1f97e,Decoupled,4,0,,,,,,0,0
0.35,2000000,1008,11,3c6939ae4aaacfa53b5b38e5dc055eee205ae775175f0919f4d7be11afe393d6,7e6bab01e9d6b0298352c3d96c8f671d95a236c9e60e60360e5c70a016b1f97e,No-Dq-R,1,0,0.0,0.0,0.0,0,0,0,0
0.35,2000000,1008,11,3c6939ae4aaacfa53b5b38e5dc055eee205ae775175f0919f4d7be11afe393d6,7e6bab01e9d6b0298352c3d96c8f671d95a236c9e60e60360e5c70a016b1f97e,No-Dq-R,2,0,0.0,0.0,0,0,0,0,0
0.35,2000000,1008,11,3c6939ae4aaacfa53b5b38e5dc055eee205ae775175f0919f4d7be11afe393d6,7e6bab01e9d6b0298352c3d96c8f671d95a236c9e60e60360e5c70a016b1f97e,No-Dq-R,3,0,0.0,0.0,0,0,0,0,0
0.35,2000000,1008,11,3c6939ae4aaacfa53b5b38e5dc055eee205ae775175f0919f4d7be11afe393d6,7e6bab01e9d6b0298352c3d96c8f671d95a236c9e60e60360e5c70a016b1f97e,No-Dq-R,4,0,0.0,0.0,0,0,0,0,0
0.35,2000000,1008,11,3c6939ae4aaacfa53b5b38e5dc055eee205ae775175f0919f4d7be11afe393d6,7e6bab01e9d6b0298352c3d96c8f671d95a236c9e60e60360e5c70a016b1f97e,Fixed-Dc,1,-391334,0.015806027435564918,0.017257505599177048,0.0,0,0,0,0
0.35,2000000,1008,11,3c6939ae4aaacfa53b5b38e5dc055eee205ae775175f0919f4d7be11afe393d6,7e6bab01e9d6b0298352c3d96c8f671d95a236c9e60e60360e5c70a016b1f97e,Fixed-Dc,2,-745620,0.01996274650468094,0.01578342298339014,0,0,0,0,0
0.35,2000000,1008,11,3c6939ae4aaacfa53b5b38e5dc055eee205ae775175f0919f4d7be11afe393d6,7e6bab01e9d6b0298352c3d96c8f671d95a236c9e60e60360e5c70a016b1f97e,Fixed-Dc,3,12965,-7.264721023014786e-05,-0.0001455767681869391,0,0,0,0,0
0.35,2000000,1008,11,3c6939ae4aaacfa53b5b38e5dc055eee205ae775175f0919f4d7be11afe393d6,7e6bab01e9d6b0298352c3d96c8f671d95a236c9e60e60360e5c70a016b1f97e,Fixed-Dc,4,12965,1.8877786072679648e-06,-7.261431842237043e-05,0,0,0,0,0
0.35,2000000,1008,11,3c6939ae4aaacfa53b5b38e5dc055eee205ae775175f0919f4d7be11afe393d6,7e6bab01e9d6b0298352c3d96c8f671d95a236c9e60e60360e5c70a016b1f97e,Decoupled,1,0,,,,,,0,0
0.35,2000000,1008,11,3c6939ae4aaacfa53b5b38e5dc055eee205ae775175f0919f4d7be11afe393d6,7e6bab01e9d6b0298352c3d96c8f671d95a236c9e60e60360e5c70a016b1f97e,Decoupled,2,0,,,,,,0,0
0.35,2000000,1008,11,3c6939ae4aaacfa53b5b38e5dc055eee205ae775175f0919f4d7be11afe393d6,7e6bab01e9d6b0298352c3d96c8f671d95a236c9e60e60360e5c70a016b1f97e,Decoupled,3,0,,,,,,0,0
0.35,2000000,1008,11,3c6939ae4aaacfa53b5b38e5dc055eee205ae775175f0919f4d7be11afe393d6,7e6bab01e9d6b0298352c3d96c8f671d95a236c9e60e60360e5c70a016b1f97e,Decoupled,4,0,,,,,,0,0
0.35,2000000,1009,7,f967d4bd656e2ccd33b50bd5920eac2411bc8b1027cb1a00a9812fd4b8dade03,7e6bab01e9d6b0298352c3d96c8f671d95a236c9e60e60360e5c70a016b1f97e,No-Dq-R,1,0,0.0,0.0,0.0,0,0,0,0
0.35,2000000,1009,7,f967d4bd656e2ccd33b50bd5920eac2411bc8b1027cb1a00a9812fd4b8dade03,7e6bab01e9d6b0298352c3d96c8f671d95a236c9e60e60360e5c70a016b1f97e,No-Dq-R,2,0,0.0,0.0,0,0,0,0,0
0.35,2000000,1009,7,f967d4bd656e2ccd33b50bd5920eac2411bc8b1027cb1a00a9812fd4b8dade03,7e6bab01e9d6b0298352c3d96c8f671d95a236c9e60e60360e5c70a016b1f97e,No-Dq-R,3,0,0.0,0.0,0,0,0,0,0
0.35,2000000,1009,7,f967d4bd656e2ccd33b50bd5920eac2411bc8b1027cb1a00a9812fd4b8dade03,7e6bab01e9d6b0298352c3d96c8f671d95a236c9e60e60360e5c70a016b1f97e,No-Dq-R,4,0,0.0,0.0,0,0,0,0,0
0.35,2000000,1009,7,f967d4bd656e2ccd33b50bd5920eac2411bc8b1027cb1a00a9812fd4b8dade03,7e6bab01e9d6b0298352c3d96c8f671d95a236c9e60e60360e5c70a016b1f97e,Fixed-Dc,1,12965,-0.0006394031017732393,-0.000591603153459408,0.0,0,0,0,0
0.35,2000000,1009,7,f967d4bd656e2ccd33b50bd5920eac2411bc8b1027cb1a00a9812fd4b8dade03,7e6bab01e9d6b0298352c3d96c8f671d95a236c9e60e60360e5c70a016b1f97e,Fixed-Dc,2,12965,-0.0003621663150976673,-0.0002914326773670872,0,0,0,0,0
0.35,2000000,1009,7,f967d4bd656e2ccd33b50bd5920eac2411bc8b1027cb1a00a9812fd4b8dade03,7e6bab01e9d6b0298352c3d96c8f671d95a236c9e60e60360e5c70a016b1f97e,Fixed-Dc,3,12965,-7.264721023014786e-05,-0.0001455767681869391,0,0,0,0,0
0.35,2000000,1009,7,f967d4bd656e2ccd33b50bd5920eac2411bc8b1027cb1a00a9812fd4b8dade03,7e6bab01e9d6b0298352c3d96c8f671d95a236c9e60e60360e5c70a016b1f97e,Fixed-Dc,4,-29674,-4.88209685572949e-06,0.00016570855160791265,0,0,0,0,0
0.35,2000000,1009,7,f967d4bd656e2ccd33b50bd5920eac2411bc8b1027cb1a00a9812fd4b8dade03,7e6bab01e9d6b0298352c3d96c8f671d95a236c9e60e60360e5c70a016b1f97e,Decoupled,1,0,,,,,,0,0
0.35,2000000,1009,7,f967d4bd656e2ccd33b50bd5920eac2411bc8b1027cb1a00a9812fd4b8dade03,7e6bab01e9d6b0298352c3d96c8f671d95a236c9e60e60360e5c70a016b1f97e,Decoupled,2,0,,,,,,0,0
0.35,2000000,1009,7,f967d4bd656e2ccd33b50bd5920eac2411bc8b1027cb1a00a9812fd4b8dade03,7e6bab01e9d6b0298352c3d96c8f671d95a236c9e60e60360e5c70a016b1f97e,Decoupled,3,0,,,,,,0,0
0.35,2000000,1009,7,f967d4bd656e2ccd33b50bd5920eac2411bc8b1027cb1a00a9812fd4b8dade03,7e6bab01e9d6b0298352c3d96c8f671d95a236c9e60e60360e5c70a016b1f97e,Decoupled,4,0,,,,,,0,0
0.35,2000000,1009,11,f967d4bd656e2ccd33b50bd5920eac2411bc8b1027cb1a00a9812fd4b8dade03,7e6bab01e9d6b0298352c3d96c8f671d95a236c9e60e60360e5c70a016b1f97e,No-Dq-R,1,0,0.0,0.0,0.0,0,0,0,0
0.35,2000000,1009,11,f967d4bd656e2ccd33b50bd5920eac2411bc8b1027cb1a00a9812fd4b8dade03,7e6bab01e9d6b0298352c3d96c8f671d95a236c9e60e60360e5c70a016b1f97e,No-Dq-R,2,0,0.0,0.0,0,0,0,0,0
0.35,2000000,1009,11,f967d4bd656e2ccd33b50bd5920eac2411bc8b1027cb1a00a9812fd4b8dade03,7e6bab01e9d6b0298352c3d96c8f671d95a236c9e60e60360e5c70a016b1f97e,No-Dq-R,3,0,0.0,0.0,0,0,0,0,0
0.35,2000000,1009,11,f967d4bd656e2ccd33b50bd5920eac2411bc8b1027cb1a00a9812fd4b8dade03,7e6bab01e9d6b0298352c3d96c8f671d95a236c9e60e60360e5c70a016b1f97e,No-Dq-R,4,0,0.0,0.0,0,0,0,0,0
0.35,2000000,1009,11,f967d4bd656e2ccd33b50bd5920eac2411bc8b1027cb1a00a9812fd4b8dade03,7e6bab01e9d6b0298352c3d96c8f671d95a236c9e60e60360e5c70a016b1f97e,Fixed-Dc,1,12965,-0.0005452030855833678,-0.000591603153459408,0.0,0,0,0,0
0.35,2000000,1009,11,f967d4bd656e2ccd33b50bd5920eac2411bc8b1027cb1a00a9812fd4b8dade03,7e6bab01e9d6b0298352c3d96c8f671d95a236c9e60e60360e5c70a016b1f97e,Fixed-Dc,2,12965,-0.0003621663150976673,-0.0002914326773670872,0,0,0,0,0
0.35,2000000,1009,11,f967d4bd656e2ccd33b50bd5920eac2411bc8b1027cb1a00a9812fd4b8dade03,7e6bab01e9d6b0298352c3d96c8f671d95a236c9e60e60360e5c70a016b1f97e,Fixed-Dc,3,12965,-7.264721023014786e-05,-0.0001455767681869391,0,0,0,0,0
0.35,2000000,1009,11,f967d4bd656e2ccd33b50bd5920eac2411bc8b1027cb1a00a9812fd4b8dade03,7e6bab01e9d6b0298352c3d96c8f671d95a236c9e60e60360e5c70a016b1f97e,Fixed-Dc,4,-29674,-4.88209685572949e-06,0.00016570855160791265,0,0,0,0,0
0.35,2000000,1009,11,f967d4bd656e2ccd33b50bd5920eac2411bc8b1027cb1a00a9812fd4b8dade03,7e6bab01e9d6b0298352c3d96c8f671d95a236c9e60e60360e5c70a016b1f97e,Decoupled,1,0,,,,,,0,0
0.35,2000000,1009,11,f967d4bd656e2ccd33b50bd5920eac2411bc8b1027cb1a00a9812fd4b8dade03,7e6bab01e9d6b0298352c3d96c8f671d95a236c9e60e60360e5c70a016b1f97e,Decoupled,2,0,,,,,,0,0
0.35,2000000,1009,11,f967d4bd656e2ccd33b50bd5920eac2411bc8b1027cb1a00a9812fd4b8dade03,7e6bab01e9d6b0298352c3d96c8f671d95a236c9e60e60360e5c70a016b1f97e,Decoupled,3,0,,,,,,0,0
0.35,2000000,1009,11,f967d4bd656e2ccd33b50bd5920eac2411bc8b1027cb1a00a9812fd4b8dade03,7e6bab01e9d6b0298352c3d96c8f671d95a236c9e60e60360e5c70a016b1f97e,Decoupled,4,0,,,,,,0,0
0.35,2000000,1010,7,0bc3a0aad723ea56c694d3316a34ec7615443cd8e919521693c3bf4921e773f8,7e6bab01e9d6b0298352c3d96c8f671d95a236c9e60e60360e5c70a016b1f97e,No-Dq-R,1,0,0.0,0.0,0.0,0,0,0,0
0.35,2000000,1010,7,0bc3a0aad723ea56c694d3316a34ec7615443cd8e919521693c3bf4921e773f8,7e6bab01e9d6b0298352c3d96c8f671d95a236c9e60e60360e5c70a016b1f97e,No-Dq-R,2,0,0.0,0.0,0,0,0,0,0
0.35,2000000,1010,7,0bc3a0aad723ea56c694d3316a34ec7615443cd8e919521693c3bf4921e773f8,7e6bab01e9d6b0298352c3d96c8f671d95a236c9e60e60360e5c70a016b1f97e,No-Dq-R,3,0,0.0,0.0,0,0,0,0,0
0.35,2000000,1010,7,0bc3a0aad723ea56c694d3316a34ec7615443cd8e919521693c3bf4921e773f8,7e6bab01e9d6b0298352c3d96c8f671d95a236c9e60e60360e5c70a016b1f97e,No-Dq-R,4,0,0.0,0.0,0,0,0,0,0
0.35,2000000,1010,7,0bc3a0aad723ea56c694d3316a34ec7615443cd8e919521693c3bf4921e773f8,7e6bab01e9d6b0298352c3d96c8f671d95a236c9e60e60360e5c70a016b1f97e,Fixed-Dc,1,12965,-0.0006394031017732393,-0.000591603153459408,0.0,0,0,0,0
0.35,2000000,1010,7,0bc3a0aad723ea56c694d3316a34ec7615443cd8e919521693c3bf4921e773f8,7e6bab01e9d6b0298352c3d96c8f671d95a236c9e60e60360e5c70a016b1f97e,Fixed-Dc,2,12965,-0.0003621663150976673,-0.0002914326773670872,0,0,0,0,0
0.35,2000000,1010,7,0bc3a0aad723ea56c694d3316a34ec7615443cd8e919521693c3bf4921e773f8,7e6bab01e9d6b0298352c3d96c8f671d95a236c9e60e60360e5c70a016b1f97e,Fixed-Dc,3,12965,-7.264721023014786e-05,-0.0001455767681869391,0,0,0,0,0
0.35,2000000,1010,7,0bc3a0aad723ea56c694d3316a34ec7615443cd8e919521693c3bf4921e773f8,7e6bab01e9d6b0298352c3d96c8f671d95a236c9e60e60360e5c70a016b1f97e,Fixed-Dc,4,-309807,-8.867666498418858e-05,0.001697093898540114,0,0,0,0,0
0.35,2000000,1010,7,0bc3a0aad723ea56c694d3316a34ec7615443cd8e919521693c3bf4921e773f8,7e6bab01e9d6b0298352c3d96c8f671d95a236c9e60e60360e5c70a016b1f97e,Decoupled,1,0,,,,,,0,0
0.35,2000000,1010,7,0bc3a0aad723ea56c694d3316a34ec7615443cd8e919521693c3bf4921e773f8,7e6bab01e9d6b0298352c3d96c8f671d95a236c9e60e60360e5c70a016b1f97e,Decoupled,2,0,,,,,,0,0
0.35,2000000,1010,7,0bc3a0aad723ea56c694d3316a34ec7615443cd8e919521693c3bf4921e773f8,7e6bab01e9d6b0298352c3d96c8f671d95a236c9e60e60360e5c70a016b1f97e,Decoupled,3,0,,,,,,0,0
0.35,2000000,1010,7,0bc3a0aad723ea56c694d3316a34ec7615443cd8e919521693c3bf4921e773f8,7e6bab01e9d6b0298352c3d96c8f671d95a236c9e60e60360e5c70a016b1f97e,Decoupled,4,0,,,,,,0,0
0.35,2000000,1010,11,0bc3a0aad723ea56c694d3316a34ec7615443cd8e919521693c3bf4921e773f8,7e6bab01e9d6b0298352c3d96c8f671d95a236c9e60e60360e5c70a016b1f97e,No-Dq-R,1,0,0.0,0.0,0.0,0,0,0,0
0.35,2000000,1010,11,0bc3a0aad723ea56c694d3316a34ec7615443cd8e919521693c3bf4921e773f8,7e6bab01e9d6b0298352c3d96c8f671d95a236c9e60e60360e5c70a016b1f97e,No-Dq-R,2,0,0.0,0.0,0,0,0,0,0
0.35,2000000,1010,11,0bc3a0aad723ea56c694d3316a34ec7615443cd8e919521693c3bf4921e773f8,7e6bab01e9d6b0298352c3d96c8f671d95a236c9e60e60360e5c70a016b1f97e,No-Dq-R,3,0,0.0,0.0,0,0,0,0,0
0.35,2000000,1010,11,0bc3a0aad723ea56c694d3316a34ec7615443cd8e919521693c3bf4921e773f8,7e6bab01e9d6b0298352c3d96c8f671d95a236c9e60e60360e5c70a016b1f97e,No-Dq-R,4,0,0.0,0.0,0,0,0,0,0
0.35,2000000,1010,11,0bc3a0aad723ea56c694d3316a34ec7615443cd8e919521693c3bf4921e773f8,7e6bab01e9d6b0298352c3d96c8f671d95a236c9e60e60360e5c70a016b1f97e,Fixed-Dc,1,12965,-0.0005452030855833678,-0.000591603153459408,0.0,0,0,0,0
0.35,2000000,1010,11,0bc3a0aad723ea56c694d3316a34ec7615443cd8e919521693c3bf4921e773f8,7e6bab01e9d6b0298352c3d96c8f671d95a236c9e60e60360e5c70a016b1f97e,Fixed-Dc,2,12965,-0.0003621663150976673,-0.0002914326773670872,0,0,0,0,0
0.35,2000000,1010,11,0bc3a0aad723ea56c694d3316a34ec7615443cd8e919521693c3bf4921e773f8,7e6bab01e9d6b0298352c3d96c8f671d95a236c9e60e60360e5c70a016b1f97e,Fixed-Dc,3,12965,-7.264721023014786e-05,-0.0001455767681869391,0,0,0,0,0
0.35,2000000,1010,11,0bc3a0aad723ea56c694d3316a34ec7615443cd8e919521693c3bf4921e773f8,7e6bab01e9d6b0298352c3d96c8f671d95a236c9e60e60360e5c70a016b1f97e,Fixed-Dc,4,-309807,-8.867666498418858e-05,0.001697093898540114,0,0,0,0,0
0.35,2000000,1010,11,0bc3a0aad723ea56c694d3316a34ec7615443cd8e919521693c3bf4921e773f8,7e6bab01e9d6b0298352c3d96c8f671d95a236c9e60e60360e5c70a016b1f97e,Decoupled,1,0,,,,,,0,0
0.35,2000000,1010,11,0bc3a0aad723ea56c694d3316a34ec7615443cd8e919521693c3bf4921e773f8,7e6bab01e9d6b0298352c3d96c8f671d95a236c9e60e60360e5c70a016b1f97e,Decoupled,2,0,,,,,,0,0
0.35,2000000,1010,11,0bc3a0aad723ea56c694d3316a34ec7615443cd8e919521693c3bf4921e773f8,7e6bab01e9d6b0298352c3d96c8f671d95a236c9e60e60360e5c70a016b1f97e,Decoupled,3,0,,,,,,0,0
0.35,2000000,1010,11,0bc3a0aad723ea56c694d3316a34ec7615443cd8e919521693c3bf4921e773f8,7e6bab01e9d6b0298352c3d96c8f671d95a236c9e60e60360e5c70a016b1f97e,Decoupled,4,0,,,,,,0,0
0.35,2000000,1011,7,024e090d0a31681ec3c00da60fefd9602848b162847413c73edb60cd3ca3c19b,7e6bab01e9d6b0298352c3d96c8f671d95a236c9e60e60360e5c70a016b1f97e,No-Dq-R,1,0,0.0,0.0,0.0,0,0,0,0
0.35,2000000,1011,7,024e090d0a31681ec3c00da60fefd9602848b162847413c73edb60cd3ca3c19b,7e6bab01e9d6b0298352c3d96c8f671d95a236c9e60e60360e5c70a016b1f97e,No-Dq-R,2,0,0.0,0.0,0,0,0,0,0
0.35,2000000,1011,7,024e090d0a31681ec3c00da60fefd9602848b162847413c73edb60cd3ca3c19b,7e6bab01e9d6b0298352c3d96c8f671d95a236c9e60e60360e5c70a016b1f97e,No-Dq-R,3,0,0.0,0.0,0,0,0,0,0
0.35,2000000,1011,7,024e090d0a31681ec3c00da60fefd9602848b162847413c73edb60cd3ca3c19b,7e6bab01e9d6b0298352c3d96c8f671d95a236c9e60e60360e5c70a016b1f97e,No-Dq-R,4,0,0.0,0.0,0,0,0,0,0
0.35,2000000,1011,7,024e090d0a31681ec3c00da60fefd9602848b162847413c73edb60cd3ca3c19b,7e6bab01e9d6b0298352c3d96c8f671d95a236c9e60e60360e5c70a016b1f97e,Fixed-Dc,1,12965,-0.0006394031017732393,-0.000591603153459408,0.0,0,0,0,0
0.35,2000000,1011,7,024e090d0a31681ec3c00da60fefd9602848b162847413c73edb60cd3ca3c19b,7e6bab01e9d6b0298352c3d96c8f671d95a236c9e60e60360e5c70a016b1f97e,Fixed-Dc,2,-104298,0.0028940450617473967,0.002322511663712057,0,0,0,0,0
0.35,2000000,1011,7,024e090d0a31681ec3c00da60fefd9602848b162847413c73edb60cd3ca3c19b,7e6bab01e9d6b0298352c3d96c8f671d95a236c9e60e60360e5c70a016b1f97e,Fixed-Dc,3,-458584,0.002370378042242216,0.0049723639908134665,0,0,0,0,0
0.35,2000000,1011,7,024e090d0a31681ec3c00da60fefd9602848b162847413c73edb60cd3ca3c19b,7e6bab01e9d6b0298352c3d96c8f671d95a236c9e60e60360e5c70a016b1f97e,Fixed-Dc,4,12965,1.8877786072679648e-06,-7.261431842237043e-05,0,0,0,0,0
0.35,2000000,1011,7,024e090d0a31681ec3c00da60fefd9602848b162847413c73edb60cd3ca3c19b,7e6bab01e9d6b0298352c3d96c8f671d95a236c9e60e60360e5c70a016b1f97e,Decoupled,1,0,,,,,,0,0
0.35,2000000,1011,7,024e090d0a31681ec3c00da60fefd9602848b162847413c73edb60cd3ca3c19b,7e6bab01e9d6b0298352c3d96c8f671d95a236c9e60e60360e5c70a016b1f97e,Decoupled,2,0,,,,,,0,0
0.35,2000000,1011,7,024e090d0a31681ec3c00da60fefd9602848b162847413c73edb60cd3ca3c19b,7e6bab01e9d6b0298352c3d96c8f671d95a236c9e60e60360e5c70a016b1f97e,Decoupled,3,0,,,,,,0,0
0.35,2000000,1011,7,024e090d0a31681ec3c00da60fefd9602848b162847413c73edb60cd3ca3c19b,7e6bab01e9d6b0298352c3d96c8f671d95a236c9e60e60360e5c70a016b1f97e,Decoupled,4,0,,,,,,0,0
0.35,2000000,1011,11,024e090d0a31681ec3c00da60fefd9602848b162847413c73edb60cd3ca3c19b,7e6bab01e9d6b0298352c3d96c8f671d95a236c9e60e60360e5c70a016b1f97e,No-Dq-R,1,0,0.0,0.0,0.0,0,0,0,0
0.35,2000000,1011,11,024e090d0a31681ec3c00da60fefd9602848b162847413c73edb60cd3ca3c19b,7e6bab01e9d6b0298352c3d96c8f671d95a236c9e60e60360e5c70a016b1f97e,No-Dq-R,2,0,0.0,0.0,0,0,0,0,0
0.35,2000000,1011,11,024e090d0a31681ec3c00da60fefd9602848b162847413c73edb60cd3ca3c19b,7e6bab01e9d6b0298352c3d96c8f671d95a236c9e60e60360e5c70a016b1f97e,No-Dq-R,3,0,0.0,0.0,0,0,0,0,0
0.35,2000000,1011,11,024e090d0a31681ec3c00da60fefd9602848b162847413c73edb60cd3ca3c19b,7e6bab01e9d6b0298352c3d96c8f671d95a236c9e60e60360e5c70a016b1f97e,No-Dq-R,4,0,0.0,0.0,0,0,0,0,0
0.35,2000000,1011,11,024e090d0a31681ec3c00da60fefd9602848b162847413c73edb60cd3ca3c19b,7e6bab01e9d6b0298352c3d96c8f671d95a236c9e60e60360e5c70a016b1f97e,Fixed-Dc,1,12965,-0.0005452030855833678,-0.000591603153459408,0.0,0,0,0,0
0.35,2000000,1011,11,024e090d0a31681ec3c00da60fefd9602848b162847413c73edb60cd3ca3c19b,7e6bab01e9d6b0298352c3d96c8f671d95a236c9e60e60360e5c70a016b1f97e,Fixed-Dc,2,-104298,0.0028940450617473967,0.002322511663712057,0,0,0,0,0
0.35,2000000,1011,11,024e090d0a31681ec3c00da60fefd9602848b162847413c73edb60cd3ca3c19b,7e6bab01e9d6b0298352c3d96c8f671d95a236c9e60e60360e5c70a016b1f97e,Fixed-Dc,3,-458584,0.002370378042242216,0.0049723639908134665,0,0,0,0,0
0.35,2000000,1011,11,024e090d0a31681ec3c00da60fefd9602848b162847413c73edb60cd3ca3c19b,7e6bab01e9d6b0298352c3d96c8f671d95a236c9e60e60360e5c70a016b1f97e,Fixed-Dc,4,12965,1.8877786072679648e-06,-7.261431842237043e-05,0,0,0,0,0
0.35,2000000,1011,11,024e090d0a31681ec3c00da60fefd9602848b162847413c73edb60cd3ca3c19b,7e6bab01e9d6b0298352c3d96c8f671d95a236c9e60e60360e5c70a016b1f97e,Decoupled,1,0,,,,,,0,0
0.35,2000000,1011,11,024e090d0a31681ec3c00da60fefd9602848b162847413c73edb60cd3ca3c19b,7e6bab01e9d6b0298352c3d96c8f671d95a236c9e60e60360e5c70a016b1f97e,Decoupled,2,0,,,,,,0,0
0.35,2000000,1011,11,024e090d0a31681ec3c00da60fefd9602848b162847413c73edb60cd3ca3c19b,7e6bab01e9d6b0298352c3d96c8f671d95a236c9e60e60360e5c70a016b1f97e,Decoupled,3,0,,,,,,0,0
0.35,2000000,1011,11,024e090d0a31681ec3c00da60fefd9602848b162847413c73edb60cd3ca3c19b,7e6bab01e9d6b0298352c3d96c8f671d95a236c9e60e60360e5c70a016b1f97e,Decoupled,4,0,,,,,,0,0
0.35,2000000,1012,7,c05099cf3f02de702ebc0dfde6698dbaca4150b9b6ced0215d2138331782ba7b,7e6bab01e9d6b0298352c3d96c8f671d95a236c9e60e60360e5c70a016b1f97e,No-Dq-R,1,0,0.0,0.0,0.0,0,0,0,0
0.35,2000000,1012,7,c05099cf3f02de702ebc0dfde6698dbaca4150b9b6ced0215d2138331782ba7b,7e6bab01e9d6b0298352c3d96c8f671d95a236c9e60e60360e5c70a016b1f97e,No-Dq-R,2,0,0.0,0.0,0,0,0,0,0
0.35,2000000,1012,7,c05099cf3f02de702ebc0dfde6698dbaca4150b9b6ced0215d2138331782ba7b,7e6bab01e9d6b0298352c3d96c8f671d95a236c9e60e60360e5c70a016b1f97e,No-Dq-R,3,0,0.0,0.0,0,0,0,0,0
0.35,2000000,1012,7,c05099cf3f02de702ebc0dfde6698dbaca4150b9b6ced0215d2138331782ba7b,7e6bab01e9d6b0298352c3d96c8f671d95a236c9e60e60360e5c70a016b1f97e,No-Dq-R,4,0,0.0,0.0,0,0,0,0,0
0.35,2000000,1012,7,c05099cf3f02de702ebc0dfde6698dbaca4150b9b6ced0215d2138331782ba7b,7e6bab01e9d6b0298352c3d96c8f671d95a236c9e60e60360e5c70a016b1f97e,Fixed-Dc,1,12965,-0.0006394031017732393,-0.000591603153459408,0.0,0,0,0,0
0.35,2000000,1012,7,c05099cf3f02de702ebc0dfde6698dbaca4150b9b6ced0215d2138331782ba7b,7e6bab01e9d6b0298352c3d96c8f671d95a236c9e60e60360e5c70a016b1f97e,Fixed-Dc,2,12965,-0.0003621663150976673,-0.0002914326773670872,0,0,0,0,0
0.35,2000000,1012,7,c05099cf3f02de702ebc0dfde6698dbaca4150b9b6ced0215d2138331782ba7b,7e6bab01e9d6b0298352c3d96c8f671d95a236c9e60e60360e5c70a016b1f97e,Fixed-Dc,3,-339278,0.0017901874402676543,0.003711166856937287,0,0,0,0,0
0.35,2000000,1012,7,c05099cf3f02de702ebc0dfde6698dbaca4150b9b6ced0215d2138331782ba7b,7e6bab01e9d6b0298352c3d96c8f671d95a236c9e60e60360e5c70a016b1f97e,Fixed-Dc,4,-693564,-0.000309253015081723,0.0037019244896658865,0,0,0,0,0
0.35,2000000,1012,7,c05099cf3f02de702ebc0dfde6698dbaca4150b9b6ced0215d2138331782ba7b,7e6bab01e9d6b0298352c3d96c8f671d95a236c9e60e60360e5c70a016b1f97e,Decoupled,1,0,,,,,,0,0
0.35,2000000,1012,7,c05099cf3f02de702ebc0dfde6698dbaca4150b9b6ced0215d2138331782ba7b,7e6bab01e9d6b0298352c3d96c8f671d95a236c9e60e60360e5c70a016b1f97e,Decoupled,2,0,,,,,,0,0
0.35,2000000,1012,7,c05099cf3f02de702ebc0dfde6698dbaca4150b9b6ced0215d2138331782ba7b,7e6bab01e9d6b0298352c3d96c8f671d95a236c9e60e60360e5c70a016b1f97e,Decoupled,3,0,,,,,,0,0
0.35,2000000,1012,7,c05099cf3f02de702ebc0dfde6698dbaca4150b9b6ced0215d2138331782ba7b,7e6bab01e9d6b0298352c3d96c8f671d95a236c9e60e60360e5c70a016b1f97e,Decoupled,4,0,,,,,,0,0
0.35,2000000,1012,11,c05099cf3f02de702ebc0dfde6698dbaca4150b9b6ced0215d2138331782ba7b,7e6bab01e9d6b0298352c3d96c8f671d95a236c9e60e60360e5c70a016b1f97e,No-Dq-R,1,0,0.0,0.0,0.0,0,0,0,0
0.35,2000000,1012,11,c05099cf3f02de702ebc0dfde6698dbaca4150b9b6ced0215d2138331782ba7b,7e6bab01e9d6b0298352c3d96c8f671d95a236c9e60e60360e5c70a016b1f97e,No-Dq-R,2,0,0.0,0.0,0,0,0,0,0
0.35,2000000,1012,11,c05099cf3f02de702ebc0dfde6698dbaca4150b9b6ced0215d2138331782ba7b,7e6bab01e9d6b0298352c3d96c8f671d95a236c9e60e60360e5c70a016b1f97e,No-Dq-R,3,0,0.0,0.0,0,0,0,0,0
0.35,2000000,1012,11,c05099cf3f02de702ebc0dfde6698dbaca4150b9b6ced0215d2138331782ba7b,7e6bab01e9d6b0298352c3d96c8f671d95a236c9e60e60360e5c70a016b1f97e,No-Dq-R,4,0,0.0,0.0,0,0,0,0,0
0.35,2000000,1012,11,c05099cf3f02de702ebc0dfde6698dbaca4150b9b6ced0215d2138331782ba7b,7e6bab01e9d6b0298352c3d96c8f671d95a236c9e60e60360e5c70a016b1f97e,Fixed-Dc,1,12965,-0.0005452030855833678,-0.000591603153459408,0.0,0,0,0,0
0.35,2000000,1012,11,c05099cf3f02de702ebc0dfde6698dbaca4150b9b6ced0215d2138331782ba7b,7e6bab01e9d6b0298352c3d96c8f671d95a236c9e60e60360e5c70a016b1f97e,Fixed-Dc,2,12965,-0.0003621663150976673,-0.0002914326773670872,0,0,0,0,0
0.35,2000000,1012,11,c05099cf3f02de702ebc0dfde6698dbaca4150b9b6ced0215d2138331782ba7b,7e6bab01e9d6b0298352c3d96c8f671d95a236c9e60e60360e5c70a016b1f97e,Fixed-Dc,3,-339278,0.0017901874402676543,0.003711166856937287,0,0,0,0,0
0.35,2000000,1012,11,c05099cf3f02de702ebc0dfde6698dbaca4150b9b6ced0215d2138331782ba7b,7e6bab01e9d6b0298352c3d96c8f671d95a236c9e60e60360e5c70a016b1f97e,Fixed-Dc,4,-693564,-0.000309253015081723,0.0037019244896658865,0,0,0,0,0
0.35,2000000,1012,11,c05099cf3f02de702ebc0dfde6698dbaca4150b9b6ced0215d2138331782ba7b,7e6bab01e9d6b0298352c3d96c8f671d95a236c9e60e60360e5c70a016b1f97e,Decoupled,1,0,,,,,,0,0
0.35,2000000,1012,11,c05099cf3f02de702ebc0dfde6698dbaca4150b9b6ced0215d2138331782ba7b,7e6bab01e9d6b0298352c3d96c8f671d95a236c9e60e60360e5c70a016b1f97e,Decoupled,2,0,,,,,,0,0
0.35,2000000,1012,11,c05099cf3f02de702ebc0dfde6698dbaca4150b9b6ced0215d2138331782ba7b,7e6bab01e9d6b0298352c3d96c8f671d95a236c9e60e60360e5c70a016b1f97e,Decoupled,3,0,,,,,,0,0
0.35,2000000,1012,11,c05099cf3f02de702ebc0dfde6698dbaca4150b9b6ced0215d2138331782ba7b,7e6bab01e9d6b0298352c3d96c8f671d95a236c9e60e60360e5c70a016b1f97e,Decoupled,4,0,,,,,,0,0
0.35,2000000,1013,7,210a92cf5f9a138a7113de6f79d56ad72c2a564ce43d0cf5b187a0b610e78a49,7e6bab01e9d6b0298352c3d96c8f671d95a236c9e60e60360e5c70a016b1f97e,No-Dq-R,1,0,0.0,0.0,0.0,0,0,0,0
0.35,2000000,1013,7,210a92cf5f9a138a7113de6f79d56ad72c2a564ce43d0cf5b187a0b610e78a49,7e6bab01e9d6b0298352c3d96c8f671d95a236c9e60e60360e5c70a016b1f97e,No-Dq-R,2,0,0.0,0.0,0,0,0,0,0
0.35,2000000,1013,7,210a92cf5f9a138a7113de6f79d56ad72c2a564ce43d0cf5b187a0b610e78a49,7e6bab01e9d6b0298352c3d96c8f671d95a236c9e60e60360e5c70a016b1f97e,No-Dq-R,3,0,0.0,0.0,0,0,0,0,0
0.35,2000000,1013,7,210a92cf5f9a138a7113de6f79d56ad72c2a564ce43d0cf5b187a0b610e78a49,7e6bab01e9d6b0298352c3d96c8f671d95a236c9e60e60360e5c70a016b1f97e,No-Dq-R,4,0,0.0,0.0,0,0,0,0,0
0.35,2000000,1013,7,210a92cf5f9a138a7113de6f79d56ad72c2a564ce43d0cf5b187a0b610e78a49,7e6bab01e9d6b0298352c3d96c8f671d95a236c9e60e60360e5c70a016b1f97e,Fixed-Dc,1,-274085,0.013243310249361095,0.012206533836577771,0.0,0,0,0,0
0.35,2000000,1013,7,210a92cf5f9a138a7113de6f79d56ad72c2a564ce43d0cf5b187a0b610e78a49,7e6bab01e9d6b0298352c3d96c8f671d95a236c9e60e60360e5c70a016b1f97e,Fixed-Dc,2,-628371,0.016932135683774663,0.013423920280040136,0,0,0,0,0
0.35,2000000,1013,7,210a92cf5f9a138a7113de6f79d56ad72c2a564ce43d0cf5b187a0b610e78a49,7e6bab01e9d6b0298352c3d96c8f671d95a236c9e60e60360e5c70a016b1f97e,Fixed-Dc,3,12965,-7.264721023014786e-05,-0.0001455767681869391,0,0,0,0,0
0.35,2000000,1013,7,210a92cf5f9a138a7113de6f79d56ad72c2a564ce43d0cf5b187a0b610e78a49,7e6bab01e9d6b0298352c3d96c8f671d95a236c9e60e60360e5c70a016b1f97e,Fixed-Dc,4,12965,1.8877786072679648e-06,-7.261431842237043e-05,0,0,0,0,0
0.35,2000000,1013,7,210a92cf5f9a138a7113de6f79d56ad72c2a564ce43d0cf5b187a0b610e78a49,7e6bab01e9d6b0298352c3d96c8f671d95a236c9e60e60360e5c70a016b1f97e,Decoupled,1,0,,,,,,0,0
0.35,2000000,1013,7,210a92cf5f9a138a7113de6f79d56ad72c2a564ce43d0cf5b187a0b610e78a49,7e6bab01e9d6b0298352c3d96c8f671d95a236c9e60e60360e5c70a016b1f97e,Decoupled,2,0,,,,,,0,0
0.35,2000000,1013,7,210a92cf5f9a138a7113de6f79d56ad72c2a564ce43d0cf5b187a0b610e78a49,7e6bab01e9d6b0298352c3d96c8f671d95a236c9e60e60360e5c70a016b1f97e,Decoupled,3,0,,,,,,0,0
0.35,2000000,1013,7,210a92cf5f9a138a7113de6f79d56ad72c2a564ce43d0cf5b187a0b610e78a49,7e6bab01e9d6b0298352c3d96c8f671d95a236c9e60e60360e5c70a016b1f97e,Decoupled,4,0,,,,,,0,0
0.35,2000000,1013,11,210a92cf5f9a138a7113de6f79d56ad72c2a564ce43d0cf5b187a0b610e78a49,7e6bab01e9d6b0298352c3d96c8f671d95a236c9e60e60360e5c70a016b1f97e,No-Dq-R,1,0,0.0,0.0,0.0,0,0,0,0
0.35,2000000,1013,11,210a92cf5f9a138a7113de6f79d56ad72c2a564ce43d0cf5b187a0b610e78a49,7e6bab01e9d6b0298352c3d96c8f671d95a236c9e60e60360e5c70a016b1f97e,No-Dq-R,2,0,0.0,0.0,0,0,0,0,0
0.35,2000000,1013,11,210a92cf5f9a138a7113de6f79d56ad72c2a564ce43d0cf5b187a0b610e78a49,7e6bab01e9d6b0298352c3d96c8f671d95a236c9e60e60360e5c70a016b1f97e,No-Dq-R,3,0,0.0,0.0,0,0,0,0,0
0.35,2000000,1013,11,210a92cf5f9a138a7113de6f79d56ad72c2a564ce43d0cf5b187a0b610e78a49,7e6bab01e9d6b0298352c3d96c8f671d95a236c9e60e60360e5c70a016b1f97e,No-Dq-R,4,0,0.0,0.0,0,0,0,0,0
0.35,2000000,1013,11,210a92cf5f9a138a7113de6f79d56ad72c2a564ce43d0cf5b187a0b610e78a49,7e6bab01e9d6b0298352c3d96c8f671d95a236c9e60e60360e5c70a016b1f97e,Fixed-Dc,1,-274085,0.011200120699695337,0.012206533836577771,0.0,0,0,0,0
0.35,2000000,1013,11,210a92cf5f9a138a7113de6f79d56ad72c2a564ce43d0cf5b187a0b610e78a49,7e6bab01e9d6b0298352c3d96c8f671d95a236c9e60e60360e5c70a016b1f97e,Fixed-Dc,2,-628371,0.016932135683774663,0.013423920280040136,0,0,0,0,0
0.35,2000000,1013,11,210a92cf5f9a138a7113de6f79d56ad72c2a564ce43d0cf5b187a0b610e78a49,7e6bab01e9d6b0298352c3d96c8f671d95a236c9e60e60360e5c70a016b1f97e,Fixed-Dc,3,12965,-7.264721023014786e-05,-0.0001455767681869391,0,0,0,0,0
0.35,2000000,1013,11,210a92cf5f9a138a7113de6f79d56ad72c2a564ce43d0cf5b187a0b610e78a49,7e6bab01e9d6b0298352c3d96c8f671d95a236c9e60e60360e5c70a016b1f97e,Fixed-Dc,4,12965,1.8877786072679648e-06,-7.261431842237043e-05,0,0,0,0,0
0.35,2000000,1013,11,210a92cf5f9a138a7113de6f79d56ad72c2a564ce43d0cf5b187a0b610e78a49,7e6bab01e9d6b0298352c3d96c8f671d95a236c9e60e60360e5c70a016b1f97e,Decoupled,1,0,,,,,,0,0
0.35,2000000,1013,11,210a92cf5f9a138a7113de6f79d56ad72c2a564ce43d0cf5b187a0b610e78a49,7e6bab01e9d6b0298352c3d96c8f671d95a236c9e60e60360e5c70a016b1f97e,Decoupled,2,0,,,,,,0,0
0.35,2000000,1013,11,210a92cf5f9a138a7113de6f79d56ad72c2a564ce43d0cf5b187a0b610e78a49,7e6bab01e9d6b0298352c3d96c8f671d95a236c9e60e60360e5c70a016b1f97e,Decoupled,3,0,,,,,,0,0
0.35,2000000,1013,11,210a92cf5f9a138a7113de6f79d56ad72c2a564ce43d0cf5b187a0b610e78a49,7e6bab01e9d6b0298352c3d96c8f671d95a236c9e60e60360e5c70a016b1f97e,Decoupled,4,0,,,,,,0,0
0.35,2000000,1014,7,fc7a29b163bdf54e41ca09f7abd5bb8f4dc43f9e2e42921e2c6bbbe95652f4d6,7e6bab01e9d6b0298352c3d96c8f671d95a236c9e60e60360e5c70a016b1f97e,No-Dq-R,1,0,0.0,0.0,0.0,0,0,0,0
0.35,2000000,1014,7,fc7a29b163bdf54e41ca09f7abd5bb8f4dc43f9e2e42921e2c6bbbe95652f4d6,7e6bab01e9d6b0298352c3d96c8f671d95a236c9e60e60360e5c70a016b1f97e,No-Dq-R,2,0,0.0,0.0,0,0,0,0,0
0.35,2000000,1014,7,fc7a29b163bdf54e41ca09f7abd5bb8f4dc43f9e2e42921e2c6bbbe95652f4d6,7e6bab01e9d6b0298352c3d96c8f671d95a236c9e60e60360e5c70a016b1f97e,No-Dq-R,3,0,0.0,0.0,0,0,0,0,0
0.35,2000000,1014,7,fc7a29b163bdf54e41ca09f7abd5bb8f4dc43f9e2e42921e2c6bbbe95652f4d6,7e6bab01e9d6b0298352c3d96c8f671d95a236c9e60e60360e5c70a016b1f97e,No-Dq-R,4,0,0.0,0.0,0,0,0,0,0
0.35,2000000,1014,7,fc7a29b163bdf54e41ca09f7abd5bb8f4dc43f9e2e42921e2c6bbbe95652f4d6,7e6bab01e9d6b0298352c3d96c8f671d95a236c9e60e60360e5c70a016b1f97e,Fixed-Dc,1,-373369,0.017914527126085655,0.016490078858197088,0.0,0,0,0,0
0.35,2000000,1014,7,fc7a29b163bdf54e41ca09f7abd5bb8f4dc43f9e2e42921e2c6bbbe95652f4d6,7e6bab01e9d6b0298352c3d96c8f671d95a236c9e60e60360e5c70a016b1f97e,Fixed-Dc,2,-727655,0.01950090997574022,0.015424734660593908,0,0,0,0,0
0.35,2000000,1014,7,fc7a29b163bdf54e41ca09f7abd5bb8f4dc43f9e2e42921e2c6bbbe95652f4d6,7e6bab01e9d6b0298352c3d96c8f671d95a236c9e60e60360e5c70a016b1f97e,Fixed-Dc,3,12965,-7.264721023014786e-05,-0.0001455767681869391,0,0,0,0,0
0.35,2000000,1014,7,fc7a29b163bdf54e41ca09f7abd5bb8f4dc43f9e2e42921e2c6bbbe95652f4d6,7e6bab01e9d6b0298352c3d96c8f671d95a236c9e60e60360e5c70a016b1f97e,Fixed-Dc,4,12965,1.8877786072679648e-06,-7.261431842237043e-05,0,0,0,0,0
0.35,2000000,1014,7,fc7a29b163bdf54e41ca09f7abd5bb8f4dc43f9e2e42921e2c6bbbe95652f4d6,7e6bab01e9d6b0298352c3d96c8f671d95a236c9e60e60360e5c70a016b1f97e,Decoupled,1,0,,,,,,0,0
0.35,2000000,1014,7,fc7a29b163bdf54e41ca09f7abd5bb8f4dc43f9e2e42921e2c6bbbe95652f4d6,7e6bab01e9d6b0298352c3d96c8f671d95a236c9e60e60360e5c70a016b1f97e,Decoupled,2,0,,,,,,0,0
0.35,2000000,1014,7,fc7a29b163bdf54e41ca09f7abd5bb8f4dc43f9e2e42921e2c6bbbe95652f4d6,7e6bab01e9d6b0298352c3d96c8f671d95a236c9e60e60360e5c70a016b1f97e,Decoupled,3,0,,,,,,0,0
0.35,2000000,1014,7,fc7a29b163bdf54e41ca09f7abd5bb8f4dc43f9e2e42921e2c6bbbe95652f4d6,7e6bab01e9d6b0298352c3d96c8f671d95a236c9e60e60360e5c70a016b1f97e,Decoupled,4,0,,,,,,0,0
0.35,2000000,1014,11,fc7a29b163bdf54e41ca09f7abd5bb8f4dc43f9e2e42921e2c6bbbe95652f4d6,7e6bab01e9d6b0298352c3d96c8f671d95a236c9e60e60360e5c70a016b1f97e,No-Dq-R,1,0,0.0,0.0,0.0,0,0,0,0
0.35,2000000,1014,11,fc7a29b163bdf54e41ca09f7abd5bb8f4dc43f9e2e42921e2c6bbbe95652f4d6,7e6bab01e9d6b0298352c3d96c8f671d95a236c9e60e60360e5c70a016b1f97e,No-Dq-R,2,0,0.0,0.0,0,0,0,0,0
0.35,2000000,1014,11,fc7a29b163bdf54e41ca09f7abd5bb8f4dc43f9e2e42921e2c6bbbe95652f4d6,7e6bab01e9d6b0298352c3d96c8f671d95a236c9e60e60360e5c70a016b1f97e,No-Dq-R,3,0,0.0,0.0,0,0,0,0,0
0.35,2000000,1014,11,fc7a29b163bdf54e41ca09f7abd5bb8f4dc43f9e2e42921e2c6bbbe95652f4d6,7e6bab01e9d6b0298352c3d96c8f671d95a236c9e60e60360e5c70a016b1f97e,No-Dq-R,4,0,0.0,0.0,0,0,0,0,0
0.35,2000000,1014,11,fc7a29b163bdf54e41ca09f7abd5bb8f4dc43f9e2e42921e2c6bbbe95652f4d6,7e6bab01e9d6b0298352c3d96c8f671d95a236c9e60e60360e5c70a016b1f97e,Fixed-Dc,1,-373369,0.015107347314600172,0.016490078858197088,0.0,0,0,0,0
0.35,2000000,1014,11,fc7a29b163bdf54e41ca09f7abd5bb8f4dc43f9e2e42921e2c6bbbe95652f4d6,7e6bab01e9d6b0298352c3d96c8f671d95a236c9e60e60360e5c70a016b1f97e,Fixed-Dc,2,-727655,0.01950090997574022,0.015424734660593908,0,0,0,0,0
0.35,2000000,1014,11,fc7a29b163bdf54e41ca09f7abd5bb8f4dc43f9e2e42921e2c6bbbe95652f4d6,7e6bab01e9d6b0298352c3d96c8f671d95a236c9e60e60360e5c70a016b1f97e,Fixed-Dc,3,12965,-7.264721023014786e-05,-0.0001455767681869391,0,0,0,0,0
0.35,2000000,1014,11,fc7a29b163bdf54e41ca09f7abd5bb8f4dc43f9e2e42921e2c6bbbe95652f4d6,7e6bab01e9d6b0298352c3d96c8f671d95a236c9e60e60360e5c70a016b1f97e,Fixed-Dc,4,12965,1.8877786072679648e-06,-7.261431842237043e-05,0,0,0,0,0
0.35,2000000,1014,11,fc7a29b163bdf54e41ca09f7abd5bb8f4dc43f9e2e42921e2c6bbbe95652f4d6,7e6bab01e9d6b0298352c3d96c8f671d95a236c9e60e60360e5c70a016b1f97e,Decoupled,1,0,,,,,,0,0
0.35,2000000,1014,11,fc7a29b163bdf54e41ca09f7abd5bb8f4dc43f9e2e42921e2c6bbbe95652f4d6,7e6bab01e9d6b0298352c3d96c8f671d95a236c9e60e60360e5c70a016b1f97e,Decoupled,2,0,,,,,,0,0
0.35,2000000,1014,11,fc7a29b163bdf54e41ca09f7abd5bb8f4dc43f9e2e42921e2c6bbbe95652f4d6,7e6bab01e9d6b0298352c3d96c8f671d95a236c9e60e60360e5c70a016b1f97e,Decoupled,3,0,,,,,,0,0
0.35,2000000,1014,11,fc7a29b163bdf54e41ca09f7abd5bb8f4dc43f9e2e42921e2c6bbbe95652f4d6,7e6bab01e9d6b0298352c3d96c8f671d95a236c9e60e60360e5c70a016b1f97e,Decoupled,4,0,,,,,,0,0
0.35,2000000,1015,7,f20d636b7ff5bc722666f590c298eadc97f96869b40077e5128ad3bbee8b5860,7e6bab01e9d6b0298352c3d96c8f671d95a236c9e60e60360e5c70a016b1f97e,No-Dq-R,1,0,0.0,0.0,0.0,0,0,0,0
0.35,2000000,1015,7,f20d636b7ff5bc722666f590c298eadc97f96869b40077e5128ad3bbee8b5860,7e6bab01e9d6b0298352c3d96c8f671d95a236c9e60e60360e5c70a016b1f97e,No-Dq-R,2,0,0.0,0.0,0,0,0,0,0
0.35,2000000,1015,7,f20d636b7ff5bc722666f590c298eadc97f96869b40077e5128ad3bbee8b5860,7e6bab01e9d6b0298352c3d96c8f671d95a236c9e60e60360e5c70a016b1f97e,No-Dq-R,3,0,0.0,0.0,0,0,0,0,0
0.35,2000000,1015,7,f20d636b7ff5bc722666f590c298eadc97f96869b40077e5128ad3bbee8b5860,7e6bab01e9d6b0298352c3d96c8f671d95a236c9e60e60360e5c70a016b1f97e,No-Dq-R,4,0,0.0,0.0,0,0,0,0,0
0.35,2000000,1015,7,f20d636b7ff5bc722666f590c298eadc97f96869b40077e5128ad3bbee8b5860,7e6bab01e9d6b0298352c3d96c8f671d95a236c9e60e60360e5c70a016b1f97e,Fixed-Dc,1,12965,-0.0006394031017732393,-0.000591603153459408,0.0,0,0,0,0
0.35,2000000,1015,7,f20d636b7ff5bc722666f590c298eadc97f96869b40077e5128ad3bbee8b5860,7e6bab01e9d6b0298352c3d96c8f671d95a236c9e60e60360e5c70a016b1f97e,Fixed-Dc,2,12965,-0.0003621663150976673,-0.0002914326773670872,0,0,0,0,0
0.35,2000000,1015,7,f20d636b7ff5bc722666f590c298eadc97f96869b40077e5128ad3bbee8b5860,7e6bab01e9d6b0298352c3d96c8f671d95a236c9e60e60360e5c70a016b1f97e,Fixed-Dc,3,12965,-7.264721023014786e-05,-0.0001455767681869391,0,0,0,0,0
0.35,2000000,1015,7,f20d636b7ff5bc722666f590c298eadc97f96869b40077e5128ad3bbee8b5860,7e6bab01e9d6b0298352c3d96c8f671d95a236c9e60e60360e5c70a016b1f97e,Fixed-Dc,4,12965,1.8877786072679648e-06,-7.261431842237043e-05,0,0,0,0,0
0.35,2000000,1015,7,f20d636b7ff5bc722666f590c298eadc97f96869b40077e5128ad3bbee8b5860,7e6bab01e9d6b0298352c3d96c8f671d95a236c9e60e60360e5c70a016b1f97e,Decoupled,1,0,,,,,,0,0
0.35,2000000,1015,7,f20d636b7ff5bc722666f590c298eadc97f96869b40077e5128ad3bbee8b5860,7e6bab01e9d6b0298352c3d96c8f671d95a236c9e60e60360e5c70a016b1f97e,Decoupled,2,0,,,,,,0,0
0.35,2000000,1015,7,f20d636b7ff5bc722666f590c298eadc97f96869b40077e5128ad3bbee8b5860,7e6bab01e9d6b0298352c3d96c8f671d95a236c9e60e60360e5c70a016b1f97e,Decoupled,3,0,,,,,,0,0
0.35,2000000,1015,7,f20d636b7ff5bc722666f590c298eadc97f96869b40077e5128ad3bbee8b5860,7e6bab01e9d6b0298352c3d96c8f671d95a236c9e60e60360e5c70a016b1f97e,Decoupled,4,0,,,,,,0,0
0.35,2000000,1015,11,f20d636b7ff5bc722666f590c298eadc97f96869b40077e5128ad3bbee8b5860,7e6bab01e9d6b0298352c3d96c8f671d95a236c9e60e60360e5c70a016b1f97e,No-Dq-R,1,0,0.0,0.0,0.0,0,0,0,0
0.35,2000000,1015,11,f20d636b7ff5bc722666f590c298eadc97f96869b40077e5128ad3bbee8b5860,7e6bab01e9d6b0298352c3d96c8f671d95a236c9e60e60360e5c70a016b1f97e,No-Dq-R,2,0,0.0,0.0,0,0,0,0,0
0.35,2000000,1015,11,f20d636b7ff5bc722666f590c298eadc97f96869b40077e5128ad3bbee8b5860,7e6bab01e9d6b0298352c3d96c8f671d95a236c9e60e60360e5c70a016b1f97e,No-Dq-R,3,0,0.0,0.0,0,0,0,0,0
0.35,2000000,1015,11,f20d636b7ff5bc722666f590c298eadc97f96869b40077e5128ad3bbee8b5860,7e6bab01e9d6b0298352c3d96c8f671d95a236c9e60e60360e5c70a016b1f97e,No-Dq-R,4,0,0.0,0.0,0,0,0,0,0
0.35,2000000,1015,11,f20d636b7ff5bc722666f590c298eadc97f96869b40077e5128ad3bbee8b5860,7e6bab01e9d6b0298352c3d96c8f671d95a236c9e60e60360e5c70a016b1f97e,Fixed-Dc,1,12965,-0.0005452030855833678,-0.000591603153459408,0.0,0,0,0,0
0.35,2000000,1015,11,f20d636b7ff5bc722666f590c298eadc97f96869b40077e5128ad3bbee8b5860,7e6bab01e9d6b0298352c3d96c8f671d95a236c9e60e60360e5c70a016b1f97e,Fixed-Dc,2,12965,-0.0003621663150976673,-0.0002914326773670872,0,0,0,0,0
0.35,2000000,1015,11,f20d636b7ff5bc722666f590c298eadc97f96869b40077e5128ad3bbee8b5860,7e6bab01e9d6b0298352c3d96c8f671d95a236c9e60e60360e5c70a016b1f97e,Fixed-Dc,3,12965,-7.264721023014786e-05,-0.0001455767681869391,0,0,0,0,0
0.35,2000000,1015,11,f20d636b7ff5bc722666f590c298eadc97f96869b40077e5128ad3bbee8b5860,7e6bab01e9d6b0298352c3d96c8f671d95a236c9e60e60360e5c70a016b1f97e,Fixed-Dc,4,12965,1.8877786072679648e-06,-7.261431842237043e-05,0,0,0,0,0
0.35,2000000,1015,11,f20d636b7ff5bc722666f590c298eadc97f96869b40077e5128ad3bbee8b5860,7e6bab01e9d6b0298352c3d96c8f671d95a236c9e60e60360e5c70a016b1f97e,Decoupled,1,0,,,,,,0,0
0.35,2000000,1015,11,f20d636b7ff5bc722666f590c298eadc97f96869b40077e5128ad3bbee8b5860,7e6bab01e9d6b0298352c3d96c8f671d95a236c9e60e60360e5c70a016b1f97e,Decoupled,2,0,,,,,,0,0
0.35,2000000,1015,11,f20d636b7ff5bc722666f590c298eadc97f96869b40077e5128ad3bbee8b5860,7e6bab01e9d6b0298352c3d96c8f671d95a236c9e60e60360e5c70a016b1f97e,Decoupled,3,0,,,,,,0,0
0.35,2000000,1015,11,f20d636b7ff5bc722666f590c298eadc97f96869b40077e5128ad3bbee8b5860,7e6bab01e9d6b0298352c3d96c8f671d95a236c9e60e60360e5c70a016b1f97e,Decoupled,4,0,,,,,,0,0
0.35,2000000,1016,7,36e82892b45235a3fb6d3fe0f11604af4509d075f04daef329b0cf588de4fcc1,7e6bab01e9d6b0298352c3d96c8f671d95a236c9e60e60360e5c70a016b1f97e,No-Dq-R,1,0,0.0,0.0,0.0,0,0,0,0
0.35,2000000,1016,7,36e82892b45235a3fb6d3fe0f11604af4509d075f04daef329b0cf588de4fcc1,7e6bab01e9d6b0298352c3d96c8f671d95a236c9e60e60360e5c70a016b1f97e,No-Dq-R,2,0,0.0,0.0,0,0,0,0,0
0.35,2000000,1016,7,36e82892b45235a3fb6d3fe0f11604af4509d075f04daef329b0cf588de4fcc1,7e6bab01e9d6b0298352c3d96c8f671d95a236c9e60e60360e5c70a016b1f97e,No-Dq-R,3,0,0.0,0.0,0,0,0,0,0
0.35,2000000,1016,7,36e82892b45235a3fb6d3fe0f11604af4509d075f04daef329b0cf588de4fcc1,7e6bab01e9d6b0298352c3d96c8f671d95a236c9e60e60360e5c70a016b1f97e,No-Dq-R,4,0,0.0,0.0,0,0,0,0,0
0.35,2000000,1016,7,36e82892b45235a3fb6d3fe0f11604af4509d075f04daef329b0cf588de4fcc1,7e6bab01e9d6b0298352c3d96c8f671d95a236c9e60e60360e5c70a016b1f97e,Fixed-Dc,1,12965,-0.0006394031017732393,-0.000591603153459408,0.0,0,0,0,0
0.35,2000000,1016,7,36e82892b45235a3fb6d3fe0f11604af4509d075f04daef329b0cf588de4fcc1,7e6bab01e9d6b0298352c3d96c8f671d95a236c9e60e60360e5c70a016b1f97e,Fixed-Dc,2,-95543,0.0026524330786478756,0.0021290459645712523,0,0,0,0,0
0.35,2000000,1016,7,36e82892b45235a3fb6d3fe0f11604af4509d075f04daef329b0cf588de4fcc1,7e6bab01e9d6b0298352c3d96c8f671d95a236c9e60e60360e5c70a016b1f97e,Fixed-Dc,3,-449829,0.0023286506716547195,0.004880568926666329,0,0,0,0,0
0.35,2000000,1016,7,36e82892b45235a3fb6d3fe0f11604af4509d075f04daef329b0cf588de4fcc1,7e6bab01e9d6b0298352c3d96c8f671d95a236c9e60e60360e5c70a016b1f97e,Fixed-Dc,4,-804115,-0.00039435052255609726,0.004260374119695043,0,0,0,0,0
0.35,2000000,1016,7,36e82892b45235a3fb6d3fe0f11604af4509d075f04daef329b0cf588de4fcc1,7e6bab01e9d6b0298352c3d96c8f671d95a236c9e60e60360e5c70a016b1f97e,Decoupled,1,0,,,,,,0,0
0.35,2000000,1016,7,36e82892b45235a3fb6d3fe0f11604af4509d075f04daef329b0cf588de4fcc1,7e6bab01e9d6b0298352c3d96c8f671d95a236c9e60e60360e5c70a016b1f97e,Decoupled,2,0,,,,,,0,0
0.35,2000000,1016,7,36e82892b45235a3fb6d3fe0f11604af4509d075f04daef329b0cf588de4fcc1,7e6bab01e9d6b0298352c3d96c8f671d95a236c9e60e60360e5c70a016b1f97e,Decoupled,3,0,,,,,,0,0
0.35,2000000,1016,7,36e82892b45235a3fb6d3fe0f11604af4509d075f04daef329b0cf588de4fcc1,7e6bab01e9d6b0298352c3d96c8f671d95a236c9e60e60360e5c70a016b1f97e,Decoupled,4,0,,,,,,0,0
0.35,2000000,1016,11,36e82892b45235a3fb6d3fe0f11604af4509d075f04daef329b0cf588de4fcc1,7e6bab01e9d6b0298352c3d96c8f671d95a236c9e60e60360e5c70a016b1f97e,No-Dq-R,1,0,0.0,0.0,0.0,0,0,0,0
0.35,2000000,1016,11,36e82892b45235a3fb6d3fe0f11604af4509d075f04daef329b0cf588de4fcc1,7e6bab01e9d6b0298352c3d96c8f671d95a236c9e60e60360e5c70a016b1f97e,No-Dq-R,2,0,0.0,0.0,0,0,0,0,0
0.35,2000000,1016,11,36e82892b45235a3fb6d3fe0f11604af4509d075f04daef329b0cf588de4fcc1,7e6bab01e9d6b0298352c3d96c8f671d95a236c9e60e60360e5c70a016b1f97e,No-Dq-R,3,0,0.0,0.0,0,0,0,0,0
0.35,2000000,1016,11,36e82892b45235a3fb6d3fe0f11604af4509d075f04daef329b0cf588de4fcc1,7e6bab01e9d6b0298352c3d96c8f671d95a236c9e60e60360e5c70a016b1f97e,No-Dq-R,4,0,0.0,0.0,0,0,0,0,0
0.35,2000000,1016,11,36e82892b45235a3fb6d3fe0f11604af4509d075f04daef329b0cf588de4fcc1,7e6bab01e9d6b0298352c3d96c8f671d95a236c9e60e60360e5c70a016b1f97e,Fixed-Dc,1,12965,-0.0005452030855833678,-0.000591603153459408,0.0,0,0,0,0
0.35,2000000,1016,11,36e82892b45235a3fb6d3fe0f11604af4509d075f04daef329b0cf588de4fcc1,7e6bab01e9d6b0298352c3d96c8f671d95a236c9e60e60360e5c70a016b1f97e,Fixed-Dc,2,-95543,0.0026524330786478756,0.0021290459645712523,0,0,0,0,0
0.35,2000000,1016,11,36e82892b45235a3fb6d3fe0f11604af4509d075f04daef329b0cf588de4fcc1,7e6bab01e9d6b0298352c3d96c8f671d95a236c9e60e60360e5c70a016b1f97e,Fixed-Dc,3,-449829,0.0023286506716547195,0.004880568926666329,0,0,0,0,0
0.35,2000000,1016,11,36e82892b45235a3fb6d3fe0f11604af4509d075f04daef329b0cf588de4fcc1,7e6bab01e9d6b0298352c3d96c8f671d95a236c9e60e60360e5c70a016b1f97e,Fixed-Dc,4,-804115,-0.00039435052255609726,0.004260374119695043,0,0,0,0,0
0.35,2000000,1016,11,36e82892b45235a3fb6d3fe0f11604af4509d075f04daef329b0cf588de4fcc1,7e6bab01e9d6b0298352c3d96c8f671d95a236c9e60e60360e5c70a016b1f97e,Decoupled,1,0,,,,,,0,0
0.35,2000000,1016,11,36e82892b45235a3fb6d3fe0f11604af4509d075f04daef329b0cf588de4fcc1,7e6bab01e9d6b0298352c3d96c8f671d95a236c9e60e60360e5c70a016b1f97e,Decoupled,2,0,,,,,,0,0
0.35,2000000,1016,11,36e82892b45235a3fb6d3fe0f11604af4509d075f04daef329b0cf588de4fcc1,7e6bab01e9d6b0298352c3d96c8f671d95a236c9e60e60360e5c70a016b1f97e,Decoupled,3,0,,,,,,0,0
0.35,2000000,1016,11,36e82892b45235a3fb6d3fe0f11604af4509d075f04daef329b0cf588de4fcc1,7e6bab01e9d6b0298352c3d96c8f671d95a236c9e60e60360e5c70a016b1f97e,Decoupled,4,0,,,,,,0,0
0.35,2000000,1017,7,153481a6dd1a5aa5569a1563da234e65cc08049b22323be25c59d2f6dfa2e0a5,7e6bab01e9d6b0298352c3d96c8f671d95a236c9e60e60360e5c70a016b1f97e,No-Dq-R,1,0,0.0,0.0,0.0,0,0,0,0
0.35,2000000,1017,7,153481a6dd1a5aa5569a1563da234e65cc08049b22323be25c59d2f6dfa2e0a5,7e6bab01e9d6b0298352c3d96c8f671d95a236c9e60e60360e5c70a016b1f97e,No-Dq-R,2,0,0.0,0.0,0,0,0,0,0
0.35,2000000,1017,7,153481a6dd1a5aa5569a1563da234e65cc08049b22323be25c59d2f6dfa2e0a5,7e6bab01e9d6b0298352c3d96c8f671d95a236c9e60e60360e5c70a016b1f97e,No-Dq-R,3,0,0.0,0.0,0,0,0,0,0
0.35,2000000,1017,7,153481a6dd1a5aa5569a1563da234e65cc08049b22323be25c59d2f6dfa2e0a5,7e6bab01e9d6b0298352c3d96c8f671d95a236c9e60e60360e5c70a016b1f97e,No-Dq-R,4,0,0.0,0.0,0,0,0,0,0
0.35,2000000,1017,7,153481a6dd1a5aa5569a1563da234e65cc08049b22323be25c59d2f6dfa2e0a5,7e6bab01e9d6b0298352c3d96c8f671d95a236c9e60e60360e5c70a016b1f97e,Fixed-Dc,1,-229819,0.01113934334289779,0.010273361873961107,0.0,0,0,0,0
0.35,2000000,1017,7,153481a6dd1a5aa5569a1563da234e65cc08049b22323be25c59d2f6dfa2e0a5,7e6bab01e9d6b0298352c3d96c8f671d95a236c9e60e60360e5c70a016b1f97e,Fixed-Dc,2,-584105,0.01577779131250645,0.012521647982634054,0,0,0,0,0
0.35,2000000,1017,7,153481a6dd1a5aa5569a1563da234e65cc08049b22323be25c59d2f6dfa2e0a5,7e6bab01e9d6b0298352c3d96c8f671d95a236c9e60e60360e5c70a016b1f97e,Fixed-Dc,3,12965,-7.264721023014786e-05,-0.0001455767681869391,0,0,0,0,0
0.35,2000000,1017,7,153481a6dd1a5aa5569a1563da234e65cc08049b22323be25c59d2f6dfa2e0a5,7e6bab01e9d6b0298352c3d96c8f671d95a236c9e60e60360e5c70a016b1f97e,Fixed-Dc,4,12965,1.8877786072679648e-06,-7.261431842237043e-05,0,0,0,0,0
0.35,2000000,1017,7,153481a6dd1a5aa5569a1563da234e65cc08049b22323be25c59d2f6dfa2e0a5,7e6bab01e9d6b0298352c3d96c8f671d95a236c9e60e60360e5c70a016b1f97e,Decoupled,1,0,,,,,,0,0
0.35,2000000,1017,7,153481a6dd1a5aa5569a1563da234e65cc08049b22323be25c59d2f6dfa2e0a5,7e6bab01e9d6b0298352c3d96c8f671d95a236c9e60e60360e5c70a016b1f97e,Decoupled,2,0,,,,,,0,0
0.35,2000000,1017,7,153481a6dd1a5aa5569a1563da234e65cc08049b22323be25c59d2f6dfa2e0a5,7e6bab01e9d6b0298352c3d96c8f671d95a236c9e60e60360e5c70a016b1f97e,Decoupled,3,0,,,,,,0,0
0.35,2000000,1017,7,153481a6dd1a5aa5569a1563da234e65cc08049b22323be25c59d2f6dfa2e0a5,7e6bab01e9d6b0298352c3d96c8f671d95a236c9e60e60360e5c70a016b1f97e,Decoupled,4,0,,,,,,0,0
0.35,2000000,1017,11,153481a6dd1a5aa5569a1563da234e65cc08049b22323be25c59d2f6dfa2e0a5,7e6bab01e9d6b0298352c3d96c8f671d95a236c9e60e60360e5c70a016b1f97e,No-Dq-R,1,0,0.0,0.0,0.0,0,0,0,0
0.35,2000000,1017,11,153481a6dd1a5aa5569a1563da234e65cc08049b22323be25c59d2f6dfa2e0a5,7e6bab01e9d6b0298352c3d96c8f671d95a236c9e60e60360e5c70a016b1f97e,No-Dq-R,2,0,0.0,0.0,0,0,0,0,0
0.35,2000000,1017,11,153481a6dd1a5aa5569a1563da234e65cc08049b22323be25c59d2f6dfa2e0a5,7e6bab01e9d6b0298352c3d96c8f671d95a236c9e60e60360e5c70a016b1f97e,No-Dq-R,3,0,0.0,0.0,0,0,0,0,0
0.35,2000000,1017,11,153481a6dd1a5aa5569a1563da234e65cc08049b22323be25c59d2f6dfa2e0a5,7e6bab01e9d6b0298352c3d96c8f671d95a236c9e60e60360e5c70a016b1f97e,No-Dq-R,4,0,0.0,0.0,0,0,0,0,0
0.35,2000000,1017,11,153481a6dd1a5aa5569a1563da234e65cc08049b22323be25c59d2f6dfa2e0a5,7e6bab01e9d6b0298352c3d96c8f671d95a236c9e60e60360e5c70a016b1f97e,Fixed-Dc,1,-229819,0.00943274174035369,0.010273361873961107,0.0,0,0,0,0
0.35,2000000,1017,11,153481a6dd1a5aa5569a1563da234e65cc08049b22323be25c59d2f6dfa2e0a5,7e6bab01e9d6b0298352c3d96c8f671d95a236c9e60e60360e5c70a016b1f97e,Fixed-Dc,2,-584105,0.01577779131250645,0.012521647982634054,0,0,0,0,0
0.35,2000000,1017,11,153481a6dd1a5aa5569a1563da234e65cc08049b22323be25c59d2f6dfa2e0a5,7e6bab01e9d6b0298352c3d96c8f671d95a236c9e60e60360e5c70a016b1f97e,Fixed-Dc,3,12965,-7.264721023014786e-05,-0.0001455767681869391,0,0,0,0,0
0.35,2000000,1017,11,153481a6dd1a5aa5569a1563da234e65cc08049b22323be25c59d2f6dfa2e0a5,7e6bab01e9d6b0298352c3d96c8f671d95a236c9e60e60360e5c70a016b1f97e,Fixed-Dc,4,12965,1.8877786072679648e-06,-7.261431842237043e-05,0,0,0,0,0
0.35,2000000,1017,11,153481a6dd1a5aa5569a1563da234e65cc08049b22323be25c59d2f6dfa2e0a5,7e6bab01e9d6b0298352c3d96c8f671d95a236c9e60e60360e5c70a016b1f97e,Decoupled,1,0,,,,,,0,0
0.35,2000000,1017,11,153481a6dd1a5aa5569a1563da234e65cc08049b22323be25c59d2f6dfa2e0a5,7e6bab01e9d6b0298352c3d96c8f671d95a236c9e60e60360e5c70a016b1f97e,Decoupled,2,0,,,,,,0,0
0.35,2000000,1017,11,153481a6dd1a5aa5569a1563da234e65cc08049b22323be25c59d2f6dfa2e0a5,7e6bab01e9d6b0298352c3d96c8f671d95a236c9e60e60360e5c70a016b1f97e,Decoupled,3,0,,,,,,0,0
0.35,2000000,1017,11,153481a6dd1a5aa5569a1563da234e65cc08049b22323be25c59d2f6dfa2e0a5,7e6bab01e9d6b0298352c3d96c8f671d95a236c9e60e60360e5c70a016b1f97e,Decoupled,4,0,,,,,,0,0
0.35,2000000,1018,7,82da5b8d5c4521fcf36741f12df2d17bfc219689f13c260bb5559f4ea47e0bfc,7e6bab01e9d6b0298352c3d96c8f671d95a236c9e60e60360e5c70a016b1f97e,No-Dq-R,1,0,0.0,0.0,0.0,0,0,0,0
0.35,2000000,1018,7,82da5b8d5c4521fcf36741f12df2d17bfc219689f13c260bb5559f4ea47e0bfc,7e6bab01e9d6b0298352c3d96c8f671d95a236c9e60e60360e5c70a016b1f97e,No-Dq-R,2,0,0.0,0.0,0,0,0,0,0
0.35,2000000,1018,7,82da5b8d5c4521fcf36741f12df2d17bfc219689f13c260bb5559f4ea47e0bfc,7e6bab01e9d6b0298352c3d96c8f671d95a236c9e60e60360e5c70a016b1f97e,No-Dq-R,3,0,0.0,0.0,0,0,0,0,0
0.35,2000000,1018,7,82da5b8d5c4521fcf36741f12df2d17bfc219689f13c260bb5559f4ea47e0bfc,7e6bab01e9d6b0298352c3d96c8f671d95a236c9e60e60360e5c70a016b1f97e,No-Dq-R,4,0,0.0,0.0,0,0,0,0,0
0.35,2000000,1018,7,82da5b8d5c4521fcf36741f12df2d17bfc219689f13c260bb5559f4ea47e0bfc,7e6bab01e9d6b0298352c3d96c8f671d95a236c9e60e60360e5c70a016b1f97e,Fixed-Dc,1,12965,-0.0006394031017732393,-0.000591603153459408,0.0,0,0,0,0
0.35,2000000,1018,7,82da5b8d5c4521fcf36741f12df2d17bfc219689f13c260bb5559f4ea47e0bfc,7e6bab01e9d6b0298352c3d96c8f671d95a236c9e60e60360e5c70a016b1f97e,Fixed-Dc,2,-217763,0.006003732612376911,0.004805434648743556,0,0,0,0,0
0.35,2000000,1018,7,82da5b8d5c4521fcf36741f12df2d17bfc219689f13c260bb5559f4ea47e0bfc,7e6bab01e9d6b0298352c3d96c8f671d95a236c9e60e60360e5c70a016b1f97e,Fixed-Dc,3,-572049,0.0028991800907406384,0.006151357994507389,0,0,0,0,0
0.35,2000000,1018,7,82da5b8d5c4521fcf36741f12df2d17bfc219689f13c260bb5559f4ea47e0bfc,7e6bab01e9d6b0298352c3d96c8f671d95a236c9e60e60360e5c70a016b1f97e,Fixed-Dc,4,12965,1.8877786072679648e-06,-7.261431842237043e-05,0,0,0,0,0
0.35,2000000,1018,7,82da5b8d5c4521fcf36741f12df2d17bfc219689f13c260bb5559f4ea47e0bfc,7e6bab01e9d6b0298352c3d96c8f671d95a236c9e60e60360e5c70a016b1f97e,Decoupled,1,0,,,,,,0,0
0.35,2000000,1018,7,82da5b8d5c4521fcf36741f12df2d17bfc219689f13c260bb5559f4ea47e0bfc,7e6bab01e9d6b0298352c3d96c8f671d95a236c9e60e60360e5c70a016b1f97e,Decoupled,2,0,,,,,,0,0
0.35,2000000,1018,7,82da5b8d5c4521fcf36741f12df2d17bfc219689f13c260bb5559f4ea47e0bfc,7e6bab01e9d6b0298352c3d96c8f671d95a236c9e60e60360e5c70a016b1f97e,Decoupled,3,0,,,,,,0,0
0.35,2000000,1018,7,82da5b8d5c4521fcf36741f12df2d17bfc219689f13c260bb5559f4ea47e0bfc,7e6bab01e9d6b0298352c3d96c8f671d95a236c9e60e60360e5c70a016b1f97e,Decoupled,4,0,,,,,,0,0
0.35,2000000,1018,11,82da5b8d5c4521fcf36741f12df2d17bfc219689f13c260bb5559f4ea47e0bfc,7e6bab01e9d6b0298352c3d96c8f671d95a236c9e60e60360e5c70a016b1f97e,No-Dq-R,1,0,0.0,0.0,0.0,0,0,0,0
0.35,2000000,1018,11,82da5b8d5c4521fcf36741f12df2d17bfc219689f13c260bb5559f4ea47e0bfc,7e6bab01e9d6b0298352c3d96c8f671d95a236c9e60e60360e5c70a016b1f97e,No-Dq-R,2,0,0.0,0.0,0,0,0,0,0
0.35,2000000,1018,11,82da5b8d5c4521fcf36741f12df2d17bfc219689f13c260bb5559f4ea47e0bfc,7e6bab01e9d6b0298352c3d96c8f671d95a236c9e60e60360e5c70a016b1f97e,No-Dq-R,3,0,0.0,0.0,0,0,0,0,0
0.35,2000000,1018,11,82da5b8d5c4521fcf36741f12df2d17bfc219689f13c260bb5559f4ea47e0bfc,7e6bab01e9d6b0298352c3d96c8f671d95a236c9e60e60360e5c70a016b1f97e,No-Dq-R,4,0,0.0,0.0,0,0,0,0,0
0.35,2000000,1018,11,82da5b8d5c4521fcf36741f12df2d17bfc219689f13c260bb5559f4ea47e0bfc,7e6bab01e9d6b0298352c3d96c8f671d95a236c9e60e60360e5c70a016b1f97e,Fixed-Dc,1,12965,-0.0005452030855833678,-0.000591603153459408,0.0,0,0,0,0
0.35,2000000,1018,11,82da5b8d5c4521fcf36741f12df2d17bfc219689f13c260bb5559f4ea47e0bfc,7e6bab01e9d6b0298352c3d96c8f671d95a236c9e60e60360e5c70a016b1f97e,Fixed-Dc,2,-217763,0.006003732612376911,0.004805434648743556,0,0,0,0,0
0.35,2000000,1018,11,82da5b8d5c4521fcf36741f12df2d17bfc219689f13c260bb5559f4ea47e0bfc,7e6bab01e9d6b0298352c3d96c8f671d95a236c9e60e60360e5c70a016b1f97e,Fixed-Dc,3,-572049,0.0028991800907406384,0.006151357994507389,0,0,0,0,0
0.35,2000000,1018,11,82da5b8d5c4521fcf36741f12df2d17bfc219689f13c260bb5559f4ea47e0bfc,7e6bab01e9d6b0298352c3d96c8f671d95a236c9e60e60360e5c70a016b1f97e,Fixed-Dc,4,12965,1.8877786072679648e-06,-7.261431842237043e-05,0,0,0,0,0
0.35,2000000,1018,11,82da5b8d5c4521fcf36741f12df2d17bfc219689f13c260bb5559f4ea47e0bfc,7e6bab01e9d6b0298352c3d96c8f671d95a236c9e60e60360e5c70a016b1f97e,Decoupled,1,0,,,,,,0,0
0.35,2000000,1018,11,82da5b8d5c4521fcf36741f12df2d17bfc219689f13c260bb5559f4ea47e0bfc,7e6bab01e9d6b0298352c3d96c8f671d95a236c9e60e60360e5c70a016b1f97e,Decoupled,2,0,,,,,,0,0
0.35,2000000,1018,11,82da5b8d5c4521fcf36741f12df2d17bfc219689f13c260bb5559f4ea47e0bfc,7e6bab01e9d6b0298352c3d96c8f671d95a236c9e60e60360e5c70a016b1f97e,Decoupled,3,0,,,,,,0,0
0.35,2000000,1018,11,82da5b8d5c4521fcf36741f12df2d17bfc219689f13c260bb5559f4ea47e0bfc,7e6bab01e9d6b0298352c3d96c8f671d95a236c9e60e60360e5c70a016b1f97e,Decoupled,4,0,,,,,,0,0
0.35,2000000,1019,7,0a0cf55d5f2a05ceca7b59d229b82780414c2703e54220f07335577137027524,7e6bab01e9d6b0298352c3d96c8f671d95a236c9e60e60360e5c70a016b1f97e,No-Dq-R,1,0,0.0,0.0,0.0,0,0,0,0
0.35,2000000,1019,7,0a0cf55d5f2a05ceca7b59d229b82780414c2703e54220f07335577137027524,7e6bab01e9d6b0298352c3d96c8f671d95a236c9e60e60360e5c70a016b1f97e,No-Dq-R,2,0,0.0,0.0,0,0,0,0,0
0.35,2000000,1019,7,0a0cf55d5f2a05ceca7b59d229b82780414c2703e54220f07335577137027524,7e6bab01e9d6b0298352c3d96c8f671d95a236c9e60e60360e5c70a016b1f97e,No-Dq-R,3,0,0.0,0.0,0,0,0,0,0
0.35,2000000,1019,7,0a0cf55d5f2a05ceca7b59d229b82780414c2703e54220f07335577137027524,7e6bab01e9d6b0298352c3d96c8f671d95a236c9e60e60360e5c70a016b1f97e,No-Dq-R,4,0,0.0,0.0,0,0,0,0,0
0.35,2000000,1019,7,0a0cf55d5f2a05ceca7b59d229b82780414c2703e54220f07335577137027524,7e6bab01e9d6b0298352c3d96c8f671d95a236c9e60e60360e5c70a016b1f97e,Fixed-Dc,1,-709027,0.03323187136703254,0.0304509599210524,0.0,0,0,0,0
0.35,2000000,1019,7,0a0cf55d5f2a05ceca7b59d229b82780414c2703e54220f07335577137027524,7e6bab01e9d6b0298352c3d96c8f671d95a236c9e60e60360e5c70a016b1f97e,Fixed-Dc,2,12965,-0.0003621663150976673,-0.0002914326773670872,0,0,0,0,0
0.35,2000000,1019,7,0a0cf55d5f2a05ceca7b59d229b82780414c2703e54220f07335577137027524,7e6bab01e9d6b0298352c3d96c8f671d95a236c9e60e60360e5c70a016b1f97e,Fixed-Dc,3,12965,-7.264721023014786e-05,-0.0001455767681869391,0,0,0,0,0
0.35,2000000,1019,7,0a0cf55d5f2a05ceca7b59d229b82780414c2703e54220f07335577137027524,7e6bab01e9d6b0298352c3d96c8f671d95a236c9e60e60360e5c70a016b1f97e,Fixed-Dc,4,12965,1.8877786072679648e-06,-7.261431842237043e-05,0,0,0,0,0
0.35,2000000,1019,7,0a0cf55d5f2a05ceca7b59d229b82780414c2703e54220f07335577137027524,7e6bab01e9d6b0298352c3d96c8f671d95a236c9e60e60360e5c70a016b1f97e,Decoupled,1,0,,,,,,0,0
0.35,2000000,1019,7,0a0cf55d5f2a05ceca7b59d229b82780414c2703e54220f07335577137027524,7e6bab01e9d6b0298352c3d96c8f671d95a236c9e60e60360e5c70a016b1f97e,Decoupled,2,0,,,,,,0,0
0.35,2000000,1019,7,0a0cf55d5f2a05ceca7b59d229b82780414c2703e54220f07335577137027524,7e6bab01e9d6b0298352c3d96c8f671d95a236c9e60e60360e5c70a016b1f97e,Decoupled,3,0,,,,,,0,0
0.35,2000000,1019,7,0a0cf55d5f2a05ceca7b59d229b82780414c2703e54220f07335577137027524,7e6bab01e9d6b0298352c3d96c8f671d95a236c9e60e60360e5c70a016b1f97e,Decoupled,4,0,,,,,,0,0
0.35,2000000,1019,11,0a0cf55d5f2a05ceca7b59d229b82780414c2703e54220f07335577137027524,7e6bab01e9d6b0298352c3d96c8f671d95a236c9e60e60360e5c70a016b1f97e,No-Dq-R,1,0,0.0,0.0,0.0,0,0,0,0
0.35,2000000,1019,11,0a0cf55d5f2a05ceca7b59d229b82780414c2703e54220f07335577137027524,7e6bab01e9d6b0298352c3d96c8f671d95a236c9e60e60360e5c70a016b1f97e,No-Dq-R,2,0,0.0,0.0,0,0,0,0,0
0.35,2000000,1019,11,0a0cf55d5f2a05ceca7b59d229b82780414c2703e54220f07335577137027524,7e6bab01e9d6b0298352c3d96c8f671d95a236c9e60e60360e5c70a016b1f97e,No-Dq-R,3,0,0.0,0.0,0,0,0,0,0
0.35,2000000,1019,11,0a0cf55d5f2a05ceca7b59d229b82780414c2703e54220f07335577137027524,7e6bab01e9d6b0298352c3d96c8f671d95a236c9e60e60360e5c70a016b1f97e,No-Dq-R,4,0,0.0,0.0,0,0,0,0,0
0.35,2000000,1019,11,0a0cf55d5f2a05ceca7b59d229b82780414c2703e54220f07335577137027524,7e6bab01e9d6b0298352c3d96c8f671d95a236c9e60e60360e5c70a016b1f97e,Fixed-Dc,1,-709027,0.027751490896454567,0.0304509599210524,0.0,0,0,0,0
0.35,2000000,1019,11,0a0cf55d5f2a05ceca7b59d229b82780414c2703e54220f07335577137027524,7e6bab01e9d6b0298352c3d96c8f671d95a236c9e60e60360e5c70a016b1f97e,Fixed-Dc,2,12965,-0.0003621663150976673,-0.0002914326773670872,0,0,0,0,0
0.35,2000000,1019,11,0a0cf55d5f2a05ceca7b59d229b82780414c2703e54220f07335577137027524,7e6bab01e9d6b0298352c3d96c8f671d95a236c9e60e60360e5c70a016b1f97e,Fixed-Dc,3,12965,-7.264721023014786e-05,-0.0001455767681869391,0,0,0,0,0
0.35,2000000,1019,11,0a0cf55d5f2a05ceca7b59d229b82780414c2703e54220f07335577137027524,7e6bab01e9d6b0298352c3d96c8f671d95a236c9e60e60360e5c70a016b1f97e,Fixed-Dc,4,12965,1.8877786072679648e-06,-7.261431842237043e-05,0,0,0,0,0
0.35,2000000,1019,11,0a0cf55d5f2a05ceca7b59d229b82780414c2703e54220f07335577137027524,7e6bab01e9d6b0298352c3d96c8f671d95a236c9e60e60360e5c70a016b1f97e,Decoupled,1,0,,,,,,0,0
0.35,2000000,1019,11,0a0cf55d5f2a05ceca7b59d229b82780414c2703e54220f07335577137027524,7e6bab01e9d6b0298352c3d96c8f671d95a236c9e60e60360e5c70a016b1f97e,Decoupled,2,0,,,,,,0,0
0.35,2000000,1019,11,0a0cf55d5f2a05ceca7b59d229b82780414c2703e54220f07335577137027524,7e6bab01e9d6b0298352c3d96c8f671d95a236c9e60e60360e5c70a016b1f97e,Decoupled,3,0,,,,,,0,0
0.35,2000000,1019,11,0a0cf55d5f2a05ceca7b59d229b82780414c2703e54220f07335577137027524,7e6bab01e9d6b0298352c3d96c8f671d95a236c9e60e60360e5c70a016b1f97e,Decoupled,4,0,,,,,,0,0
0.35,2000000,1020,7,06e5e95ac0e01e1cbc548e914a7f9efd118fe8d4402b2eb836d60a3a24b398c3,7e6bab01e9d6b0298352c3d96c8f671d95a236c9e60e60360e5c70a016b1f97e,No-Dq-R,1,0,0.0,0.0,0.0,0,0,0,0
0.35,2000000,1020,7,06e5e95ac0e01e1cbc548e914a7f9efd118fe8d4402b2eb836d60a3a24b398c3,7e6bab01e9d6b0298352c3d96c8f671d95a236c9e60e60360e5c70a016b1f97e,No-Dq-R,2,0,0.0,0.0,0,0,0,0,0
0.35,2000000,1020,7,06e5e95ac0e01e1cbc548e914a7f9efd118fe8d4402b2eb836d60a3a24b398c3,7e6bab01e9d6b0298352c3d96c8f671d95a236c9e60e60360e5c70a016b1f97e,No-Dq-R,3,0,0.0,0.0,0,0,0,0,0
0.35,2000000,1020,7,06e5e95ac0e01e1cbc548e914a7f9efd118fe8d4402b2eb836d60a3a24b398c3,7e6bab01e9d6b0298352c3d96c8f671d95a236c9e60e60360e5c70a016b1f97e,No-Dq-R,4,0,0.0,0.0,0,0,0,0,0
0.35,2000000,1020,7,06e5e95ac0e01e1cbc548e914a7f9efd118fe8d4402b2eb836d60a3a24b398c3,7e6bab01e9d6b0298352c3d96c8f671d95a236c9e60e60360e5c70a016b1f97e,Fixed-Dc,1,12965,-0.0006394031017732393,-0.000591603153459408,0.0,0,0,0,0
0.35,2000000,1020,7,06e5e95ac0e01e1cbc548e914a7f9efd118fe8d4402b2eb836d60a3a24b398c3,7e6bab01e9d6b0298352c3d96c8f671d95a236c9e60e60360e5c70a016b1f97e,Fixed-Dc,2,12965,-0.0003621663150976673,-0.0002914326773670872,0,0,0,0,0
0.35,2000000,1020,7,06e5e95ac0e01e1cbc548e914a7f9efd118fe8d4402b2eb836d60a3a24b398c3,7e6bab01e9d6b0298352c3d96c8f671d95a236c9e60e60360e5c70a016b1f97e,Fixed-Dc,3,12965,-7.264721023014786e-05,-0.0001455767681869391,0,0,0,0,0
0.35,2000000,1020,7,06e5e95ac0e01e1cbc548e914a7f9efd118fe8d4402b2eb836d60a3a24b398c3,7e6bab01e9d6b0298352c3d96c8f671d95a236c9e60e60360e5c70a016b1f97e,Fixed-Dc,4,12965,1.8877786072679648e-06,-7.261431842237043e-05,0,0,0,0,0
0.35,2000000,1020,7,06e5e95ac0e01e1cbc548e914a7f9efd118fe8d4402b2eb836d60a3a24b398c3,7e6bab01e9d6b0298352c3d96c8f671d95a236c9e60e60360e5c70a016b1f97e,Decoupled,1,0,,,,,,0,0
0.35,2000000,1020,7,06e5e95ac0e01e1cbc548e914a7f9efd118fe8d4402b2eb836d60a3a24b398c3,7e6bab01e9d6b0298352c3d96c8f671d95a236c9e60e60360e5c70a016b1f97e,Decoupled,2,0,,,,,,0,0
0.35,2000000,1020,7,06e5e95ac0e01e1cbc548e914a7f9efd118fe8d4402b2eb836d60a3a24b398c3,7e6bab01e9d6b0298352c3d96c8f671d95a236c9e60e60360e5c70a016b1f97e,Decoupled,3,0,,,,,,0,0
0.35,2000000,1020,7,06e5e95ac0e01e1cbc548e914a7f9efd118fe8d4402b2eb836d60a3a24b398c3,7e6bab01e9d6b0298352c3d96c8f671d95a236c9e60e60360e5c70a016b1f97e,Decoupled,4,0,,,,,,0,0
0.35,2000000,1020,11,06e5e95ac0e01e1cbc548e914a7f9efd118fe8d4402b2eb836d60a3a24b398c3,7e6bab01e9d6b0298352c3d96c8f671d95a236c9e60e60360e5c70a016b1f97e,No-Dq-R,1,0,0.0,0.0,0.0,0,0,0,0
0.35,2000000,1020,11,06e5e95ac0e01e1cbc548e914a7f9efd118fe8d4402b2eb836d60a3a24b398c3,7e6bab01e9d6b0298352c3d96c8f671d95a236c9e60e60360e5c70a016b1f97e,No-Dq-R,2,0,0.0,0.0,0,0,0,0,0
0.35,2000000,1020,11,06e5e95ac0e01e1cbc548e914a7f9efd118fe8d4402b2eb836d60a3a24b398c3,7e6bab01e9d6b0298352c3d96c8f671d95a236c9e60e60360e5c70a016b1f97e,No-Dq-R,3,0,0.0,0.0,0,0,0,0,0
0.35,2000000,1020,11,06e5e95ac0e01e1cbc548e914a7f9efd118fe8d4402b2eb836d60a3a24b398c3,7e6bab01e9d6b0298352c3d96c8f671d95a236c9e60e60360e5c70a016b1f97e,No-Dq-R,4,0,0.0,0.0,0,0,0,0,0
0.35,2000000,1020,11,06e5e95ac0e01e1cbc548e914a7f9efd118fe8d4402b2eb836d60a3a24b398c3,7e6bab01e9d6b0298352c3d96c8f671d95a236c9e60e60360e5c70a016b1f97e,Fixed-Dc,1,12965,-0.0005452030855833678,-0.000591603153459408,0.0,0,0,0,0
0.35,2000000,1020,11,06e5e95ac0e01e1cbc548e914a7f9efd118fe8d4402b2eb836d60a3a24b398c3,7e6bab01e9d6b0298352c3d96c8f671d95a236c9e60e60360e5c70a016b1f97e,Fixed-Dc,2,12965,-0.0003621663150976673,-0.0002914326773670872,0,0,0,0,0
0.35,2000000,1020,11,06e5e95ac0e01e1cbc548e914a7f9efd118fe8d4402b2eb836d60a3a24b398c3,7e6bab01e9d6b0298352c3d96c8f671d95a236c9e60e60360e5c70a016b1f97e,Fixed-Dc,3,12965,-7.264721023014786e-05,-0.0001455767681869391,0,0,0,0,0
0.35,2000000,1020,11,06e5e95ac0e01e1cbc548e914a7f9efd118fe8d4402b2eb836d60a3a24b398c3,7e6bab01e9d6b0298352c3d96c8f671d95a236c9e60e60360e5c70a016b1f97e,Fixed-Dc,4,12965,1.8877786072679648e-06,-7.261431842237043e-05,0,0,0,0,0
0.35,2000000,1020,11,06e5e95ac0e01e1cbc548e914a7f9efd118fe8d4402b2eb836d60a3a24b398c3,7e6bab01e9d6b0298352c3d96c8f671d95a236c9e60e60360e5c70a016b1f97e,Decoupled,1,0,,,,,,0,0
0.35,2000000,1020,11,06e5e95ac0e01e1cbc548e914a7f9efd118fe8d4402b2eb836d60a3a24b398c3,7e6bab01e9d6b0298352c3d96c8f671d95a236c9e60e60360e5c70a016b1f97e,Decoupled,2,0,,,,,,0,0
0.35,2000000,1020,11,06e5e95ac0e01e1cbc548e914a7f9efd118fe8d4402b2eb836d60a3a24b398c3,7e6bab01e9d6b0298352c3d96c8f671d95a236c9e60e60360e5c70a016b1f97e,Decoupled,3,0,,,,,,0,0
0.35,2000000,1020,11,06e5e95ac0e01e1cbc548e914a7f9efd118fe8d4402b2eb836d60a3a24b398c3,7e6bab01e9d6b0298352c3d96c8f671d95a236c9e60e60360e5c70a016b1f97e,Decoupled,4,0,,,,,,0,0
0.35,2000000,1021,7,c1373c15bd590fb5e4230fd1e1b43e834521cc25951868726b654dae9e47a246,7e6bab01e9d6b0298352c3d96c8f671d95a236c9e60e60360e5c70a016b1f97e,No-Dq-R,1,0,0.0,0.0,0.0,0,0,0,0
0.35,2000000,1021,7,c1373c15bd590fb5e4230fd1e1b43e834521cc25951868726b654dae9e47a246,7e6bab01e9d6b0298352c3d96c8f671d95a236c9e60e60360e5c70a016b1f97e,No-Dq-R,2,0,0.0,0.0,0,0,0,0,0
0.35,2000000,1021,7,c1373c15bd590fb5e4230fd1e1b43e834521cc25951868726b654dae9e47a246,7e6bab01e9d6b0298352c3d96c8f671d95a236c9e60e60360e5c70a016b1f97e,No-Dq-R,3,0,0.0,0.0,0,0,0,0,0
0.35,2000000,1021,7,c1373c15bd590fb5e4230fd1e1b43e834521cc25951868726b654dae9e47a246,7e6bab01e9d6b0298352c3d96c8f671d95a236c9e60e60360e5c70a016b1f97e,No-Dq-R,4,0,0.0,0.0,0,0,0,0,0
0.35,2000000,1021,7,c1373c15bd590fb5e4230fd1e1b43e834521cc25951868726b654dae9e47a246,7e6bab01e9d6b0298352c3d96c8f671d95a236c9e60e60360e5c70a016b1f97e,Fixed-Dc,1,-438710,0.02095317342084746,0.019270161111025197,0.0,0,0,0,0
0.35,2000000,1021,7,c1373c15bd590fb5e4230fd1e1b43e834521cc25951868726b654dae9e47a246,7e6bab01e9d6b0298352c3d96c8f671d95a236c9e60e60360e5c70a016b1f97e,Fixed-Dc,2,-792996,0.02117634289692716,0.01672445457883226,0,0,0,0,0
0.35,2000000,1021,7,c1373c15bd590fb5e4230fd1e1b43e834521cc25951868726b654dae9e47a246,7e6bab01e9d6b0298352c3d96c8f671d95a236c9e60e60360e5c70a016b1f97e,Fixed-Dc,3,12965,-7.264721023014786e-05,-0.0001455767681869391,0,0,0,0,0
0.35,2000000,1021,7,c1373c15bd590fb5e4230fd1e1b43e834521cc25951868726b654dae9e47a246,7e6bab01e9d6b0298352c3d96c8f671d95a236c9e60e60360e5c70a016b1f97e,Fixed-Dc,4,12965,1.8877786072679648e-06,-7.261431842237043e-05,0,0,0,0,0
0.35,2000000,1021,7,c1373c15bd590fb5e4230fd1e1b43e834521cc25951868726b654dae9e47a246,7e6bab01e9d6b0298352c3d96c8f671d95a236c9e60e60360e5c70a016b1f97e,Decoupled,1,0,,,,,,0,0
0.35,2000000,1021,7,c1373c15bd590fb5e4230fd1e1b43e834521cc25951868726b654dae9e47a246,7e6bab01e9d6b0298352c3d96c8f671d95a236c9e60e60360e5c70a016b1f97e,Decoupled,2,0,,,,,,0,0
0.35,2000000,1021,7,c1373c15bd590fb5e4230fd1e1b43e834521cc25951868726b654dae9e47a246,7e6bab01e9d6b0298352c3d96c8f671d95a236c9e60e60360e5c70a016b1f97e,Decoupled,3,0,,,,,,0,0
0.35,2000000,1021,7,c1373c15bd590fb5e4230fd1e1b43e834521cc25951868726b654dae9e47a246,7e6bab01e9d6b0298352c3d96c8f671d95a236c9e60e60360e5c70a016b1f97e,Decoupled,4,0,,,,,,0,0
0.35,2000000,1021,11,c1373c15bd590fb5e4230fd1e1b43e834521cc25951868726b654dae9e47a246,7e6bab01e9d6b0298352c3d96c8f671d95a236c9e60e60360e5c70a016b1f97e,No-Dq-R,1,0,0.0,0.0,0.0,0,0,0,0
0.35,2000000,1021,11,c1373c15bd590fb5e4230fd1e1b43e834521cc25951868726b654dae9e47a246,7e6bab01e9d6b0298352c3d96c8f671d95a236c9e60e60360e5c70a016b1f97e,No-Dq-R,2,0,0.0,0.0,0,0,0,0,0
0.35,2000000,1021,11,c1373c15bd590fb5e4230fd1e1b43e834521cc25951868726b654dae9e47a246,7e6bab01e9d6b0298352c3d96c8f671d95a236c9e60e60360e5c70a016b1f97e,No-Dq-R,3,0,0.0,0.0,0,0,0,0,0
0.35,2000000,1021,11,c1373c15bd590fb5e4230fd1e1b43e834521cc25951868726b654dae9e47a246,7e6bab01e9d6b0298352c3d96c8f671d95a236c9e60e60360e5c70a016b1f97e,No-Dq-R,4,0,0.0,0.0,0,0,0,0,0
0.35,2000000,1021,11,c1373c15bd590fb5e4230fd1e1b43e834521cc25951868726b654dae9e47a246,7e6bab01e9d6b0298352c3d96c8f671d95a236c9e60e60360e5c70a016b1f97e,Fixed-Dc,1,-438710,0.017636437892348478,0.019270161111025197,0.0,0,0,0,0
0.35,2000000,1021,11,c1373c15bd590fb5e4230fd1e1b43e834521cc25951868726b654dae9e47a246,7e6bab01e9d6b0298352c3d96c8f671d95a236c9e60e60360e5c70a016b1f97e,Fixed-Dc,2,-792996,0.02117634289692716,0.01672445457883226,0,0,0,0,0
0.35,2000000,1021,11,c1373c15bd590fb5e4230fd1e1b43e834521cc25951868726b654dae9e47a246,7e6bab01e9d6b0298352c3d96c8f671d95a236c9e60e60360e5c70a016b1f97e,Fixed-Dc,3,12965,-7.264721023014786e-05,-0.0001455767681869391,0,0,0,0,0
0.35,2000000,1021,11,c1373c15bd590fb5e4230fd1e1b43e834521cc25951868726b654dae9e47a246,7e6bab01e9d6b0298352c3d96c8f671d95a236c9e60e60360e5c70a016b1f97e,Fixed-Dc,4,12965,1.8877786072679648e-06,-7.261431842237043e-05,0,0,0,0,0
0.35,2000000,1021,11,c1373c15bd590fb5e4230fd1e1b43e834521cc25951868726b654dae9e47a246,7e6bab01e9d6b0298352c3d96c8f671d95a236c9e60e60360e5c70a016b1f97e,Decoupled,1,0,,,,,,0,0
0.35,2000000,1021,11,c1373c15bd590fb5e4230fd1e1b43e834521cc25951868726b654dae9e47a246,7e6bab01e9d6b0298352c3d96c8f671d95a236c9e60e60360e5c70a016b1f97e,Decoupled,2,0,,,,,,0,0
0.35,2000000,1021,11,c1373c15bd590fb5e4230fd1e1b43e834521cc25951868726b654dae9e47a246,7e6bab01e9d6b0298352c3d96c8f671d95a236c9e60e60360e5c70a016b1f97e,Decoupled,3,0,,,,,,0,0
0.35,2000000,1021,11,c1373c15bd590fb5e4230fd1e1b43e834521cc25951868726b654dae9e47a246,7e6bab01e9d6b0298352c3d96c8f671d95a236c9e60e60360e5c70a016b1f97e,Decoupled,4,0,,,,,,0,0
0.35,2000000,1022,7,d4c63f3bdfb481a6640056ef34f2f1375dd9e82d290b3b7ccd072a88df7361b0,7e6bab01e9d6b0298352c3d96c8f671d95a236c9e60e60360e5c70a016b1f97e,No-Dq-R,1,0,0.0,0.0,0.0,0,0,0,0
0.35,2000000,1022,7,d4c63f3bdfb481a6640056ef34f2f1375dd9e82d290b3b7ccd072a88df7361b0,7e6bab01e9d6b0298352c3d96c8f671d95a236c9e60e60360e5c70a016b1f97e,No-Dq-R,2,0,0.0,0.0,0,0,0,0,0
0.35,2000000,1022,7,d4c63f3bdfb481a6640056ef34f2f1375dd9e82d290b3b7ccd072a88df7361b0,7e6bab01e9d6b0298352c3d96c8f671d95a236c9e60e60360e5c70a016b1f97e,No-Dq-R,3,0,0.0,0.0,0,0,0,0,0
0.35,2000000,1022,7,d4c63f3bdfb481a6640056ef34f2f1375dd9e82d290b3b7ccd072a88df7361b0,7e6bab01e9d6b0298352c3d96c8f671d95a236c9e60e60360e5c70a016b1f97e,No-Dq-R,4,0,0.0,0.0,0,0,0,0,0
0.35,2000000,1022,7,d4c63f3bdfb481a6640056ef34f2f1375dd9e82d290b3b7ccd072a88df7361b0,7e6bab01e9d6b0298352c3d96c8f671d95a236c9e60e60360e5c70a016b1f97e,Fixed-Dc,1,12965,-0.0006394031017732393,-0.000591603153459408,0.0,0,0,0,0
0.35,2000000,1022,7,d4c63f3bdfb481a6640056ef34f2f1375dd9e82d290b3b7ccd072a88df7361b0,7e6bab01e9d6b0298352c3d96c8f671d95a236c9e60e60360e5c70a016b1f97e,Fixed-Dc,2,12965,-0.0003621663150976673,-0.0002914326773670872,0,0,0,0,0
0.35,2000000,1022,7,d4c63f3bdfb481a6640056ef34f2f1375dd9e82d290b3b7ccd072a88df7361b0,7e6bab01e9d6b0298352c3d96c8f671d95a236c9e60e60360e5c70a016b1f97e,Fixed-Dc,3,12965,-7.264721023014786e-05,-0.0001455767681869391,0,0,0,0,0
0.35,2000000,1022,7,d4c63f3bdfb481a6640056ef34f2f1375dd9e82d290b3b7ccd072a88df7361b0,7e6bab01e9d6b0298352c3d96c8f671d95a236c9e60e60360e5c70a016b1f97e,Fixed-Dc,4,12965,1.8877786072679648e-06,-7.261431842237043e-05,0,0,0,0,0
0.35,2000000,1022,7,d4c63f3bdfb481a6640056ef34f2f1375dd9e82d290b3b7ccd072a88df7361b0,7e6bab01e9d6b0298352c3d96c8f671d95a236c9e60e60360e5c70a016b1f97e,Decoupled,1,0,,,,,,0,0
0.35,2000000,1022,7,d4c63f3bdfb481a6640056ef34f2f1375dd9e82d290b3b7ccd072a88df7361b0,7e6bab01e9d6b0298352c3d96c8f671d95a236c9e60e60360e5c70a016b1f97e,Decoupled,2,0,,,,,,0,0
0.35,2000000,1022,7,d4c63f3bdfb481a6640056ef34f2f1375dd9e82d290b3b7ccd072a88df7361b0,7e6bab01e9d6b0298352c3d96c8f671d95a236c9e60e60360e5c70a016b1f97e,Decoupled,3,0,,,,,,0,0
0.35,2000000,1022,7,d4c63f3bdfb481a6640056ef34f2f1375dd9e82d290b3b7ccd072a88df7361b0,7e6bab01e9d6b0298352c3d96c8f671d95a236c9e60e60360e5c70a016b1f97e,Decoupled,4,0,,,,,,0,0
0.35,2000000,1022,11,d4c63f3bdfb481a6640056ef34f2f1375dd9e82d290b3b7ccd072a88df7361b0,7e6bab01e9d6b0298352c3d96c8f671d95a236c9e60e60360e5c70a016b1f97e,No-Dq-R,1,0,0.0,0.0,0.0,0,0,0,0
0.35,2000000,1022,11,d4c63f3bdfb481a6640056ef34f2f1375dd9e82d290b3b7ccd072a88df7361b0,7e6bab01e9d6b0298352c3d96c8f671d95a236c9e60e60360e5c70a016b1f97e,No-Dq-R,2,0,0.0,0.0,0,0,0,0,0
0.35,2000000,1022,11,d4c63f3bdfb481a6640056ef34f2f1375dd9e82d290b3b7ccd072a88df7361b0,7e6bab01e9d6b0298352c3d96c8f671d95a236c9e60e60360e5c70a016b1f97e,No-Dq-R,3,0,0.0,0.0,0,0,0,0,0
0.35,2000000,1022,11,d4c63f3bdfb481a6640056ef34f2f1375dd9e82d290b3b7ccd072a88df7361b0,7e6bab01e9d6b0298352c3d96c8f671d95a236c9e60e60360e5c70a016b1f97e,No-Dq-R,4,0,0.0,0.0,0,0,0,0,0
0.35,2000000,1022,11,d4c63f3bdfb481a6640056ef34f2f1375dd9e82d290b3b7ccd072a88df7361b0,7e6bab01e9d6b0298352c3d96c8f671d95a236c9e60e60360e5c70a016b1f97e,Fixed-Dc,1,12965,-0.0005452030855833678,-0.000591603153459408,0.0,0,0,0,0
0.35,2000000,1022,11,d4c63f3bdfb481a6640056ef34f2f1375dd9e82d290b3b7ccd072a88df7361b0,7e6bab01e9d6b0298352c3d96c8f671d95a236c9e60e60360e5c70a016b1f97e,Fixed-Dc,2,12965,-0.0003621663150976673,-0.0002914326773670872,0,0,0,0,0
0.35,2000000,1022,11,d4c63f3bdfb481a6640056ef34f2f1375dd9e82d290b3b7ccd072a88df7361b0,7e6bab01e9d6b0298352c3d96c8f671d95a236c9e60e60360e5c70a016b1f97e,Fixed-Dc,3,12965,-7.264721023014786e-05,-0.0001455767681869391,0,0,0,0,0
0.35,2000000,1022,11,d4c63f3bdfb481a6640056ef34f2f1375dd9e82d290b3b7ccd072a88df7361b0,7e6bab01e9d6b0298352c3d96c8f671d95a236c9e60e60360e5c70a016b1f97e,Fixed-Dc,4,12965,1.8877786072679648e-06,-7.261431842237043e-05,0,0,0,0,0
0.35,2000000,1022,11,d4c63f3bdfb481a6640056ef34f2f1375dd9e82d290b3b7ccd072a88df7361b0,7e6bab01e9d6b0298352c3d96c8f671d95a236c9e60e60360e5c70a016b1f97e,Decoupled,1,0,,,,,,0,0
0.35,2000000,1022,11,d4c63f3bdfb481a6640056ef34f2f1375dd9e82d290b3b7ccd072a88df7361b0,7e6bab01e9d6b0298352c3d96c8f671d95a236c9e60e60360e5c70a016b1f97e,Decoupled,2,0,,,,,,0,0
0.35,2000000,1022,11,d4c63f3bdfb481a6640056ef34f2f1375dd9e82d290b3b7ccd072a88df7361b0,7e6bab01e9d6b0298352c3d96c8f671d95a236c9e60e60360e5c70a016b1f97e,Decoupled,3,0,,,,,,0,0
0.35,2000000,1022,11,d4c63f3bdfb481a6640056ef34f2f1375dd9e82d290b3b7ccd072a88df7361b0,7e6bab01e9d6b0298352c3d96c8f671d95a236c9e60e60360e5c70a016b1f97e,Decoupled,4,0,,,,,,0,0
0.35,2000000,1023,7,0c4de9732700c9d1e5497c1467fc3e8d2130962ba0e384b0569ea9a03fc69af9,7e6bab01e9d6b0298352c3d96c8f671d95a236c9e60e60360e5c70a016b1f97e,No-Dq-R,1,0,0.0,0.0,0.0,0,0,0,0
0.35,2000000,1023,7,0c4de9732700c9d1e5497c1467fc3e8d2130962ba0e384b0569ea9a03fc69af9,7e6bab01e9d6b0298352c3d96c8f671d95a236c9e60e60360e5c70a016b1f97e,No-Dq-R,2,0,0.0,0.0,0,0,0,0,0
0.35,2000000,1023,7,0c4de9732700c9d1e5497c1467fc3e8d2130962ba0e384b0569ea9a03fc69af9,7e6bab01e9d6b0298352c3d96c8f671d95a236c9e60e60360e5c70a016b1f97e,No-Dq-R,3,0,0.0,0.0,0,0,0,0,0
0.35,2000000,1023,7,0c4de9732700c9d1e5497c1467fc3e8d2130962ba0e384b0569ea9a03fc69af9,7e6bab01e9d6b0298352c3d96c8f671d95a236c9e60e60360e5c70a016b1f97e,No-Dq-R,4,0,0.0,0.0,0,0,0,0,0
0.35,2000000,1023,7,0c4de9732700c9d1e5497c1467fc3e8d2130962ba0e384b0569ea9a03fc69af9,7e6bab01e9d6b0298352c3d96c8f671d95a236c9e60e60360e5c70a016b1f97e,Fixed-Dc,1,-260213,0.012585395657225051,0.011602279512097247,0.0,0,0,0,0
0.35,2000000,1023,7,0c4de9732700c9d1e5497c1467fc3e8d2130962ba0e384b0569ea9a03fc69af9,7e6bab01e9d6b0298352c3d96c8f671d95a236c9e60e60360e5c70a016b1f97e,Fixed-Dc,2,-614499,0.016570993812774826,0.013141849478338519,0,0,0,0,0
0.35,2000000,1023,7,0c4de9732700c9d1e5497c1467fc3e8d2130962ba0e384b0569ea9a03fc69af9,7e6bab01e9d6b0298352c3d96c8f671d95a236c9e60e60360e5c70a016b1f97e,Fixed-Dc,3,12965,-7.264721023014786e-05,-0.0001455767681869391,0,0,0,0,0
0.35,2000000,1023,7,0c4de9732700c9d1e5497c1467fc3e8d2130962ba0e384b0569ea9a03fc69af9,7e6bab01e9d6b0298352c3d96c8f671d95a236c9e60e60360e5c70a016b1f97e,Fixed-Dc,4,12965,1.8877786072679648e-06,-7.261431842237043e-05,0,0,0,0,0
0.35,2000000,1023,7,0c4de9732700c9d1e5497c1467fc3e8d2130962ba0e384b0569ea9a03fc69af9,7e6bab01e9d6b0298352c3d96c8f671d95a236c9e60e60360e5c70a016b1f97e,Decoupled,1,0,,,,,,0,0
0.35,2000000,1023,7,0c4de9732700c9d1e5497c1467fc3e8d2130962ba0e384b0569ea9a03fc69af9,7e6bab01e9d6b0298352c3d96c8f671d95a236c9e60e60360e5c70a016b1f97e,Decoupled,2,0,,,,,,0,0
0.35,2000000,1023,7,0c4de9732700c9d1e5497c1467fc3e8d2130962ba0e384b0569ea9a03fc69af9,7e6bab01e9d6b0298352c3d96c8f671d95a236c9e60e60360e5c70a016b1f97e,Decoupled,3,0,,,,,,0,0
0.35,2000000,1023,7,0c4de9732700c9d1e5497c1467fc3e8d2130962ba0e384b0569ea9a03fc69af9,7e6bab01e9d6b0298352c3d96c8f671d95a236c9e60e60360e5c70a016b1f97e,Decoupled,4,0,,,,,,0,0
0.35,2000000,1023,11,0c4de9732700c9d1e5497c1467fc3e8d2130962ba0e384b0569ea9a03fc69af9,7e6bab01e9d6b0298352c3d96c8f671d95a236c9e60e60360e5c70a016b1f97e,No-Dq-R,1,0,0.0,0.0,0.0,0,0,0,0
0.35,2000000,1023,11,0c4de9732700c9d1e5497c1467fc3e8d2130962ba0e384b0569ea9a03fc69af9,7e6bab01e9d6b0298352c3d96c8f671d95a236c9e60e60360e5c70a016b1f97e,No-Dq-R,2,0,0.0,0.0,0,0,0,0,0
0.35,2000000,1023,11,0c4de9732700c9d1e5497c1467fc3e8d2130962ba0e384b0569ea9a03fc69af9,7e6bab01e9d6b0298352c3d96c8f671d95a236c9e60e60360e5c70a016b1f97e,No-Dq-R,3,0,0.0,0.0,0,0,0,0,0
0.35,2000000,1023,11,0c4de9732700c9d1e5497c1467fc3e8d2130962ba0e384b0569ea9a03fc69af9,7e6bab01e9d6b0298352c3d96c8f671d95a236c9e60e60360e5c70a016b1f97e,No-Dq-R,4,0,0.0,0.0,0,0,0,0,0
0.35,2000000,1023,11,0c4de9732700c9d1e5497c1467fc3e8d2130962ba0e384b0569ea9a03fc69af9,7e6bab01e9d6b0298352c3d96c8f671d95a236c9e60e60360e5c70a016b1f97e,Fixed-Dc,1,-260213,0.010647955135752563,0.011602279512097247,0.0,0,0,0,0
0.35,2000000,1023,11,0c4de9732700c9d1e5497c1467fc3e8d2130962ba0e384b0569ea9a03fc69af9,7e6bab01e9d6b0298352c3d96c8f671d95a236c9e60e60360e5c70a016b1f97e,Fixed-Dc,2,-614499,0.016570993812774826,0.013141849478338519,0,0,0,0,0
0.35,2000000,1023,11,0c4de9732700c9d1e5497c1467fc3e8d2130962ba0e384b0569ea9a03fc69af9,7e6bab01e9d6b0298352c3d96c8f671d95a236c9e60e60360e5c70a016b1f97e,Fixed-Dc,3,12965,-7.264721023014786e-05,-0.0001455767681869391,0,0,0,0,0
0.35,2000000,1023,11,0c4de9732700c9d1e5497c1467fc3e8d2130962ba0e384b0569ea9a03fc69af9,7e6bab01e9d6b0298352c3d96c8f671d95a236c9e60e60360e5c70a016b1f97e,Fixed-Dc,4,12965,1.8877786072679648e-06,-7.261431842237043e-05,0,0,0,0,0
0.35,2000000,1023,11,0c4de9732700c9d1e5497c1467fc3e8d2130962ba0e384b0569ea9a03fc69af9,7e6bab01e9d6b0298352c3d96c8f671d95a236c9e60e60360e5c70a016b1f97e,Decoupled,1,0,,,,,,0,0
0.35,2000000,1023,11,0c4de9732700c9d1e5497c1467fc3e8d2130962ba0e384b0569ea9a03fc69af9,7e6bab01e9d6b0298352c3d96c8f671d95a236c9e60e60360e5c70a016b1f97e,Decoupled,2,0,,,,,,0,0
0.35,2000000,1023,11,0c4de9732700c9d1e5497c1467fc3e8d2130962ba0e384b0569ea9a03fc69af9,7e6bab01e9d6b0298352c3d96c8f671d95a236c9e60e60360e5c70a016b1f97e,Decoupled,3,0,,,,,,0,0
0.35,2000000,1023,11,0c4de9732700c9d1e5497c1467fc3e8d2130962ba0e384b0569ea9a03fc69af9,7e6bab01e9d6b0298352c3d96c8f671d95a236c9e60e60360e5c70a016b1f97e,Decoupled,4,0,,,,,,0,0
0.35,2000000,1024,7,dd4c25a0b9cc9b351dca3f73e8785e0ed118be6d27685305df632b1da5739df9,7e6bab01e9d6b0298352c3d96c8f671d95a236c9e60e60360e5c70a016b1f97e,No-Dq-R,1,0,0.0,0.0,0.0,0,0,0,0
0.35,2000000,1024,7,dd4c25a0b9cc9b351dca3f73e8785e0ed118be6d27685305df632b1da5739df9,7e6bab01e9d6b0298352c3d96c8f671d95a236c9e60e60360e5c70a016b1f97e,No-Dq-R,2,0,0.0,0.0,0,0,0,0,0
0.35,2000000,1024,7,dd4c25a0b9cc9b351dca3f73e8785e0ed118be6d27685305df632b1da5739df9,7e6bab01e9d6b0298352c3d96c8f671d95a236c9e60e60360e5c70a016b1f97e,No-Dq-R,3,0,0.0,0.0,0,0,0,0,0
0.35,2000000,1024,7,dd4c25a0b9cc9b351dca3f73e8785e0ed118be6d27685305df632b1da5739df9,7e6bab01e9d6b0298352c3d96c8f671d95a236c9e60e60360e5c70a016b1f97e,No-Dq-R,4,0,0.0,0.0,0,0,0,0,0
0.35,2000000,1024,7,dd4c25a0b9cc9b351dca3f73e8785e0ed118be6d27685305df632b1da5739df9,7e6bab01e9d6b0298352c3d96c8f671d95a236c9e60e60360e5c70a016b1f97e,Fixed-Dc,1,-645574,0.030391198340639303,0.027872021238079747,0.0,0,0,0,0
0.35,2000000,1024,7,dd4c25a0b9cc9b351dca3f73e8785e0ed118be6d27685305df632b1da5739df9,7e6bab01e9d6b0298352c3d96c8f671d95a236c9e60e60360e5c70a016b1f97e,Fixed-Dc,2,12965,-0.0003621663150976673,-0.0002914326773670872,0,0,0,0,0
0.35,2000000,1024,7,dd4c25a0b9cc9b351dca3f73e8785e0ed118be6d27685305df632b1da5739df9,7e6bab01e9d6b0298352c3d96c8f671d95a236c9e60e60360e5c70a016b1f97e,Fixed-Dc,3,12965,-7.264721023014786e-05,-0.0001455767681869391,0,0,0,0,0
0.35,2000000,1024,7,dd4c25a0b9cc9b351dca3f73e8785e0ed118be6d27685305df632b1da5739df9,7e6bab01e9d6b0298352c3d96c8f671d95a236c9e60e60360e5c70a016b1f97e,Fixed-Dc,4,12965,1.8877786072679648e-06,-7.261431842237043e-05,0,0,0,0,0
0.35,2000000,1024,7,dd4c25a0b9cc9b351dca3f73e8785e0ed118be6d27685305df632b1da5739df9,7e6bab01e9d6b0298352c3d96c8f671d95a236c9e60e60360e5c70a016b1f97e,Decoupled,1,0,,,,,,0,0
0.35,2000000,1024,7,dd4c25a0b9cc9b351dca3f73e8785e0ed118be6d27685305df632b1da5739df9,7e6bab01e9d6b0298352c3d96c8f671d95a236c9e60e60360e5c70a016b1f97e,Decoupled,2,0,,,,,,0,0
0.35,2000000,1024,7,dd4c25a0b9cc9b351dca3f73e8785e0ed118be6d27685305df632b1da5739df9,7e6bab01e9d6b0298352c3d96c8f671d95a236c9e60e60360e5c70a016b1f97e,Decoupled,3,0,,,,,,0,0
0.35,2000000,1024,7,dd4c25a0b9cc9b351dca3f73e8785e0ed118be6d27685305df632b1da5739df9,7e6bab01e9d6b0298352c3d96c8f671d95a236c9e60e60360e5c70a016b1f97e,Decoupled,4,0,,,,,,0,0
0.35,2000000,1024,11,dd4c25a0b9cc9b351dca3f73e8785e0ed118be6d27685305df632b1da5739df9,7e6bab01e9d6b0298352c3d96c8f671d95a236c9e60e60360e5c70a016b1f97e,No-Dq-R,1,0,0.0,0.0,0.0,0,0,0,0
0.35,2000000,1024,11,dd4c25a0b9cc9b351dca3f73e8785e0ed118be6d27685305df632b1da5739df9,7e6bab01e9d6b0298352c3d96c8f671d95a236c9e60e60360e5c70a016b1f97e,No-Dq-R,2,0,0.0,0.0,0,0,0,0,0
0.35,2000000,1024,11,dd4c25a0b9cc9b351dca3f73e8785e0ed118be6d27685305df632b1da5739df9,7e6bab01e9d6b0298352c3d96c8f671d95a236c9e60e60360e5c70a016b1f97e,No-Dq-R,3,0,0.0,0.0,0,0,0,0,0
0.35,2000000,1024,11,dd4c25a0b9cc9b351dca3f73e8785e0ed118be6d27685305df632b1da5739df9,7e6bab01e9d6b0298352c3d96c8f671d95a236c9e60e60360e5c70a016b1f97e,No-Dq-R,4,0,0.0,0.0,0,0,0,0,0
0.35,2000000,1024,11,dd4c25a0b9cc9b351dca3f73e8785e0ed118be6d27685305df632b1da5739df9,7e6bab01e9d6b0298352c3d96c8f671d95a236c9e60e60360e5c70a016b1f97e,Fixed-Dc,1,-645574,0.025426621343859646,0.027872021238079747,0.0,0,0,0,0
0.35,2000000,1024,11,dd4c25a0b9cc9b351dca3f73e8785e0ed118be6d27685305df632b1da5739df9,7e6bab01e9d6b0298352c3d96c8f671d95a236c9e60e60360e5c70a016b1f97e,Fixed-Dc,2,12965,-0.0003621663150976673,-0.0002914326773670872,0,0,0,0,0
0.35,2000000,1024,11,dd4c25a0b9cc9b351dca3f73e8785e0ed118be6d27685305df632b1da5739df9,7e6bab01e9d6b0298352c3d96c8f671d95a236c9e60e60360e5c70a016b1f97e,Fixed-Dc,3,12965,-7.264721023014786e-05,-0.0001455767681869391,0,0,0,0,0
0.35,2000000,1024,11,dd4c25a0b9cc9b351dca3f73e8785e0ed118be6d27685305df632b1da5739df9,7e6bab01e9d6b0298352c3d96c8f671d95a236c9e60e60360e5c70a016b1f97e,Fixed-Dc,4,12965,1.8877786072679648e-06,-7.261431842237043e-05,0,0,0,0,0
0.35,2000000,1024,11,dd4c25a0b9cc9b351dca3f73e8785e0ed118be6d27685305df632b1da5739df9,7e6bab01e9d6b0298352c3d96c8f671d95a236c9e60e60360e5c70a016b1f97e,Decoupled,1,0,,,,,,0,0
0.35,2000000,1024,11,dd4c25a0b9cc9b351dca3f73e8785e0ed118be6d27685305df632b1da5739df9,7e6bab01e9d6b0298352c3d96c8f671d95a236c9e60e60360e5c70a016b1f97e,Decoupled,2,0,,,,,,0,0
0.35,2000000,1024,11,dd4c25a0b9cc9b351dca3f73e8785e0ed118be6d27685305df632b1da5739df9,7e6bab01e9d6b0298352c3d96c8f671d95a236c9e60e60360e5c70a016b1f97e,Decoupled,3,0,,,,,,0,0
0.35,2000000,1024,11,dd4c25a0b9cc9b351dca3f73e8785e0ed118be6d27685305df632b1da5739df9,7e6bab01e9d6b0298352c3d96c8f671d95a236c9e60e60360e5c70a016b1f97e,Decoupled,4,0,,,,,,0,0
0.35,2000000,1025,7,c1ed77297c5108b55f440d972cb4fab842cf2b44abf8334420e895c18b585c01,7e6bab01e9d6b0298352c3d96c8f671d95a236c9e60e60360e5c70a016b1f97e,No-Dq-R,1,0,0.0,0.0,0.0,0,0,0,0
0.35,2000000,1025,7,c1ed77297c5108b55f440d972cb4fab842cf2b44abf8334420e895c18b585c01,7e6bab01e9d6b0298352c3d96c8f671d95a236c9e60e60360e5c70a016b1f97e,No-Dq-R,2,0,0.0,0.0,0,0,0,0,0
0.35,2000000,1025,7,c1ed77297c5108b55f440d972cb4fab842cf2b44abf8334420e895c18b585c01,7e6bab01e9d6b0298352c3d96c8f671d95a236c9e60e60360e5c70a016b1f97e,No-Dq-R,3,0,0.0,0.0,0,0,0,0,0
0.35,2000000,1025,7,c1ed77297c5108b55f440d972cb4fab842cf2b44abf8334420e895c18b585c01,7e6bab01e9d6b0298352c3d96c8f671d95a236c9e60e60360e5c70a016b1f97e,No-Dq-R,4,0,0.0,0.0,0,0,0,0,0
0.35,2000000,1025,7,c1ed77297c5108b55f440d972cb4fab842cf2b44abf8334420e895c18b585c01,7e6bab01e9d6b0298352c3d96c8f671d95a236c9e60e60360e5c70a016b1f97e,Fixed-Dc,1,12965,-0.0006394031017732393,-0.000591603153459408,0.0,0,0,0,0
0.35,2000000,1025,7,c1ed77297c5108b55f440d972cb4fab842cf2b44abf8334420e895c18b585c01,7e6bab01e9d6b0298352c3d96c8f671d95a236c9e60e60360e5c70a016b1f97e,Fixed-Dc,2,12965,-0.0003621663150976673,-0.0002914326773670872,0,0,0,0,0
0.35,2000000,1025,7,c1ed77297c5108b55f440d972cb4fab842cf2b44abf8334420e895c18b585c01,7e6bab01e9d6b0298352c3d96c8f671d95a236c9e60e60360e5c70a016b1f97e,Fixed-Dc,3,12965,-7.264721023014786e-05,-0.0001455767681869391,0,0,0,0,0
0.35,2000000,1025,7,c1ed77297c5108b55f440d972cb4fab842cf2b44abf8334420e895c18b585c01,7e6bab01e9d6b0298352c3d96c8f671d95a236c9e60e60360e5c70a016b1f97e,Fixed-Dc,4,-154041,-3.3751514064428445e-05,0.0008528706416911502,0,0,0,0,0
0.35,2000000,1025,7,c1ed77297c5108b55f440d972cb4fab842cf2b44abf8334420e895c18b585c01,7e6bab01e9d6b0298352c3d96c8f671d95a236c9e60e60360e5c70a016b1f97e,Decoupled,1,0,,,,,,0,0
0.35,2000000,1025,7,c1ed77297c5108b55f440d972cb4fab842cf2b44abf8334420e895c18b585c01,7e6bab01e9d6b0298352c3d96c8f671d95a236c9e60e60360e5c70a016b1f97e,Decoupled,2,0,,,,,,0,0
0.35,2000000,1025,7,c1ed77297c5108b55f440d972cb4fab842cf2b44abf8334420e895c18b585c01,7e6bab01e9d6b0298352c3d96c8f671d95a236c9e60e60360e5c70a016b1f97e,Decoupled,3,0,,,,,,0,0
0.35,2000000,1025,7,c1ed77297c5108b55f440d972cb4fab842cf2b44abf8334420e895c18b585c01,7e6bab01e9d6b0298352c3d96c8f671d95a236c9e60e60360e5c70a016b1f97e,Decoupled,4,0,,,,,,0,0
0.35,2000000,1025,11,c1ed77297c5108b55f440d972cb4fab842cf2b44abf8334420e895c18b585c01,7e6bab01e9d6b0298352c3d96c8f671d95a236c9e60e60360e5c70a016b1f97e,No-Dq-R,1,0,0.0,0.0,0.0,0,0,0,0
0.35,2000000,1025,11,c1ed77297c5108b55f440d972cb4fab842cf2b44abf8334420e895c18b585c01,7e6bab01e9d6b0298352c3d96c8f671d95a236c9e60e60360e5c70a016b1f97e,No-Dq-R,2,0,0.0,0.0,0,0,0,0,0
0.35,2000000,1025,11,c1ed77297c5108b55f440d972cb4fab842cf2b44abf8334420e895c18b585c01,7e6bab01e9d6b0298352c3d96c8f671d95a236c9e60e60360e5c70a016b1f97e,No-Dq-R,3,0,0.0,0.0,0,0,0,0,0
0.35,2000000,1025,11,c1ed77297c5108b55f440d972cb4fab842cf2b44abf8334420e895c18b585c01,7e6bab01e9d6b0298352c3d96c8f671d95a236c9e60e60360e5c70a016b1f97e,No-Dq-R,4,0,0.0,0.0,0,0,0,0,0
0.35,2000000,1025,11,c1ed77297c5108b55f440d972cb4fab842cf2b44abf8334420e895c18b585c01,7e6bab01e9d6b0298352c3d96c8f671d95a236c9e60e60360e5c70a016b1f97e,Fixed-Dc,1,12965,-0.0005452030855833678,-0.000591603153459408,0.0,0,0,0,0
0.35,2000000,1025,11,c1ed77297c5108b55f440d972cb4fab842cf2b44abf8334420e895c18b585c01,7e6bab01e9d6b0298352c3d96c8f671d95a236c9e60e60360e5c70a016b1f97e,Fixed-Dc,2,12965,-0.0003621663150976673,-0.0002914326773670872,0,0,0,0,0
0.35,2000000,1025,11,c1ed77297c5108b55f440d972cb4fab842cf2b44abf8334420e895c18b585c01,7e6bab01e9d6b0298352c3d96c8f671d95a236c9e60e60360e5c70a016b1f97e,Fixed-Dc,3,12965,-7.264721023014786e-05,-0.0001455767681869391,0,0,0,0,0
0.35,2000000,1025,11,c1ed77297c5108b55f440d972cb4fab842cf2b44abf8334420e895c18b585c01,7e6bab01e9d6b0298352c3d96c8f671d95a236c9e60e60360e5c70a016b1f97e,Fixed-Dc,4,-154041,-3.3751514064428445e-05,0.0008528706416911502,0,0,0,0,0
0.35,2000000,1025,11,c1ed77297c5108b55f440d972cb4fab842cf2b44abf8334420e895c18b585c01,7e6bab01e9d6b0298352c3d96c8f671d95a236c9e60e60360e5c70a016b1f97e,Decoupled,1,0,,,,,,0,0
0.35,2000000,1025,11,c1ed77297c5108b55f440d972cb4fab842cf2b44abf8334420e895c18b585c01,7e6bab01e9d6b0298352c3d96c8f671d95a236c9e60e60360e5c70a016b1f97e,Decoupled,2,0,,,,,,0,0
0.35,2000000,1025,11,c1ed77297c5108b55f440d972cb4fab842cf2b44abf8334420e895c18b585c01,7e6bab01e9d6b0298352c3d96c8f671d95a236c9e60e60360e5c70a016b1f97e,Decoupled,3,0,,,,,,0,0
0.35,2000000,1025,11,c1ed77297c5108b55f440d972cb4fab842cf2b44abf8334420e895c18b585c01,7e6bab01e9d6b0298352c3d96c8f671d95a236c9e60e60360e5c70a016b1f97e,Decoupled,4,0,,,,,,0,0
0.35,2000000,1026,7,71c376c6ca80ccd7f28b16da5da68ac4de681101cf14fadb2c74daffc13e7543,7e6bab01e9d6b0298352c3d96c8f671d95a236c9e60e60360e5c70a016b1f97e,No-Dq-R,1,0,0.0,0.0,0.0,0,0,0,0
0.35,2000000,1026,7,71c376c6ca80ccd7f28b16da5da68ac4de681101cf14fadb2c74daffc13e7543,7e6bab01e9d6b0298352c3d96c8f671d95a236c9e60e60360e5c70a016b1f97e,No-Dq-R,2,0,0.0,0.0,0,0,0,0,0
0.35,2000000,1026,7,71c376c6ca80ccd7f28b16da5da68ac4de681101cf14fadb2c74daffc13e7543,7e6bab01e9d6b0298352c3d96c8f671d95a236c9e60e60360e5c70a016b1f97e,No-Dq-R,3,0,0.0,0.0,0,0,0,0,0
0.35,2000000,1026,7,71c376c6ca80ccd7f28b16da5da68ac4de681101cf14fadb2c74daffc13e7543,7e6bab01e9d6b0298352c3d96c8f671d95a236c9e60e60360e5c70a016b1f97e,No-Dq-R,4,0,0.0,0.0,0,0,0,0,0
0.35,2000000,1026,7,71c376c6ca80ccd7f28b16da5da68ac4de681101cf14fadb2c74daffc13e7543,7e6bab01e9d6b0298352c3d96c8f671d95a236c9e60e60360e5c70a016b1f97e,Fixed-Dc,1,-672606,0.031604444340735505,0.028974061551220065,0.0,0,0,0,0
0.35,2000000,1026,7,71c376c6ca80ccd7f28b16da5da68ac4de681101cf14fadb2c74daffc13e7543,7e6bab01e9d6b0298352c3d96c8f671d95a236c9e60e60360e5c70a016b1f97e,Fixed-Dc,2,12965,-0.0003621663150976673,-0.0002914326773670872,0,0,0,0,0
0.35,2000000,1026,7,71c376c6ca80ccd7f28b16da5da68ac4de681101cf14fadb2c74daffc13e7543,7e6bab01e9d6b0298352c3d96c8f671d95a236c9e60e60360e5c70a016b1f97e,Fixed-Dc,3,12965,-7.264721023014786e-05,-0.0001455767681869391,0,0,0,0,0
0.35,2000000,1026,7,71c376c6ca80ccd7f28b16da5da68ac4de681101cf14fadb2c74daffc13e7543,7e6bab01e9d6b0298352c3d96c8f671d95a236c9e60e60360e5c70a016b1f97e,Fixed-Dc,4,12965,1.8877786072679648e-06,-7.261431842237043e-05,0,0,0,0,0
0.35,2000000,1026,7,71c376c6ca80ccd7f28b16da5da68ac4de681101cf14fadb2c74daffc13e7543,7e6bab01e9d6b0298352c3d96c8f671d95a236c9e60e60360e5c70a016b1f97e,Decoupled,1,0,,,,,,0,0
0.35,2000000,1026,7,71c376c6ca80ccd7f28b16da5da68ac4de681101cf14fadb2c74daffc13e7543,7e6bab01e9d6b0298352c3d96c8f671d95a236c9e60e60360e5c70a016b1f97e,Decoupled,2,0,,,,,,0,0
0.35,2000000,1026,7,71c376c6ca80ccd7f28b16da5da68ac4de681101cf14fadb2c74daffc13e7543,7e6bab01e9d6b0298352c3d96c8f671d95a236c9e60e60360e5c70a016b1f97e,Decoupled,3,0,,,,,,0,0
0.35,2000000,1026,7,71c376c6ca80ccd7f28b16da5da68ac4de681101cf14fadb2c74daffc13e7543,7e6bab01e9d6b0298352c3d96c8f671d95a236c9e60e60360e5c70a016b1f97e,Decoupled,4,0,,,,,,0,0
0.35,2000000,1026,11,71c376c6ca80ccd7f28b16da5da68ac4de681101cf14fadb2c74daffc13e7543,7e6bab01e9d6b0298352c3d96c8f671d95a236c9e60e60360e5c70a016b1f97e,No-Dq-R,1,0,0.0,0.0,0.0,0,0,0,0
0.35,2000000,1026,11,71c376c6ca80ccd7f28b16da5da68ac4de681101cf14fadb2c74daffc13e7543,7e6bab01e9d6b0298352c3d96c8f671d95a236c9e60e60360e5c70a016b1f97e,No-Dq-R,2,0,0.0,0.0,0,0,0,0,0
0.35,2000000,1026,11,71c376c6ca80ccd7f28b16da5da68ac4de681101cf14fadb2c74daffc13e7543,7e6bab01e9d6b0298352c3d96c8f671d95a236c9e60e60360e5c70a016b1f97e,No-Dq-R,3,0,0.0,0.0,0,0,0,0,0
0.35,2000000,1026,11,71c376c6ca80ccd7f28b16da5da68ac4de681101cf14fadb2c74daffc13e7543,7e6bab01e9d6b0298352c3d96c8f671d95a236c9e60e60360e5c70a016b1f97e,No-Dq-R,4,0,0.0,0.0,0,0,0,0,0
0.35,2000000,1026,11,71c376c6ca80ccd7f28b16da5da68ac4de681101cf14fadb2c74daffc13e7543,7e6bab01e9d6b0298352c3d96c8f671d95a236c9e60e60360e5c70a016b1f97e,Fixed-Dc,1,-672606,0.02642071276573632,0.028974061551220065,0.0,0,0,0,0
0.35,2000000,1026,11,71c376c6ca80ccd7f28b16da5da68ac4de681101cf14fadb2c74daffc13e7543,7e6bab01e9d6b0298352c3d96c8f671d95a236c9e60e60360e5c70a016b1f97e,Fixed-Dc,2,12965,-0.0003621663150976673,-0.0002914326773670872,0,0,0,0,0
0.35,2000000,1026,11,71c376c6ca80ccd7f28b16da5da68ac4de681101cf14fadb2c74daffc13e7543,7e6bab01e9d6b0298352c3d96c8f671d95a236c9e60e60360e5c70a016b1f97e,Fixed-Dc,3,12965,-7.264721023014786e-05,-0.0001455767681869391,0,0,0,0,0
0.35,2000000,1026,11,71c376c6ca80ccd7f28b16da5da68ac4de681101cf14fadb2c74daffc13e7543,7e6bab01e9d6b0298352c3d96c8f671d95a236c9e60e60360e5c70a016b1f97e,Fixed-Dc,4,12965,1.8877786072679648e-06,-7.261431842237043e-05,0,0,0,0,0
0.35,2000000,1026,11,71c376c6ca80ccd7f28b16da5da68ac4de681101cf14fadb2c74daffc13e7543,7e6bab01e9d6b0298352c3d96c8f671d95a236c9e60e60360e5c70a016b1f97e,Decoupled,1,0,,,,,,0,0
0.35,2000000,1026,11,71c376c6ca80ccd7f28b16da5da68ac4de681101cf14fadb2c74daffc13e7543,7e6bab01e9d6b0298352c3d96c8f671d95a236c9e60e60360e5c70a016b1f97e,Decoupled,2,0,,,,,,0,0
0.35,2000000,1026,11,71c376c6ca80ccd7f28b16da5da68ac4de681101cf14fadb2c74daffc13e7543,7e6bab01e9d6b0298352c3d96c8f671d95a236c9e60e60360e5c70a016b1f97e,Decoupled,3,0,,,,,,0,0
0.35,2000000,1026,11,71c376c6ca80ccd7f28b16da5da68ac4de681101cf14fadb2c74daffc13e7543,7e6bab01e9d6b0298352c3d96c8f671d95a236c9e60e60360e5c70a016b1f97e,Decoupled,4,0,,,,,,0,0
0.35,2000000,1027,7,85d4d1f635ecc925702d034d67bfd98e4a6d87c46b8277a5114045c602f82ff3,7e6bab01e9d6b0298352c3d96c8f671d95a236c9e60e60360e5c70a016b1f97e,No-Dq-R,1,0,0.0,0.0,0.0,0,0,0,0
0.35,2000000,1027,7,85d4d1f635ecc925702d034d67bfd98e4a6d87c46b8277a5114045c602f82ff3,7e6bab01e9d6b0298352c3d96c8f671d95a236c9e60e60360e5c70a016b1f97e,No-Dq-R,2,0,0.0,0.0,0,0,0,0,0
0.35,2000000,1027,7,85d4d1f635ecc925702d034d67bfd98e4a6d87c46b8277a5114045c602f82ff3,7e6bab01e9d6b0298352c3d96c8f671d95a236c9e60e60360e5c70a016b1f97e,No-Dq-R,3,0,0.0,0.0,0,0,0,0,0
0.35,2000000,1027,7,85d4d1f635ecc925702d034d67bfd98e4a6d87c46b8277a5114045c602f82ff3,7e6bab01e9d6b0298352c3d96c8f671d95a236c9e60e60360e5c70a016b1f97e,No-Dq-R,4,0,0.0,0.0,0,0,0,0,0
0.35,2000000,1027,7,85d4d1f635ecc925702d034d67bfd98e4a6d87c46b8277a5114045c602f82ff3,7e6bab01e9d6b0298352c3d96c8f671d95a236c9e60e60360e5c70a016b1f97e,Fixed-Dc,1,-650426,0.030609302220273138,0.028070197314562395,0.0,0,0,0,0
0.35,2000000,1027,7,85d4d1f635ecc925702d034d67bfd98e4a6d87c46b8277a5114045c602f82ff3,7e6bab01e9d6b0298352c3d96c8f671d95a236c9e60e60360e5c70a016b1f97e,Fixed-Dc,2,12965,-0.0003621663150976673,-0.0002914326773670872,0,0,0,0,0
0.35,2000000,1027,7,85d4d1f635ecc925702d034d67bfd98e4a6d87c46b8277a5114045c602f82ff3,7e6bab01e9d6b0298352c3d96c8f671d95a236c9e60e60360e5c70a016b1f97e,Fixed-Dc,3,12965,-7.264721023014786e-05,-0.0001455767681869391,0,0,0,0,0
0.35,2000000,1027,7,85d4d1f635ecc925702d034d67bfd98e4a6d87c46b8277a5114045c602f82ff3,7e6bab01e9d6b0298352c3d96c8f671d95a236c9e60e60360e5c70a016b1f97e,Fixed-Dc,4,12965,1.8877786072679648e-06,-7.261431842237043e-05,0,0,0,0,0
0.35,2000000,1027,7,85d4d1f635ecc925702d034d67bfd98e4a6d87c46b8277a5114045c602f82ff3,7e6bab01e9d6b0298352c3d96c8f671d95a236c9e60e60360e5c70a016b1f97e,Decoupled,1,0,,,,,,0,0
0.35,2000000,1027,7,85d4d1f635ecc925702d034d67bfd98e4a6d87c46b8277a5114045c602f82ff3,7e6bab01e9d6b0298352c3d96c8f671d95a236c9e60e60360e5c70a016b1f97e,Decoupled,2,0,,,,,,0,0
0.35,2000000,1027,7,85d4d1f635ecc925702d034d67bfd98e4a6d87c46b8277a5114045c602f82ff3,7e6bab01e9d6b0298352c3d96c8f671d95a236c9e60e60360e5c70a016b1f97e,Decoupled,3,0,,,,,,0,0
0.35,2000000,1027,7,85d4d1f635ecc925702d034d67bfd98e4a6d87c46b8277a5114045c602f82ff3,7e6bab01e9d6b0298352c3d96c8f671d95a236c9e60e60360e5c70a016b1f97e,Decoupled,4,0,,,,,,0,0
0.35,2000000,1027,11,85d4d1f635ecc925702d034d67bfd98e4a6d87c46b8277a5114045c602f82ff3,7e6bab01e9d6b0298352c3d96c8f671d95a236c9e60e60360e5c70a016b1f97e,No-Dq-R,1,0,0.0,0.0,0.0,0,0,0,0
0.35,2000000,1027,11,85d4d1f635ecc925702d034d67bfd98e4a6d87c46b8277a5114045c602f82ff3,7e6bab01e9d6b0298352c3d96c8f671d95a236c9e60e60360e5c70a016b1f97e,No-Dq-R,2,0,0.0,0.0,0,0,0,0,0
0.35,2000000,1027,11,85d4d1f635ecc925702d034d67bfd98e4a6d87c46b8277a5114045c602f82ff3,7e6bab01e9d6b0298352c3d96c8f671d95a236c9e60e60360e5c70a016b1f97e,No-Dq-R,3,0,0.0,0.0,0,0,0,0,0
0.35,2000000,1027,11,85d4d1f635ecc925702d034d67bfd98e4a6d87c46b8277a5114045c602f82ff3,7e6bab01e9d6b0298352c3d96c8f671d95a236c9e60e60360e5c70a016b1f97e,No-Dq-R,4,0,0.0,0.0,0,0,0,0,0
0.35,2000000,1027,11,85d4d1f635ecc925702d034d67bfd98e4a6d87c46b8277a5114045c602f82ff3,7e6bab01e9d6b0298352c3d96c8f671d95a236c9e60e60360e5c70a016b1f97e,Fixed-Dc,1,-650426,0.02560545322748331,0.028070197314562395,0.0,0,0,0,0
0.35,2000000,1027,11,85d4d1f635ecc925702d034d67bfd98e4a6d87c46b8277a5114045c602f82ff3,7e6bab01e9d6b0298352c3d96c8f671d95a236c9e60e60360e5c70a016b1f97e,Fixed-Dc,2,12965,-0.0003621663150976673,-0.0002914326773670872,0,0,0,0,0
0.35,2000000,1027,11,85d4d1f635ecc925702d034d67bfd98e4a6d87c46b8277a5114045c602f82ff3,7e6bab01e9d6b0298352c3d96c8f671d95a236c9e60e60360e5c70a016b1f97e,Fixed-Dc,3,12965,-7.264721023014786e-05,-0.0001455767681869391,0,0,0,0,0
0.35,2000000,1027,11,85d4d1f635ecc925702d034d67bfd98e4a6d87c46b8277a5114045c602f82ff3,7e6bab01e9d6b0298352c3d96c8f671d95a236c9e60e60360e5c70a016b1f97e,Fixed-Dc,4,12965,1.8877786072679648e-06,-7.261431842237043e-05,0,0,0,0,0
0.35,2000000,1027,11,85d4d1f635ecc925702d034d67bfd98e4a6d87c46b8277a5114045c602f82ff3,7e6bab01e9d6b0298352c3d96c8f671d95a236c9e60e60360e5c70a016b1f97e,Decoupled,1,0,,,,,,0,0
0.35,2000000,1027,11,85d4d1f635ecc925702d034d67bfd98e4a6d87c46b8277a5114045c602f82ff3,7e6bab01e9d6b0298352c3d96c8f671d95a236c9e60e60360e5c70a016b1f97e,Decoupled,2,0,,,,,,0,0
0.35,2000000,1027,11,85d4d1f635ecc925702d034d67bfd98e4a6d87c46b8277a5114045c602f82ff3,7e6bab01e9d6b0298352c3d96c8f671d95a236c9e60e60360e5c70a016b1f97e,Decoupled,3,0,,,,,,0,0
0.35,2000000,1027,11,85d4d1f635ecc925702d034d67bfd98e4a6d87c46b8277a5114045c602f82ff3,7e6bab01e9d6b0298352c3d96c8f671d95a236c9e60e60360e5c70a016b1f97e,Decoupled,4,0,,,,,,0,0
0.35,2000000,1028,7,bcb792d50a75a0e094a6b84c92bce49ac47258e20a8ea6a448fe0173510ebf65,7e6bab01e9d6b0298352c3d96c8f671d95a236c9e60e60360e5c70a016b1f97e,No-Dq-R,1,0,0.0,0.0,0.0,0,0,0,0
0.35,2000000,1028,7,bcb792d50a75a0e094a6b84c92bce49ac47258e20a8ea6a448fe0173510ebf65,7e6bab01e9d6b0298352c3d96c8f671d95a236c9e60e60360e5c70a016b1f97e,No-Dq-R,2,0,0.0,0.0,0,0,0,0,0
0.35,2000000,1028,7,bcb792d50a75a0e094a6b84c92bce49ac47258e20a8ea6a448fe0173510ebf65,7e6bab01e9d6b0298352c3d96c8f671d95a236c9e60e60360e5c70a016b1f97e,No-Dq-R,3,0,0.0,0.0,0,0,0,0,0
0.35,2000000,1028,7,bcb792d50a75a0e094a6b84c92bce49ac47258e20a8ea6a448fe0173510ebf65,7e6bab01e9d6b0298352c3d96c8f671d95a236c9e60e60360e5c70a016b1f97e,No-Dq-R,4,0,0.0,0.0,0,0,0,0,0
0.35,2000000,1028,7,bcb792d50a75a0e094a6b84c92bce49ac47258e20a8ea6a448fe0173510ebf65,7e6bab01e9d6b0298352c3d96c8f671d95a236c9e60e60360e5c70a016b1f97e,Fixed-Dc,1,-151327,0.0073758760453852545,0.0068095995920369745,0.0,0,0,0,0
0.35,2000000,1028,7,bcb792d50a75a0e094a6b84c92bce49ac47258e20a8ea6a448fe0173510ebf65,7e6bab01e9d6b0298352c3d96c8f671d95a236c9e60e60360e5c70a016b1f97e,Fixed-Dc,2,-505613,0.01371701644810941,0.0109060678780602,0,0,0,0,0
0.35,2000000,1028,7,bcb792d50a75a0e094a6b84c92bce49ac47258e20a8ea6a448fe0173510ebf65,7e6bab01e9d6b0298352c3d96c8f671d95a236c9e60e60360e5c70a016b1f97e,Fixed-Dc,3,12965,-7.264721023014786e-05,-0.0001455767681869391,0,0,0,0,0
0.35,2000000,1028,7,bcb792d50a75a0e094a6b84c92bce49ac47258e20a8ea6a448fe0173510ebf65,7e6bab01e9d6b0298352c3d96c8f671d95a236c9e60e60360e5c70a016b1f97e,Fixed-Dc,4,12965,1.8877786072679648e-06,-7.261431842237043e-05,0,0,0,0,0
0.35,2000000,1028,7,bcb792d50a75a0e094a6b84c92bce49ac47258e20a8ea6a448fe0173510ebf65,7e6bab01e9d6b0298352c3d96c8f671d95a236c9e60e60360e5c70a016b1f97e,Decoupled,1,0,,,,,,0,0
0.35,2000000,1028,7,bcb792d50a75a0e094a6b84c92bce49ac47258e20a8ea6a448fe0173510ebf65,7e6bab01e9d6b0298352c3d96c8f671d95a236c9e60e60360e5c70a016b1f97e,Decoupled,2,0,,,,,,0,0
0.35,2000000,1028,7,bcb792d50a75a0e094a6b84c92bce49ac47258e20a8ea6a448fe0173510ebf65,7e6bab01e9d6b0298352c3d96c8f671d95a236c9e60e60360e5c70a016b1f97e,Decoupled,3,0,,,,,,0,0
0.35,2000000,1028,7,bcb792d50a75a0e094a6b84c92bce49ac47258e20a8ea6a448fe0173510ebf65,7e6bab01e9d6b0298352c3d96c8f671d95a236c9e60e60360e5c70a016b1f97e,Decoupled,4,0,,,,,,0,0
0.35,2000000,1028,11,bcb792d50a75a0e094a6b84c92bce49ac47258e20a8ea6a448fe0173510ebf65,7e6bab01e9d6b0298352c3d96c8f671d95a236c9e60e60360e5c70a016b1f97e,No-Dq-R,1,0,0.0,0.0,0.0,0,0,0,0
0.35,2000000,1028,11,bcb792d50a75a0e094a6b84c92bce49ac47258e20a8ea6a448fe0173510ebf65,7e6bab01e9d6b0298352c3d96c8f671d95a236c9e60e60360e5c70a016b1f97e,No-Dq-R,2,0,0.0,0.0,0,0,0,0,0
0.35,2000000,1028,11,bcb792d50a75a0e094a6b84c92bce49ac47258e20a8ea6a448fe0173510ebf65,7e6bab01e9d6b0298352c3d96c8f671d95a236c9e60e60360e5c70a016b1f97e,No-Dq-R,3,0,0.0,0.0,0,0,0,0,0
0.35,2000000,1028,11,bcb792d50a75a0e094a6b84c92bce49ac47258e20a8ea6a448fe0173510ebf65,7e6bab01e9d6b0298352c3d96c8f671d95a236c9e60e60360e5c70a016b1f97e,No-Dq-R,4,0,0.0,0.0,0,0,0,0,0
0.35,2000000,1028,11,bcb792d50a75a0e094a6b84c92bce49ac47258e20a8ea6a448fe0173510ebf65,7e6bab01e9d6b0298352c3d96c8f671d95a236c9e60e60360e5c70a016b1f97e,Fixed-Dc,1,-151327,0.006259907243011731,0.0068095995920369745,0.0,0,0,0,0
0.35,2000000,1028,11,bcb792d50a75a0e094a6b84c92bce49ac47258e20a8ea6a448fe0173510ebf65,7e6bab01e9d6b0298352c3d96c8f671d95a236c9e60e60360e5c70a016b1f97e,Fixed-Dc,2,-505613,0.01371701644810941,0.0109060678780602,0,0,0,0,0
0.35,2000000,1028,11,bcb792d50a75a0e094a6b84c92bce49ac47258e20a8ea6a448fe0173510ebf65,7e6bab01e9d6b0298352c3d96c8f671d95a236c9e60e60360e5c70a016b1f97e,Fixed-Dc,3,12965,-7.264721023014786e-05,-0.0001455767681869391,0,0,0,0,0
0.35,2000000,1028,11,bcb792d50a75a0e094a6b84c92bce49ac47258e20a8ea6a448fe0173510ebf65,7e6bab01e9d6b0298352c3d96c8f671d95a236c9e60e60360e5c70a016b1f97e,Fixed-Dc,4,12965,1.8877786072679648e-06,-7.261431842237043e-05,0,0,0,0,0
0.35,2000000,1028,11,bcb792d50a75a0e094a6b84c92bce49ac47258e20a8ea6a448fe0173510ebf65,7e6bab01e9d6b0298352c3d96c8f671d95a236c9e60e60360e5c70a016b1f97e,Decoupled,1,0,,,,,,0,0
0.35,2000000,1028,11,bcb792d50a75a0e094a6b84c92bce49ac47258e20a8ea6a448fe0173510ebf65,7e6bab01e9d6b0298352c3d96c8f671d95a236c9e60e60360e5c70a016b1f97e,Decoupled,2,0,,,,,,0,0
0.35,2000000,1028,11,bcb792d50a75a0e094a6b84c92bce49ac47258e20a8ea6a448fe0173510ebf65,7e6bab01e9d6b0298352c3d96c8f671d95a236c9e60e60360e5c70a016b1f97e,Decoupled,3,0,,,,,,0,0
0.35,2000000,1028,11,bcb792d50a75a0e094a6b84c92bce49ac47258e20a8ea6a448fe0173510ebf65,7e6bab01e9d6b0298352c3d96c8f671d95a236c9e60e60360e5c70a016b1f97e,Decoupled,4,0,,,,,,0,0
0.35,2000000,1029,7,5be74609f26c4797c69aa8d46a170fdfe81d6c515652dc457560ea978246d61b,7e6bab01e9d6b0298352c3d96c8f671d95a236c9e60e60360e5c70a016b1f97e,No-Dq-R,1,0,0.0,0.0,0.0,0,0,0,0
0.35,2000000,1029,7,5be74609f26c4797c69aa8d46a170fdfe81d6c515652dc457560ea978246d61b,7e6bab01e9d6b0298352c3d96c8f671d95a236c9e60e60360e5c70a016b1f97e,No-Dq-R,2,0,0.0,0.0,0,0,0,0,0
0.35,2000000,1029,7,5be74609f26c4797c69aa8d46a170fdfe81d6c515652dc457560ea978246d61b,7e6bab01e9d6b0298352c3d96c8f671d95a236c9e60e60360e5c70a016b1f97e,No-Dq-R,3,0,0.0,0.0,0,0,0,0,0
0.35,2000000,1029,7,5be74609f26c4797c69aa8d46a170fdfe81d6c515652dc457560ea978246d61b,7e6bab01e9d6b0298352c3d96c8f671d95a236c9e60e60360e5c70a016b1f97e,No-Dq-R,4,0,0.0,0.0,0,0,0,0,0
0.35,2000000,1029,7,5be74609f26c4797c69aa8d46a170fdfe81d6c515652dc457560ea978246d61b,7e6bab01e9d6b0298352c3d96c8f671d95a236c9e60e60360e5c70a016b1f97e,Fixed-Dc,1,12965,-0.0006394031017732393,-0.000591603153459408,0.0,0,0,0,0
0.35,2000000,1029,7,5be74609f26c4797c69aa8d46a170fdfe81d6c515652dc457560ea978246d61b,7e6bab01e9d6b0298352c3d96c8f671d95a236c9e60e60360e5c70a016b1f97e,Fixed-Dc,2,12965,-0.0003621663150976673,-0.0002914326773670872,0,0,0,0,0
0.35,2000000,1029,7,5be74609f26c4797c69aa8d46a170fdfe81d6c515652dc457560ea978246d61b,7e6bab01e9d6b0298352c3d96c8f671d95a236c9e60e60360e5c70a016b1f97e,Fixed-Dc,3,-213430,0.001150735335124553,0.0023564109917039167,0,0,0,0,0
0.35,2000000,1029,7,5be74609f26c4797c69aa8d46a170fdfe81d6c515652dc457560ea978246d61b,7e6bab01e9d6b0298352c3d96c8f671d95a236c9e60e60360e5c70a016b1f97e,Fixed-Dc,4,-567716,-0.0002239142461121224,0.0030559595071929513,0,0,0,0,0
0.35,2000000,1029,7,5be74609f26c4797c69aa8d46a170fdfe81d6c515652dc457560ea978246d61b,7e6bab01e9d6b0298352c3d96c8f671d95a236c9e60e60360e5c70a016b1f97e,Decoupled,1,0,,,,,,0,0
0.35,2000000,1029,7,5be74609f26c4797c69aa8d46a170fdfe81d6c515652dc457560ea978246d61b,7e6bab01e9d6b0298352c3d96c8f671d95a236c9e60e60360e5c70a016b1f97e,Decoupled,2,0,,,,,,0,0
0.35,2000000,1029,7,5be74609f26c4797c69aa8d46a170fdfe81d6c515652dc457560ea978246d61b,7e6bab01e9d6b0298352c3d96c8f671d95a236c9e60e60360e5c70a016b1f97e,Decoupled,3,0,,,,,,0,0
0.35,2000000,1029,7,5be74609f26c4797c69aa8d46a170fdfe81d6c515652dc457560ea978246d61b,7e6bab01e9d6b0298352c3d96c8f671d95a236c9e60e60360e5c70a016b1f97e,Decoupled,4,0,,,,,,0,0
0.35,2000000,1029,11,5be74609f26c4797c69aa8d46a170fdfe81d6c515652dc457560ea978246d61b,7e6bab01e9d6b0298352c3d96c8f671d95a236c9e60e60360e5c70a016b1f97e,No-Dq-R,1,0,0.0,0.0,0.0,0,0,0,0
0.35,2000000,1029,11,5be74609f26c4797c69aa8d46a170fdfe81d6c515652dc457560ea978246d61b,7e6bab01e9d6b0298352c3d96c8f671d95a236c9e60e60360e5c70a016b1f97e,No-Dq-R,2,0,0.0,0.0,0,0,0,0,0
0.35,2000000,1029,11,5be74609f26c4797c69aa8d46a170fdfe81d6c515652dc457560ea978246d61b,7e6bab01e9d6b0298352c3d96c8f671d95a236c9e60e60360e5c70a016b1f97e,No-Dq-R,3,0,0.0,0.0,0,0,0,0,0
0.35,2000000,1029,11,5be74609f26c4797c69aa8d46a170fdfe81d6c515652dc457560ea978246d61b,7e6bab01e9d6b0298352c3d96c8f671d95a236c9e60e60360e5c70a016b1f97e,No-Dq-R,4,0,0.0,0.0,0,0,0,0,0
0.35,2000000,1029,11,5be74609f26c4797c69aa8d46a170fdfe81d6c515652dc457560ea978246d61b,7e6bab01e9d6b0298352c3d96c8f671d95a236c9e60e60360e5c70a016b1f97e,Fixed-Dc,1,12965,-0.0005452030855833678,-0.000591603153459408,0.0,0,0,0,0
0.35,2000000,1029,11,5be74609f26c4797c69aa8d46a170fdfe81d6c515652dc457560ea978246d61b,7e6bab01e9d6b0298352c3d96c8f671d95a236c9e60e60360e5c70a016b1f97e,Fixed-Dc,2,12965,-0.0003621663150976673,-0.0002914326773670872,0,0,0,0,0
0.35,2000000,1029,11,5be74609f26c4797c69aa8d46a170fdfe81d6c515652dc457560ea978246d61b,7e6bab01e9d6b0298352c3d96c8f671d95a236c9e60e60360e5c70a016b1f97e,Fixed-Dc,3,-213430,0.001150735335124553,0.0023564109917039167,0,0,0,0,0
0.35,2000000,1029,11,5be74609f26c4797c69aa8d46a170fdfe81d6c515652dc457560ea978246d61b,7e6bab01e9d6b0298352c3d96c8f671d95a236c9e60e60360e5c70a016b1f97e,Fixed-Dc,4,-567716,-0.0002239142461121224,0.0030559595071929513,0,0,0,0,0
0.35,2000000,1029,11,5be74609f26c4797c69aa8d46a170fdfe81d6c515652dc457560ea978246d61b,7e6bab01e9d6b0298352c3d96c8f671d95a236c9e60e60360e5c70a016b1f97e,Decoupled,1,0,,,,,,0,0
0.35,2000000,1029,11,5be74609f26c4797c69aa8d46a170fdfe81d6c515652dc457560ea978246d61b,7e6bab01e9d6b0298352c3d96c8f671d95a236c9e60e60360e5c70a016b1f97e,Decoupled,2,0,,,,,,0,0
0.35,2000000,1029,11,5be74609f26c4797c69aa8d46a170fdfe81d6c515652dc457560ea978246d61b,7e6bab01e9d6b0298352c3d96c8f671d95a236c9e60e60360e5c70a016b1f97e,Decoupled,3,0,,,,,,0,0
0.35,2000000,1029,11,5be74609f26c4797c69aa8d46a170fdfe81d6c515652dc457560ea978246d61b,7e6bab01e9d6b0298352c3d96c8f671d95a236c9e60e60360e5c70a016b1f97e,Decoupled,4,0,,,,,,0,0
0.35,2000000,1030,7,ce35705050f44b6405b604fa8d7bdc164c89cf594e1ef6a003206adcb11d31cd,7e6bab01e9d6b0298352c3d96c8f671d95a236c9e60e60360e5c70a016b1f97e,No-Dq-R,1,0,0.0,0.0,0.0,0,0,0,0
0.35,2000000,1030,7,ce35705050f44b6405b604fa8d7bdc164c89cf594e1ef6a003206adcb11d31cd,7e6bab01e9d6b0298352c3d96c8f671d95a236c9e60e60360e5c70a016b1f97e,No-Dq-R,2,0,0.0,0.0,0,0,0,0,0
0.35,2000000,1030,7,ce35705050f44b6405b604fa8d7bdc164c89cf594e1ef6a003206adcb11d31cd,7e6bab01e9d6b0298352c3d96c8f671d95a236c9e60e60360e5c70a016b1f97e,No-Dq-R,3,0,0.0,0.0,0,0,0,0,0
0.35,2000000,1030,7,ce35705050f44b6405b604fa8d7bdc164c89cf594e1ef6a003206adcb11d31cd,7e6bab01e9d6b0298352c3d96c8f671d95a236c9e60e60360e5c70a016b1f97e,No-Dq-R,4,0,0.0,0.0,0,0,0,0,0
0.35,2000000,1030,7,ce35705050f44b6405b604fa8d7bdc164c89cf594e1ef6a003206adcb11d31cd,7e6bab01e9d6b0298352c3d96c8f671d95a236c9e60e60360e5c70a016b1f97e,Fixed-Dc,1,-797958,0.03717116513085594,0.03401936285059792,0.0,0,0,0,0
0.35,2000000,1030,7,ce35705050f44b6405b604fa8d7bdc164c89cf594e1ef6a003206adcb11d31cd,7e6bab01e9d6b0298352c3d96c8f671d95a236c9e60e60360e5c70a016b1f97e,Fixed-Dc,2,12965,-0.0003621663150976673,-0.0002914326773670872,0,0,0,0,0
0.35,2000000,1030,7,ce35705050f44b6405b604fa8d7bdc164c89cf594e1ef6a003206adcb11d31cd,7e6bab01e9d6b0298352c3d96c8f671d95a236c9e60e60360e5c70a016b1f97e,Fixed-Dc,3,12965,-7.264721023014786e-05,-0.0001455767681869391,0,0,0,0,0
0.35,2000000,1030,7,ce35705050f44b6405b604fa8d7bdc164c89cf594e1ef6a003206adcb11d31cd,7e6bab01e9d6b0298352c3d96c8f671d95a236c9e60e60360e5c70a016b1f97e,Fixed-Dc,4,12965,1.8877786072679648e-06,-7.261431842237043e-05,0,0,0,0,0
0.35,2000000,1030,7,ce35705050f44b6405b604fa8d7bdc164c89cf594e1ef6a003206adcb11d31cd,7e6bab01e9d6b0298352c3d96c8f671d95a236c9e60e60360e5c70a016b1f97e,Decoupled,1,0,,,,,,0,0
0.35,2000000,1030,7,ce35705050f44b6405b604fa8d7bdc164c89cf594e1ef6a003206adcb11d31cd,7e6bab01e9d6b0298352c3d96c8f671d95a236c9e60e60360e5c70a016b1f97e,Decoupled,2,0,,,,,,0,0
0.35,2000000,1030,7,ce35705050f44b6405b604fa8d7bdc164c89cf594e1ef6a003206adcb11d31cd,7e6bab01e9d6b0298352c3d96c8f671d95a236c9e60e60360e5c70a016b1f97e,Decoupled,3,0,,,,,,0,0
0.35,2000000,1030,7,ce35705050f44b6405b604fa8d7bdc164c89cf594e1ef6a003206adcb11d31cd,7e6bab01e9d6b0298352c3d96c8f671d95a236c9e60e60360e5c70a016b1f97e,Decoupled,4,0,,,,,,0,0
0.35,2000000,1030,11,ce35705050f44b6405b604fa8d7bdc164c89cf594e1ef6a003206adcb11d31cd,7e6bab01e9d6b0298352c3d96c8f671d95a236c9e60e60360e5c70a016b1f97e,No-Dq-R,1,0,0.0,0.0,0.0,0,0,0,0
0.35,2000000,1030,11,ce35705050f44b6405b604fa8d7bdc164c89cf594e1ef6a003206adcb11d31cd,7e6bab01e9d6b0298352c3d96c8f671d95a236c9e60e60360e5c70a016b1f97e,No-Dq-R,2,0,0.0,0.0,0,0,0,0,0
0.35,2000000,1030,11,ce35705050f44b6405b604fa8d7bdc164c89cf594e1ef6a003206adcb11d31cd,7e6bab01e9d6b0298352c3d96c8f671d95a236c9e60e60360e5c70a016b1f97e,No-Dq-R,3,0,0.0,0.0,0,0,0,0,0
0.35,2000000,1030,11,ce35705050f44b6405b604fa8d7bdc164c89cf594e1ef6a003206adcb11d31cd,7e6bab01e9d6b0298352c3d96c8f671d95a236c9e60e60360e5c70a016b1f97e,No-Dq-R,4,0,0.0,0.0,0,0,0,0,0
0.35,2000000,1030,11,ce35705050f44b6405b604fa8d7bdc164c89cf594e1ef6a003206adcb11d31cd,7e6bab01e9d6b0298352c3d96c8f671d95a236c9e60e60360e5c70a016b1f97e,Fixed-Dc,1,-797958,0.030959864987222252,0.03401936285059792,0.0,0,0,0,0
0.35,2000000,1030,11,ce35705050f44b6405b604fa8d7bdc164c89cf594e1ef6a003206adcb11d31cd,7e6bab01e9d6b0298352c3d96c8f671d95a236c9e60e60360e5c70a016b1f97e,Fixed-Dc,2,12965,-0.0003621663150976673,-0.0002914326773670872,0,0,0,0,0
0.35,2000000,1030,11,ce35705050f44b6405b604fa8d7bdc164c89cf594e1ef6a003206adcb11d31cd,7e6bab01e9d6b0298352c3d96c8f671d95a236c9e60e60360e5c70a016b1f97e,Fixed-Dc,3,12965,-7.264721023014786e-05,-0.0001455767681869391,0,0,0,0,0
0.35,2000000,1030,11,ce35705050f44b6405b604fa8d7bdc164c89cf594e1ef6a003206adcb11d31cd,7e6bab01e9d6b0298352c3d96c8f671d95a236c9e60e60360e5c70a016b1f97e,Fixed-Dc,4,12965,1.8877786072679648e-06,-7.261431842237043e-05,0,0,0,0,0
0.35,2000000,1030,11,ce35705050f44b6405b604fa8d7bdc164c89cf594e1ef6a003206adcb11d31cd,7e6bab01e9d6b0298352c3d96c8f671d95a236c9e60e60360e5c70a016b1f97e,Decoupled,1,0,,,,,,0,0
0.35,2000000,1030,11,ce35705050f44b6405b604fa8d7bdc164c89cf594e1ef6a003206adcb11d31cd,7e6bab01e9d6b0298352c3d96c8f671d95a236c9e60e60360e5c70a016b1f97e,Decoupled,2,0,,,,,,0,0
0.35,2000000,1030,11,ce35705050f44b6405b604fa8d7bdc164c89cf594e1ef6a003206adcb11d31cd,7e6bab01e9d6b0298352c3d96c8f671d95a236c9e60e60360e5c70a016b1f97e,Decoupled,3,0,,,,,,0,0
0.35,2000000,1030,11,ce35705050f44b6405b604fa8d7bdc164c89cf594e1ef6a003206adcb11d31cd,7e6bab01e9d6b0298352c3d96c8f671d95a236c9e60e60360e5c70a016b1f97e,Decoupled,4,0,,,,,,0,0
0.35,2000000,1031,7,3ae630b2fc9f0224aba1a15b19fb1cd625ec04706b8b20e197d44e1af8b0f147,7e6bab01e9d6b0298352c3d96c8f671d95a236c9e60e60360e5c70a016b1f97e,No-Dq-R,1,0,0.0,0.0,0.0,0,0,0,0
0.35,2000000,1031,7,3ae630b2fc9f0224aba1a15b19fb1cd625ec04706b8b20e197d44e1af8b0f147,7e6bab01e9d6b0298352c3d96c8f671d95a236c9e60e60360e5c70a016b1f97e,No-Dq-R,2,0,0.0,0.0,0,0,0,0,0
0.35,2000000,1031,7,3ae630b2fc9f0224aba1a15b19fb1cd625ec04706b8b20e197d44e1af8b0f147,7e6bab01e9d6b0298352c3d96c8f671d95a236c9e60e60360e5c70a016b1f97e,No-Dq-R,3,0,0.0,0.0,0,0,0,0,0
0.35,2000000,1031,7,3ae630b2fc9f0224aba1a15b19fb1cd625ec04706b8b20e197d44e1af8b0f147,7e6bab01e9d6b0298352c3d96c8f671d95a236c9e60e60360e5c70a016b1f97e,No-Dq-R,4,0,0.0,0.0,0,0,0,0,0
0.35,2000000,1031,7,3ae630b2fc9f0224aba1a15b19fb1cd625ec04706b8b20e197d44e1af8b0f147,7e6bab01e9d6b0298352c3d96c8f671d95a236c9e60e60360e5c70a016b1f97e,Fixed-Dc,1,-522005,0.024786425075246976,0.022769911061990222,0.0,0,0,0,0
0.35,2000000,1031,7,3ae630b2fc9f0224aba1a15b19fb1cd625ec04706b8b20e197d44e1af8b0f147,7e6bab01e9d6b0298352c3d96c8f671d95a236c9e60e60360e5c70a016b1f97e,Fixed-Dc,2,12965,-0.0003621663150976673,-0.0002914326773670872,0,0,0,0,0
0.35,2000000,1031,7,3ae630b2fc9f0224aba1a15b19fb1cd625ec04706b8b20e197d44e1af8b0f147,7e6bab01e9d6b0298352c3d96c8f671d95a236c9e60e60360e5c70a016b1f97e,Fixed-Dc,3,12965,-7.264721023014786e-05,-0.0001455767681869391,0,0,0,0,0
0.35,2000000,1031,7,3ae630b2fc9f0224aba1a15b19fb1cd625ec04706b8b20e197d44e1af8b0f147,7e6bab01e9d6b0298352c3d96c8f671d95a236c9e60e60360e5c70a016b1f97e,Fixed-Dc,4,12965,1.8877786072679648e-06,-7.261431842237043e-05,0,0,0,0,0
0.35,2000000,1031,7,3ae630b2fc9f0224aba1a15b19fb1cd625ec04706b8b20e197d44e1af8b0f147,7e6bab01e9d6b0298352c3d96c8f671d95a236c9e60e60360e5c70a016b1f97e,Decoupled,1,0,,,,,,0,0
0.35,2000000,1031,7,3ae630b2fc9f0224aba1a15b19fb1cd625ec04706b8b20e197d44e1af8b0f147,7e6bab01e9d6b0298352c3d96c8f671d95a236c9e60e60360e5c70a016b1f97e,Decoupled,2,0,,,,,,0,0
0.35,2000000,1031,7,3ae630b2fc9f0224aba1a15b19fb1cd625ec04706b8b20e197d44e1af8b0f147,7e6bab01e9d6b0298352c3d96c8f671d95a236c9e60e60360e5c70a016b1f97e,Decoupled,3,0,,,,,,0,0
0.35,2000000,1031,7,3ae630b2fc9f0224aba1a15b19fb1cd625ec04706b8b20e197d44e1af8b0f147,7e6bab01e9d6b0298352c3d96c8f671d95a236c9e60e60360e5c70a016b1f97e,Decoupled,4,0,,,,,,0,0
0.35,2000000,1031,11,3ae630b2fc9f0224aba1a15b19fb1cd625ec04706b8b20e197d44e1af8b0f147,7e6bab01e9d6b0298352c3d96c8f671d95a236c9e60e60360e5c70a016b1f97e,No-Dq-R,1,0,0.0,0.0,0.0,0,0,0,0
0.35,2000000,1031,11,3ae630b2fc9f0224aba1a15b19fb1cd625ec04706b8b20e197d44e1af8b0f147,7e6bab01e9d6b0298352c3d96c8f671d95a236c9e60e60360e5c70a016b1f97e,No-Dq-R,2,0,0.0,0.0,0,0,0,0,0
0.35,2000000,1031,11,3ae630b2fc9f0224aba1a15b19fb1cd625ec04706b8b20e197d44e1af8b0f147,7e6bab01e9d6b0298352c3d96c8f671d95a236c9e60e60360e5c70a016b1f97e,No-Dq-R,3,0,0.0,0.0,0,0,0,0,0
0.35,2000000,1031,11,3ae630b2fc9f0224aba1a15b19fb1cd625ec04706b8b20e197d44e1af8b0f147,7e6bab01e9d6b0298352c3d96c8f671d95a236c9e60e60360e5c70a016b1f97e,No-Dq-R,4,0,0.0,0.0,0,0,0,0,0
0.35,2000000,1031,11,3ae630b2fc9f0224aba1a15b19fb1cd625ec04706b8b20e197d44e1af8b0f147,7e6bab01e9d6b0298352c3d96c8f671d95a236c9e60e60360e5c70a016b1f97e,Fixed-Dc,1,-522005,0.020812453148570498,0.022769911061990222,0.0,0,0,0,0
0.35,2000000,1031,11,3ae630b2fc9f0224aba1a15b19fb1cd625ec04706b8b20e197d44e1af8b0f147,7e6bab01e9d6b0298352c3d96c8f671d95a236c9e60e60360e5c70a016b1f97e,Fixed-Dc,2,12965,-0.0003621663150976673,-0.0002914326773670872,0,0,0,0,0
0.35,2000000,1031,11,3ae630b2fc9f0224aba1a15b19fb1cd625ec04706b8b20e197d44e1af8b0f147,7e6bab01e9d6b0298352c3d96c8f671d95a236c9e60e60360e5c70a016b1f97e,Fixed-Dc,3,12965,-7.264721023014786e-05,-0.0001455767681869391,0,0,0,0,0
0.35,2000000,1031,11,3ae630b2fc9f0224aba1a15b19fb1cd625ec04706b8b20e197d44e1af8b0f147,7e6bab01e9d6b0298352c3d96c8f671d95a236c9e60e60360e5c70a016b1f97e,Fixed-Dc,4,12965,1.8877786072679648e-06,-7.261431842237043e-05,0,0,0,0,0
0.35,2000000,1031,11,3ae630b2fc9f0224aba1a15b19fb1cd625ec04706b8b20e197d44e1af8b0f147,7e6bab01e9d6b0298352c3d96c8f671d95a236c9e60e60360e5c70a016b1f97e,Decoupled,1,0,,,,,,0,0
0.35,2000000,1031,11,3ae630b2fc9f0224aba1a15b19fb1cd625ec04706b8b20e197d44e1af8b0f147,7e6bab01e9d6b0298352c3d96c8f671d95a236c9e60e60360e5c70a016b1f97e,Decoupled,2,0,,,,,,0,0
0.35,2000000,1031,11,3ae630b2fc9f0224aba1a15b19fb1cd625ec04706b8b20e197d44e1af8b0f147,7e6bab01e9d6b0298352c3d96c8f671d95a236c9e60e60360e5c70a016b1f97e,Decoupled,3,0,,,,,,0,0
0.35,2000000,1031,11,3ae630b2fc9f0224aba1a15b19fb1cd625ec04706b8b20e197d44e1af8b0f147,7e6bab01e9d6b0298352c3d96c8f671d95a236c9e60e60360e5c70a016b1f97e,Decoupled,4,0,,,,,,0,0
0.7,800000,1000,7,5c4170509697e1be3f66d9d4aa63a1f5665b19577ac7f4b1893b7a4d868c6e6c,7e6bab01e9d6b0298352c3d96c8f671d95a236c9e60e60360e5c70a016b1f97e,No-Dq-R,1,0,0.0,0.0,0.0,0,0,0,0
0.7,800000,1000,7,5c4170509697e1be3f66d9d4aa63a1f5665b19577ac7f4b1893b7a4d868c6e6c,7e6bab01e9d6b0298352c3d96c8f671d95a236c9e60e60360e5c70a016b1f97e,No-Dq-R,2,-122084,0.02442949225281421,0.02564363699853267,0,0,0,0,0
0.7,800000,1000,7,5c4170509697e1be3f66d9d4aa63a1f5665b19577ac7f4b1893b7a4d868c6e6c,7e6bab01e9d6b0298352c3d96c8f671d95a236c9e60e60360e5c70a016b1f97e,No-Dq-R,3,-2232202,0.08202762381416018,0.07204515506709464,0,0,0,0,0
0.7,800000,1000,7,5c4170509697e1be3f66d9d4aa63a1f5665b19577ac7f4b1893b7a4d868c6e6c,7e6bab01e9d6b0298352c3d96c8f671d95a236c9e60e60360e5c70a016b1f97e,No-Dq-R,4,-2354286,0.05121407491174995,0.06017633497294156,0,0,0,0,0
0.7,800000,1000,7,5c4170509697e1be3f66d9d4aa63a1f5665b19577ac7f4b1893b7a4d868c6e6c,7e6bab01e9d6b0298352c3d96c8f671d95a236c9e60e60360e5c70a016b1f97e,Fixed-Dc,1,-59821,0.0028409021511436316,0.002609859706426576,0.0,0,0,0,0
0.7,800000,1000,7,5c4170509697e1be3f66d9d4aa63a1f5665b19577ac7f4b1893b7a4d868c6e6c,7e6bab01e9d6b0298352c3d96c8f671d95a236c9e60e60360e5c70a016b1f97e,Fixed-Dc,2,240952,-0.00737399233965319,-0.006117904590442147,0,0,0,0,0
0.7,800000,1000,7,5c4170509697e1be3f66d9d4aa63a1f5665b19577ac7f4b1893b7a4d868c6e6c,7e6bab01e9d6b0298352c3d96c8f671d95a236c9e60e60360e5c70a016b1f97e,Fixed-Dc,3,-391250,0.0078964974759968,0.00542370150841065,0,0,0,0,0
0.7,800000,1000,7,5c4170509697e1be3f66d9d4aa63a1f5665b19577ac7f4b1893b7a4d868c6e6c,7e6bab01e9d6b0298352c3d96c8f671d95a236c9e60e60360e5c70a016b1f97e,Fixed-Dc,4,31607,-7.89586748133897e-05,-0.0002607982681990251,0,0,0,0,0
0.7,800000,1000,7,5c4170509697e1be3f66d9d4aa63a1f5665b19577ac7f4b1893b7a4d868c6e6c,7e6bab01e9d6b0298352c3d96c8f671d95a236c9e60e60360e5c70a016b1f97e,Decoupled,1,0,,,,,,0,0
0.7,800000,1000,7,5c4170509697e1be3f66d9d4aa63a1f5665b19577ac7f4b1893b7a4d868c6e6c,7e6bab01e9d6b0298352c3d96c8f671d95a236c9e60e60360e5c70a016b1f97e,Decoupled,2,677916,,,,,,0,0
0.7,800000,1000,7,5c4170509697e1be3f66d9d4aa63a1f5665b19577ac7f4b1893b7a4d868c6e6c,7e6bab01e9d6b0298352c3d96c8f671d95a236c9e60e60360e5c70a016b1f97e,Decoupled,3,-632202,,,,,,0,0
0.7,800000,1000,7,5c4170509697e1be3f66d9d4aa63a1f5665b19577ac7f4b1893b7a4d868c6e6c,7e6bab01e9d6b0298352c3d96c8f671d95a236c9e60e60360e5c70a016b1f97e,Decoupled,4,45714,,,,,,0,0
0.7,800000,1000,11,5c4170509697e1be3f66d9d4aa63a1f5665b19577ac7f4b1893b7a4d868c6e6c,7e6bab01e9d6b0298352c3d96c8f671d95a236c9e60e60360e5c70a016b1f97e,No-Dq-R,1,0,0.0,0.0,0.0,0,0,0,0
0.7,800000,1000,11,5c4170509697e1be3f66d9d4aa63a1f5665b19577ac7f4b1893b7a4d868c6e6c,7e6bab01e9d6b0298352c3d96c8f671d95a236c9e60e60360e5c70a016b1f97e,No-Dq-R,2,-122084,0.02442949225281421,0.02564363699853267,0,0,0,0,0
0.7,800000,1000,11,5c4170509697e1be3f66d9d4aa63a1f5665b19577ac7f4b1893b7a4d868c6e6c,7e6bab01e9d6b0298352c3d96c8f671d95a236c9e60e60360e5c70a016b1f97e,No-Dq-R,3,-2232202,0.06340651674490067,0.07204515506709464,0,0,0,0,0
0.7,800000,1000,11,5c4170509697e1be3f66d9d4aa63a1f5665b19577ac7f4b1893b7a4d868c6e6c,7e6bab01e9d6b0298352c3d96c8f671d95a236c9e60e60360e5c70a016b1f97e,No-Dq-R,4,-2354286,0.05121407491174995,0.06017633497294156,0,0,0,0,0
0.7,800000,1000,11,5c4170509697e1be3f66d9d4aa63a1f5665b19577ac7f4b1893b7a4d868c6e6c,7e6bab01e9d6b0298352c3d96c8f671d95a236c9e60e60360e5c70a016b1f97e,Fixed-Dc,1,-59821,0.002385583624646581,0.002609859706426576,0.0,0,0,0,0
0.7,800000,1000,11,5c4170509697e1be3f66d9d4aa63a1f5665b19577ac7f4b1893b7a4d868c6e6c,7e6bab01e9d6b0298352c3d96c8f671d95a236c9e60e60360e5c70a016b1f97e,Fixed-Dc,2,240952,-0.00737399233965319,-0.006117904590442147,0,0,0,0,0
0.7,800000,1000,11,5c4170509697e1be3f66d9d4aa63a1f5665b19577ac7f4b1893b7a4d868c6e6c,7e6bab01e9d6b0298352c3d96c8f671d95a236c9e60e60360e5c70a016b1f97e,Fixed-Dc,3,-391250,0.003245636338233493,0.00542370150841065,0,0,0,0,0
0.7,800000,1000,11,5c4170509697e1be3f66d9d4aa63a1f5665b19577ac7f4b1893b7a4d868c6e6c,7e6bab01e9d6b0298352c3d96c8f671d95a236c9e60e60360e5c70a016b1f97e,Fixed-Dc,4,31607,-7.89586748133897e-05,-0.0002607982681990251,0,0,0,0,0
0.7,800000,1000,11,5c4170509697e1be3f66d9d4aa63a1f5665b19577ac7f4b1893b7a4d868c6e6c,7e6bab01e9d6b0298352c3d96c8f671d95a236c9e60e60360e5c70a016b1f97e,Decoupled,1,0,,,,,,0,0
0.7,800000,1000,11,5c4170509697e1be3f66d9d4aa63a1f5665b19577ac7f4b1893b7a4d868c6e6c,7e6bab01e9d6b0298352c3d96c8f671d95a236c9e60e60360e5c70a016b1f97e,Decoupled,2,677916,,,,,,0,0
0.7,800000,1000,11,5c4170509697e1be3f66d9d4aa63a1f5665b19577ac7f4b1893b7a4d868c6e6c,7e6bab01e9d6b0298352c3d96c8f671d95a236c9e60e60360e5c70a016b1f97e,Decoupled,3,-632202,,,,,,0,0
0.7,800000,1000,11,5c4170509697e1be3f66d9d4aa63a1f5665b19577ac7f4b1893b7a4d868c6e6c,7e6bab01e9d6b0298352c3d96c8f671d95a236c9e60e60360e5c70a016b1f97e,Decoupled,4,45714,,,,,,0,0
0.7,800000,1001,7,a8a4bc631470007053478dd8f0e9a4c1270d0bd53536dd822e0a2e92aeca4144,7e6bab01e9d6b0298352c3d96c8f671d95a236c9e60e60360e5c70a016b1f97e,No-Dq-R,1,0,0.0,0.0,0.0,0,0,0,0
0.7,800000,1001,7,a8a4bc631470007053478dd8f0e9a4c1270d0bd53536dd822e0a2e92aeca4144,7e6bab01e9d6b0298352c3d96c8f671d95a236c9e60e60360e5c70a016b1f97e,No-Dq-R,2,-1078377,0.05811294652191745,0.05471055370730682,0.9999999999999994,1,0,0,0
0.7,800000,1001,7,a8a4bc631470007053478dd8f0e9a4c1270d0bd53536dd822e0a2e92aeca4144,7e6bab01e9d6b0298352c3d96c8f671d95a236c9e60e60360e5c70a016b1f97e,No-Dq-R,3,-1321623,0.06062433230405673,0.056069024837374415,0,0,0,0,0
0.7,800000,1001,7,a8a4bc631470007053478dd8f0e9a4c1270d0bd53536dd822e0a2e92aeca4144,7e6bab01e9d6b0298352c3d96c8f671d95a236c9e60e60360e5c70a016b1f97e,No-Dq-R,4,-2354286,0.046959755611149734,0.056100560641106856,0,0,0,0,0
0.7,800000,1001,7,a8a4bc631470007053478dd8f0e9a4c1270d0bd53536dd822e0a2e92aeca4144,7e6bab01e9d6b0298352c3d96c8f671d95a236c9e60e60360e5c70a016b1f97e,Fixed-Dc,1,-460282,0.021253355669105023,0.019417275755627017,0.0,0,0,0,0
0.7,800000,1001,7,a8a4bc631470007053478dd8f0e9a4c1270d0bd53536dd822e0a2e92aeca4144,7e6bab01e9d6b0298352c3d96c8f671d95a236c9e60e60360e5c70a016b1f97e,Fixed-Dc,2,-37425,0.0011263697220598168,0.0009289674881519661,0,0,0,0,0
0.7,800000,1001,7,a8a4bc631470007053478dd8f0e9a4c1270d0bd53536dd822e0a2e92aeca4144,7e6bab01e9d6b0298352c3d96c8f671d95a236c9e60e60360e5c70a016b1f97e,Fixed-Dc,3,240952,-0.005006431972393699,-0.003505556642715457,0,0,0,0,0
0.7,800000,1001,7,a8a4bc631470007053478dd8f0e9a4c1270d0bd53536dd822e0a2e92aeca4144,7e6bab01e9d6b0298352c3d96c8f671d95a236c9e60e60360e5c70a016b1f97e,Fixed-Dc,4,-368854,0.000824236171238224,0.002957618462290923,0,0,0,0,0
0.7,800000,1001,7,a8a4bc631470007053478dd8f0e9a4c1270d0bd53536dd822e0a2e92aeca4144,7e6bab01e9d6b0298352c3d96c8f671d95a236c9e60e60360e5c70a016b1f97e,Decoupled,1,0,,,,,,0,0
0.7,800000,1001,7,a8a4bc631470007053478dd8f0e9a4c1270d0bd53536dd822e0a2e92aeca4144,7e6bab01e9d6b0298352c3d96c8f671d95a236c9e60e60360e5c70a016b1f97e,Decoupled,2,-278377,,,,,,0,0
0.7,800000,1001,7,a8a4bc631470007053478dd8f0e9a4c1270d0bd53536dd822e0a2e92aeca4144,7e6bab01e9d6b0298352c3d96c8f671d95a236c9e60e60360e5c70a016b1f97e,Decoupled,3,278377,,,,,,0,0
0.7,800000,1001,7,a8a4bc631470007053478dd8f0e9a4c1270d0bd53536dd822e0a2e92aeca4144,7e6bab01e9d6b0298352c3d96c8f671d95a236c9e60e60360e5c70a016b1f97e,Decoupled,4,45714,,,,,,0,0
0.7,800000,1001,11,a8a4bc631470007053478dd8f0e9a4c1270d0bd53536dd822e0a2e92aeca4144,7e6bab01e9d6b0298352c3d96c8f671d95a236c9e60e60360e5c70a016b1f97e,No-Dq-R,1,0,0.0,0.0,0.0,0,0,0,0
0.7,800000,1001,11,a8a4bc631470007053478dd8f0e9a4c1270d0bd53536dd822e0a2e92aeca4144,7e6bab01e9d6b0298352c3d96c8f671d95a236c9e60e60360e5c70a016b1f97e,No-Dq-R,2,-1078377,0.05811294652191745,0.05471055370730682,0.9999999999999994,1,0,0,0
0.7,800000,1001,11,a8a4bc631470007053478dd8f0e9a4c1270d0bd53536dd822e0a2e92aeca4144,7e6bab01e9d6b0298352c3d96c8f671d95a236c9e60e60360e5c70a016b1f97e,No-Dq-R,3,-1321623,0.052283243567197546,0.056069024837374415,0,0,0,0,0
0.7,800000,1001,11,a8a4bc631470007053478dd8f0e9a4c1270d0bd53536dd822e0a2e92aeca4144,7e6bab01e9d6b0298352c3d96c8f671d95a236c9e60e60360e5c70a016b1f97e,No-Dq-R,4,-2354286,0.046959755611149734,0.056100560641106856,0,0,0,0,0
0.7,800000,1001,11,a8a4bc631470007053478dd8f0e9a4c1270d0bd53536dd822e0a2e92aeca4144,7e6bab01e9d6b0298352c3d96c8f671d95a236c9e60e60360e5c70a016b1f97e,Fixed-Dc,1,-460282,0.01763496770684503,0.019417275755627017,0.0,0,0,0,0
0.7,800000,1001,11,a8a4bc631470007053478dd8f0e9a4c1270d0bd53536dd822e0a2e92aeca4144,7e6bab01e9d6b0298352c3d96c8f671d95a236c9e60e60360e5c70a016b1f97e,Fixed-Dc,2,-37425,0.0011263697220598168,0.0009289674881519661,0,0,0,0,0
0.7,800000,1001,11,a8a4bc631470007053478dd8f0e9a4c1270d0bd53536dd822e0a2e92aeca4144,7e6bab01e9d6b0298352c3d96c8f671d95a236c9e60e60360e5c70a016b1f97e,Fixed-Dc,3,240952,-0.0021835695790024534,-0.003505556642715457,0,0,0,0,0
0.7,800000,1001,11,a8a4bc631470007053478dd8f0e9a4c1270d0bd53536dd822e0a2e92aeca4144,7e6bab01e9d6b0298352c3d96c8f671d95a236c9e60e60360e5c70a016b1f97e,Fixed-Dc,4,-368854,0.000824236171238224,0.002957618462290923,0,0,0,0,0
0.7,800000,1001,11,a8a4bc631470007053478dd8f0e9a4c1270d0bd53536dd822e0a2e92aeca4144,7e6bab01e9d6b0298352c3d96c8f671d95a236c9e60e60360e5c70a016b1f97e,Decoupled,1,0,,,,,,0,0
0.7,800000,1001,11,a8a4bc631470007053478dd8f0e9a4c1270d0bd53536dd822e0a2e92aeca4144,7e6bab01e9d6b0298352c3d96c8f671d95a236c9e60e60360e5c70a016b1f97e,Decoupled,2,-278377,,,,,,0,0
0.7,800000,1001,11,a8a4bc631470007053478dd8f0e9a4c1270d0bd53536dd822e0a2e92aeca4144,7e6bab01e9d6b0298352c3d96c8f671d95a236c9e60e60360e5c70a016b1f97e,Decoupled,3,278377,,,,,,0,0
0.7,800000,1001,11,a8a4bc631470007053478dd8f0e9a4c1270d0bd53536dd822e0a2e92aeca4144,7e6bab01e9d6b0298352c3d96c8f671d95a236c9e60e60360e5c70a016b1f97e,Decoupled,4,45714,,,,,,0,0
0.7,800000,1002,7,18f64530e6e1c1cde275da58ad42501badb50652908af00520bd1ca55a8d241a,7e6bab01e9d6b0298352c3d96c8f671d95a236c9e60e60360e5c70a016b1f97e,No-Dq-R,1,0,0.0,0.0,0.0,0,0,0,0
0.7,800000,1002,7,18f64530e6e1c1cde275da58ad42501badb50652908af00520bd1ca55a8d241a,7e6bab01e9d6b0298352c3d96c8f671d95a236c9e60e60360e5c70a016b1f97e,No-Dq-R,2,-870793,0.05180131092368606,0.04948606254231136,0.9999999999999994,1,0,0,0
0.7,800000,1002,7,18f64530e6e1c1cde275da58ad42501badb50652908af00520bd1ca55a8d241a,7e6bab01e9d6b0298352c3d96c8f671d95a236c9e60e60360e5c70a016b1f97e,No-Dq-R,3,-1488000,0.065670534184464,0.060242366402983416,0,0,0,0,0
0.7,800000,1002,7,18f64530e6e1c1cde275da58ad42501badb50652908af00520bd1ca55a8d241a,7e6bab01e9d6b0298352c3d96c8f671d95a236c9e60e60360e5c70a016b1f97e,No-Dq-R,4,-2354286,0.0491276155786895,0.058179060507404345,0,0,0,0,0
0.7,800000,1002,7,18f64530e6e1c1cde275da58ad42501badb50652908af00520bd1ca55a8d241a,7e6bab01e9d6b0298352c3d96c8f671d95a236c9e60e60360e5c70a016b1f97e,Fixed-Dc,1,-252698,0.011838501456342354,0.01084690917864406,0.0,0,0,0,0
0.7,800000,1002,7,18f64530e6e1c1cde275da58ad42501badb50652908af00520bd1ca55a8d241a,7e6bab01e9d6b0298352c3d96c8f671d95a236c9e60e60360e5c70a016b1f97e,Fixed-Dc,2,170159,-0.005185265876171574,-0.0042955236768434935,0,0,0,0,0
0.7,800000,1002,7,18f64530e6e1c1cde275da58ad42501badb50652908af00520bd1ca55a8d241a,7e6bab01e9d6b0298352c3d96c8f671d95a236c9e60e60360e5c70a016b1f97e,Fixed-Dc,3,240952,-0.005006431972393699,-0.003505556642715457,0,0,0,0,0
0.7,800000,1002,7,18f64530e6e1c1cde275da58ad42501badb50652908af00520bd1ca55a8d241a,7e6bab01e9d6b0298352c3d96c8f671d95a236c9e60e60360e5c70a016b1f97e,Fixed-Dc,4,-161270,0.00038213791017599474,0.0013123788460525088,0,0,0,0,0
0.7,800000,1002,7,18f64530e6e1c1cde275da58ad42501badb50652908af00520bd1ca55a8d241a,7e6bab01e9d6b0298352c3d96c8f671d95a236c9e60e60360e5c70a016b1f97e,Decoupled,1,0,,,,,,0,0
0.7,800000,1002,7,18f64530e6e1c1cde275da58ad42501badb50652908af00520bd1ca55a8d241a,7e6bab01e9d6b0298352c3d96c8f671d95a236c9e60e60360e5c70a016b1f97e,Decoupled,2,-70793,,,,,,0,0
0.7,800000,1002,7,18f64530e6e1c1cde275da58ad42501badb50652908af00520bd1ca55a8d241a,7e6bab01e9d6b0298352c3d96c8f671d95a236c9e60e60360e5c70a016b1f97e,Decoupled,3,112000,,,,,,0,0
0.7,800000,1002,7,18f64530e6e1c1cde275da58ad42501badb50652908af00520bd1ca55a8d241a,7e6bab01e9d6b0298352c3d96c8f671d95a236c9e60e60360e5c70a016b1f97e,Decoupled,4,45714,,,,,,0,0
0.7,800000,1002,11,18f64530e6e1c1cde275da58ad42501badb50652908af00520bd1ca55a8d241a,7e6bab01e9d6b0298352c3d96c8f671d95a236c9e60e60360e5c70a016b1f97e,No-Dq-R,1,0,0.0,0.0,0.0,0,0,0,0
0.7,800000,1002,11,18f64530e6e1c1cde275da58ad42501badb50652908af00520bd1ca55a8d241a,7e6bab01e9d6b0298352c3d96c8f671d95a236c9e60e60360e5c70a016b1f97e,No-Dq-R,2,-870793,0.05180131092368606,0.04948606254231136,0.9999999999999994,1,0,0,0
0.7,800000,1002,11,18f64530e6e1c1cde275da58ad42501badb50652908af00520bd1ca55a8d241a,7e6bab01e9d6b0298352c3d96c8f671d95a236c9e60e60360e5c70a016b1f97e,No-Dq-R,3,-1488000,0.055644189001340216,0.060242366402983416,0,0,0,0,0
0.7,800000,1002,11,18f64530e6e1c1cde275da58ad42501badb50652908af00520bd1ca55a8d241a,7e6bab01e9d6b0298352c3d96c8f671d95a236c9e60e60360e5c70a016b1f97e,No-Dq-R,4,-2354286,0.0491276155786895,0.058179060507404345,0,0,0,0,0
0.7,800000,1002,11,18f64530e6e1c1cde275da58ad42501badb50652908af00520bd1ca55a8d241a,7e6bab01e9d6b0298352c3d96c8f671d95a236c9e60e60360e5c70a016b1f97e,Fixed-Dc,1,-252698,0.009884356903724911,0.01084690917864406,0.0,0,0,0,0
0.7,800000,1002,11,18f64530e6e1c1cde275da58ad42501badb50652908af00520bd1ca55a8d241a,7e6bab01e9d6b0298352c3d96c8f671d95a236c9e60e60360e5c70a016b1f97e,Fixed-Dc,2,170159,-0.005185265876171574,-0.0042955236768434935,0,0,0,0,0
0.7,800000,1002,11,18f64530e6e1c1cde275da58ad42501badb50652908af00520bd1ca55a8d241a,7e6bab01e9d6b0298352c3d96c8f671d95a236c9e60e60360e5c70a016b1f97e,Fixed-Dc,3,240952,-0.0021835695790024534,-0.003505556642715457,0,0,0,0,0
0.7,800000,1002,11,18f64530e6e1c1cde275da58ad42501badb50652908af00520bd1ca55a8d241a,7e6bab01e9d6b0298352c3d96c8f671d95a236c9e60e60360e5c70a016b1f97e,Fixed-Dc,4,-161270,0.00038213791017599474,0.0013123788460525088,0,0,0,0,0
0.7,800000,1002,11,18f64530e6e1c1cde275da58ad42501badb50652908af00520bd1ca55a8d241a,7e6bab01e9d6b0298352c3d96c8f671d95a236c9e60e60360e5c70a016b1f97e,Decoupled,1,0,,,,,,0,0
0.7,800000,1002,11,18f64530e6e1c1cde275da58ad42501badb50652908af00520bd1ca55a8d241a,7e6bab01e9d6b0298352c3d96c8f671d95a236c9e60e60360e5c70a016b1f97e,Decoupled,2,-70793,,,,,,0,0
0.7,800000,1002,11,18f64530e6e1c1cde275da58ad42501badb50652908af00520bd1ca55a8d241a,7e6bab01e9d6b0298352c3d96c8f671d95a236c9e60e60360e5c70a016b1f97e,Decoupled,3,112000,,,,,,0,0
0.7,800000,1002,11,18f64530e6e1c1cde275da58ad42501badb50652908af00520bd1ca55a8d241a,7e6bab01e9d6b0298352c3d96c8f671d95a236c9e60e60360e5c70a016b1f97e,Decoupled,4,45714,,,,,,0,0
0.7,800000,1003,7,23b321ae3f3305511e68dc16df279e503cdef6c82224a78699ec154a227ce83c,7e6bab01e9d6b0298352c3d96c8f671d95a236c9e60e60360e5c70a016b1f97e,No-Dq-R,1,0,0.0,0.0,0.0,0,0,0,0
0.7,800000,1003,7,23b321ae3f3305511e68dc16df279e503cdef6c82224a78699ec154a227ce83c,7e6bab01e9d6b0298352c3d96c8f671d95a236c9e60e60360e5c70a016b1f97e,No-Dq-R,2,0,0.020041332119179356,0.021844535060878023,0,0,0,0,0
0.7,800000,1003,7,23b321ae3f3305511e68dc16df279e503cdef6c82224a78699ec154a227ce83c,7e6bab01e9d6b0298352c3d96c8f671d95a236c9e60e60360e5c70a016b1f97e,No-Dq-R,3,-2266286,0.0814811614420684,0.07114862720054593,0,0,0,0,0
0.7,800000,1003,7,23b321ae3f3305511e68dc16df279e503cdef6c82224a78699ec154a227ce83c,7e6bab01e9d6b0298352c3d96c8f671d95a236c9e60e60360e5c70a016b1f97e,No-Dq-R,4,-2354286,0.04965642602817655,0.05868555088952537,0,0,0,0,0
0.7,800000,1003,7,23b321ae3f3305511e68dc16df279e503cdef6c82224a78699ec154a227ce83c,7e6bab01e9d6b0298352c3d96c8f671d95a236c9e60e60360e5c70a016b1f97e,Fixed-Dc,1,-203191,0.009552345858798938,0.008758216726276413,0.0,0,0,0,0
0.7,800000,1003,7,23b321ae3f3305511e68dc16df279e503cdef6c82224a78699ec154a227ce83c,7e6bab01e9d6b0298352c3d96c8f671d95a236c9e60e60360e5c70a016b1f97e,Fixed-Dc,2,219666,-0.006713918753365022,-0.005567744159589938,0,0,0,0,0
0.7,800000,1003,7,23b321ae3f3305511e68dc16df279e503cdef6c82224a78699ec154a227ce83c,7e6bab01e9d6b0298352c3d96c8f671d95a236c9e60e60360e5c70a016b1f97e,Fixed-Dc,3,-534620,0.010721043351355486,0.007331688971791928,0,0,0,0,0
0.7,800000,1003,7,23b321ae3f3305511e68dc16df279e503cdef6c82224a78699ec154a227ce83c,7e6bab01e9d6b0298352c3d96c8f671d95a236c9e60e60360e5c70a016b1f97e,Fixed-Dc,4,-111763,0.00026848410986612947,0.0009127313272517257,0,0,0,0,0
0.7,800000,1003,7,23b321ae3f3305511e68dc16df279e503cdef6c82224a78699ec154a227ce83c,7e6bab01e9d6b0298352c3d96c8f671d95a236c9e60e60360e5c70a016b1f97e,Decoupled,1,0,,,,,,0,0
0.7,800000,1003,7,23b321ae3f3305511e68dc16df279e503cdef6c82224a78699ec154a227ce83c,7e6bab01e9d6b0298352c3d96c8f671d95a236c9e60e60360e5c70a016b1f97e,Decoupled,2,800000,,,,,,0,0
0.7,800000,1003,7,23b321ae3f3305511e68dc16df279e503cdef6c82224a78699ec154a227ce83c,7e6bab01e9d6b0298352c3d96c8f671d95a236c9e60e60360e5c70a016b1f97e,Decoupled,3,-666286,,,,,,0,0
0.7,800000,1003,7,23b321ae3f3305511e68dc16df279e503cdef6c82224a78699ec154a227ce83c,7e6bab01e9d6b0298352c3d96c8f671d95a236c9e60e60360e5c70a016b1f97e,Decoupled,4,45714,,,,,,0,0
0.7,800000,1003,11,23b321ae3f3305511e68dc16df279e503cdef6c82224a78699ec154a227ce83c,7e6bab01e9d6b0298352c3d96c8f671d95a236c9e60e60360e5c70a016b1f97e,No-Dq-R,1,0,0.0,0.0,0.0,0,0,0,0
0.7,800000,1003,11,23b321ae3f3305511e68dc16df279e503cdef6c82224a78699ec154a227ce83c,7e6bab01e9d6b0298352c3d96c8f671d95a236c9e60e60360e5c70a016b1f97e,No-Dq-R,2,0,0.020041332119179356,0.021844535060878023,0,0,0,0,0
0.7,800000,1003,11,23b321ae3f3305511e68dc16df279e503cdef6c82224a78699ec154a227ce83c,7e6bab01e9d6b0298352c3d96c8f671d95a236c9e60e60360e5c70a016b1f97e,No-Dq-R,3,-2266286,0.06222992562058105,0.07114862720054593,0,0,0,0,0
0.7,800000,1003,11,23b321ae3f3305511e68dc16df279e503cdef6c82224a78699ec154a227ce83c,7e6bab01e9d6b0298352c3d96c8f671d95a236c9e60e60360e5c70a016b1f97e,No-Dq-R,4,-2354286,0.04965642602817655,0.05868555088952537,0,0,0,0,0
0.7,800000,1003,11,23b321ae3f3305511e68dc16df279e503cdef6c82224a78699ec154a227ce83c,7e6bab01e9d6b0298352c3d96c8f671d95a236c9e60e60360e5c70a016b1f97e,Fixed-Dc,1,-203191,0.00798734464479589,0.008758216726276413,0.0,0,0,0,0
0.7,800000,1003,11,23b321ae3f3305511e68dc16df279e503cdef6c82224a78699ec154a227ce83c,7e6bab01e9d6b0298352c3d96c8f671d95a236c9e60e60360e5c70a016b1f97e,Fixed-Dc,2,219666,-0.006713918753365022,-0.005567744159589938,0,0,0,0,0
0.7,800000,1003,11,23b321ae3f3305511e68dc16df279e503cdef6c82224a78699ec154a227ce83c,7e6bab01e9d6b0298352c3d96c8f671d95a236c9e60e60360e5c70a016b1f97e,Fixed-Dc,3,-534620,0.0043463093366410965,0.007331688971791928,0,0,0,0,0
0.7,800000,1003,11,23b321ae3f3305511e68dc16df279e503cdef6c82224a78699ec154a227ce83c,7e6bab01e9d6b0298352c3d96c8f671d95a236c9e60e60360e5c70a016b1f97e,Fixed-Dc,4,-111763,0.00026848410986612947,0.0009127313272517257,0,0,0,0,0
0.7,800000,1003,11,23b321ae3f3305511e68dc16df279e503cdef6c82224a78699ec154a227ce83c,7e6bab01e9d6b0298352c3d96c8f671d95a236c9e60e60360e5c70a016b1f97e,Decoupled,1,0,,,,,,0,0
0.7,800000,1003,11,23b321ae3f3305511e68dc16df279e503cdef6c82224a78699ec154a227ce83c,7e6bab01e9d6b0298352c3d96c8f671d95a236c9e60e60360e5c70a016b1f97e,Decoupled,2,800000,,,,,,0,0
0.7,800000,1003,11,23b321ae3f3305511e68dc16df279e503cdef6c82224a78699ec154a227ce83c,7e6bab01e9d6b0298352c3d96c8f671d95a236c9e60e60360e5c70a016b1f97e,Decoupled,3,-666286,,,,,,0,0
0.7,800000,1003,11,23b321ae3f3305511e68dc16df279e503cdef6c82224a78699ec154a227ce83c,7e6bab01e9d6b0298352c3d96c8f671d95a236c9e60e60360e5c70a016b1f97e,Decoupled,4,45714,,,,,,0,0
0.7,800000,1004,7,6799d2de39fb882783382d42587f1c163811ba66626dee8b58751eee8b4ad844,7e6bab01e9d6b0298352c3d96c8f671d95a236c9e60e60360e5c70a016b1f97e,No-Dq-R,1,0,0.0,0.0,0.0,0,0,0,0
0.7,800000,1004,7,6799d2de39fb882783382d42587f1c163811ba66626dee8b58751eee8b4ad844,7e6bab01e9d6b0298352c3d96c8f671d95a236c9e60e60360e5c70a016b1f97e,No-Dq-R,2,-138552,0.02501531012806313,0.026149813178254266,0,0,0,0,0
0.7,800000,1004,7,6799d2de39fb882783382d42587f1c163811ba66626dee8b58751eee8b4ad844,7e6bab01e9d6b0298352c3d96c8f671d95a236c9e60e60360e5c70a016b1f97e,No-Dq-R,3,-2215734,0.08170086430924989,0.07182332733244412,0,0,0,0,0
0.7,800000,1004,7,6799d2de39fb882783382d42587f1c163811ba66626dee8b58751eee8b4ad844,7e6bab01e9d6b0298352c3d96c8f671d95a236c9e60e60360e5c70a016b1f97e,No-Dq-R,4,-2354286,0.051395520781830295,0.060349886730220126,0,0,0,0,0
0.7,800000,1004,7,6799d2de39fb882783382d42587f1c163811ba66626dee8b58751eee8b4ad844,7e6bab01e9d6b0298352c3d96c8f671d95a236c9e60e60360e5c70a016b1f97e,Fixed-Dc,1,-43353,0.002061241841207373,0.001894034029017,0.0,0,0,0,0
0.7,800000,1004,7,6799d2de39fb882783382d42587f1c163811ba66626dee8b58751eee8b4ad844,7e6bab01e9d6b0298352c3d96c8f671d95a236c9e60e60360e5c70a016b1f97e,Fixed-Dc,2,240952,-0.00737399233965319,-0.006117904590442147,0,0,0,0,0
0.7,800000,1004,7,6799d2de39fb882783382d42587f1c163811ba66626dee8b58751eee8b4ad844,7e6bab01e9d6b0298352c3d96c8f671d95a236c9e60e60360e5c70a016b1f97e,Fixed-Dc,3,-374782,0.00756973797108651,0.005201873773760135,0,0,0,0,0
0.7,800000,1004,7,6799d2de39fb882783382d42587f1c163811ba66626dee8b58751eee8b4ad844,7e6bab01e9d6b0298352c3d96c8f671d95a236c9e60e60360e5c70a016b1f97e,Fixed-Dc,4,48075,-0.00012063277562091024,-0.00039715195954082017,0,0,0,0,0
0.7,800000,1004,7,6799d2de39fb882783382d42587f1c163811ba66626dee8b58751eee8b4ad844,7e6bab01e9d6b0298352c3d96c8f671d95a236c9e60e60360e5c70a016b1f97e,Decoupled,1,0,,,,,,0,0
0.7,800000,1004,7,6799d2de39fb882783382d42587f1c163811ba66626dee8b58751eee8b4ad844,7e6bab01e9d6b0298352c3d96c8f671d95a236c9e60e60360e5c70a016b1f97e,Decoupled,2,661448,,,,,,0,0
0.7,800000,1004,7,6799d2de39fb882783382d42587f1c163811ba66626dee8b58751eee8b4ad844,7e6bab01e9d6b0298352c3d96c8f671d95a236c9e60e60360e5c70a016b1f97e,Decoupled,3,-615734,,,,,,0,0
0.7,800000,1004,7,6799d2de39fb882783382d42587f1c163811ba66626dee8b58751eee8b4ad844,7e6bab01e9d6b0298352c3d96c8f671d95a236c9e60e60360e5c70a016b1f97e,Decoupled,4,45714,,,,,,0,0
0.7,800000,1004,11,6799d2de39fb882783382d42587f1c163811ba66626dee8b58751eee8b4ad844,7e6bab01e9d6b0298352c3d96c8f671d95a236c9e60e60360e5c70a016b1f97e,No-Dq-R,1,0,0.0,0.0,0.0,0,0,0,0
0.7,800000,1004,11,6799d2de39fb882783382d42587f1c163811ba66626dee8b58751eee8b4ad844,7e6bab01e9d6b0298352c3d96c8f671d95a236c9e60e60360e5c70a016b1f97e,No-Dq-R,2,-138552,0.02501531012806313,0.026149813178254266,0,0,0,0,0
0.7,800000,1004,11,6799d2de39fb882783382d42587f1c163811ba66626dee8b58751eee8b4ad844,7e6bab01e9d6b0298352c3d96c8f671d95a236c9e60e60360e5c70a016b1f97e,No-Dq-R,3,-2215734,0.06327711403724134,0.07182332733244412,0,0,0,0,0
0.7,800000,1004,11,6799d2de39fb882783382d42587f1c163811ba66626dee8b58751eee8b4ad844,7e6bab01e9d6b0298352c3d96c8f671d95a236c9e60e60360e5c70a016b1f97e,No-Dq-R,4,-2354286,0.051395520781830295,0.060349886730220126,0,0,0,0,0
0.7,800000,1004,11,6799d2de39fb882783382d42587f1c163811ba66626dee8b58751eee8b4ad844,7e6bab01e9d6b0298352c3d96c8f671d95a236c9e60e60360e5c70a016b1f97e,Fixed-Dc,1,-43353,0.0017317231038230796,0.001894034029017,0.0,0,0,0,0
0.7,800000,1004,11,6799d2de39fb882783382d42587f1c163811ba66626dee8b58751eee8b4ad844,7e6bab01e9d6b0298352c3d96c8f671d95a236c9e60e60360e5c70a016b1f97e,Fixed-Dc,2,240952,-0.00737399233965319,-0.006117904590442147,0,0,0,0,0
0.7,800000,1004,11,6799d2de39fb882783382d42587f1c163811ba66626dee8b58751eee8b4ad844,7e6bab01e9d6b0298352c3d96c8f671d95a236c9e60e60360e5c70a016b1f97e,Fixed-Dc,3,-374782,0.0031162336305741722,0.005201873773760135,0,0,0,0,0
0.7,800000,1004,11,6799d2de39fb882783382d42587f1c163811ba66626dee8b58751eee8b4ad844,7e6bab01e9d6b0298352c3d96c8f671d95a236c9e60e60360e5c70a016b1f97e,Fixed-Dc,4,48075,-0.00012063277562091024,-0.00039715195954082017,0,0,0,0,0
0.7,800000,1004,11,6799d2de39fb882783382d42587f1c163811ba66626dee8b58751eee8b4ad844,7e6bab01e9d6b0298352c3d96c8f671d95a236c9e60e60360e5c70a016b1f97e,Decoupled,1,0,,,,,,0,0
0.7,800000,1004,11,6799d2de39fb882783382d42587f1c163811ba66626dee8b58751eee8b4ad844,7e6bab01e9d6b0298352c3d96c8f671d95a236c9e60e60360e5c70a016b1f97e,Decoupled,2,661448,,,,,,0,0
0.7,800000,1004,11,6799d2de39fb882783382d42587f1c163811ba66626dee8b58751eee8b4ad844,7e6bab01e9d6b0298352c3d96c8f671d95a236c9e60e60360e5c70a016b1f97e,Decoupled,3,-615734,,,,,,0,0
0.7,800000,1004,11,6799d2de39fb882783382d42587f1c163811ba66626dee8b58751eee8b4ad844,7e6bab01e9d6b0298352c3d96c8f671d95a236c9e60e60360e5c70a016b1f97e,Decoupled,4,45714,,,,,,0,0
0.7,800000,1005,7,cd547d5e59b22b32b9a9a08c0d6aec5b19ad663eb899da75096f15c6f1ef0c9a,7e6bab01e9d6b0298352c3d96c8f671d95a236c9e60e60360e5c70a016b1f97e,No-Dq-R,1,0,0.0,0.0,0.0,0,0,0,0
0.7,800000,1005,7,cd547d5e59b22b32b9a9a08c0d6aec5b19ad663eb899da75096f15c6f1ef0c9a,7e6bab01e9d6b0298352c3d96c8f671d95a236c9e60e60360e5c70a016b1f97e,No-Dq-R,2,-8559,0.020424526896358763,0.022191316494998392,0,0,0,0,0
0.7,800000,1005,7,cd547d5e59b22b32b9a9a08c0d6aec5b19ad663eb899da75096f15c6f1ef0c9a,7e6bab01e9d6b0298352c3d96c8f671d95a236c9e60e60360e5c70a016b1f97e,No-Dq-R,3,-2266286,0.08181233752524952,0.07151580428091464,0,0,0,0,0
0.7,800000,1005,7,cd547d5e59b22b32b9a9a08c0d6aec5b19ad663eb899da75096f15c6f1ef0c9a,7e6bab01e9d6b0298352c3d96c8f671d95a236c9e60e60360e5c70a016b1f97e,No-Dq-R,4,-2354286,0.049977448277538805,0.05899292777803278,0,0,0,0,0
0.7,800000,1005,7,cd547d5e59b22b32b9a9a08c0d6aec5b19ad663eb899da75096f15c6f1ef0c9a,7e6bab01e9d6b0298352c3d96c8f671d95a236c9e60e60360e5c70a016b1f97e,Fixed-Dc,1,-173346,0.008166425096431618,0.007490590260725627,0.0,0,0,0,0
0.7,800000,1005,7,cd547d5e59b22b32b9a9a08c0d6aec5b19ad663eb899da75096f15c6f1ef0c9a,7e6bab01e9d6b0298352c3d96c8f671d95a236c9e60e60360e5c70a016b1f97e,Fixed-Dc,2,240952,-0.00737399233965319,-0.006117904590442147,0,0,0,0,0
0.7,800000,1005,7,cd547d5e59b22b32b9a9a08c0d6aec5b19ad663eb899da75096f15c6f1ef0c9a,7e6bab01e9d6b0298352c3d96c8f671d95a236c9e60e60360e5c70a016b1f97e,Fixed-Dc,3,-504775,0.010136031368542797,0.006937917434050256,0,0,0,0,0
0.7,800000,1005,7,cd547d5e59b22b32b9a9a08c0d6aec5b19ad663eb899da75096f15c6f1ef0c9a,7e6bab01e9d6b0298352c3d96c8f671d95a236c9e60e60360e5c70a016b1f97e,Fixed-Dc,4,-81918,0.0001984119197508405,0.0006704305561381352,0,0,0,0,0
0.7,800000,1005,7,cd547d5e59b22b32b9a9a08c0d6aec5b19ad663eb899da75096f15c6f1ef0c9a,7e6bab01e9d6b0298352c3d96c8f671d95a236c9e60e60360e5c70a016b1f97e,Decoupled,1,0,,,,,,0,0
0.7,800000,1005,7,cd547d5e59b22b32b9a9a08c0d6aec5b19ad663eb899da75096f15c6f1ef0c9a,7e6bab01e9d6b0298352c3d96c8f671d95a236c9e60e60360e5c70a016b1f97e,Decoupled,2,791441,,,,,,0,0
0.7,800000,1005,7,cd547d5e59b22b32b9a9a08c0d6aec5b19ad663eb899da75096f15c6f1ef0c9a,7e6bab01e9d6b0298352c3d96c8f671d95a236c9e60e60360e5c70a016b1f97e,Decoupled,3,-666286,,,,,,0,0
0.7,800000,1005,7,cd547d5e59b22b32b9a9a08c0d6aec5b19ad663eb899da75096f15c6f1ef0c9a,7e6bab01e9d6b0298352c3d96c8f671d95a236c9e60e60360e5c70a016b1f97e,Decoupled,4,45714,,,,,,0,0
0.7,800000,1005,11,cd547d5e59b22b32b9a9a08c0d6aec5b19ad663eb899da75096f15c6f1ef0c9a,7e6bab01e9d6b0298352c3d96c8f671d95a236c9e60e60360e5c70a016b1f97e,No-Dq-R,1,0,0.0,0.0,0.0,0,0,0,0
0.7,800000,1005,11,cd547d5e59b22b32b9a9a08c0d6aec5b19ad663eb899da75096f15c6f1ef0c9a,7e6bab01e9d6b0298352c3d96c8f671d95a236c9e60e60360e5c70a016b1f97e,No-Dq-R,2,-8559,0.020424526896358763,0.022191316494998392,0,0,0,0,0
0.7,800000,1005,11,cd547d5e59b22b32b9a9a08c0d6aec5b19ad663eb899da75096f15c6f1ef0c9a,7e6bab01e9d6b0298352c3d96c8f671d95a236c9e60e60360e5c70a016b1f97e,No-Dq-R,3,-2266286,0.06262106352610147,0.07151580428091464,0,0,0,0,0
0.7,800000,1005,11,cd547d5e59b22b32b9a9a08c0d6aec5b19ad663eb899da75096f15c6f1ef0c9a,7e6bab01e9d6b0298352c3d96c8f671d95a236c9e60e60360e5c70a016b1f97e,No-Dq-R,4,-2354286,0.049977448277538805,0.05899292777803278,0,0,0,0,0
0.7,800000,1005,11,cd547d5e59b22b32b9a9a08c0d6aec5b19ad663eb899da75096f15c6f1ef0c9a,7e6bab01e9d6b0298352c3d96c8f671d95a236c9e60e60360e5c70a016b1f97e,Fixed-Dc,1,-173346,0.006834548081687375,0.007490590260725627,0.0,0,0,0,0
0.7,800000,1005,11,cd547d5e59b22b32b9a9a08c0d6aec5b19ad663eb899da75096f15c6f1ef0c9a,7e6bab01e9d6b0298352c3d96c8f671d95a236c9e60e60360e5c70a016b1f97e,Fixed-Dc,2,240952,-0.00737399233965319,-0.006117904590442147,0,0,0,0,0
0.7,800000,1005,11,cd547d5e59b22b32b9a9a08c0d6aec5b19ad663eb899da75096f15c6f1ef0c9a,7e6bab01e9d6b0298352c3d96c8f671d95a236c9e60e60360e5c70a016b1f97e,Fixed-Dc,3,-504775,0.00412098443097042,0.006937917434050256,0,0,0,0,0
0.7,800000,1005,11,cd547d5e59b22b32b9a9a08c0d6aec5b19ad663eb899da75096f15c6f1ef0c9a,7e6bab01e9d6b0298352c3d96c8f671d95a236c9e60e60360e5c70a016b1f97e,Fixed-Dc,4,-81918,0.0001984119197508405,0.0006704305561381352,0,0,0,0,0
0.7,800000,1005,11,cd547d5e59b22b32b9a9a08c0d6aec5b19ad663eb899da75096f15c6f1ef0c9a,7e6bab01e9d6b0298352c3d96c8f671d95a236c9e60e60360e5c70a016b1f97e,Decoupled,1,0,,,,,,0,0
0.7,800000,1005,11,cd547d5e59b22b32b9a9a08c0d6aec5b19ad663eb899da75096f15c6f1ef0c9a,7e6bab01e9d6b0298352c3d96c8f671d95a236c9e60e60360e5c70a016b1f97e,Decoupled,2,791441,,,,,,0,0
0.7,800000,1005,11,cd547d5e59b22b32b9a9a08c0d6aec5b19ad663eb899da75096f15c6f1ef0c9a,7e6bab01e9d6b0298352c3d96c8f671d95a236c9e60e60360e5c70a016b1f97e,Decoupled,3,-666286,,,,,,0,0
0.7,800000,1005,11,cd547d5e59b22b32b9a9a08c0d6aec5b19ad663eb899da75096f15c6f1ef0c9a,7e6bab01e9d6b0298352c3d96c8f671d95a236c9e60e60360e5c70a016b1f97e,Decoupled,4,45714,,,,,,0,0
0.7,800000,1006,7,84e00c822cd024132a6da2fb496079d9fb36b971274f1730fe9e2c8d82777e4d,7e6bab01e9d6b0298352c3d96c8f671d95a236c9e60e60360e5c70a016b1f97e,No-Dq-R,1,0,0.0,0.0,0.0,0,0,0,0
0.7,800000,1006,7,84e00c822cd024132a6da2fb496079d9fb36b971274f1730fe9e2c8d82777e4d,7e6bab01e9d6b0298352c3d96c8f671d95a236c9e60e60360e5c70a016b1f97e,No-Dq-R,2,-294800,0.03063581555319167,0.0310214184076959,0,0,0,0,0
0.7,800000,1006,7,84e00c822cd024132a6da2fb496079d9fb36b971274f1730fe9e2c8d82777e4d,7e6bab01e9d6b0298352c3d96c8f671d95a236c9e60e60360e5c70a016b1f97e,No-Dq-R,3,-2059486,0.0785763495620398,0.06969074981063883,0,0,0,0,0
0.7,800000,1006,7,84e00c822cd024132a6da2fb496079d9fb36b971274f1730fe9e2c8d82777e4d,7e6bab01e9d6b0298352c3d96c8f671d95a236c9e60e60360e5c70a016b1f97e,No-Dq-R,4,-2324629,0.052726860070212545,0.06144927476655393,0,0,0,0,0
0.7,800000,1006,7,84e00c822cd024132a6da2fb496079d9fb36b971274f1730fe9e2c8d82777e4d,7e6bab01e9d6b0298352c3d96c8f671d95a236c9e60e60360e5c70a016b1f97e,Fixed-Dc,1,112895,-0.005427734390273997,-0.004998084603077491,0.0,0,0,0,0
0.7,800000,1006,7,84e00c822cd024132a6da2fb496079d9fb36b971274f1730fe9e2c8d82777e4d,7e6bab01e9d6b0298352c3d96c8f671d95a236c9e60e60360e5c70a016b1f97e,Fixed-Dc,2,240952,-0.00737399233965319,-0.006117904590442147,0,0,0,0,0
0.7,800000,1006,7,84e00c822cd024132a6da2fb496079d9fb36b971274f1730fe9e2c8d82777e4d,7e6bab01e9d6b0298352c3d96c8f671d95a236c9e60e60360e5c70a016b1f97e,Fixed-Dc,3,-218534,0.0044452232238764156,0.003069296251954845,0,0,0,0,0
0.7,800000,1006,7,84e00c822cd024132a6da2fb496079d9fb36b971274f1730fe9e2c8d82777e4d,7e6bab01e9d6b0298352c3d96c8f671d95a236c9e60e60360e5c70a016b1f97e,Fixed-Dc,4,204323,-0.0005344984795475072,-0.0017071391073802955,0,0,0,0,0
0.7,800000,1006,7,84e00c822cd024132a6da2fb496079d9fb36b971274f1730fe9e2c8d82777e4d,7e6bab01e9d6b0298352c3d96c8f671d95a236c9e60e60360e5c70a016b1f97e,Decoupled,1,0,,,,,,0,0
0.7,800000,1006,7,84e00c822cd024132a6da2fb496079d9fb36b971274f1730fe9e2c8d82777e4d,7e6bab01e9d6b0298352c3d96c8f671d95a236c9e60e60360e5c70a016b1f97e,Decoupled,2,505200,,,,,,0,0
0.7,800000,1006,7,84e00c822cd024132a6da2fb496079d9fb36b971274f1730fe9e2c8d82777e4d,7e6bab01e9d6b0298352c3d96c8f671d95a236c9e60e60360e5c70a016b1f97e,Decoupled,3,-459486,,,,,,0,0
0.7,800000,1006,7,84e00c822cd024132a6da2fb496079d9fb36b971274f1730fe9e2c8d82777e4d,7e6bab01e9d6b0298352c3d96c8f671d95a236c9e60e60360e5c70a016b1f97e,Decoupled,4,75371,,,,,,0,0
0.7,800000,1006,11,84e00c822cd024132a6da2fb496079d9fb36b971274f1730fe9e2c8d82777e4d,7e6bab01e9d6b0298352c3d96c8f671d95a236c9e60e60360e5c70a016b1f97e,No-Dq-R,1,0,0.0,0.0,0.0,0,0,0,0
0.7,800000,1006,11,84e00c822cd024132a6da2fb496079d9fb36b971274f1730fe9e2c8d82777e4d,7e6bab01e9d6b0298352c3d96c8f671d95a236c9e60e60360e5c70a016b1f97e,No-Dq-R,2,-294800,0.03063581555319167,0.0310214184076959,0,0,0,0,0
0.7,800000,1006,11,84e00c822cd024132a6da2fb496079d9fb36b971274f1730fe9e2c8d82777e4d,7e6bab01e9d6b0298352c3d96c8f671d95a236c9e60e60360e5c70a016b1f97e,No-Dq-R,3,-2059486,0.06201824544653123,0.06969074981063883,0,0,0,0,0
0.7,800000,1006,11,84e00c822cd024132a6da2fb496079d9fb36b971274f1730fe9e2c8d82777e4d,7e6bab01e9d6b0298352c3d96c8f671d95a236c9e60e60360e5c70a016b1f97e,No-Dq-R,4,-2324629,0.052726860070212545,0.06144927476655393,0,0,0,0,0
0.7,800000,1006,11,84e00c822cd024132a6da2fb496079d9fb36b971274f1730fe9e2c8d82777e4d,7e6bab01e9d6b0298352c3d96c8f671d95a236c9e60e60360e5c70a016b1f97e,Fixed-Dc,1,112895,-0.004581017639784579,-0.004998084603077491,0.0,0,0,0,0
0.7,800000,1006,11,84e00c822cd024132a6da2fb496079d9fb36b971274f1730fe9e2c8d82777e4d,7e6bab01e9d6b0298352c3d96c8f671d95a236c9e60e60360e5c70a016b1f97e,Fixed-Dc,2,240952,-0.00737399233965319,-0.006117904590442147,0,0,0,0,0
0.7,800000,1006,11,84e00c822cd024132a6da2fb496079d9fb36b971274f1730fe9e2c8d82777e4d,7e6bab01e9d6b0298352c3d96c8f671d95a236c9e60e60360e5c70a016b1f97e,Fixed-Dc,3,-218534,0.0018573650398640562,0.003069296251954845,0,0,0,0,0
0.7,800000,1006,11,84e00c822cd024132a6da2fb496079d9fb36b971274f1730fe9e2c8d82777e4d,7e6bab01e9d6b0298352c3d96c8f671d95a236c9e60e60360e5c70a016b1f97e,Fixed-Dc,4,204323,-0.0005344984795475072,-0.0017071391073802955,0,0,0,0,0
0.7,800000,1006,11,84e00c822cd024132a6da2fb496079d9fb36b971274f1730fe9e2c8d82777e4d,7e6bab01e9d6b0298352c3d96c8f671d95a236c9e60e60360e5c70a016b1f97e,Decoupled,1,0,,,,,,0,0
0.7,800000,1006,11,84e00c822cd024132a6da2fb496079d9fb36b971274f1730fe9e2c8d82777e4d,7e6bab01e9d6b0298352c3d96c8f671d95a236c9e60e60360e5c70a016b1f97e,Decoupled,2,505200,,,,,,0,0
0.7,800000,1006,11,84e00c822cd024132a6da2fb496079d9fb36b971274f1730fe9e2c8d82777e4d,7e6bab01e9d6b0298352c3d96c8f671d95a236c9e60e60360e5c70a016b1f97e,Decoupled,3,-459486,,,,,,0,0
0.7,800000,1006,11,84e00c822cd024132a6da2fb496079d9fb36b971274f1730fe9e2c8d82777e4d,7e6bab01e9d6b0298352c3d96c8f671d95a236c9e60e60360e5c70a016b1f97e,Decoupled,4,75371,,,,,,0,0
0.7,800000,1007,7,18c833b17393999388824105eb9342e38876b3e52fb2fda6c3addddbb4fdbdb0,7e6bab01e9d6b0298352c3d96c8f671d95a236c9e60e60360e5c70a016b1f97e,No-Dq-R,1,0,0.0,0.0,0.0,0,0,0,0
0.7,800000,1007,7,18c833b17393999388824105eb9342e38876b3e52fb2fda6c3addddbb4fdbdb0,7e6bab01e9d6b0298352c3d96c8f671d95a236c9e60e60360e5c70a016b1f97e,No-Dq-R,2,-1023003,0.05644458529821195,0.053334051846547936,0.9999999999999994,1,0,0,0
0.7,800000,1007,7,18c833b17393999388824105eb9342e38876b3e52fb2fda6c3addddbb4fdbdb0,7e6bab01e9d6b0298352c3d96c8f671d95a236c9e60e60360e5c70a016b1f97e,No-Dq-R,3,-1376997,0.062292693527762344,0.0574455266981333,0,0,0,0,0
0.7,800000,1007,7,18c833b17393999388824105eb9342e38876b3e52fb2fda6c3addddbb4fdbdb0,7e6bab01e9d6b0298352c3d96c8f671d95a236c9e60e60360e5c70a016b1f97e,No-Dq-R,4,-2354286,0.047530324584220796,0.056647954722648275,0,0,0,0,0
0.7,800000,1007,7,18c833b17393999388824105eb9342e38876b3e52fb2fda6c3addddbb4fdbdb0,7e6bab01e9d6b0298352c3d96c8f671d95a236c9e60e60360e5c70a016b1f97e,Fixed-Dc,1,-404908,0.018768579583945955,0.017160349671169195,0.0,0,0,0,0
0.7,800000,1007,7,18c833b17393999388824105eb9342e38876b3e52fb2fda6c3addddbb4fdbdb0,7e6bab01e9d6b0298352c3d96c8f671d95a236c9e60e60360e5c70a016b1f97e,Fixed-Dc,2,17949,-0.0005419915016456889,-0.000447534372606917,0,0,0,0,0
0.7,800000,1007,7,18c833b17393999388824105eb9342e38876b3e52fb2fda6c3addddbb4fdbdb0,7e6bab01e9d6b0298352c3d96c8f671d95a236c9e60e60360e5c70a016b1f97e,Fixed-Dc,3,240952,-0.005006431972393699,-0.003505556642715457,0,0,0,0,0
0.7,800000,1007,7,18c833b17393999388824105eb9342e38876b3e52fb2fda6c3addddbb4fdbdb0,7e6bab01e9d6b0298352c3d96c8f671d95a236c9e60e60360e5c70a016b1f97e,Fixed-Dc,4,-313480,0.000711677255424481,0.0025235029269607967,0,0,0,0,0
0.7,800000,1007,7,18c833b17393999388824105eb9342e38876b3e52fb2fda6c3addddbb4fdbdb0,7e6bab01e9d6b0298352c3d96c8f671d95a236c9e60e60360e5c70a016b1f97e,Decoupled,1,0,,,,,,0,0
0.7,800000,1007,7,18c833b17393999388824105eb9342e38876b3e52fb2fda6c3addddbb4fdbdb0,7e6bab01e9d6b0298352c3d96c8f671d95a236c9e60e60360e5c70a016b1f97e,Decoupled,2,-223003,,,,,,0,0
0.7,800000,1007,7,18c833b17393999388824105eb9342e38876b3e52fb2fda6c3addddbb4fdbdb0,7e6bab01e9d6b0298352c3d96c8f671d95a236c9e60e60360e5c70a016b1f97e,Decoupled,3,223003,,,,,,0,0
0.7,800000,1007,7,18c833b17393999388824105eb9342e38876b3e52fb2fda6c3addddbb4fdbdb0,7e6bab01e9d6b0298352c3d96c8f671d95a236c9e60e60360e5c70a016b1f97e,Decoupled,4,45714,,,,,,0,0
0.7,800000,1007,11,18c833b17393999388824105eb9342e38876b3e52fb2fda6c3addddbb4fdbdb0,7e6bab01e9d6b0298352c3d96c8f671d95a236c9e60e60360e5c70a016b1f97e,No-Dq-R,1,0,0.0,0.0,0.0,0,0,0,0
0.7,800000,1007,11,18c833b17393999388824105eb9342e38876b3e52fb2fda6c3addddbb4fdbdb0,7e6bab01e9d6b0298352c3d96c8f671d95a236c9e60e60360e5c70a016b1f97e,No-Dq-R,2,-1023003,0.05644458529821195,0.053334051846547936,0.9999999999999994,1,0,0,0
0.7,800000,1007,11,18c833b17393999388824105eb9342e38876b3e52fb2fda6c3addddbb4fdbdb0,7e6bab01e9d6b0298352c3d96c8f671d95a236c9e60e60360e5c70a016b1f97e,No-Dq-R,3,-1376997,0.05338810354738249,0.0574455266981333,0,0,0,0,0
0.7,800000,1007,11,18c833b17393999388824105eb9342e38876b3e52fb2fda6c3addddbb4fdbdb0,7e6bab01e9d6b0298352c3d96c8f671d95a236c9e60e60360e5c70a016b1f97e,No-Dq-R,4,-2354286,0.047530324584220796,0.056647954722648275,0,0,0,0,0
0.7,800000,1007,11,18c833b17393999388824105eb9342e38876b3e52fb2fda6c3addddbb4fdbdb0,7e6bab01e9d6b0298352c3d96c8f671d95a236c9e60e60360e5c70a016b1f97e,Fixed-Dc,1,-404908,0.015599218754811406,0.017160349671169195,0.0,0,0,0,0
0.7,800000,1007,11,18c833b17393999388824105eb9342e38876b3e52fb2fda6c3addddbb4fdbdb0,7e6bab01e9d6b0298352c3d96c8f671d95a236c9e60e60360e5c70a016b1f97e,Fixed-Dc,2,17949,-0.0005419915016456889,-0.000447534372606917,0,0,0,0,0
0.7,800000,1007,11,18c833b17393999388824105eb9342e38876b3e52fb2fda6c3addddbb4fdbdb0,7e6bab01e9d6b0298352c3d96c8f671d95a236c9e60e60360e5c70a016b1f97e,Fixed-Dc,3,240952,-0.0021835695790024534,-0.003505556642715457,0,0,0,0,0
0.7,800000,1007,11,18c833b17393999388824105eb9342e38876b3e52fb2fda6c3addddbb4fdbdb0,7e6bab01e9d6b0298352c3d96c8f671d95a236c9e60e60360e5c70a016b1f97e,Fixed-Dc,4,-313480,0.000711677255424481,0.0025235029269607967,0,0,0,0,0
0.7,800000,1007,11,18c833b17393999388824105eb9342e38876b3e52fb2fda6c3addddbb4fdbdb0,7e6bab01e9d6b0298352c3d96c8f671d95a236c9e60e60360e5c70a016b1f97e,Decoupled,1,0,,,,,,0,0
0.7,800000,1007,11,18c833b17393999388824105eb9342e38876b3e52fb2fda6c3addddbb4fdbdb0,7e6bab01e9d6b0298352c3d96c8f671d95a236c9e60e60360e5c70a016b1f97e,Decoupled,2,-223003,,,,,,0,0
0.7,800000,1007,11,18c833b17393999388824105eb9342e38876b3e52fb2fda6c3addddbb4fdbdb0,7e6bab01e9d6b0298352c3d96c8f671d95a236c9e60e60360e5c70a016b1f97e,Decoupled,3,223003,,,,,,0,0
0.7,800000,1007,11,18c833b17393999388824105eb9342e38876b3e52fb2fda6c3addddbb4fdbdb0,7e6bab01e9d6b0298352c3d96c8f671d95a236c9e60e60360e5c70a016b1f97e,Decoupled,4,45714,,,,,,0,0
0.7,800000,1008,7,a218395a091fe85ef14780b03fb457d8df3b6c12e81adddb80f93a30fb1f54e7,7e6bab01e9d6b0298352c3d96c8f671d95a236c9e60e60360e5c70a016b1f97e,No-Dq-R,1,0,0.0,0.0,0.0,0,0,0,0
0.7,800000,1008,7,a218395a091fe85ef14780b03fb457d8df3b6c12e81adddb80f93a30fb1f54e7,7e6bab01e9d6b0298352c3d96c8f671d95a236c9e60e60360e5c70a016b1f97e,No-Dq-R,2,-868435,0.05172870858222822,0.049425699132716217,0.9999999999999994,1,0,0,0
0.7,800000,1008,7,a218395a091fe85ef14780b03fb457d8df3b6c12e81adddb80f93a30fb1f54e7,7e6bab01e9d6b0298352c3d96c8f671d95a236c9e60e60360e5c70a016b1f97e,No-Dq-R,3,-2310721,0.0823190631838514,0.07169807790409505,0,0,0,0,0
0.7,800000,1008,7,a218395a091fe85ef14780b03fb457d8df3b6c12e81adddb80f93a30fb1f54e7,7e6bab01e9d6b0298352c3d96c8f671d95a236c9e60e60360e5c70a016b1f97e,No-Dq-R,4,-2354286,0.04915269831815111,0.05820308903457805,0,0,0,0,0
0.7,800000,1008,7,a218395a091fe85ef14780b03fb457d8df3b6c12e81adddb80f93a30fb1f54e7,7e6bab01e9d6b0298352c3d96c8f671d95a236c9e60e60360e5c70a016b1f97e,Fixed-Dc,1,-250340,0.01172997366776074,0.010747821315559625,0.0,0,0,0,0
0.7,800000,1008,7,a218395a091fe85ef14780b03fb457d8df3b6c12e81adddb80f93a30fb1f54e7,7e6bab01e9d6b0298352c3d96c8f671d95a236c9e60e60360e5c70a016b1f97e,Fixed-Dc,2,172517,-0.005257868217629413,-0.004355887086438637,0,0,0,0,0
0.7,800000,1008,7,a218395a091fe85ef14780b03fb457d8df3b6c12e81adddb80f93a30fb1f54e7,7e6bab01e9d6b0298352c3d96c8f671d95a236c9e60e60360e5c70a016b1f97e,Fixed-Dc,3,-581769,0.011642097026993703,0.007950154858396175,0,0,0,0,0
0.7,800000,1008,7,a218395a091fe85ef14780b03fb457d8df3b6c12e81adddb80f93a30fb1f54e7,7e6bab01e9d6b0298352c3d96c8f671d95a236c9e60e60360e5c70a016b1f97e,Fixed-Dc,4,-158912,0.00037679734735729387,0.001293408075860869,0,0,0,0,0
0.7,800000,1008,7,a218395a091fe85ef14780b03fb457d8df3b6c12e81adddb80f93a30fb1f54e7,7e6bab01e9d6b0298352c3d96c8f671d95a236c9e60e60360e5c70a016b1f97e,Decoupled,1,0,,,,,,0,0
0.7,800000,1008,7,a218395a091fe85ef14780b03fb457d8df3b6c12e81adddb80f93a30fb1f54e7,7e6bab01e9d6b0298352c3d96c8f671d95a236c9e60e60360e5c70a016b1f97e,Decoupled,2,-68435,,,,,,0,0
0.7,800000,1008,7,a218395a091fe85ef14780b03fb457d8df3b6c12e81adddb80f93a30fb1f54e7,7e6bab01e9d6b0298352c3d96c8f671d95a236c9e60e60360e5c70a016b1f97e,Decoupled,3,-710721,,,,,,0,0
0.7,800000,1008,7,a218395a091fe85ef14780b03fb457d8df3b6c12e81adddb80f93a30fb1f54e7,7e6bab01e9d6b0298352c3d96c8f671d95a236c9e60e60360e5c70a016b1f97e,Decoupled,4,45714,,,,,,0,0
0.7,800000,1008,11,a218395a091fe85ef14780b03fb457d8df3b6c12e81adddb80f93a30fb1f54e7,7e6bab01e9d6b0298352c3d96c8f671d95a236c9e60e60360e5c70a016b1f97e,No-Dq-R,1,0,0.0,0.0,0.0,0,0,0,0
0.7,800000,1008,11,a218395a091fe85ef14780b03fb457d8df3b6c12e81adddb80f93a30fb1f54e7,7e6bab01e9d6b0298352c3d96c8f671d95a236c9e60e60360e5c70a016b1f97e,No-Dq-R,2,-868435,0.05172870858222822,0.049425699132716217,0.9999999999999994,1,0,0,0
0.7,800000,1008,11,a218395a091fe85ef14780b03fb457d8df3b6c12e81adddb80f93a30fb1f54e7,7e6bab01e9d6b0298352c3d96c8f671d95a236c9e60e60360e5c70a016b1f97e,No-Dq-R,3,-2310721,0.06252601123850188,0.07169807790409505,0,0,0,0,0
0.7,800000,1008,11,a218395a091fe85ef14780b03fb457d8df3b6c12e81adddb80f93a30fb1f54e7,7e6bab01e9d6b0298352c3d96c8f671d95a236c9e60e60360e5c70a016b1f97e,No-Dq-R,4,-2354286,0.04915269831815111,0.05820308903457805,0,0,0,0,0
0.7,800000,1008,11,a218395a091fe85ef14780b03fb457d8df3b6c12e81adddb80f93a30fb1f54e7,7e6bab01e9d6b0298352c3d96c8f671d95a236c9e60e60360e5c70a016b1f97e,Fixed-Dc,1,-250340,0.009794432506277095,0.010747821315559625,0.0,0,0,0,0
0.7,800000,1008,11,a218395a091fe85ef14780b03fb457d8df3b6c12e81adddb80f93a30fb1f54e7,7e6bab01e9d6b0298352c3d96c8f671d95a236c9e60e60360e5c70a016b1f97e,Fixed-Dc,2,172517,-0.005257868217629413,-0.004355887086438637,0,0,0,0,0
0.7,800000,1008,11,a218395a091fe85ef14780b03fb457d8df3b6c12e81adddb80f93a30fb1f54e7,7e6bab01e9d6b0298352c3d96c8f671d95a236c9e60e60360e5c70a016b1f97e,Fixed-Dc,3,-581769,0.004698252658159208,0.007950154858396175,0,0,0,0,0
0.7,800000,1008,11,a218395a091fe85ef14780b03fb457d8df3b6c12e81adddb80f93a30fb1f54e7,7e6bab01e9d6b0298352c3d96c8f671d95a236c9e60e60360e5c70a016b1f97e,Fixed-Dc,4,-158912,0.00037679734735729387,0.001293408075860869,0,0,0,0,0
0.7,800000,1008,11,a218395a091fe85ef14780b03fb457d8df3b6c12e81adddb80f93a30fb1f54e7,7e6bab01e9d6b0298352c3d96c8f671d95a236c9e60e60360e5c70a016b1f97e,Decoupled,1,0,,,,,,0,0
0.7,800000,1008,11,a218395a091fe85ef14780b03fb457d8df3b6c12e81adddb80f93a30fb1f54e7,7e6bab01e9d6b0298352c3d96c8f671d95a236c9e60e60360e5c70a016b1f97e,Decoupled,2,-68435,,,,,,0,0
0.7,800000,1008,11,a218395a091fe85ef14780b03fb457d8df3b6c12e81adddb80f93a30fb1f54e7,7e6bab01e9d6b0298352c3d96c8f671d95a236c9e60e60360e5c70a016b1f97e,Decoupled,3,-710721,,,,,,0,0
0.7,800000,1008,11,a218395a091fe85ef14780b03fb457d8df3b6c12e81adddb80f93a30fb1f54e7,7e6bab01e9d6b0298352c3d96c8f671d95a236c9e60e60360e5c70a016b1f97e,Decoupled,4,45714,,,,,,0,0
0.7,800000,1009,7,7d8aa09000547f568b4ac8f22a19ce07f9ece4444e798c2ef5c95327a7584636,7e6bab01e9d6b0298352c3d96c8f671d95a236c9e60e60360e5c70a016b1f97e,No-Dq-R,1,0,0.0,0.0,0.0,0,0,0,0
0.7,800000,1009,7,7d8aa09000547f568b4ac8f22a19ce07f9ece4444e798c2ef5c95327a7584636,7e6bab01e9d6b0298352c3d96c8f671d95a236c9e60e60360e5c70a016b1f97e,No-Dq-R,2,-1177143,0.059652791198174904,0.055596806335905136,0,0,0,0,0
0.7,800000,1009,7,7d8aa09000547f568b4ac8f22a19ce07f9ece4444e798c2ef5c95327a7584636,7e6bab01e9d6b0298352c3d96c8f671d95a236c9e60e60360e5c70a016b1f97e,No-Dq-R,3,-1177143,0.05539197569248833,0.05151143576228806,0,0,0,0,0
0.7,800000,1009,7,7d8aa09000547f568b4ac8f22a19ce07f9ece4444e798c2ef5c95327a7584636,7e6bab01e9d6b0298352c3d96c8f671d95a236c9e60e60360e5c70a016b1f97e,No-Dq-R,4,-2400000,0.05421404102665128,0.06331014280973901,0,0,0,0,0
0.7,800000,1009,7,7d8aa09000547f568b4ac8f22a19ce07f9ece4444e798c2ef5c95327a7584636,7e6bab01e9d6b0298352c3d96c8f671d95a236c9e60e60360e5c70a016b1f97e,Fixed-Dc,1,240952,-0.011691385767419793,-0.010784645436539564,0.0,0,0,0,0
0.7,800000,1009,7,7d8aa09000547f568b4ac8f22a19ce07f9ece4444e798c2ef5c95327a7584636,7e6bab01e9d6b0298352c3d96c8f671d95a236c9e60e60360e5c70a016b1f97e,Fixed-Dc,2,-292367,0.00866784308038493,0.007109777027133668,0,0,0,0,0
0.7,800000,1009,7,7d8aa09000547f568b4ac8f22a19ce07f9ece4444e798c2ef5c95327a7584636,7e6bab01e9d6b0298352c3d96c8f671d95a236c9e60e60360e5c70a016b1f97e,Fixed-Dc,3,130490,-0.002697315225637098,-0.0018823361788201098,0,0,0,0,0
0.7,800000,1009,7,7d8aa09000547f568b4ac8f22a19ce07f9ece4444e798c2ef5c95327a7584636,7e6bab01e9d6b0298352c3d96c8f671d95a236c9e60e60360e5c70a016b1f97e,Fixed-Dc,4,240952,-0.0006364175340757283,-0.0020185480602614714,0,0,0,0,0
0.7,800000,1009,7,7d8aa09000547f568b4ac8f22a19ce07f9ece4444e798c2ef5c95327a7584636,7e6bab01e9d6b0298352c3d96c8f671d95a236c9e60e60360e5c70a016b1f97e,Decoupled,1,0,,,,,,0,0
0.7,800000,1009,7,7d8aa09000547f568b4ac8f22a19ce07f9ece4444e798c2ef5c95327a7584636,7e6bab01e9d6b0298352c3d96c8f671d95a236c9e60e60360e5c70a016b1f97e,Decoupled,2,-377143,,,,,,0,0
0.7,800000,1009,7,7d8aa09000547f568b4ac8f22a19ce07f9ece4444e798c2ef5c95327a7584636,7e6bab01e9d6b0298352c3d96c8f671d95a236c9e60e60360e5c70a016b1f97e,Decoupled,3,422857,,,,,,0,0
0.7,800000,1009,7,7d8aa09000547f568b4ac8f22a19ce07f9ece4444e798c2ef5c95327a7584636,7e6bab01e9d6b0298352c3d96c8f671d95a236c9e60e60360e5c70a016b1f97e,Decoupled,4,0,,,,,,0,0
0.7,800000,1009,11,7d8aa09000547f568b4ac8f22a19ce07f9ece4444e798c2ef5c95327a7584636,7e6bab01e9d6b0298352c3d96c8f671d95a236c9e60e60360e5c70a016b1f97e,No-Dq-R,1,0,0.0,0.0,0.0,0,0,0,0
0.7,800000,1009,11,7d8aa09000547f568b4ac8f22a19ce07f9ece4444e798c2ef5c95327a7584636,7e6bab01e9d6b0298352c3d96c8f671d95a236c9e60e60360e5c70a016b1f97e,No-Dq-R,2,-1177143,0.059652791198174904,0.055596806335905136,0,0,0,0,0
0.7,800000,1009,11,7d8aa09000547f568b4ac8f22a19ce07f9ece4444e798c2ef5c95327a7584636,7e6bab01e9d6b0298352c3d96c8f671d95a236c9e60e60360e5c70a016b1f97e,No-Dq-R,3,-1177143,0.0483879185456374,0.05151143576228806,0,0,0,0,0
0.7,800000,1009,11,7d8aa09000547f568b4ac8f22a19ce07f9ece4444e798c2ef5c95327a7584636,7e6bab01e9d6b0298352c3d96c8f671d95a236c9e60e60360e5c70a016b1f97e,No-Dq-R,4,-2400000,0.05421404102665128,0.06331014280973901,0,0,0,0,0
0.7,800000,1009,11,7d8aa09000547f568b4ac8f22a19ce07f9ece4444e798c2ef5c95327a7584636,7e6bab01e9d6b0298352c3d96c8f671d95a236c9e60e60360e5c70a016b1f97e,Fixed-Dc,1,240952,-0.009904460114528613,-0.010784645436539564,0.0,0,0,0,0
0.7,800000,1009,11,7d8aa09000547f568b4ac8f22a19ce07f9ece4444e798c2ef5c95327a7584636,7e6bab01e9d6b0298352c3d96c8f671d95a236c9e60e60360e5c70a016b1f97e,Fixed-Dc,2,-292367,0.00866784308038493,0.007109777027133668,0,0,0,0,0
0.7,800000,1009,11,7d8aa09000547f568b4ac8f22a19ce07f9ece4444e798c2ef5c95327a7584636,7e6bab01e9d6b0298352c3d96c8f671d95a236c9e60e60360e5c70a016b1f97e,Fixed-Dc,3,130490,-0.0011644939065241222,-0.0018823361788201098,0,0,0,0,0
0.7,800000,1009,11,7d8aa09000547f568b4ac8f22a19ce07f9ece4444e798c2ef5c95327a7584636,7e6bab01e9d6b0298352c3d96c8f671d95a236c9e60e60360e5c70a016b1f97e,Fixed-Dc,4,240952,-0.0006364175340757283,-0.0020185480602614714,0,0,0,0,0
0.7,800000,1009,11,7d8aa09000547f568b4ac8f22a19ce07f9ece4444e798c2ef5c95327a7584636,7e6bab01e9d6b0298352c3d96c8f671d95a236c9e60e60360e5c70a016b1f97e,Decoupled,1,0,,,,,,0,0
0.7,800000,1009,11,7d8aa09000547f568b4ac8f22a19ce07f9ece4444e798c2ef5c95327a7584636,7e6bab01e9d6b0298352c3d96c8f671d95a236c9e60e60360e5c70a016b1f97e,Decoupled,2,-377143,,,,,,0,0
0.7,800000,1009,11,7d8aa09000547f568b4ac8f22a19ce07f9ece4444e798c2ef5c95327a7584636,7e6bab01e9d6b0298352c3d96c8f671d95a236c9e60e60360e5c70a016b1f97e,Decoupled,3,422857,,,,,,0,0
0.7,800000,1009,11,7d8aa09000547f568b4ac8f22a19ce07f9ece4444e798c2ef5c95327a7584636,7e6bab01e9d6b0298352c3d96c8f671d95a236c9e60e60360e5c70a016b1f97e,Decoupled,4,0,,,,,,0,0
0.7,800000,1010,7,9ee76b56723575be548fec3c9b928187b5c69d1f5066917ae0be620d23ec3500,7e6bab01e9d6b0298352c3d96c8f671d95a236c9e60e60360e5c70a016b1f97e,No-Dq-R,1,0,0.0,0.0,0.0,0,0,0,0
0.7,800000,1010,7,9ee76b56723575be548fec3c9b928187b5c69d1f5066917ae0be620d23ec3500,7e6bab01e9d6b0298352c3d96c8f671d95a236c9e60e60360e5c70a016b1f97e,No-Dq-R,2,-1177143,0.058422694597808966,0.05425303696638262,0,0,0,0,0
0.7,800000,1010,7,9ee76b56723575be548fec3c9b928187b5c69d1f5066917ae0be620d23ec3500,7e6bab01e9d6b0298352c3d96c8f671d95a236c9e60e60360e5c70a016b1f97e,No-Dq-R,3,-1177143,0.054237718577059835,0.050241259505154345,0,0,0,0,0
0.7,800000,1010,7,9ee76b56723575be548fec3c9b928187b5c69d1f5066917ae0be620d23ec3500,7e6bab01e9d6b0298352c3d96c8f671d95a236c9e60e60360e5c70a016b1f97e,No-Dq-R,4,-2400000,0.05421404102665128,0.06331014280973901,0,0,0,0,0
0.7,800000,1010,7,9ee76b56723575be548fec3c9b928187b5c69d1f5066917ae0be620d23ec3500,7e6bab01e9d6b0298352c3d96c8f671d95a236c9e60e60360e5c70a016b1f97e,Fixed-Dc,1,240952,-0.011691385767419793,-0.010784645436539564,0.0,0,0,0,0
0.7,800000,1010,7,9ee76b56723575be548fec3c9b928187b5c69d1f5066917ae0be620d23ec3500,7e6bab01e9d6b0298352c3d96c8f671d95a236c9e60e60360e5c70a016b1f97e,Fixed-Dc,2,-432434,0.01271609680269914,0.010398959700002264,0,0,0,0,0
0.7,800000,1010,7,9ee76b56723575be548fec3c9b928187b5c69d1f5066917ae0be620d23ec3500,7e6bab01e9d6b0298352c3d96c8f671d95a236c9e60e60360e5c70a016b1f97e,Fixed-Dc,3,-9577,0.00019668138124884216,0.00013667023691477098,0,0,0,0,0
0.7,800000,1010,7,9ee76b56723575be548fec3c9b928187b5c69d1f5066917ae0be620d23ec3500,7e6bab01e9d6b0298352c3d96c8f671d95a236c9e60e60360e5c70a016b1f97e,Fixed-Dc,4,240952,-0.0006364175340757283,-0.0020185480602614714,0,0,0,0,0
0.7,800000,1010,7,9ee76b56723575be548fec3c9b928187b5c69d1f5066917ae0be620d23ec3500,7e6bab01e9d6b0298352c3d96c8f671d95a236c9e60e60360e5c70a016b1f97e,Decoupled,1,0,,,,,,0,0
0.7,800000,1010,7,9ee76b56723575be548fec3c9b928187b5c69d1f5066917ae0be620d23ec3500,7e6bab01e9d6b0298352c3d96c8f671d95a236c9e60e60360e5c70a016b1f97e,Decoupled,2,-377143,,,,,,0,0
0.7,800000,1010,7,9ee76b56723575be548fec3c9b928187b5c69d1f5066917ae0be620d23ec3500,7e6bab01e9d6b0298352c3d96c8f671d95a236c9e60e60360e5c70a016b1f97e,Decoupled,3,422857,,,,,,0,0
0.7,800000,1010,7,9ee76b56723575be548fec3c9b928187b5c69d1f5066917ae0be620d23ec3500,7e6bab01e9d6b0298352c3d96c8f671d95a236c9e60e60360e5c70a016b1f97e,Decoupled,4,0,,,,,,0,0
0.7,800000,1010,11,9ee76b56723575be548fec3c9b928187b5c69d1f5066917ae0be620d23ec3500,7e6bab01e9d6b0298352c3d96c8f671d95a236c9e60e60360e5c70a016b1f97e,No-Dq-R,1,0,0.0,0.0,0.0,0,0,0,0
0.7,800000,1010,11,9ee76b56723575be548fec3c9b928187b5c69d1f5066917ae0be620d23ec3500,7e6bab01e9d6b0298352c3d96c8f671d95a236c9e60e60360e5c70a016b1f97e,No-Dq-R,2,-1177143,0.058422694597808966,0.05425303696638262,0,0,0,0,0
0.7,800000,1010,11,9ee76b56723575be548fec3c9b928187b5c69d1f5066917ae0be620d23ec3500,7e6bab01e9d6b0298352c3d96c8f671d95a236c9e60e60360e5c70a016b1f97e,No-Dq-R,3,-1177143,0.047053530755955864,0.050241259505154345,0,0,0,0,0
0.7,800000,1010,11,9ee76b56723575be548fec3c9b928187b5c69d1f5066917ae0be620d23ec3500,7e6bab01e9d6b0298352c3d96c8f671d95a236c9e60e60360e5c70a016b1f97e,No-Dq-R,4,-2400000,0.05421404102665128,0.06331014280973901,0,0,0,0,0
0.7,800000,1010,11,9ee76b56723575be548fec3c9b928187b5c69d1f5066917ae0be620d23ec3500,7e6bab01e9d6b0298352c3d96c8f671d95a236c9e60e60360e5c70a016b1f97e,Fixed-Dc,1,240952,-0.009904460114528613,-0.010784645436539564,0.0,0,0,0,0
0.7,800000,1010,11,9ee76b56723575be548fec3c9b928187b5c69d1f5066917ae0be620d23ec3500,7e6bab01e9d6b0298352c3d96c8f671d95a236c9e60e60360e5c70a016b1f97e,Fixed-Dc,2,-432434,0.01271609680269914,0.010398959700002264,0,0,0,0,0
0.7,800000,1010,11,9ee76b56723575be548fec3c9b928187b5c69d1f5066917ae0be620d23ec3500,7e6bab01e9d6b0298352c3d96c8f671d95a236c9e60e60360e5c70a016b1f97e,Fixed-Dc,3,-9577,8.381177830779629e-05,0.00013667023691477098,0,0,0,0,0
0.7,800000,1010,11,9ee76b56723575be548fec3c9b928187b5c69d1f5066917ae0be620d23ec3500,7e6bab01e9d6b0298352c3d96c8f671d95a236c9e60e60360e5c70a016b1f97e,Fixed-Dc,4,240952,-0.0006364175340757283,-0.0020185480602614714,0,0,0,0,0
0.7,800000,1010,11,9ee76b56723575be548fec3c9b928187b5c69d1f5066917ae0be620d23ec3500,7e6bab01e9d6b0298352c3d96c8f671d95a236c9e60e60360e5c70a016b1f97e,Decoupled,1,0,,,,,,0,0
0.7,800000,1010,11,9ee76b56723575be548fec3c9b928187b5c69d1f5066917ae0be620d23ec3500,7e6bab01e9d6b0298352c3d96c8f671d95a236c9e60e60360e5c70a016b1f97e,Decoupled,2,-377143,,,,,,0,0
0.7,800000,1010,11,9ee76b56723575be548fec3c9b928187b5c69d1f5066917ae0be620d23ec3500,7e6bab01e9d6b0298352c3d96c8f671d95a236c9e60e60360e5c70a016b1f97e,Decoupled,3,422857,,,,,,0,0
0.7,800000,1010,11,9ee76b56723575be548fec3c9b928187b5c69d1f5066917ae0be620d23ec3500,7e6bab01e9d6b0298352c3d96c8f671d95a236c9e60e60360e5c70a016b1f97e,Decoupled,4,0,,,,,,0,0
0.7,800000,1011,7,bc60516e94e70a029041f70f26c1b335ed4df6ca7f573da08caeef77bf7492b0,7e6bab01e9d6b0298352c3d96c8f671d95a236c9e60e60360e5c70a016b1f97e,No-Dq-R,1,0,0.0,0.0,0.0,0,0,0,0
0.7,800000,1011,7,bc60516e94e70a029041f70f26c1b335ed4df6ca7f573da08caeef77bf7492b0,7e6bab01e9d6b0298352c3d96c8f671d95a236c9e60e60360e5c70a016b1f97e,No-Dq-R,2,-252226,0.02909309954435657,0.029681542571293296,0,0,0,0,0
0.7,800000,1011,7,bc60516e94e70a029041f70f26c1b335ed4df6ca7f573da08caeef77bf7492b0,7e6bab01e9d6b0298352c3d96c8f671d95a236c9e60e60360e5c70a016b1f97e,No-Dq-R,3,-2102060,0.07943208483393444,0.07027686674833478,0,0,0,0,0
0.7,800000,1011,7,bc60516e94e70a029041f70f26c1b335ed4df6ca7f573da08caeef77bf7492b0,7e6bab01e9d6b0298352c3d96c8f671d95a236c9e60e60360e5c70a016b1f97e,No-Dq-R,4,-2354286,0.052662434404597114,0.06156109467055498,0,0,0,0,0
0.7,800000,1011,7,bc60516e94e70a029041f70f26c1b335ed4df6ca7f573da08caeef77bf7492b0,7e6bab01e9d6b0298352c3d96c8f671d95a236c9e60e60360e5c70a016b1f97e,Fixed-Dc,1,70321,-0.0033706045580332855,-0.0031019944046561942,0.0,0,0,0,0
0.7,800000,1011,7,bc60516e94e70a029041f70f26c1b335ed4df6ca7f573da08caeef77bf7492b0,7e6bab01e9d6b0298352c3d96c8f671d95a236c9e60e60360e5c70a016b1f97e,Fixed-Dc,2,240952,-0.00737399233965319,-0.006117904590442147,0,0,0,0,0
0.7,800000,1011,7,bc60516e94e70a029041f70f26c1b335ed4df6ca7f573da08caeef77bf7492b0,7e6bab01e9d6b0298352c3d96c8f671d95a236c9e60e60360e5c70a016b1f97e,Fixed-Dc,3,-261108,0.005300958495771058,0.0036554131896507913,0,0,0,0,0
0.7,800000,1011,7,bc60516e94e70a029041f70f26c1b335ed4df6ca7f573da08caeef77bf7492b0,7e6bab01e9d6b0298352c3d96c8f671d95a236c9e60e60360e5c70a016b1f97e,Fixed-Dc,4,161749,-0.00041839156439354985,-0.0013472584372277718,0,0,0,0,0
0.7,800000,1011,7,bc60516e94e70a029041f70f26c1b335ed4df6ca7f573da08caeef77bf7492b0,7e6bab01e9d6b0298352c3d96c8f671d95a236c9e60e60360e5c70a016b1f97e,Decoupled,1,0,,,,,,0,0
0.7,800000,1011,7,bc60516e94e70a029041f70f26c1b335ed4df6ca7f573da08caeef77bf7492b0,7e6bab01e9d6b0298352c3d96c8f671d95a236c9e60e60360e5c70a016b1f97e,Decoupled,2,547774,,,,,,0,0
0.7,800000,1011,7,bc60516e94e70a029041f70f26c1b335ed4df6ca7f573da08caeef77bf7492b0,7e6bab01e9d6b0298352c3d96c8f671d95a236c9e60e60360e5c70a016b1f97e,Decoupled,3,-502060,,,,,,0,0
0.7,800000,1011,7,bc60516e94e70a029041f70f26c1b335ed4df6ca7f573da08caeef77bf7492b0,7e6bab01e9d6b0298352c3d96c8f671d95a236c9e60e60360e5c70a016b1f97e,Decoupled,4,45714,,,,,,0,0
0.7,800000,1011,11,bc60516e94e70a029041f70f26c1b335ed4df6ca7f573da08caeef77bf7492b0,7e6bab01e9d6b0298352c3d96c8f671d95a236c9e60e60360e5c70a016b1f97e,No-Dq-R,1,0,0.0,0.0,0.0,0,0,0,0
0.7,800000,1011,11,bc60516e94e70a029041f70f26c1b335ed4df6ca7f573da08caeef77bf7492b0,7e6bab01e9d6b0298352c3d96c8f671d95a236c9e60e60360e5c70a016b1f97e,No-Dq-R,2,-252226,0.02909309954435657,0.029681542571293296,0,0,0,0,0
0.7,800000,1011,11,bc60516e94e70a029041f70f26c1b335ed4df6ca7f573da08caeef77bf7492b0,7e6bab01e9d6b0298352c3d96c8f671d95a236c9e60e60360e5c70a016b1f97e,No-Dq-R,3,-2102060,0.06236687966804,0.07027686674833478,0,0,0,0,0
0.7,800000,1011,11,bc60516e94e70a029041f70f26c1b335ed4df6ca7f573da08caeef77bf7492b0,7e6bab01e9d6b0298352c3d96c8f671d95a236c9e60e60360e5c70a016b1f97e,No-Dq-R,4,-2354286,0.052662434404597114,0.06156109467055498,0,0,0,0,0
0.7,800000,1011,11,bc60516e94e70a029041f70f26c1b335ed4df6ca7f573da08caeef77bf7492b0,7e6bab01e9d6b0298352c3d96c8f671d95a236c9e60e60360e5c70a016b1f97e,Fixed-Dc,1,70321,-0.0028412508308970352,-0.0031019944046561942,0.0,0,0,0,0
0.7,800000,1011,11,bc60516e94e70a029041f70f26c1b335ed4df6ca7f573da08caeef77bf7492b0,7e6bab01e9d6b0298352c3d96c8f671d95a236c9e60e60360e5c70a016b1f97e,Fixed-Dc,2,240952,-0.00737399233965319,-0.006117904590442147,0,0,0,0,0
0.7,800000,1011,11,bc60516e94e70a029041f70f26c1b335ed4df6ca7f573da08caeef77bf7492b0,7e6bab01e9d6b0298352c3d96c8f671d95a236c9e60e60360e5c70a016b1f97e,Fixed-Dc,3,-261108,0.0022059992613728263,0.0036554131896507913,0,0,0,0,0
0.7,800000,1011,11,bc60516e94e70a029041f70f26c1b335ed4df6ca7f573da08caeef77bf7492b0,7e6bab01e9d6b0298352c3d96c8f671d95a236c9e60e60360e5c70a016b1f97e,Fixed-Dc,4,161749,-0.00041839156439354985,-0.0013472584372277718,0,0,0,0,0
0.7,800000,1011,11,bc60516e94e70a029041f70f26c1b335ed4df6ca7f573da08caeef77bf7492b0,7e6bab01e9d6b0298352c3d96c8f671d95a236c9e60e60360e5c70a016b1f97e,Decoupled,1,0,,,,,,0,0
0.7,800000,1011,11,bc60516e94e70a029041f70f26c1b335ed4df6ca7f573da08caeef77bf7492b0,7e6bab01e9d6b0298352c3d96c8f671d95a236c9e60e60360e5c70a016b1f97e,Decoupled,2,547774,,,,,,0,0
0.7,800000,1011,11,bc60516e94e70a029041f70f26c1b335ed4df6ca7f573da08caeef77bf7492b0,7e6bab01e9d6b0298352c3d96c8f671d95a236c9e60e60360e5c70a016b1f97e,Decoupled,3,-502060,,,,,,0,0
0.7,800000,1011,11,bc60516e94e70a029041f70f26c1b335ed4df6ca7f573da08caeef77bf7492b0,7e6bab01e9d6b0298352c3d96c8f671d95a236c9e60e60360e5c70a016b1f97e,Decoupled,4,45714,,,,,,0,0
0.7,800000,1012,7,35a2539b714658b4bc950a815105aec1d39703dd64aa04dfe405b8a5ee8867c7,7e6bab01e9d6b0298352c3d96c8f671d95a236c9e60e60360e5c70a016b1f97e,No-Dq-R,1,0,0.0,0.0,0.0,0,0,0,0
0.7,800000,1012,7,35a2539b714658b4bc950a815105aec1d39703dd64aa04dfe405b8a5ee8867c7,7e6bab01e9d6b0298352c3d96c8f671d95a236c9e60e60360e5c70a016b1f97e,No-Dq-R,2,-311879,0.03125708685686024,0.031561577381032546,0,0,0,0,0
0.7,800000,1012,7,35a2539b714658b4bc950a815105aec1d39703dd64aa04dfe405b8a5ee8867c7,7e6bab01e9d6b0298352c3d96c8f671d95a236c9e60e60360e5c70a016b1f97e,No-Dq-R,3,-2042407,0.07823213218954733,0.06945455139292467,0,0,0,0,0
0.7,800000,1012,7,35a2539b714658b4bc950a815105aec1d39703dd64aa04dfe405b8a5ee8867c7,7e6bab01e9d6b0298352c3d96c8f671d95a236c9e60e60360e5c70a016b1f97e,No-Dq-R,4,-2307550,0.05267957223692976,0.06130427992002574,0,0,0,0,0
0.7,800000,1012,7,35a2539b714658b4bc950a815105aec1d39703dd64aa04dfe405b8a5ee8867c7,7e6bab01e9d6b0298352c3d96c8f671d95a236c9e60e60360e5c70a016b1f97e,Fixed-Dc,1,129974,-0.006256496020910385,-0.005762581583762305,0.0,0,0,0,0
0.7,800000,1012,7,35a2539b714658b4bc950a815105aec1d39703dd64aa04dfe405b8a5ee8867c7,7e6bab01e9d6b0298352c3d96c8f671d95a236c9e60e60360e5c70a016b1f97e,Fixed-Dc,2,240952,-0.00737399233965319,-0.006117904590442147,0,0,0,0,0
0.7,800000,1012,7,35a2539b714658b4bc950a815105aec1d39703dd64aa04dfe405b8a5ee8867c7,7e6bab01e9d6b0298352c3d96c8f671d95a236c9e60e60360e5c70a016b1f97e,Fixed-Dc,3,-201455,0.004101005851383954,0.002833097834240683,0,0,0,0,0
0.7,800000,1012,7,35a2539b714658b4bc950a815105aec1d39703dd64aa04dfe405b8a5ee8867c7,7e6bab01e9d6b0298352c3d96c8f671d95a236c9e60e60360e5c70a016b1f97e,Fixed-Dc,4,221402,-0.0005817863128302903,-0.0018521339539084858,0,0,0,0,0
0.7,800000,1012,7,35a2539b714658b4bc950a815105aec1d39703dd64aa04dfe405b8a5ee8867c7,7e6bab01e9d6b0298352c3d96c8f671d95a236c9e60e60360e5c70a016b1f97e,Decoupled,1,0,,,,,,0,0
0.7,800000,1012,7,35a2539b714658b4bc950a815105aec1d39703dd64aa04dfe405b8a5ee8867c7,7e6bab01e9d6b0298352c3d96c8f671d95a236c9e60e60360e5c70a016b1f97e,Decoupled,2,488121,,,,,,0,0
0.7,800000,1012,7,35a2539b714658b4bc950a815105aec1d39703dd64aa04dfe405b8a5ee8867c7,7e6bab01e9d6b0298352c3d96c8f671d95a236c9e60e60360e5c70a016b1f97e,Decoupled,3,-442407,,,,,,0,0
0.7,800000,1012,7,35a2539b714658b4bc950a815105aec1d39703dd64aa04dfe405b8a5ee8867c7,7e6bab01e9d6b0298352c3d96c8f671d95a236c9e60e60360e5c70a016b1f97e,Decoupled,4,92450,,,,,,0,0
0.7,800000,1012,11,35a2539b714658b4bc950a815105aec1d39703dd64aa04dfe405b8a5ee8867c7,7e6bab01e9d6b0298352c3d96c8f671d95a236c9e60e60360e5c70a016b1f97e,No-Dq-R,1,0,0.0,0.0,0.0,0,0,0,0
0.7,800000,1012,11,35a2539b714658b4bc950a815105aec1d39703dd64aa04dfe405b8a5ee8867c7,7e6bab01e9d6b0298352c3d96c8f671d95a236c9e60e60360e5c70a016b1f97e,No-Dq-R,2,-311879,0.03125708685686024,0.031561577381032546,0,0,0,0,0
0.7,800000,1012,11,35a2539b714658b4bc950a815105aec1d39703dd64aa04dfe405b8a5ee8867c7,7e6bab01e9d6b0298352c3d96c8f671d95a236c9e60e60360e5c70a016b1f97e,No-Dq-R,3,-2042407,0.06187719128099384,0.06945455139292467,0,0,0,0,0
0.7,800000,1012,11,35a2539b714658b4bc950a815105aec1d39703dd64aa04dfe405b8a5ee8867c7,7e6bab01e9d6b0298352c3d96c8f671d95a236c9e60e60360e5c70a016b1f97e,No-Dq-R,4,-2307550,0.05267957223692976,0.06130427992002574,0,0,0,0,0
0.7,800000,1012,11,35a2539b714658b4bc950a815105aec1d39703dd64aa04dfe405b8a5ee8867c7,7e6bab01e9d6b0298352c3d96c8f671d95a236c9e60e60360e5c70a016b1f97e,Fixed-Dc,1,129974,-0.005283132040048821,-0.005762581583762305,0.0,0,0,0,0
0.7,800000,1012,11,35a2539b714658b4bc950a815105aec1d39703dd64aa04dfe405b8a5ee8867c7,7e6bab01e9d6b0298352c3d96c8f671d95a236c9e60e60360e5c70a016b1f97e,Fixed-Dc,2,240952,-0.00737399233965319,-0.006117904590442147,0,0,0,0,0
0.7,800000,1012,11,35a2539b714658b4bc950a815105aec1d39703dd64aa04dfe405b8a5ee8867c7,7e6bab01e9d6b0298352c3d96c8f671d95a236c9e60e60360e5c70a016b1f97e,Fixed-Dc,3,-201455,0.0017163108743266653,0.002833097834240683,0,0,0,0,0
0.7,800000,1012,11,35a2539b714658b4bc950a815105aec1d39703dd64aa04dfe405b8a5ee8867c7,7e6bab01e9d6b0298352c3d96c8f671d95a236c9e60e60360e5c70a016b1f97e,Fixed-Dc,4,221402,-0.0005817863128302903,-0.0018521339539084858,0,0,0,0,0
0.7,800000,1012,11,35a2539b714658b4bc950a815105aec1d39703dd64aa04dfe405b8a5ee8867c7,7e6bab01e9d6b0298352c3d96c8f671d95a236c9e60e60360e5c70a016b1f97e,Decoupled,1,0,,,,,,0,0
0.7,800000,1012,11,35a2539b714658b4bc950a815105aec1d39703dd64aa04dfe405b8a5ee8867c7,7e6bab01e9d6b0298352c3d96c8f671d95a236c9e60e60360e5c70a016b1f97e,Decoupled,2,488121,,,,,,0,0
0.7,800000,1012,11,35a2539b714658b4bc950a815105aec1d39703dd64aa04dfe405b8a5ee8867c7,7e6bab01e9d6b0298352c3d96c8f671d95a236c9e60e60360e5c70a016b1f97e,Decoupled,3,-442407,,,,,,0,0
0.7,800000,1012,11,35a2539b714658b4bc950a815105aec1d39703dd64aa04dfe405b8a5ee8867c7,7e6bab01e9d6b0298352c3d96c8f671d95a236c9e60e60360e5c70a016b1f97e,Decoupled,4,92450,,,,,,0,0
0.7,800000,1013,7,cf7938a241e61edb1c871b0ec9e5cfbc6735f956f301062879e8ddd5785bb858,7e6bab01e9d6b0298352c3d96c8f671d95a236c9e60e60360e5c70a016b1f97e,No-Dq-R,1,0,0.0,0.0,0.0,0,0,0,0
0.7,800000,1013,7,cf7938a241e61edb1c871b0ec9e5cfbc6735f956f301062879e8ddd5785bb858,7e6bab01e9d6b0298352c3d96c8f671d95a236c9e60e60360e5c70a016b1f97e,No-Dq-R,2,0,0.020086359166069045,0.021892529135310423,0,0,0,0,0
0.7,800000,1013,7,cf7938a241e61edb1c871b0ec9e5cfbc6735f956f301062879e8ddd5785bb858,7e6bab01e9d6b0298352c3d96c8f671d95a236c9e60e60360e5c70a016b1f97e,No-Dq-R,3,-2266286,0.0816082882486564,0.07128957583252793,0,0,0,0,0
0.7,800000,1013,7,cf7938a241e61edb1c871b0ec9e5cfbc6735f956f301062879e8ddd5785bb858,7e6bab01e9d6b0298352c3d96c8f671d95a236c9e60e60360e5c70a016b1f97e,No-Dq-R,4,-2354286,0.04977965536769269,0.05880355071117266,0,0,0,0,0
0.7,800000,1013,7,cf7938a241e61edb1c871b0ec9e5cfbc6735f956f301062879e8ddd5785bb858,7e6bab01e9d6b0298352c3d96c8f671d95a236c9e60e60360e5c70a016b1f97e,Fixed-Dc,1,-191716,0.009020168239375126,0.008271588226775317,0.0,0,0,0,0
0.7,800000,1013,7,cf7938a241e61edb1c871b0ec9e5cfbc6735f956f301062879e8ddd5785bb858,7e6bab01e9d6b0298352c3d96c8f671d95a236c9e60e60360e5c70a016b1f97e,Fixed-Dc,2,231141,-0.007069544583579224,-0.005864091592271414,0,0,0,0,0
0.7,800000,1013,7,cf7938a241e61edb1c871b0ec9e5cfbc6735f956f301062879e8ddd5785bb858,7e6bab01e9d6b0298352c3d96c8f671d95a236c9e60e60360e5c70a016b1f97e,Fixed-Dc,3,-523145,0.010496297389136933,0.007180499626663117,0,0,0,0,0
0.7,800000,1013,7,cf7938a241e61edb1c871b0ec9e5cfbc6735f956f301062879e8ddd5785bb858,7e6bab01e9d6b0298352c3d96c8f671d95a236c9e60e60360e5c70a016b1f97e,Fixed-Dc,4,-100288,0.00024168138551633467,0.0008196928247633517,0,0,0,0,0
0.7,800000,1013,7,cf7938a241e61edb1c871b0ec9e5cfbc6735f956f301062879e8ddd5785bb858,7e6bab01e9d6b0298352c3d96c8f671d95a236c9e60e60360e5c70a016b1f97e,Decoupled,1,0,,,,,,0,0
0.7,800000,1013,7,cf7938a241e61edb1c871b0ec9e5cfbc6735f956f301062879e8ddd5785bb858,7e6bab01e9d6b0298352c3d96c8f671d95a236c9e60e60360e5c70a016b1f97e,Decoupled,2,800000,,,,,,0,0
0.7,800000,1013,7,cf7938a241e61edb1c871b0ec9e5cfbc6735f956f301062879e8ddd5785bb858,7e6bab01e9d6b0298352c3d96c8f671d95a236c9e60e60360e5c70a016b1f97e,Decoupled,3,-666286,,,,,,0,0
0.7,800000,1013,7,cf7938a241e61edb1c871b0ec9e5cfbc6735f956f301062879e8ddd5785bb858,7e6bab01e9d6b0298352c3d96c8f671d95a236c9e60e60360e5c70a016b1f97e,Decoupled,4,45714,,,,,,0,0
0.7,800000,1013,11,cf7938a241e61edb1c871b0ec9e5cfbc6735f956f301062879e8ddd5785bb858,7e6bab01e9d6b0298352c3d96c8f671d95a236c9e60e60360e5c70a016b1f97e,No-Dq-R,1,0,0.0,0.0,0.0,0,0,0,0
0.7,800000,1013,11,cf7938a241e61edb1c871b0ec9e5cfbc6735f956f301062879e8ddd5785bb858,7e6bab01e9d6b0298352c3d96c8f671d95a236c9e60e60360e5c70a016b1f97e,No-Dq-R,2,0,0.020086359166069045,0.021892529135310423,0,0,0,0,0
0.7,800000,1013,11,cf7938a241e61edb1c871b0ec9e5cfbc6735f956f301062879e8ddd5785bb858,7e6bab01e9d6b0298352c3d96c8f671d95a236c9e60e60360e5c70a016b1f97e,No-Dq-R,3,-2266286,0.06238006682461572,0.07128957583252793,0,0,0,0,0
0.7,800000,1013,11,cf7938a241e61edb1c871b0ec9e5cfbc6735f956f301062879e8ddd5785bb858,7e6bab01e9d6b0298352c3d96c8f671d95a236c9e60e60360e5c70a016b1f97e,No-Dq-R,4,-2354286,0.04977965536769269,0.05880355071117266,0,0,0,0,0
0.7,800000,1013,11,cf7938a241e61edb1c871b0ec9e5cfbc6735f956f301062879e8ddd5785bb858,7e6bab01e9d6b0298352c3d96c8f671d95a236c9e60e60360e5c70a016b1f97e,Fixed-Dc,1,-191716,0.0075449313030649945,0.008271588226775317,0.0,0,0,0,0
0.7,800000,1013,11,cf7938a241e61edb1c871b0ec9e5cfbc6735f956f301062879e8ddd5785bb858,7e6bab01e9d6b0298352c3d96c8f671d95a236c9e60e60360e5c70a016b1f97e,Fixed-Dc,2,231141,-0.007069544583579224,-0.005864091592271414,0,0,0,0,0
0.7,800000,1013,11,cf7938a241e61edb1c871b0ec9e5cfbc6735f956f301062879e8ddd5785bb858,7e6bab01e9d6b0298352c3d96c8f671d95a236c9e60e60360e5c70a016b1f97e,Fixed-Dc,3,-523145,0.004259909447585308,0.007180499626663117,0,0,0,0,0
0.7,800000,1013,11,cf7938a241e61edb1c871b0ec9e5cfbc6735f956f301062879e8ddd5785bb858,7e6bab01e9d6b0298352c3d96c8f671d95a236c9e60e60360e5c70a016b1f97e,Fixed-Dc,4,-100288,0.00024168138551633467,0.0008196928247633517,0,0,0,0,0
0.7,800000,1013,11,cf7938a241e61edb1c871b0ec9e5cfbc6735f956f301062879e8ddd5785bb858,7e6bab01e9d6b0298352c3d96c8f671d95a236c9e60e60360e5c70a016b1f97e,Decoupled,1,0,,,,,,0,0
0.7,800000,1013,11,cf7938a241e61edb1c871b0ec9e5cfbc6735f956f301062879e8ddd5785bb858,7e6bab01e9d6b0298352c3d96c8f671d95a236c9e60e60360e5c70a016b1f97e,Decoupled,2,800000,,,,,,0,0
0.7,800000,1013,11,cf7938a241e61edb1c871b0ec9e5cfbc6735f956f301062879e8ddd5785bb858,7e6bab01e9d6b0298352c3d96c8f671d95a236c9e60e60360e5c70a016b1f97e,Decoupled,3,-666286,,,,,,0,0
0.7,800000,1013,11,cf7938a241e61edb1c871b0ec9e5cfbc6735f956f301062879e8ddd5785bb858,7e6bab01e9d6b0298352c3d96c8f671d95a236c9e60e60360e5c70a016b1f97e,Decoupled,4,45714,,,,,,0,0
0.7,800000,1014,7,c9ee3e2c25a0dadd6eb7b3e0568e032368852d309d3a9b90be7af12ca45fcf6b,7e6bab01e9d6b0298352c3d96c8f671d95a236c9e60e60360e5c70a016b1f97e,No-Dq-R,1,0,0.0,0.0,0.0,0,0,0,0
0.7,800000,1014,7,c9ee3e2c25a0dadd6eb7b3e0568e032368852d309d3a9b90be7af12ca45fcf6b,7e6bab01e9d6b0298352c3d96c8f671d95a236c9e60e60360e5c70a016b1f97e,No-Dq-R,2,-859453,0.05145196557470455,0.04919555318972135,0.9999999999999994,1,0,0,0
0.7,800000,1014,7,c9ee3e2c25a0dadd6eb7b3e0568e032368852d309d3a9b90be7af12ca45fcf6b,7e6bab01e9d6b0298352c3d96c8f671d95a236c9e60e60360e5c70a016b1f97e,No-Dq-R,3,-2301739,0.08214389614736245,0.07158059843777964,0,0,0,0,0
0.7,800000,1014,7,c9ee3e2c25a0dadd6eb7b3e0568e032368852d309d3a9b90be7af12ca45fcf6b,7e6bab01e9d6b0298352c3d96c8f671d95a236c9e60e60360e5c70a016b1f97e,No-Dq-R,4,-2354286,0.04924833783845106,0.058294704764556005,0,0,0,0,0
0.7,800000,1014,7,c9ee3e2c25a0dadd6eb7b3e0568e032368852d309d3a9b90be7af12ca45fcf6b,7e6bab01e9d6b0298352c3d96c8f671d95a236c9e60e60360e5c70a016b1f97e,Fixed-Dc,1,-241358,0.01131624401216691,0.010370018009750126,0.0,0,0,0,0
0.7,800000,1014,7,c9ee3e2c25a0dadd6eb7b3e0568e032368852d309d3a9b90be7af12ca45fcf6b,7e6bab01e9d6b0298352c3d96c8f671d95a236c9e60e60360e5c70a016b1f97e,Fixed-Dc,2,181499,-0.0055346112251530855,-0.0045860330294335006,0,0,0,0,0
0.7,800000,1014,7,c9ee3e2c25a0dadd6eb7b3e0568e032368852d309d3a9b90be7af12ca45fcf6b,7e6bab01e9d6b0298352c3d96c8f671d95a236c9e60e60360e5c70a016b1f97e,Fixed-Dc,3,-572787,0.011466929990504748,0.007832675392080768,0,0,0,0,0
0.7,800000,1014,7,c9ee3e2c25a0dadd6eb7b3e0568e032368852d309d3a9b90be7af12ca45fcf6b,7e6bab01e9d6b0298352c3d96c8f671d95a236c9e60e60360e5c70a016b1f97e,Fixed-Dc,4,-149930,0.00035638781904595573,0.0012210865988884212,0,0,0,0,0
0.7,800000,1014,7,c9ee3e2c25a0dadd6eb7b3e0568e032368852d309d3a9b90be7af12ca45fcf6b,7e6bab01e9d6b0298352c3d96c8f671d95a236c9e60e60360e5c70a016b1f97e,Decoupled,1,0,,,,,,0,0
0.7,800000,1014,7,c9ee3e2c25a0dadd6eb7b3e0568e032368852d309d3a9b90be7af12ca45fcf6b,7e6bab01e9d6b0298352c3d96c8f671d95a236c9e60e60360e5c70a016b1f97e,Decoupled,2,-59453,,,,,,0,0
0.7,800000,1014,7,c9ee3e2c25a0dadd6eb7b3e0568e032368852d309d3a9b90be7af12ca45fcf6b,7e6bab01e9d6b0298352c3d96c8f671d95a236c9e60e60360e5c70a016b1f97e,Decoupled,3,-701739,,,,,,0,0
0.7,800000,1014,7,c9ee3e2c25a0dadd6eb7b3e0568e032368852d309d3a9b90be7af12ca45fcf6b,7e6bab01e9d6b0298352c3d96c8f671d95a236c9e60e60360e5c70a016b1f97e,Decoupled,4,45714,,,,,,0,0
0.7,800000,1014,11,c9ee3e2c25a0dadd6eb7b3e0568e032368852d309d3a9b90be7af12ca45fcf6b,7e6bab01e9d6b0298352c3d96c8f671d95a236c9e60e60360e5c70a016b1f97e,No-Dq-R,1,0,0.0,0.0,0.0,0,0,0,0
0.7,800000,1014,11,c9ee3e2c25a0dadd6eb7b3e0568e032368852d309d3a9b90be7af12ca45fcf6b,7e6bab01e9d6b0298352c3d96c8f671d95a236c9e60e60360e5c70a016b1f97e,No-Dq-R,2,-859453,0.05145196557470455,0.04919555318972135,0.9999999999999994,1,0,0,0
0.7,800000,1014,11,c9ee3e2c25a0dadd6eb7b3e0568e032368852d309d3a9b90be7af12ca45fcf6b,7e6bab01e9d6b0298352c3d96c8f671d95a236c9e60e60360e5c70a016b1f97e,No-Dq-R,3,-2301739,0.062459343601789064,0.07158059843777964,0,0,0,0,0
0.7,800000,1014,11,c9ee3e2c25a0dadd6eb7b3e0568e032368852d309d3a9b90be7af12ca45fcf6b,7e6bab01e9d6b0298352c3d96c8f671d95a236c9e60e60360e5c70a016b1f97e,No-Dq-R,4,-2354286,0.04924833783845106,0.058294704764556005,0,0,0,0,0
0.7,800000,1014,11,c9ee3e2c25a0dadd6eb7b3e0568e032368852d309d3a9b90be7af12ca45fcf6b,7e6bab01e9d6b0298352c3d96c8f671d95a236c9e60e60360e5c70a016b1f97e,Fixed-Dc,1,-241358,0.00945150340279044,0.010370018009750126,0.0,0,0,0,0
0.7,800000,1014,11,c9ee3e2c25a0dadd6eb7b3e0568e032368852d309d3a9b90be7af12ca45fcf6b,7e6bab01e9d6b0298352c3d96c8f671d95a236c9e60e60360e5c70a016b1f97e,Fixed-Dc,2,181499,-0.0055346112251530855,-0.0045860330294335006,0,0,0,0,0
0.7,800000,1014,11,c9ee3e2c25a0dadd6eb7b3e0568e032368852d309d3a9b90be7af12ca45fcf6b,7e6bab01e9d6b0298352c3d96c8f671d95a236c9e60e60360e5c70a016b1f97e,Fixed-Dc,3,-572787,0.004631585021446394,0.007832675392080768,0,0,0,0,0
0.7,800000,1014,11,c9ee3e2c25a0dadd6eb7b3e0568e032368852d309d3a9b90be7af12ca45fcf6b,7e6bab01e9d6b0298352c3d96c8f671d95a236c9e60e60360e5c70a016b1f97e,Fixed-Dc,4,-149930,0.00035638781904595573,0.0012210865988884212,0,0,0,0,0
0.7,800000,1014,11,c9ee3e2c25a0dadd6eb7b3e0568e032368852d309d3a9b90be7af12ca45fcf6b,7e6bab01e9d6b0298352c3d96c8f671d95a236c9e60e60360e5c70a016b1f97e,Decoupled,1,0,,,,,,0,0
0.7,800000,1014,11,c9ee3e2c25a0dadd6eb7b3e0568e032368852d309d3a9b90be7af12ca45fcf6b,7e6bab01e9d6b0298352c3d96c8f671d95a236c9e60e60360e5c70a016b1f97e,Decoupled,2,-59453,,,,,,0,0
0.7,800000,1014,11,c9ee3e2c25a0dadd6eb7b3e0568e032368852d309d3a9b90be7af12ca45fcf6b,7e6bab01e9d6b0298352c3d96c8f671d95a236c9e60e60360e5c70a016b1f97e,Decoupled,3,-701739,,,,,,0,0
0.7,800000,1014,11,c9ee3e2c25a0dadd6eb7b3e0568e032368852d309d3a9b90be7af12ca45fcf6b,7e6bab01e9d6b0298352c3d96c8f671d95a236c9e60e60360e5c70a016b1f97e,Decoupled,4,45714,,,,,,0,0
0.7,800000,1015,7,b088b768ed17b211a8c7053d692ed7663445ebc589d9a7409363120a78703c8b,7e6bab01e9d6b0298352c3d96c8f671d95a236c9e60e60360e5c70a016b1f97e,No-Dq-R,1,0,0.0,0.0,0.0,0,0,0,0
0.7,800000,1015,7,b088b768ed17b211a8c7053d692ed7663445ebc589d9a7409363120a78703c8b,7e6bab01e9d6b0298352c3d96c8f671d95a236c9e60e60360e5c70a016b1f97e,No-Dq-R,2,-1089143,0.057700349304028786,0.05417412260468246,0.5122203447849208,0,0,0,0
0.7,800000,1015,7,b088b768ed17b211a8c7053d692ed7663445ebc589d9a7409363120a78703c8b,7e6bab01e9d6b0298352c3d96c8f671d95a236c9e60e60360e5c70a016b1f97e,No-Dq-R,3,-1226971,0.05779787472072889,0.05374452101526439,0,0,0,0,0
0.7,800000,1015,7,b088b768ed17b211a8c7053d692ed7663445ebc589d9a7409363120a78703c8b,7e6bab01e9d6b0298352c3d96c8f671d95a236c9e60e60360e5c70a016b1f97e,No-Dq-R,4,-2354286,0.045997242277577954,0.055176558480447724,0.0,0,0,1,0
0.7,800000,1015,7,b088b768ed17b211a8c7053d692ed7663445ebc589d9a7409363120a78703c8b,7e6bab01e9d6b0298352c3d96c8f671d95a236c9e60e60360e5c70a016b1f97e,Fixed-Dc,1,-554934,0.025456515769712307,0.0232266969035837,0.0,0,0,0,0
0.7,800000,1015,7,b088b768ed17b211a8c7053d692ed7663445ebc589d9a7409363120a78703c8b,7e6bab01e9d6b0298352c3d96c8f671d95a236c9e60e60360e5c70a016b1f97e,Fixed-Dc,2,-132077,0.003952827305387707,0.0032534713102619905,0,0,0,0,0
0.7,800000,1015,7,b088b768ed17b211a8c7053d692ed7663445ebc589d9a7409363120a78703c8b,7e6bab01e9d6b0298352c3d96c8f671d95a236c9e60e60360e5c70a016b1f97e,Fixed-Dc,3,240952,-0.005006431972393699,-0.003505556642715457,0,0,0,0,0
0.7,800000,1015,7,b088b768ed17b211a8c7053d692ed7663445ebc589d9a7409363120a78703c8b,7e6bab01e9d6b0298352c3d96c8f671d95a236c9e60e60360e5c70a016b1f97e,Fixed-Dc,4,-463506,0.0010077540720519473,0.0036917809558185133,0.0,0,0,1,0
0.7,800000,1015,7,b088b768ed17b211a8c7053d692ed7663445ebc589d9a7409363120a78703c8b,7e6bab01e9d6b0298352c3d96c8f671d95a236c9e60e60360e5c70a016b1f97e,Decoupled,1,0,,,,,,0,0
0.7,800000,1015,7,b088b768ed17b211a8c7053d692ed7663445ebc589d9a7409363120a78703c8b,7e6bab01e9d6b0298352c3d96c8f671d95a236c9e60e60360e5c70a016b1f97e,Decoupled,2,-289143,,,,,,0,0
0.7,800000,1015,7,b088b768ed17b211a8c7053d692ed7663445ebc589d9a7409363120a78703c8b,7e6bab01e9d6b0298352c3d96c8f671d95a236c9e60e60360e5c70a016b1f97e,Decoupled,3,373029,,,,,,0,0
0.7,800000,1015,7,b088b768ed17b211a8c7053d692ed7663445ebc589d9a7409363120a78703c8b,7e6bab01e9d6b0298352c3d96c8f671d95a236c9e60e60360e5c70a016b1f97e,Decoupled,4,45714,,,,,,0,0
0.7,800000,1015,11,b088b768ed17b211a8c7053d692ed7663445ebc589d9a7409363120a78703c8b,7e6bab01e9d6b0298352c3d96c8f671d95a236c9e60e60360e5c70a016b1f97e,No-Dq-R,1,0,0.0,0.0,0.0,0,0,0,0
0.7,800000,1015,11,b088b768ed17b211a8c7053d692ed7663445ebc589d9a7409363120a78703c8b,7e6bab01e9d6b0298352c3d96c8f671d95a236c9e60e60360e5c70a016b1f97e,No-Dq-R,2,-1089143,0.057700349304028786,0.05417412260468246,0.5122203447849208,0,0,0,0
0.7,800000,1015,11,b088b768ed17b211a8c7053d692ed7663445ebc589d9a7409363120a78703c8b,7e6bab01e9d6b0298352c3d96c8f671d95a236c9e60e60360e5c70a016b1f97e,No-Dq-R,3,-1226971,0.050425922508325394,0.05374452101526439,0,0,0,0,0
0.7,800000,1015,11,b088b768ed17b211a8c7053d692ed7663445ebc589d9a7409363120a78703c8b,7e6bab01e9d6b0298352c3d96c8f671d95a236c9e60e60360e5c70a016b1f97e,No-Dq-R,4,-2354286,0.045997242277577954,0.055176558480447724,0.0,0,0,1,0
0.7,800000,1015,11,b088b768ed17b211a8c7053d692ed7663445ebc589d9a7409363120a78703c8b,7e6bab01e9d6b0298352c3d96c8f671d95a236c9e60e60360e5c70a016b1f97e,Fixed-Dc,1,-554934,0.02106218103297608,0.0232266969035837,0.0,0,0,0,0
0.7,800000,1015,11,b088b768ed17b211a8c7053d692ed7663445ebc589d9a7409363120a78703c8b,7e6bab01e9d6b0298352c3d96c8f671d95a236c9e60e60360e5c70a016b1f97e,Fixed-Dc,2,-132077,0.003952827305387707,0.0032534713102619905,0,0,0,0,0
0.7,800000,1015,11,b088b768ed17b211a8c7053d692ed7663445ebc589d9a7409363120a78703c8b,7e6bab01e9d6b0298352c3d96c8f671d95a236c9e60e60360e5c70a016b1f97e,Fixed-Dc,3,240952,-0.0021835695790024534,-0.003505556642715457,0,0,0,0,0
0.7,800000,1015,11,b088b768ed17b211a8c7053d692ed7663445ebc589d9a7409363120a78703c8b,7e6bab01e9d6b0298352c3d96c8f671d95a236c9e60e60360e5c70a016b1f97e,Fixed-Dc,4,-463506,0.0010077540720519473,0.0036917809558185133,0.0,0,0,1,0
0.7,800000,1015,11,b088b768ed17b211a8c7053d692ed7663445ebc589d9a7409363120a78703c8b,7e6bab01e9d6b0298352c3d96c8f671d95a236c9e60e60360e5c70a016b1f97e,Decoupled,1,0,,,,,,0,0
0.7,800000,1015,11,b088b768ed17b211a8c7053d692ed7663445ebc589d9a7409363120a78703c8b,7e6bab01e9d6b0298352c3d96c8f671d95a236c9e60e60360e5c70a016b1f97e,Decoupled,2,-289143,,,,,,0,0
0.7,800000,1015,11,b088b768ed17b211a8c7053d692ed7663445ebc589d9a7409363120a78703c8b,7e6bab01e9d6b0298352c3d96c8f671d95a236c9e60e60360e5c70a016b1f97e,Decoupled,3,373029,,,,,,0,0
0.7,800000,1015,11,b088b768ed17b211a8c7053d692ed7663445ebc589d9a7409363120a78703c8b,7e6bab01e9d6b0298352c3d96c8f671d95a236c9e60e60360e5c70a016b1f97e,Decoupled,4,45714,,,,,,0,0
0.7,800000,1016,7,6dae56f0c6dd6c86c6bc3e2298be73cde7992f4430ebe6b39ddd5d9fa1cfc356,7e6bab01e9d6b0298352c3d96c8f671d95a236c9e60e60360e5c70a016b1f97e,No-Dq-R,1,0,0.0,0.0,0.0,0,0,0,0
0.7,800000,1016,7,6dae56f0c6dd6c86c6bc3e2298be73cde7992f4430ebe6b39ddd5d9fa1cfc356,7e6bab01e9d6b0298352c3d96c8f671d95a236c9e60e60360e5c70a016b1f97e,No-Dq-R,2,-256603,0.029251313306001225,0.029818860114595946,0,0,0,0,0
0.7,800000,1016,7,6dae56f0c6dd6c86c6bc3e2298be73cde7992f4430ebe6b39ddd5d9fa1cfc356,7e6bab01e9d6b0298352c3d96c8f671d95a236c9e60e60360e5c70a016b1f97e,No-Dq-R,3,-2097683,0.07934425954756813,0.070216783789949,0,0,0,0,0
0.7,800000,1016,7,6dae56f0c6dd6c86c6bc3e2298be73cde7992f4430ebe6b39ddd5d9fa1cfc356,7e6bab01e9d6b0298352c3d96c8f671d95a236c9e60e60360e5c70a016b1f97e,No-Dq-R,4,-2354286,0.052711725229000916,0.0616081978948137,0,0,0,0,0
0.7,800000,1016,7,6dae56f0c6dd6c86c6bc3e2298be73cde7992f4430ebe6b39ddd5d9fa1cfc356,7e6bab01e9d6b0298352c3d96c8f671d95a236c9e60e60360e5c70a016b1f97e,Fixed-Dc,1,74698,-0.0035815203748934543,-0.0032962985559384927,0.0,0,0,0,0
0.7,800000,1016,7,6dae56f0c6dd6c86c6bc3e2298be73cde7992f4430ebe6b39ddd5d9fa1cfc356,7e6bab01e9d6b0298352c3d96c8f671d95a236c9e60e60360e5c70a016b1f97e,Fixed-Dc,2,240952,-0.00737399233965319,-0.006117904590442147,0,0,0,0,0
0.7,800000,1016,7,6dae56f0c6dd6c86c6bc3e2298be73cde7992f4430ebe6b39ddd5d9fa1cfc356,7e6bab01e9d6b0298352c3d96c8f671d95a236c9e60e60360e5c70a016b1f97e,Fixed-Dc,3,-256731,0.005213133209404752,0.003595330231265015,0,0,0,0,0
0.7,800000,1016,7,6dae56f0c6dd6c86c6bc3e2298be73cde7992f4430ebe6b39ddd5d9fa1cfc356,7e6bab01e9d6b0298352c3d96c8f671d95a236c9e60e60360e5c70a016b1f97e,Fixed-Dc,4,166126,-0.00043021226001555,-0.0013841552565265203,0,0,0,0,0
0.7,800000,1016,7,6dae56f0c6dd6c86c6bc3e2298be73cde7992f4430ebe6b39ddd5d9fa1cfc356,7e6bab01e9d6b0298352c3d96c8f671d95a236c9e60e60360e5c70a016b1f97e,Decoupled,1,0,,,,,,0,0
0.7,800000,1016,7,6dae56f0c6dd6c86c6bc3e2298be73cde7992f4430ebe6b39ddd5d9fa1cfc356,7e6bab01e9d6b0298352c3d96c8f671d95a236c9e60e60360e5c70a016b1f97e,Decoupled,2,543397,,,,,,0,0
0.7,800000,1016,7,6dae56f0c6dd6c86c6bc3e2298be73cde7992f4430ebe6b39ddd5d9fa1cfc356,7e6bab01e9d6b0298352c3d96c8f671d95a236c9e60e60360e5c70a016b1f97e,Decoupled,3,-497683,,,,,,0,0
0.7,800000,1016,7,6dae56f0c6dd6c86c6bc3e2298be73cde7992f4430ebe6b39ddd5d9fa1cfc356,7e6bab01e9d6b0298352c3d96c8f671d95a236c9e60e60360e5c70a016b1f97e,Decoupled,4,45714,,,,,,0,0
0.7,800000,1016,11,6dae56f0c6dd6c86c6bc3e2298be73cde7992f4430ebe6b39ddd5d9fa1cfc356,7e6bab01e9d6b0298352c3d96c8f671d95a236c9e60e60360e5c70a016b1f97e,No-Dq-R,1,0,0.0,0.0,0.0,0,0,0,0
0.7,800000,1016,11,6dae56f0c6dd6c86c6bc3e2298be73cde7992f4430ebe6b39ddd5d9fa1cfc356,7e6bab01e9d6b0298352c3d96c8f671d95a236c9e60e60360e5c70a016b1f97e,No-Dq-R,2,-256603,0.029251313306001225,0.029818860114595946,0,0,0,0,0
0.7,800000,1016,11,6dae56f0c6dd6c86c6bc3e2298be73cde7992f4430ebe6b39ddd5d9fa1cfc356,7e6bab01e9d6b0298352c3d96c8f671d95a236c9e60e60360e5c70a016b1f97e,No-Dq-R,3,-2097683,0.06233123244924049,0.070216783789949,0,0,0,0,0
0.7,800000,1016,11,6dae56f0c6dd6c86c6bc3e2298be73cde7992f4430ebe6b39ddd5d9fa1cfc356,7e6bab01e9d6b0298352c3d96c8f671d95a236c9e60e60360e5c70a016b1f97e,No-Dq-R,4,-2354286,0.052711725229000916,0.0616081978948137,0,0,0,0,0
0.7,800000,1016,11,6dae56f0c6dd6c86c6bc3e2298be73cde7992f4430ebe6b39ddd5d9fa1cfc356,7e6bab01e9d6b0298352c3d96c8f671d95a236c9e60e60360e5c70a016b1f97e,Fixed-Dc,1,74698,-0.003019429809714924,-0.0032962985559384927,0.0,0,0,0,0
0.7,800000,1016,11,6dae56f0c6dd6c86c6bc3e2298be73cde7992f4430ebe6b39ddd5d9fa1cfc356,7e6bab01e9d6b0298352c3d96c8f671d95a236c9e60e60360e5c70a016b1f97e,Fixed-Dc,2,240952,-0.00737399233965319,-0.006117904590442147,0,0,0,0,0
0.7,800000,1016,11,6dae56f0c6dd6c86c6bc3e2298be73cde7992f4430ebe6b39ddd5d9fa1cfc356,7e6bab01e9d6b0298352c3d96c8f671d95a236c9e60e60360e5c70a016b1f97e,Fixed-Dc,3,-256731,0.0021703520425733203,0.003595330231265015,0,0,0,0,0
0.7,800000,1016,11,6dae56f0c6dd6c86c6bc3e2298be73cde7992f4430ebe6b39ddd5d9fa1cfc356,7e6bab01e9d6b0298352c3d96c8f671d95a236c9e60e60360e5c70a016b1f97e,Fixed-Dc,4,166126,-0.00043021226001555,-0.0013841552565265203,0,0,0,0,0
0.7,800000,1016,11,6dae56f0c6dd6c86c6bc3e2298be73cde7992f4430ebe6b39ddd5d9fa1cfc356,7e6bab01e9d6b0298352c3d96c8f671d95a236c9e60e60360e5c70a016b1f97e,Decoupled,1,0,,,,,,0,0
0.7,800000,1016,11,6dae56f0c6dd6c86c6bc3e2298be73cde7992f4430ebe6b39ddd5d9fa1cfc356,7e6bab01e9d6b0298352c3d96c8f671d95a236c9e60e60360e5c70a016b1f97e,Decoupled,2,543397,,,,,,0,0
0.7,800000,1016,11,6dae56f0c6dd6c86c6bc3e2298be73cde7992f4430ebe6b39ddd5d9fa1cfc356,7e6bab01e9d6b0298352c3d96c8f671d95a236c9e60e60360e5c70a016b1f97e,Decoupled,3,-497683,,,,,,0,0
0.7,800000,1016,11,6dae56f0c6dd6c86c6bc3e2298be73cde7992f4430ebe6b39ddd5d9fa1cfc356,7e6bab01e9d6b0298352c3d96c8f671d95a236c9e60e60360e5c70a016b1f97e,Decoupled,4,45714,,,,,,0,0
0.7,800000,1017,7,40906a2e1317bd77c34a4728f9a04eeb230c26a9af65f84013fd8618da387e7d,7e6bab01e9d6b0298352c3d96c8f671d95a236c9e60e60360e5c70a016b1f97e,No-Dq-R,1,0,0.0,0.0,0.0,0,0,0,0
0.7,800000,1017,7,40906a2e1317bd77c34a4728f9a04eeb230c26a9af65f84013fd8618da387e7d,7e6bab01e9d6b0298352c3d96c8f671d95a236c9e60e60360e5c70a016b1f97e,No-Dq-R,2,-12322,0.020556349346284364,0.02230471992373073,0,0,0,0,0
0.7,800000,1017,7,40906a2e1317bd77c34a4728f9a04eeb230c26a9af65f84013fd8618da387e7d,7e6bab01e9d6b0298352c3d96c8f671d95a236c9e60e60360e5c70a016b1f97e,No-Dq-R,3,-2266286,0.0818542175104176,0.07156223549587981,0,0,0,0,0
0.7,800000,1017,7,40906a2e1317bd77c34a4728f9a04eeb230c26a9af65f84013fd8618da387e7d,7e6bab01e9d6b0298352c3d96c8f671d95a236c9e60e60360e5c70a016b1f97e,No-Dq-R,4,-2354286,0.05001804407269955,0.05903179292909966,0,0,0,0,0
0.7,800000,1017,7,40906a2e1317bd77c34a4728f9a04eeb230c26a9af65f84013fd8618da387e7d,7e6bab01e9d6b0298352c3d96c8f671d95a236c9e60e60360e5c70a016b1f97e,Fixed-Dc,1,-169583,0.007991266929129881,0.007330307220958621,0.0,0,0,0,0
0.7,800000,1017,7,40906a2e1317bd77c34a4728f9a04eeb230c26a9af65f84013fd8618da387e7d,7e6bab01e9d6b0298352c3d96c8f671d95a236c9e60e60360e5c70a016b1f97e,Fixed-Dc,2,240952,-0.00737399233965319,-0.006117904590442147,0,0,0,0,0
0.7,800000,1017,7,40906a2e1317bd77c34a4728f9a04eeb230c26a9af65f84013fd8618da387e7d,7e6bab01e9d6b0298352c3d96c8f671d95a236c9e60e60360e5c70a016b1f97e,Fixed-Dc,3,-501012,0.010062160187324531,0.006888142385604479,0,0,0,0,0
0.7,800000,1017,7,40906a2e1317bd77c34a4728f9a04eeb230c26a9af65f84013fd8618da387e7d,7e6bab01e9d6b0298352c3d96c8f671d95a236c9e60e60360e5c70a016b1f97e,Fixed-Dc,4,-78155,0.00018949332212697678,0.000639806304812196,0,0,0,0,0
0.7,800000,1017,7,40906a2e1317bd77c34a4728f9a04eeb230c26a9af65f84013fd8618da387e7d,7e6bab01e9d6b0298352c3d96c8f671d95a236c9e60e60360e5c70a016b1f97e,Decoupled,1,0,,,,,,0,0
0.7,800000,1017,7,40906a2e1317bd77c34a4728f9a04eeb230c26a9af65f84013fd8618da387e7d,7e6bab01e9d6b0298352c3d96c8f671d95a236c9e60e60360e5c70a016b1f97e,Decoupled,2,787678,,,,,,0,0
0.7,800000,1017,7,40906a2e1317bd77c34a4728f9a04eeb230c26a9af65f84013fd8618da387e7d,7e6bab01e9d6b0298352c3d96c8f671d95a236c9e60e60360e5c70a016b1f97e,Decoupled,3,-666286,,,,,,0,0
0.7,800000,1017,7,40906a2e1317bd77c34a4728f9a04eeb230c26a9af65f84013fd8618da387e7d,7e6bab01e9d6b0298352c3d96c8f671d95a236c9e60e60360e5c70a016b1f97e,Decoupled,4,45714,,,,,,0,0
0.7,800000,1017,11,40906a2e1317bd77c34a4728f9a04eeb230c26a9af65f84013fd8618da387e7d,7e6bab01e9d6b0298352c3d96c8f671d95a236c9e60e60360e5c70a016b1f97e,No-Dq-R,1,0,0.0,0.0,0.0,0,0,0,0
0.7,800000,1017,11,40906a2e1317bd77c34a4728f9a04eeb230c26a9af65f84013fd8618da387e7d,7e6bab01e9d6b0298352c3d96c8f671d95a236c9e60e60360e5c70a016b1f97e,No-Dq-R,2,-12322,0.020556349346284364,0.02230471992373073,0,0,0,0,0
0.7,800000,1017,11,40906a2e1317bd77c34a4728f9a04eeb230c26a9af65f84013fd8618da387e7d,7e6bab01e9d6b0298352c3d96c8f671d95a236c9e60e60360e5c70a016b1f97e,No-Dq-R,3,-2266286,0.06267052787105454,0.07156223549587981,0,0,0,0,0
0.7,800000,1017,11,40906a2e1317bd77c34a4728f9a04eeb230c26a9af65f84013fd8618da387e7d,7e6bab01e9d6b0298352c3d96c8f671d95a236c9e60e60360e5c70a016b1f97e,No-Dq-R,4,-2354286,0.05001804407269955,0.05903179292909966,0,0,0,0,0
0.7,800000,1017,11,40906a2e1317bd77c34a4728f9a04eeb230c26a9af65f84013fd8618da387e7d,7e6bab01e9d6b0298352c3d96c8f671d95a236c9e60e60360e5c70a016b1f97e,Fixed-Dc,1,-169583,0.006688704532999745,0.007330307220958621,0.0,0,0,0,0
0.7,800000,1017,11,40906a2e1317bd77c34a4728f9a04eeb230c26a9af65f84013fd8618da387e7d,7e6bab01e9d6b0298352c3d96c8f671d95a236c9e60e60360e5c70a016b1f97e,Fixed-Dc,2,240952,-0.00737399233965319,-0.006117904590442147,0,0,0,0,0
0.7,800000,1017,11,40906a2e1317bd77c34a4728f9a04eeb230c26a9af65f84013fd8618da387e7d,7e6bab01e9d6b0298352c3d96c8f671d95a236c9e60e60360e5c70a016b1f97e,Fixed-Dc,3,-501012,0.004092433514323479,0.006888142385604479,0,0,0,0,0
0.7,800000,1017,11,40906a2e1317bd77c34a4728f9a04eeb230c26a9af65f84013fd8618da387e7d,7e6bab01e9d6b0298352c3d96c8f671d95a236c9e60e60360e5c70a016b1f97e,Fixed-Dc,4,-78155,0.00018949332212697678,0.000639806304812196,0,0,0,0,0
0.7,800000,1017,11,40906a2e1317bd77c34a4728f9a04eeb230c26a9af65f84013fd8618da387e7d,7e6bab01e9d6b0298352c3d96c8f671d95a236c9e60e60360e5c70a016b1f97e,Decoupled,1,0,,,,,,0,0
0.7,800000,1017,11,40906a2e1317bd77c34a4728f9a04eeb230c26a9af65f84013fd8618da387e7d,7e6bab01e9d6b0298352c3d96c8f671d95a236c9e60e60360e5c70a016b1f97e,Decoupled,2,787678,,,,,,0,0
0.7,800000,1017,11,40906a2e1317bd77c34a4728f9a04eeb230c26a9af65f84013fd8618da387e7d,7e6bab01e9d6b0298352c3d96c8f671d95a236c9e60e60360e5c70a016b1f97e,Decoupled,3,-666286,,,,,,0,0
0.7,800000,1017,11,40906a2e1317bd77c34a4728f9a04eeb230c26a9af65f84013fd8618da387e7d,7e6bab01e9d6b0298352c3d96c8f671d95a236c9e60e60360e5c70a016b1f97e,Decoupled,4,45714,,,,,,0,0
0.7,800000,1018,7,57367d11a3f84da940e377d9314f0e379089431886b0267d227f751db3e21b0e,7e6bab01e9d6b0298352c3d96c8f671d95a236c9e60e60360e5c70a016b1f97e,No-Dq-R,1,0,0.0,0.0,0.0,0,0,0,0
0.7,800000,1018,7,57367d11a3f84da940e377d9314f0e379089431886b0267d227f751db3e21b0e,7e6bab01e9d6b0298352c3d96c8f671d95a236c9e60e60360e5c70a016b1f97e,No-Dq-R,2,-195493,0.02705046663321309,0.027910631961885923,0,0,0,0,0
0.7,800000,1018,7,57367d11a3f84da940e377d9314f0e379089431886b0267d227f751db3e21b0e,7e6bab01e9d6b0298352c3d96c8f671d95a236c9e60e60360e5c70a016b1f97e,No-Dq-R,3,-2158793,0.08056730406847218,0.07105202572334213,0,0,0,0,0
0.7,800000,1018,7,57367d11a3f84da940e377d9314f0e379089431886b0267d227f751db3e21b0e,7e6bab01e9d6b0298352c3d96c8f671d95a236c9e60e60360e5c70a016b1f97e,No-Dq-R,4,-2354286,0.05202696901631049,0.06095369721921068,0,0,0,0,0
0.7,800000,1018,7,57367d11a3f84da940e377d9314f0e379089431886b0267d227f751db3e21b0e,7e6bab01e9d6b0298352c3d96c8f671d95a236c9e60e60360e5c70a016b1f97e,Fixed-Dc,1,13588,-0.0006486679021868724,-0.000596512310910402,0.0,0,0,0,0
0.7,800000,1018,7,57367d11a3f84da940e377d9314f0e379089431886b0267d227f751db3e21b0e,7e6bab01e9d6b0298352c3d96c8f671d95a236c9e60e60360e5c70a016b1f97e,Fixed-Dc,2,240952,-0.00737399233965319,-0.006117904590442147,0,0,0,0,0
0.7,800000,1018,7,57367d11a3f84da940e377d9314f0e379089431886b0267d227f751db3e21b0e,7e6bab01e9d6b0298352c3d96c8f671d95a236c9e60e60360e5c70a016b1f97e,Fixed-Dc,3,-317841,0.006436177730308801,0.004430572164658142,0,0,0,0,0
0.7,800000,1018,7,57367d11a3f84da940e377d9314f0e379089431886b0267d227f751db3e21b0e,7e6bab01e9d6b0298352c3d96c8f671d95a236c9e60e60360e5c70a016b1f97e,Fixed-Dc,4,105016,-0.0002675702618026299,-0.0008711238065948201,0,0,0,0,0
0.7,800000,1018,7,57367d11a3f84da940e377d9314f0e379089431886b0267d227f751db3e21b0e,7e6bab01e9d6b0298352c3d96c8f671d95a236c9e60e60360e5c70a016b1f97e,Decoupled,1,0,,,,,,0,0
0.7,800000,1018,7,57367d11a3f84da940e377d9314f0e379089431886b0267d227f751db3e21b0e,7e6bab01e9d6b0298352c3d96c8f671d95a236c9e60e60360e5c70a016b1f97e,Decoupled,2,604507,,,,,,0,0
0.7,800000,1018,7,57367d11a3f84da940e377d9314f0e379089431886b0267d227f751db3e21b0e,7e6bab01e9d6b0298352c3d96c8f671d95a236c9e60e60360e5c70a016b1f97e,Decoupled,3,-558793,,,,,,0,0
0.7,800000,1018,7,57367d11a3f84da940e377d9314f0e379089431886b0267d227f751db3e21b0e,7e6bab01e9d6b0298352c3d96c8f671d95a236c9e60e60360e5c70a016b1f97e,Decoupled,4,45714,,,,,,0,0
0.7,800000,1018,11,57367d11a3f84da940e377d9314f0e379089431886b0267d227f751db3e21b0e,7e6bab01e9d6b0298352c3d96c8f671d95a236c9e60e60360e5c70a016b1f97e,No-Dq-R,1,0,0.0,0.0,0.0,0,0,0,0
0.7,800000,1018,11,57367d11a3f84da940e377d9314f0e379089431886b0267d227f751db3e21b0e,7e6bab01e9d6b0298352c3d96c8f671d95a236c9e60e60360e5c70a016b1f97e,No-Dq-R,2,-195493,0.02705046663321309,0.027910631961885923,0,0,0,0,0
0.7,800000,1018,11,57367d11a3f84da940e377d9314f0e379089431886b0267d227f751db3e21b0e,7e6bab01e9d6b0298352c3d96c8f671d95a236c9e60e60360e5c70a016b1f97e,No-Dq-R,3,-2158793,0.06282489371045763,0.07105202572334213,0,0,0,0,0
0.7,800000,1018,11,57367d11a3f84da940e377d9314f0e379089431886b0267d227f751db3e21b0e,7e6bab01e9d6b0298352c3d96c8f671d95a236c9e60e60360e5c70a016b1f97e,No-Dq-R,4,-2354286,0.05202696901631049,0.06095369721921068,0,0,0,0,0
0.7,800000,1018,11,57367d11a3f84da940e377d9314f0e379089431886b0267d227f751db3e21b0e,7e6bab01e9d6b0298352c3d96c8f671d95a236c9e60e60360e5c70a016b1f97e,Fixed-Dc,1,13588,-0.0005458841604479847,-0.000596512310910402,0.0,0,0,0,0
0.7,800000,1018,11,57367d11a3f84da940e377d9314f0e379089431886b0267d227f751db3e21b0e,7e6bab01e9d6b0298352c3d96c8f671d95a236c9e60e60360e5c70a016b1f97e,Fixed-Dc,2,240952,-0.00737399233965319,-0.006117904590442147,0,0,0,0,0
0.7,800000,1018,11,57367d11a3f84da940e377d9314f0e379089431886b0267d227f751db3e21b0e,7e6bab01e9d6b0298352c3d96c8f671d95a236c9e60e60360e5c70a016b1f97e,Fixed-Dc,3,-317841,0.002664013303790458,0.004430572164658142,0,0,0,0,0
0.7,800000,1018,11,57367d11a3f84da940e377d9314f0e379089431886b0267d227f751db3e21b0e,7e6bab01e9d6b0298352c3d96c8f671d95a236c9e60e60360e5c70a016b1f97e,Fixed-Dc,4,105016,-0.0002675702618026299,-0.0008711238065948201,0,0,0,0,0
0.7,800000,1018,11,57367d11a3f84da940e377d9314f0e379089431886b0267d227f751db3e21b0e,7e6bab01e9d6b0298352c3d96c8f671d95a236c9e60e60360e5c70a016b1f97e,Decoupled,1,0,,,,,,0,0
0.7,800000,1018,11,57367d11a3f84da940e377d9314f0e379089431886b0267d227f751db3e21b0e,7e6bab01e9d6b0298352c3d96c8f671d95a236c9e60e60360e5c70a016b1f97e,Decoupled,2,604507,,,,,,0,0
0.7,800000,1018,11,57367d11a3f84da940e377d9314f0e379089431886b0267d227f751db3e21b0e,7e6bab01e9d6b0298352c3d96c8f671d95a236c9e60e60360e5c70a016b1f97e,Decoupled,3,-558793,,,,,,0,0
0.7,800000,1018,11,57367d11a3f84da940e377d9314f0e379089431886b0267d227f751db3e21b0e,7e6bab01e9d6b0298352c3d96c8f671d95a236c9e60e60360e5c70a016b1f97e,Decoupled,4,45714,,,,,,0,0
0.7,800000,1019,7,dc31d3f1ba5d69b331d0602815ef60e8a7142daeb3062433f22ecad3d266eedc,7e6bab01e9d6b0298352c3d96c8f671d95a236c9e60e60360e5c70a016b1f97e,No-Dq-R,1,0,0.0,0.0,0.0,0,0,0,0
0.7,800000,1019,7,dc31d3f1ba5d69b331d0602815ef60e8a7142daeb3062433f22ecad3d266eedc,7e6bab01e9d6b0298352c3d96c8f671d95a236c9e60e60360e5c70a016b1f97e,No-Dq-R,2,-1027282,0.05657390021847508,0.05344086120793756,0.9999999999999994,1,0,0,0
0.7,800000,1019,7,dc31d3f1ba5d69b331d0602815ef60e8a7142daeb3062433f22ecad3d266eedc,7e6bab01e9d6b0298352c3d96c8f671d95a236c9e60e60360e5c70a016b1f97e,No-Dq-R,3,-1372718,0.0621633786074991,0.05733871733674367,0,0,0,0,0
0.7,800000,1019,7,dc31d3f1ba5d69b331d0602815ef60e8a7142daeb3062433f22ecad3d266eedc,7e6bab01e9d6b0298352c3d96c8f671d95a236c9e60e60360e5c70a016b1f97e,No-Dq-R,4,-2354286,0.04748603577970062,0.05660547381834313,0,0,0,0,0
0.7,800000,1019,7,dc31d3f1ba5d69b331d0602815ef60e8a7142daeb3062433f22ecad3d266eedc,7e6bab01e9d6b0298352c3d96c8f671d95a236c9e60e60360e5c70a016b1f97e,Fixed-Dc,1,-409187,0.018961274932484118,0.017335504314992867,0.0,0,0,0,0
0.7,800000,1019,7,dc31d3f1ba5d69b331d0602815ef60e8a7142daeb3062433f22ecad3d266eedc,7e6bab01e9d6b0298352c3d96c8f671d95a236c9e60e60360e5c70a016b1f97e,Fixed-Dc,2,13670,-0.0004126765813825539,-0.00034072501121729104,0,0,0,0,0
0.7,800000,1019,7,dc31d3f1ba5d69b331d0602815ef60e8a7142daeb3062433f22ecad3d266eedc,7e6bab01e9d6b0298352c3d96c8f671d95a236c9e60e60360e5c70a016b1f97e,Fixed-Dc,3,240952,-0.005006431972393699,-0.003505556642715457,0,0,0,0,0
0.7,800000,1019,7,dc31d3f1ba5d69b331d0602815ef60e8a7142daeb3062433f22ecad3d266eedc,7e6bab01e9d6b0298352c3d96c8f671d95a236c9e60e60360e5c70a016b1f97e,Fixed-Dc,4,-317759,0.0007205131967134015,0.002557171360183741,0,0,0,0,0
0.7,800000,1019,7,dc31d3f1ba5d69b331d0602815ef60e8a7142daeb3062433f22ecad3d266eedc,7e6bab01e9d6b0298352c3d96c8f671d95a236c9e60e60360e5c70a016b1f97e,Decoupled,1,0,,,,,,0,0
0.7,800000,1019,7,dc31d3f1ba5d69b331d0602815ef60e8a7142daeb3062433f22ecad3d266eedc,7e6bab01e9d6b0298352c3d96c8f671d95a236c9e60e60360e5c70a016b1f97e,Decoupled,2,-227282,,,,,,0,0
0.7,800000,1019,7,dc31d3f1ba5d69b331d0602815ef60e8a7142daeb3062433f22ecad3d266eedc,7e6bab01e9d6b0298352c3d96c8f671d95a236c9e60e60360e5c70a016b1f97e,Decoupled,3,227282,,,,,,0,0
0.7,800000,1019,7,dc31d3f1ba5d69b331d0602815ef60e8a7142daeb3062433f22ecad3d266eedc,7e6bab01e9d6b0298352c3d96c8f671d95a236c9e60e60360e5c70a016b1f97e,Decoupled,4,45714,,,,,,0,0
0.7,800000,1019,11,dc31d3f1ba5d69b331d0602815ef60e8a7142daeb3062433f22ecad3d266eedc,7e6bab01e9d6b0298352c3d96c8f671d95a236c9e60e60360e5c70a016b1f97e,No-Dq-R,1,0,0.0,0.0,0.0,0,0,0,0
0.7,800000,1019,11,dc31d3f1ba5d69b331d0602815ef60e8a7142daeb3062433f22ecad3d266eedc,7e6bab01e9d6b0298352c3d96c8f671d95a236c9e60e60360e5c70a016b1f97e,No-Dq-R,2,-1027282,0.05657390021847508,0.05344086120793756,0.9999999999999994,1,0,0,0
0.7,800000,1019,11,dc31d3f1ba5d69b331d0602815ef60e8a7142daeb3062433f22ecad3d266eedc,7e6bab01e9d6b0298352c3d96c8f671d95a236c9e60e60360e5c70a016b1f97e,No-Dq-R,3,-1372718,0.05330224075516943,0.05733871733674367,0,0,0,0,0
0.7,800000,1019,11,dc31d3f1ba5d69b331d0602815ef60e8a7142daeb3062433f22ecad3d266eedc,7e6bab01e9d6b0298352c3d96c8f671d95a236c9e60e60360e5c70a016b1f97e,No-Dq-R,4,-2354286,0.04748603577970062,0.05660547381834313,0,0,0,0,0
0.7,800000,1019,11,dc31d3f1ba5d69b331d0602815ef60e8a7142daeb3062433f22ecad3d266eedc,7e6bab01e9d6b0298352c3d96c8f671d95a236c9e60e60360e5c70a016b1f97e,Fixed-Dc,1,-409187,0.015757346395090965,0.017335504314992867,0.0,0,0,0,0
0.7,800000,1019,11,dc31d3f1ba5d69b331d0602815ef60e8a7142daeb3062433f22ecad3d266eedc,7e6bab01e9d6b0298352c3d96c8f671d95a236c9e60e60360e5c70a016b1f97e,Fixed-Dc,2,13670,-0.0004126765813825539,-0.00034072501121729104,0,0,0,0,0
0.7,800000,1019,11,dc31d3f1ba5d69b331d0602815ef60e8a7142daeb3062433f22ecad3d266eedc,7e6bab01e9d6b0298352c3d96c8f671d95a236c9e60e60360e5c70a016b1f97e,Fixed-Dc,3,240952,-0.0021835695790024534,-0.003505556642715457,0,0,0,0,0
0.7,800000,1019,11,dc31d3f1ba5d69b331d0602815ef60e8a7142daeb3062433f22ecad3d266eedc,7e6bab01e9d6b0298352c3d96c8f671d95a236c9e60e60360e5c70a016b1f97e,Fixed-Dc,4,-317759,0.0007205131967134015,0.002557171360183741,0,0,0,0,0
0.7,800000,1019,11,dc31d3f1ba5d69b331d0602815ef60e8a7142daeb3062433f22ecad3d266eedc,7e6bab01e9d6b0298352c3d96c8f671d95a236c9e60e60360e5c70a016b1f97e,Decoupled,1,0,,,,,,0,0
0.7,800000,1019,11,dc31d3f1ba5d69b331d0602815ef60e8a7142daeb3062433f22ecad3d266eedc,7e6bab01e9d6b0298352c3d96c8f671d95a236c9e60e60360e5c70a016b1f97e,Decoupled,2,-227282,,,,,,0,0
0.7,800000,1019,11,dc31d3f1ba5d69b331d0602815ef60e8a7142daeb3062433f22ecad3d266eedc,7e6bab01e9d6b0298352c3d96c8f671d95a236c9e60e60360e5c70a016b1f97e,Decoupled,3,227282,,,,,,0,0
0.7,800000,1019,11,dc31d3f1ba5d69b331d0602815ef60e8a7142daeb3062433f22ecad3d266eedc,7e6bab01e9d6b0298352c3d96c8f671d95a236c9e60e60360e5c70a016b1f97e,Decoupled,4,45714,,,,,,0,0
0.7,800000,1020,7,3e6df1a5abf321c958afab9a749045e483f6e1bfccd594326c9baf25ba4fbafb,7e6bab01e9d6b0298352c3d96c8f671d95a236c9e60e60360e5c70a016b1f97e,No-Dq-R,1,0,0.0,0.0,0.0,0,0,0,0
0.7,800000,1020,7,3e6df1a5abf321c958afab9a749045e483f6e1bfccd594326c9baf25ba4fbafb,7e6bab01e9d6b0298352c3d96c8f671d95a236c9e60e60360e5c70a016b1f97e,No-Dq-R,2,-1089143,0.05753744681451067,0.05399637930434592,0,0,0,0,0
0.7,800000,1020,7,3e6df1a5abf321c958afab9a749045e483f6e1bfccd594326c9baf25ba4fbafb,7e6bab01e9d6b0298352c3d96c8f671d95a236c9e60e60360e5c70a016b1f97e,No-Dq-R,3,-1208223,0.057241781050802465,0.05328830584943561,0,0,0,0,0
0.7,800000,1020,7,3e6df1a5abf321c958afab9a749045e483f6e1bfccd594326c9baf25ba4fbafb,7e6bab01e9d6b0298352c3d96c8f671d95a236c9e60e60360e5c70a016b1f97e,No-Dq-R,4,-2354286,0.04580848778575147,0.05499526813310884,0.0,0,0,1,0
0.7,800000,1020,7,3e6df1a5abf321c958afab9a749045e483f6e1bfccd594326c9baf25ba4fbafb,7e6bab01e9d6b0298352c3d96c8f671d95a236c9e60e60360e5c70a016b1f97e,Fixed-Dc,1,-573682,0.026282510296334993,0.023974069345496174,0.0,0,0,0,0
0.7,800000,1020,7,3e6df1a5abf321c958afab9a749045e483f6e1bfccd594326c9baf25ba4fbafb,7e6bab01e9d6b0298352c3d96c8f671d95a236c9e60e60360e5c70a016b1f97e,Fixed-Dc,2,-150825,0.004508920975314079,0.0037096864760907677,0,0,0,0,0
0.7,800000,1020,7,3e6df1a5abf321c958afab9a749045e483f6e1bfccd594326c9baf25ba4fbafb,7e6bab01e9d6b0298352c3d96c8f671d95a236c9e60e60360e5c70a016b1f97e,Fixed-Dc,3,240952,-0.005006431972393699,-0.003505556642715457,0,0,0,0,0
0.7,800000,1020,7,3e6df1a5abf321c958afab9a749045e483f6e1bfccd594326c9baf25ba4fbafb,7e6bab01e9d6b0298352c3d96c8f671d95a236c9e60e60360e5c70a016b1f97e,Fixed-Dc,4,-482254,0.0010427883517752923,0.003836030201218088,0.0,0,0,1,0
0.7,800000,1020,7,3e6df1a5abf321c958afab9a749045e483f6e1bfccd594326c9baf25ba4fbafb,7e6bab01e9d6b0298352c3d96c8f671d95a236c9e60e60360e5c70a016b1f97e,Decoupled,1,0,,,,,,0,0
0.7,800000,1020,7,3e6df1a5abf321c958afab9a749045e483f6e1bfccd594326c9baf25ba4fbafb,7e6bab01e9d6b0298352c3d96c8f671d95a236c9e60e60360e5c70a016b1f97e,Decoupled,2,-289143,,,,,,0,0
0.7,800000,1020,7,3e6df1a5abf321c958afab9a749045e483f6e1bfccd594326c9baf25ba4fbafb,7e6bab01e9d6b0298352c3d96c8f671d95a236c9e60e60360e5c70a016b1f97e,Decoupled,3,391777,,,,,,0,0
0.7,800000,1020,7,3e6df1a5abf321c958afab9a749045e483f6e1bfccd594326c9baf25ba4fbafb,7e6bab01e9d6b0298352c3d96c8f671d95a236c9e60e60360e5c70a016b1f97e,Decoupled,4,45714,,,,,,0,0
0.7,800000,1020,11,3e6df1a5abf321c958afab9a749045e483f6e1bfccd594326c9baf25ba4fbafb,7e6bab01e9d6b0298352c3d96c8f671d95a236c9e60e60360e5c70a016b1f97e,No-Dq-R,1,0,0.0,0.0,0.0,0,0,0,0
0.7,800000,1020,11,3e6df1a5abf321c958afab9a749045e483f6e1bfccd594326c9baf25ba4fbafb,7e6bab01e9d6b0298352c3d96c8f671d95a236c9e60e60360e5c70a016b1f97e,No-Dq-R,2,-1089143,0.05753744681451067,0.05399637930434592,0,0,0,0,0
0.7,800000,1020,11,3e6df1a5abf321c958afab9a749045e483f6e1bfccd594326c9baf25ba4fbafb,7e6bab01e9d6b0298352c3d96c8f671d95a236c9e60e60360e5c70a016b1f97e,No-Dq-R,3,-1208223,0.0500626671311018,0.05328830584943561,0,0,0,0,0
0.7,800000,1020,11,3e6df1a5abf321c958afab9a749045e483f6e1bfccd594326c9baf25ba4fbafb,7e6bab01e9d6b0298352c3d96c8f671d95a236c9e60e60360e5c70a016b1f97e,No-Dq-R,4,-2354286,0.04580848778575147,0.05499526813310884,0.0,0,0,1,0
0.7,800000,1020,11,3e6df1a5abf321c958afab9a749045e483f6e1bfccd594326c9baf25ba4fbafb,7e6bab01e9d6b0298352c3d96c8f671d95a236c9e60e60360e5c70a016b1f97e,Fixed-Dc,1,-573682,0.021733233934893126,0.023974069345496174,0.0,0,0,0,0
0.7,800000,1020,11,3e6df1a5abf321c958afab9a749045e483f6e1bfccd594326c9baf25ba4fbafb,7e6bab01e9d6b0298352c3d96c8f671d95a236c9e60e60360e5c70a016b1f97e,Fixed-Dc,2,-150825,0.004508920975314079,0.0037096864760907677,0,0,0,0,0
0.7,800000,1020,11,3e6df1a5abf321c958afab9a749045e483f6e1bfccd594326c9baf25ba4fbafb,7e6bab01e9d6b0298352c3d96c8f671d95a236c9e60e60360e5c70a016b1f97e,Fixed-Dc,3,240952,-0.0021835695790024534,-0.003505556642715457,0,0,0,0,0
0.7,800000,1020,11,3e6df1a5abf321c958afab9a749045e483f6e1bfccd594326c9baf25ba4fbafb,7e6bab01e9d6b0298352c3d96c8f671d95a236c9e60e60360e5c70a016b1f97e,Fixed-Dc,4,-482254,0.0010427883517752923,0.003836030201218088,0.0,0,0,1,0
0.7,800000,1020,11,3e6df1a5abf321c958afab9a749045e483f6e1bfccd594326c9baf25ba4fbafb,7e6bab01e9d6b0298352c3d96c8f671d95a236c9e60e60360e5c70a016b1f97e,Decoupled,1,0,,,,,,0,0
0.7,800000,1020,11,3e6df1a5abf321c958afab9a749045e483f6e1bfccd594326c9baf25ba4fbafb,7e6bab01e9d6b0298352c3d96c8f671d95a236c9e60e60360e5c70a016b1f97e,Decoupled,2,-289143,,,,,,0,0
0.7,800000,1020,11,3e6df1a5abf321c958afab9a749045e483f6e1bfccd594326c9baf25ba4fbafb,7e6bab01e9d6b0298352c3d96c8f671d95a236c9e60e60360e5c70a016b1f97e,Decoupled,3,391777,,,,,,0,0
0.7,800000,1020,11,3e6df1a5abf321c958afab9a749045e483f6e1bfccd594326c9baf25ba4fbafb,7e6bab01e9d6b0298352c3d96c8f671d95a236c9e60e60360e5c70a016b1f97e,Decoupled,4,45714,,,,,,0,0
0.7,800000,1021,7,8cad4f3147c40b154861e1e8553da2464786287bd1a56d7897df076f4d39b675,7e6bab01e9d6b0298352c3d96c8f671d95a236c9e60e60360e5c70a016b1f97e,No-Dq-R,1,0,0.0,0.0,0.0,0,0,0,0
0.7,800000,1021,7,8cad4f3147c40b154861e1e8553da2464786287bd1a56d7897df076f4d39b675,7e6bab01e9d6b0298352c3d96c8f671d95a236c9e60e60360e5c70a016b1f97e,No-Dq-R,2,-892123,0.05245712133549374,0.05003104819823245,0.9999999999999994,1,0,0,0
0.7,800000,1021,7,8cad4f3147c40b154861e1e8553da2464786287bd1a56d7897df076f4d39b675,7e6bab01e9d6b0298352c3d96c8f671d95a236c9e60e60360e5c70a016b1f97e,No-Dq-R,3,-1488000,0.065670534184464,0.060242366402983416,0,0,0,0,0
0.7,800000,1021,7,8cad4f3147c40b154861e1e8553da2464786287bd1a56d7897df076f4d39b675,7e6bab01e9d6b0298352c3d96c8f671d95a236c9e60e60360e5c70a016b1f97e,No-Dq-R,4,-2354286,0.04890119414997174,0.057962135013988614,0,0,0,0,0
0.7,800000,1021,7,8cad4f3147c40b154861e1e8553da2464786287bd1a56d7897df076f4d39b675,7e6bab01e9d6b0298352c3d96c8f671d95a236c9e60e60360e5c70a016b1f97e,Fixed-Dc,1,-274028,0.012818589028526839,0.011741447408887051,0.0,0,0,0,0
0.7,800000,1021,7,8cad4f3147c40b154861e1e8553da2464786287bd1a56d7897df076f4d39b675,7e6bab01e9d6b0298352c3d96c8f671d95a236c9e60e60360e5c70a016b1f97e,Fixed-Dc,2,148829,-0.004529455464363896,-0.0037505380209224004,0,0,0,0,0
0.7,800000,1021,7,8cad4f3147c40b154861e1e8553da2464786287bd1a56d7897df076f4d39b675,7e6bab01e9d6b0298352c3d96c8f671d95a236c9e60e60360e5c70a016b1f97e,Fixed-Dc,3,240952,-0.005006431972393699,-0.003505556642715457,0,0,0,0,0
0.7,800000,1021,7,8cad4f3147c40b154861e1e8553da2464786287bd1a56d7897df076f4d39b675,7e6bab01e9d6b0298352c3d96c8f671d95a236c9e60e60360e5c70a016b1f97e,Fixed-Dc,4,-182600,0.00043011853416441426,0.0014836936728002126,0,0,0,0,0
0.7,800000,1021,7,8cad4f3147c40b154861e1e8553da2464786287bd1a56d7897df076f4d39b675,7e6bab01e9d6b0298352c3d96c8f671d95a236c9e60e60360e5c70a016b1f97e,Decoupled,1,0,,,,,,0,0
0.7,800000,1021,7,8cad4f3147c40b154861e1e8553da2464786287bd1a56d7897df076f4d39b675,7e6bab01e9d6b0298352c3d96c8f671d95a236c9e60e60360e5c70a016b1f97e,Decoupled,2,-92123,,,,,,0,0
0.7,800000,1021,7,8cad4f3147c40b154861e1e8553da2464786287bd1a56d7897df076f4d39b675,7e6bab01e9d6b0298352c3d96c8f671d95a236c9e60e60360e5c70a016b1f97e,Decoupled,3,112000,,,,,,0,0
0.7,800000,1021,7,8cad4f3147c40b154861e1e8553da2464786287bd1a56d7897df076f4d39b675,7e6bab01e9d6b0298352c3d96c8f671d95a236c9e60e60360e5c70a016b1f97e,Decoupled,4,45714,,,,,,0,0
0.7,800000,1021,11,8cad4f3147c40b154861e1e8553da2464786287bd1a56d7897df076f4d39b675,7e6bab01e9d6b0298352c3d96c8f671d95a236c9e60e60360e5c70a016b1f97e,No-Dq-R,1,0,0.0,0.0,0.0,0,0,0,0
0.7,800000,1021,11,8cad4f3147c40b154861e1e8553da2464786287bd1a56d7897df076f4d39b675,7e6bab01e9d6b0298352c3d96c8f671d95a236c9e60e60360e5c70a016b1f97e,No-Dq-R,2,-892123,0.05245712133549374,0.05003104819823245,0.9999999999999994,1,0,0,0
0.7,800000,1021,11,8cad4f3147c40b154861e1e8553da2464786287bd1a56d7897df076f4d39b675,7e6bab01e9d6b0298352c3d96c8f671d95a236c9e60e60360e5c70a016b1f97e,No-Dq-R,3,-1488000,0.055644189001340216,0.060242366402983416,0,0,0,0,0
0.7,800000,1021,11,8cad4f3147c40b154861e1e8553da2464786287bd1a56d7897df076f4d39b675,7e6bab01e9d6b0298352c3d96c8f671d95a236c9e60e60360e5c70a016b1f97e,No-Dq-R,4,-2354286,0.04890119414997174,0.057962135013988614,0,0,0,0,0
0.7,800000,1021,11,8cad4f3147c40b154861e1e8553da2464786287bd1a56d7897df076f4d39b675,7e6bab01e9d6b0298352c3d96c8f671d95a236c9e60e60360e5c70a016b1f97e,Fixed-Dc,1,-274028,0.010695851210012597,0.011741447408887051,0.0,0,0,0,0
0.7,800000,1021,11,8cad4f3147c40b154861e1e8553da2464786287bd1a56d7897df076f4d39b675,7e6bab01e9d6b0298352c3d96c8f671d95a236c9e60e60360e5c70a016b1f97e,Fixed-Dc,2,148829,-0.004529455464363896,-0.0037505380209224004,0,0,0,0,0
0.7,800000,1021,11,8cad4f3147c40b154861e1e8553da2464786287bd1a56d7897df076f4d39b675,7e6bab01e9d6b0298352c3d96c8f671d95a236c9e60e60360e5c70a016b1f97e,Fixed-Dc,3,240952,-0.0021835695790024534,-0.003505556642715457,0,0,0,0,0
0.7,800000,1021,11,8cad4f3147c40b154861e1e8553da2464786287bd1a56d7897df076f4d39b675,7e6bab01e9d6b0298352c3d96c8f671d95a236c9e60e60360e5c70a016b1f97e,Fixed-Dc,4,-182600,0.00043011853416441426,0.0014836936728002126,0,0,0,0,0
0.7,800000,1021,11,8cad4f3147c40b154861e1e8553da2464786287bd1a56d7897df076f4d39b675,7e6bab01e9d6b0298352c3d96c8f671d95a236c9e60e60360e5c70a016b1f97e,Decoupled,1,0,,,,,,0,0
0.7,800000,1021,11,8cad4f3147c40b154861e1e8553da2464786287bd1a56d7897df076f4d39b675,7e6bab01e9d6b0298352c3d96c8f671d95a236c9e60e60360e5c70a016b1f97e,Decoupled,2,-92123,,,,,,0,0
0.7,800000,1021,11,8cad4f3147c40b154861e1e8553da2464786287bd1a56d7897df076f4d39b675,7e6bab01e9d6b0298352c3d96c8f671d95a236c9e60e60360e5c70a016b1f97e,Decoupled,3,112000,,,,,,0,0
0.7,800000,1021,11,8cad4f3147c40b154861e1e8553da2464786287bd1a56d7897df076f4d39b675,7e6bab01e9d6b0298352c3d96c8f671d95a236c9e60e60360e5c70a016b1f97e,Decoupled,4,45714,,,,,,0,0
0.7,800000,1022,7,7c7c87d73654d65081db34cc78eec00f6201e20cb3f9dc718b28cfc2f83daa01,7e6bab01e9d6b0298352c3d96c8f671d95a236c9e60e60360e5c70a016b1f97e,No-Dq-R,1,0,0.0,0.0,0.0,0,0,0,0
0.7,800000,1022,7,7c7c87d73654d65081db34cc78eec00f6201e20cb3f9dc718b28cfc2f83daa01,7e6bab01e9d6b0298352c3d96c8f671d95a236c9e60e60360e5c70a016b1f97e,No-Dq-R,2,-1121139,0.058401435590773265,0.05468204298489465,0,0,0,0,0
0.7,800000,1022,7,7c7c87d73654d65081db34cc78eec00f6201e20cb3f9dc718b28cfc2f83daa01,7e6bab01e9d6b0298352c3d96c8f671d95a236c9e60e60360e5c70a016b1f97e,No-Dq-R,3,-1177143,0.0562352167412693,0.05243893419679402,0,0,0,0,0
0.7,800000,1022,7,7c7c87d73654d65081db34cc78eec00f6201e20cb3f9dc718b28cfc2f83daa01,7e6bab01e9d6b0298352c3d96c8f671d95a236c9e60e60360e5c70a016b1f97e,No-Dq-R,4,-2354286,0.0453942500388721,0.05459730741675878,0.0,0,0,1,0
0.7,800000,1022,7,7c7c87d73654d65081db34cc78eec00f6201e20cb3f9dc718b28cfc2f83daa01,7e6bab01e9d6b0298352c3d96c8f671d95a236c9e60e60360e5c70a016b1f97e,Fixed-Dc,1,240952,-0.011691385767419793,-0.010784645436539564,0.0,0,0,0,0
0.7,800000,1022,7,7c7c87d73654d65081db34cc78eec00f6201e20cb3f9dc718b28cfc2f83daa01,7e6bab01e9d6b0298352c3d96c8f671d95a236c9e60e60360e5c70a016b1f97e,Fixed-Dc,2,-192187,0.0057314333743901935,0.0047113191302200486,0,0,0,0,0
0.7,800000,1022,7,7c7c87d73654d65081db34cc78eec00f6201e20cb3f9dc718b28cfc2f83daa01,7e6bab01e9d6b0298352c3d96c8f671d95a236c9e60e60360e5c70a016b1f97e,Fixed-Dc,3,230670,-0.00479048388285086,-0.0033532956412277715,0,0,0,0,0
0.7,800000,1022,7,7c7c87d73654d65081db34cc78eec00f6201e20cb3f9dc718b28cfc2f83daa01,7e6bab01e9d6b0298352c3d96c8f671d95a236c9e60e60360e5c70a016b1f97e,Fixed-Dc,4,-523616,0.0011185576501556715,0.0041529197759517245,0.0,0,0,1,0
0.7,800000,1022,7,7c7c87d73654d65081db34cc78eec00f6201e20cb3f9dc718b28cfc2f83daa01,7e6bab01e9d6b0298352c3d96c8f671d95a236c9e60e60360e5c70a016b1f97e,Decoupled,1,0,,,,,,0,0
0.7,800000,1022,7,7c7c87d73654d65081db34cc78eec00f6201e20cb3f9dc718b28cfc2f83daa01,7e6bab01e9d6b0298352c3d96c8f671d95a236c9e60e60360e5c70a016b1f97e,Decoupled,2,-321139,,,,,,0,0
0.7,800000,1022,7,7c7c87d73654d65081db34cc78eec00f6201e20cb3f9dc718b28cfc2f83daa01,7e6bab01e9d6b0298352c3d96c8f671d95a236c9e60e60360e5c70a016b1f97e,Decoupled,3,422857,,,,,,0,0
0.7,800000,1022,7,7c7c87d73654d65081db34cc78eec00f6201e20cb3f9dc718b28cfc2f83daa01,7e6bab01e9d6b0298352c3d96c8f671d95a236c9e60e60360e5c70a016b1f97e,Decoupled,4,45714,,,,,,0,0
0.7,800000,1022,11,7c7c87d73654d65081db34cc78eec00f6201e20cb3f9dc718b28cfc2f83daa01,7e6bab01e9d6b0298352c3d96c8f671d95a236c9e60e60360e5c70a016b1f97e,No-Dq-R,1,0,0.0,0.0,0.0,0,0,0,0
0.7,800000,1022,11,7c7c87d73654d65081db34cc78eec00f6201e20cb3f9dc718b28cfc2f83daa01,7e6bab01e9d6b0298352c3d96c8f671d95a236c9e60e60360e5c70a016b1f97e,No-Dq-R,2,-1121139,0.058401435590773265,0.05468204298489465,0,0,0,0,0
0.7,800000,1022,11,7c7c87d73654d65081db34cc78eec00f6201e20cb3f9dc718b28cfc2f83daa01,7e6bab01e9d6b0298352c3d96c8f671d95a236c9e60e60360e5c70a016b1f97e,No-Dq-R,3,-1177143,0.049362778323431056,0.05243893419679402,0,0,0,0,0
0.7,800000,1022,11,7c7c87d73654d65081db34cc78eec00f6201e20cb3f9dc718b28cfc2f83daa01,7e6bab01e9d6b0298352c3d96c8f671d95a236c9e60e60360e5c70a016b1f97e,No-Dq-R,4,-2354286,0.0453942500388721,0.05459730741675878,0.0,0,0,1,0
0.7,800000,1022,11,7c7c87d73654d65081db34cc78eec00f6201e20cb3f9dc718b28cfc2f83daa01,7e6bab01e9d6b0298352c3d96c8f671d95a236c9e60e60360e5c70a016b1f97e,Fixed-Dc,1,240952,-0.009904460114528613,-0.010784645436539564,0.0,0,0,0,0
0.7,800000,1022,11,7c7c87d73654d65081db34cc78eec00f6201e20cb3f9dc718b28cfc2f83daa01,7e6bab01e9d6b0298352c3d96c8f671d95a236c9e60e60360e5c70a016b1f97e,Fixed-Dc,2,-192187,0.0057314333743901935,0.0047113191302200486,0,0,0,0,0
0.7,800000,1022,11,7c7c87d73654d65081db34cc78eec00f6201e20cb3f9dc718b28cfc2f83daa01,7e6bab01e9d6b0298352c3d96c8f671d95a236c9e60e60360e5c70a016b1f97e,Fixed-Dc,3,230670,-0.002087404846718155,-0.0033532956412277715,0,0,0,0,0
0.7,800000,1022,11,7c7c87d73654d65081db34cc78eec00f6201e20cb3f9dc718b28cfc2f83daa01,7e6bab01e9d6b0298352c3d96c8f671d95a236c9e60e60360e5c70a016b1f97e,Fixed-Dc,4,-523616,0.0011185576501556715,0.0041529197759517245,0.0,0,0,1,0
0.7,800000,1022,11,7c7c87d73654d65081db34cc78eec00f6201e20cb3f9dc718b28cfc2f83daa01,7e6bab01e9d6b0298352c3d96c8f671d95a236c9e60e60360e5c70a016b1f97e,Decoupled,1,0,,,,,,0,0
0.7,800000,1022,11,7c7c87d73654d65081db34cc78eec00f6201e20cb3f9dc718b28cfc2f83daa01,7e6bab01e9d6b0298352c3d96c8f671d95a236c9e60e60360e5c70a016b1f97e,Decoupled,2,-321139,,,,,,0,0
0.7,800000,1022,11,7c7c87d73654d65081db34cc78eec00f6201e20cb3f9dc718b28cfc2f83daa01,7e6bab01e9d6b0298352c3d96c8f671d95a236c9e60e60360e5c70a016b1f97e,Decoupled,3,422857,,,,,,0,0
0.7,800000,1022,11,7c7c87d73654d65081db34cc78eec00f6201e20cb3f9dc718b28cfc2f83daa01,7e6bab01e9d6b0298352c3d96c8f671d95a236c9e60e60360e5c70a016b1f97e,Decoupled,4,45714,,,,,,0,0
0.7,800000,1023,7,8074c2fe55de288e223c97a926ce69a06080dd49e136971ed84f3b44c7e54b80,7e6bab01e9d6b0298352c3d96c8f671d95a236c9e60e60360e5c70a016b1f97e,No-Dq-R,1,0,0.0,0.0,0.0,0,0,0,0
0.7,800000,1023,7,8074c2fe55de288e223c97a926ce69a06080dd49e136971ed84f3b44c7e54b80,7e6bab01e9d6b0298352c3d96c8f671d95a236c9e60e60360e5c70a016b1f97e,No-Dq-R,2,0,0.020113620503714513,0.02192158551462914,0,0,0,0,0
0.7,800000,1023,7,8074c2fe55de288e223c97a926ce69a06080dd49e136971ed84f3b44c7e54b80,7e6bab01e9d6b0298352c3d96c8f671d95a236c9e60e60360e5c70a016b1f97e,No-Dq-R,3,-2266286,0.08168525400051663,0.07137490826463988,0,0,0,0,0
0.7,800000,1023,7,8074c2fe55de288e223c97a926ce69a06080dd49e136971ed84f3b44c7e54b80,7e6bab01e9d6b0298352c3d96c8f671d95a236c9e60e60360e5c70a016b1f97e,No-Dq-R,4,-2354286,0.049854261362400065,0.05887498549586545,0,0,0,0,0
0.7,800000,1023,7,8074c2fe55de288e223c97a926ce69a06080dd49e136971ed84f3b44c7e54b80,7e6bab01e9d6b0298352c3d96c8f671d95a236c9e60e60360e5c70a016b1f97e,Fixed-Dc,1,-184780,0.008698078596360737,0.007976990201958967,0.0,0,0,0,0
0.7,800000,1023,7,8074c2fe55de288e223c97a926ce69a06080dd49e136971ed84f3b44c7e54b80,7e6bab01e9d6b0298352c3d96c8f671d95a236c9e60e60360e5c70a016b1f97e,Fixed-Dc,2,238077,-0.007284740019770086,-0.0060434856475163334,0,0,0,0,0
0.7,800000,1023,7,8074c2fe55de288e223c97a926ce69a06080dd49e136971ed84f3b44c7e54b80,7e6bab01e9d6b0298352c3d96c8f671d95a236c9e60e60360e5c70a016b1f97e,Fixed-Dc,3,-516209,0.010360339996245416,0.007088986632709016,0,0,0,0,0
0.7,800000,1023,7,8074c2fe55de288e223c97a926ce69a06080dd49e136971ed84f3b44c7e54b80,7e6bab01e9d6b0298352c3d96c8f671d95a236c9e60e60360e5c70a016b1f97e,Fixed-Dc,4,-93352,0.00022539642964847229,0.0007633818303892093,0,0,0,0,0
0.7,800000,1023,7,8074c2fe55de288e223c97a926ce69a06080dd49e136971ed84f3b44c7e54b80,7e6bab01e9d6b0298352c3d96c8f671d95a236c9e60e60360e5c70a016b1f97e,Decoupled,1,0,,,,,,0,0
0.7,800000,1023,7,8074c2fe55de288e223c97a926ce69a06080dd49e136971ed84f3b44c7e54b80,7e6bab01e9d6b0298352c3d96c8f671d95a236c9e60e60360e5c70a016b1f97e,Decoupled,2,800000,,,,,,0,0
0.7,800000,1023,7,8074c2fe55de288e223c97a926ce69a06080dd49e136971ed84f3b44c7e54b80,7e6bab01e9d6b0298352c3d96c8f671d95a236c9e60e60360e5c70a016b1f97e,Decoupled,3,-666286,,,,,,0,0
0.7,800000,1023,7,8074c2fe55de288e223c97a926ce69a06080dd49e136971ed84f3b44c7e54b80,7e6bab01e9d6b0298352c3d96c8f671d95a236c9e60e60360e5c70a016b1f97e,Decoupled,4,45714,,,,,,0,0
0.7,800000,1023,11,8074c2fe55de288e223c97a926ce69a06080dd49e136971ed84f3b44c7e54b80,7e6bab01e9d6b0298352c3d96c8f671d95a236c9e60e60360e5c70a016b1f97e,No-Dq-R,1,0,0.0,0.0,0.0,0,0,0,0
0.7,800000,1023,11,8074c2fe55de288e223c97a926ce69a06080dd49e136971ed84f3b44c7e54b80,7e6bab01e9d6b0298352c3d96c8f671d95a236c9e60e60360e5c70a016b1f97e,No-Dq-R,2,0,0.020113620503714513,0.02192158551462914,0,0,0,0,0
0.7,800000,1023,11,8074c2fe55de288e223c97a926ce69a06080dd49e136971ed84f3b44c7e54b80,7e6bab01e9d6b0298352c3d96c8f671d95a236c9e60e60360e5c70a016b1f97e,No-Dq-R,3,-2266286,0.06247096779167305,0.07137490826463988,0,0,0,0,0
0.7,800000,1023,11,8074c2fe55de288e223c97a926ce69a06080dd49e136971ed84f3b44c7e54b80,7e6bab01e9d6b0298352c3d96c8f671d95a236c9e60e60360e5c70a016b1f97e,No-Dq-R,4,-2354286,0.049854261362400065,0.05887498549586545,0,0,0,0,0
0.7,800000,1023,11,8074c2fe55de288e223c97a926ce69a06080dd49e136971ed84f3b44c7e54b80,7e6bab01e9d6b0298352c3d96c8f671d95a236c9e60e60360e5c70a016b1f97e,Fixed-Dc,1,-184780,0.007277019770502435,0.007976990201958967,0.0,0,0,0,0
0.7,800000,1023,11,8074c2fe55de288e223c97a926ce69a06080dd49e136971ed84f3b44c7e54b80,7e6bab01e9d6b0298352c3d96c8f671d95a236c9e60e60360e5c70a016b1f97e,Fixed-Dc,2,238077,-0.007284740019770086,-0.0060434856475163334,0,0,0,0,0
0.7,800000,1023,11,8074c2fe55de288e223c97a926ce69a06080dd49e136971ed84f3b44c7e54b80,7e6bab01e9d6b0298352c3d96c8f671d95a236c9e60e60360e5c70a016b1f97e,Fixed-Dc,3,-516209,0.004207543556183857,0.007088986632709016,0,0,0,0,0
0.7,800000,1023,11,8074c2fe55de288e223c97a926ce69a06080dd49e136971ed84f3b44c7e54b80,7e6bab01e9d6b0298352c3d96c8f671d95a236c9e60e60360e5c70a016b1f97e,Fixed-Dc,4,-93352,0.00022539642964847229,0.0007633818303892093,0,0,0,0,0
0.7,800000,1023,11,8074c2fe55de288e223c97a926ce69a06080dd49e136971ed84f3b44c7e54b80,7e6bab01e9d6b0298352c3d96c8f671d95a236c9e60e60360e5c70a016b1f97e,Decoupled,1,0,,,,,,0,0
0.7,800000,1023,11,8074c2fe55de288e223c97a926ce69a06080dd49e136971ed84f3b44c7e54b80,7e6bab01e9d6b0298352c3d96c8f671d95a236c9e60e60360e5c70a016b1f97e,Decoupled,2,800000,,,,,,0,0
0.7,800000,1023,11,8074c2fe55de288e223c97a926ce69a06080dd49e136971ed84f3b44c7e54b80,7e6bab01e9d6b0298352c3d96c8f671d95a236c9e60e60360e5c70a016b1f97e,Decoupled,3,-666286,,,,,,0,0
0.7,800000,1023,11,8074c2fe55de288e223c97a926ce69a06080dd49e136971ed84f3b44c7e54b80,7e6bab01e9d6b0298352c3d96c8f671d95a236c9e60e60360e5c70a016b1f97e,Decoupled,4,45714,,,,,,0,0
0.7,800000,1024,7,5a86dfbb56363cfe2b77334f61b0101ba6f9d35c799cd77e659ed0b342496ab6,7e6bab01e9d6b0298352c3d96c8f671d95a236c9e60e60360e5c70a016b1f97e,No-Dq-R,1,0,0.0,0.0,0.0,0,0,0,0
0.7,800000,1024,7,5a86dfbb56363cfe2b77334f61b0101ba6f9d35c799cd77e659ed0b342496ab6,7e6bab01e9d6b0298352c3d96c8f671d95a236c9e60e60360e5c70a016b1f97e,No-Dq-R,2,-995555,0.05561351054474106,0.052647149730264076,0.9999999999999994,1,0,0,0
0.7,800000,1024,7,5a86dfbb56363cfe2b77334f61b0101ba6f9d35c799cd77e659ed0b342496ab6,7e6bab01e9d6b0298352c3d96c8f671d95a236c9e60e60360e5c70a016b1f97e,No-Dq-R,3,-1404445,0.06312376828123323,0.05813242881441716,0,0,0,0,0
0.7,800000,1024,7,5a86dfbb56363cfe2b77334f61b0101ba6f9d35c799cd77e659ed0b342496ab6,7e6bab01e9d6b0298352c3d96c8f671d95a236c9e60e60360e5c70a016b1f97e,No-Dq-R,4,-2354286,0.04781521271797279,0.05692117770381022,0,0,0,0,0
0.7,800000,1024,7,5a86dfbb56363cfe2b77334f61b0101ba6f9d35c799cd77e659ed0b342496ab6,7e6bab01e9d6b0298352c3d96c8f671d95a236c9e60e60360e5c70a016b1f97e,Fixed-Dc,1,-377460,0.01752977522683319,0.016033796284963153,0.0,0,0,0,0
0.7,800000,1024,7,5a86dfbb56363cfe2b77334f61b0101ba6f9d35c799cd77e659ed0b342496ab6,7e6bab01e9d6b0298352c3d96c8f671d95a236c9e60e60360e5c70a016b1f97e,Fixed-Dc,2,45397,-0.0013730662551165729,-0.0011344364888907776,0,0,0,0,0
0.7,800000,1024,7,5a86dfbb56363cfe2b77334f61b0101ba6f9d35c799cd77e659ed0b342496ab6,7e6bab01e9d6b0298352c3d96c8f671d95a236c9e60e60360e5c70a016b1f97e,Fixed-Dc,3,240952,-0.005006431972393699,-0.003505556642715457,0,0,0,0,0
0.7,800000,1024,7,5a86dfbb56363cfe2b77334f61b0101ba6f9d35c799cd77e659ed0b342496ab6,7e6bab01e9d6b0298352c3d96c8f671d95a236c9e60e60360e5c70a016b1f97e,Fixed-Dc,4,-286032,0.0006544458286192323,0.0023070442813030168,0,0,0,0,0
0.7,800000,1024,7,5a86dfbb56363cfe2b77334f61b0101ba6f9d35c799cd77e659ed0b342496ab6,7e6bab01e9d6b0298352c3d96c8f671d95a236c9e60e60360e5c70a016b1f97e,Decoupled,1,0,,,,,,0,0
0.7,800000,1024,7,5a86dfbb56363cfe2b77334f61b0101ba6f9d35c799cd77e659ed0b342496ab6,7e6bab01e9d6b0298352c3d96c8f671d95a236c9e60e60360e5c70a016b1f97e,Decoupled,2,-195555,,,,,,0,0
0.7,800000,1024,7,5a86dfbb56363cfe2b77334f61b0101ba6f9d35c799cd77e659ed0b342496ab6,7e6bab01e9d6b0298352c3d96c8f671d95a236c9e60e60360e5c70a016b1f97e,Decoupled,3,195555,,,,,,0,0
0.7,800000,1024,7,5a86dfbb56363cfe2b77334f61b0101ba6f9d35c799cd77e659ed0b342496ab6,7e6bab01e9d6b0298352c3d96c8f671d95a236c9e60e60360e5c70a016b1f97e,Decoupled,4,45714,,,,,,0,0
0.7,800000,1024,11,5a86dfbb56363cfe2b77334f61b0101ba6f9d35c799cd77e659ed0b342496ab6,7e6bab01e9d6b0298352c3d96c8f671d95a236c9e60e60360e5c70a016b1f97e,No-Dq-R,1,0,0.0,0.0,0.0,0,0,0,0
0.7,800000,1024,11,5a86dfbb56363cfe2b77334f61b0101ba6f9d35c799cd77e659ed0b342496ab6,7e6bab01e9d6b0298352c3d96c8f671d95a236c9e60e60360e5c70a016b1f97e,No-Dq-R,2,-995555,0.05561351054474106,0.052647149730264076,0.9999999999999994,1,0,0,0
0.7,800000,1024,11,5a86dfbb56363cfe2b77334f61b0101ba6f9d35c799cd77e659ed0b342496ab6,7e6bab01e9d6b0298352c3d96c8f671d95a236c9e60e60360e5c70a016b1f97e,No-Dq-R,3,-1404445,0.05394082005489437,0.05813242881441716,0,0,0,0,0
0.7,800000,1024,11,5a86dfbb56363cfe2b77334f61b0101ba6f9d35c799cd77e659ed0b342496ab6,7e6bab01e9d6b0298352c3d96c8f671d95a236c9e60e60360e5c70a016b1f97e,No-Dq-R,4,-2354286,0.04781521271797279,0.05692117770381022,0,0,0,0,0
0.7,800000,1024,11,5a86dfbb56363cfe2b77334f61b0101ba6f9d35c799cd77e659ed0b342496ab6,7e6bab01e9d6b0298352c3d96c8f671d95a236c9e60e60360e5c70a016b1f97e,Fixed-Dc,1,-377460,0.014581628931390367,0.016033796284963153,0.0,0,0,0,0
0.7,800000,1024,11,5a86dfbb56363cfe2b77334f61b0101ba6f9d35c799cd77e659ed0b342496ab6,7e6bab01e9d6b0298352c3d96c8f671d95a236c9e60e60360e5c70a016b1f97e,Fixed-Dc,2,45397,-0.0013730662551165729,-0.0011344364888907776,0,0,0,0,0
0.7,800000,1024,11,5a86dfbb56363cfe2b77334f61b0101ba6f9d35c799cd77e659ed0b342496ab6,7e6bab01e9d6b0298352c3d96c8f671d95a236c9e60e60360e5c70a016b1f97e,Fixed-Dc,3,240952,-0.0021835695790024534,-0.003505556642715457,0,0,0,0,0
0.7,800000,1024,11,5a86dfbb56363cfe2b77334f61b0101ba6f9d35c799cd77e659ed0b342496ab6,7e6bab01e9d6b0298352c3d96c8f671d95a236c9e60e60360e5c70a016b1f97e,Fixed-Dc,4,-286032,0.0006544458286192323,0.0023070442813030168,0,0,0,0,0
0.7,800000,1024,11,5a86dfbb56363cfe2b77334f61b0101ba6f9d35c799cd77e659ed0b342496ab6,7e6bab01e9d6b0298352c3d96c8f671d95a236c9e60e60360e5c70a016b1f97e,Decoupled,1,0,,,,,,0,0
0.7,800000,1024,11,5a86dfbb56363cfe2b77334f61b0101ba6f9d35c799cd77e659ed0b342496ab6,7e6bab01e9d6b0298352c3d96c8f671d95a236c9e60e60360e5c70a016b1f97e,Decoupled,2,-195555,,,,,,0,0
0.7,800000,1024,11,5a86dfbb56363cfe2b77334f61b0101ba6f9d35c799cd77e659ed0b342496ab6,7e6bab01e9d6b0298352c3d96c8f671d95a236c9e60e60360e5c70a016b1f97e,Decoupled,3,195555,,,,,,0,0
0.7,800000,1024,11,5a86dfbb56363cfe2b77334f61b0101ba6f9d35c799cd77e659ed0b342496ab6,7e6bab01e9d6b0298352c3d96c8f671d95a236c9e60e60360e5c70a016b1f97e,Decoupled,4,45714,,,,,,0,0
0.7,800000,1025,7,fcb55a6e238b915c7a5e3188139fb576f92a38ab10a0e11fc91284469717c7bb,7e6bab01e9d6b0298352c3d96c8f671d95a236c9e60e60360e5c70a016b1f97e,No-Dq-R,1,0,0.0,0.0,0.0,0,0,0,0
0.7,800000,1025,7,fcb55a6e238b915c7a5e3188139fb576f92a38ab10a0e11fc91284469717c7bb,7e6bab01e9d6b0298352c3d96c8f671d95a236c9e60e60360e5c70a016b1f97e,No-Dq-R,2,-1177143,0.059102841721611454,0.05499608073236223,0,0,0,0,0
0.7,800000,1025,7,fcb55a6e238b915c7a5e3188139fb576f92a38ab10a0e11fc91284469717c7bb,7e6bab01e9d6b0298352c3d96c8f671d95a236c9e60e60360e5c70a016b1f97e,No-Dq-R,3,-1177143,0.054876011069564745,0.05094373812136638,0,0,0,0,0
0.7,800000,1025,7,fcb55a6e238b915c7a5e3188139fb576f92a38ab10a0e11fc91284469717c7bb,7e6bab01e9d6b0298352c3d96c8f671d95a236c9e60e60360e5c70a016b1f97e,No-Dq-R,4,-2400000,0.05421404102665128,0.06331014280973901,0,0,0,0,0
0.7,800000,1025,7,fcb55a6e238b915c7a5e3188139fb576f92a38ab10a0e11fc91284469717c7bb,7e6bab01e9d6b0298352c3d96c8f671d95a236c9e60e60360e5c70a016b1f97e,Fixed-Dc,1,240952,-0.011691385767419793,-0.010784645436539564,0.0,0,0,0,0
0.7,800000,1025,7,fcb55a6e238b915c7a5e3188139fb576f92a38ab10a0e11fc91284469717c7bb,7e6bab01e9d6b0298352c3d96c8f671d95a236c9e60e60360e5c70a016b1f97e,Fixed-Dc,2,-354551,0.010473268423468962,0.008579193154433173,0,0,0,0,0
0.7,800000,1025,7,fcb55a6e238b915c7a5e3188139fb576f92a38ab10a0e11fc91284469717c7bb,7e6bab01e9d6b0298352c3d96c8f671d95a236c9e60e60360e5c70a016b1f97e,Fixed-Dc,3,68306,-0.0014078545054765357,-0.0009806176924422871,0,0,0,0,0
0.7,800000,1025,7,fcb55a6e238b915c7a5e3188139fb576f92a38ab10a0e11fc91284469717c7bb,7e6bab01e9d6b0298352c3d96c8f671d95a236c9e60e60360e5c70a016b1f97e,Fixed-Dc,4,240952,-0.0006364175340757283,-0.0020185480602614714,0,0,0,0,0
0.7,800000,1025,7,fcb55a6e238b915c7a5e3188139fb576f92a38ab10a0e11fc91284469717c7bb,7e6bab01e9d6b0298352c3d96c8f671d95a236c9e60e60360e5c70a016b1f97e,Decoupled,1,0,,,,,,0,0
0.7,800000,1025,7,fcb55a6e238b915c7a5e3188139fb576f92a38ab10a0e11fc91284469717c7bb,7e6bab01e9d6b0298352c3d96c8f671d95a236c9e60e60360e5c70a016b1f97e,Decoupled,2,-377143,,,,,,0,0
0.7,800000,1025,7,fcb55a6e238b915c7a5e3188139fb576f92a38ab10a0e11fc91284469717c7bb,7e6bab01e9d6b0298352c3d96c8f671d95a236c9e60e60360e5c70a016b1f97e,Decoupled,3,422857,,,,,,0,0
0.7,800000,1025,7,fcb55a6e238b915c7a5e3188139fb576f92a38ab10a0e11fc91284469717c7bb,7e6bab01e9d6b0298352c3d96c8f671d95a236c9e60e60360e5c70a016b1f97e,Decoupled,4,0,,,,,,0,0
0.7,800000,1025,11,fcb55a6e238b915c7a5e3188139fb576f92a38ab10a0e11fc91284469717c7bb,7e6bab01e9d6b0298352c3d96c8f671d95a236c9e60e60360e5c70a016b1f97e,No-Dq-R,1,0,0.0,0.0,0.0,0,0,0,0
0.7,800000,1025,11,fcb55a6e238b915c7a5e3188139fb576f92a38ab10a0e11fc91284469717c7bb,7e6bab01e9d6b0298352c3d96c8f671d95a236c9e60e60360e5c70a016b1f97e,No-Dq-R,2,-1177143,0.059102841721611454,0.05499608073236223,0,0,0,0,0
0.7,800000,1025,11,fcb55a6e238b915c7a5e3188139fb576f92a38ab10a0e11fc91284469717c7bb,7e6bab01e9d6b0298352c3d96c8f671d95a236c9e60e60360e5c70a016b1f97e,No-Dq-R,3,-1177143,0.04779142680772197,0.05094373812136638,0,0,0,0,0
0.7,800000,1025,11,fcb55a6e238b915c7a5e3188139fb576f92a38ab10a0e11fc91284469717c7bb,7e6bab01e9d6b0298352c3d96c8f671d95a236c9e60e60360e5c70a016b1f97e,No-Dq-R,4,-2400000,0.05421404102665128,0.06331014280973901,0,0,0,0,0
0.7,800000,1025,11,fcb55a6e238b915c7a5e3188139fb576f92a38ab10a0e11fc91284469717c7bb,7e6bab01e9d6b0298352c3d96c8f671d95a236c9e60e60360e5c70a016b1f97e,Fixed-Dc,1,240952,-0.009904460114528613,-0.010784645436539564,0.0,0,0,0,0
0.7,800000,1025,11,fcb55a6e238b915c7a5e3188139fb576f92a38ab10a0e11fc91284469717c7bb,7e6bab01e9d6b0298352c3d96c8f671d95a236c9e60e60360e5c70a016b1f97e,Fixed-Dc,2,-354551,0.010473268423468962,0.008579193154433173,0,0,0,0,0
0.7,800000,1025,11,fcb55a6e238b915c7a5e3188139fb576f92a38ab10a0e11fc91284469717c7bb,7e6bab01e9d6b0298352c3d96c8f671d95a236c9e60e60360e5c70a016b1f97e,Fixed-Dc,3,68306,-0.0006043029321121662,-0.0009806176924422871,0,0,0,0,0
0.7,800000,1025,11,fcb55a6e238b915c7a5e3188139fb576f92a38ab10a0e11fc91284469717c7bb,7e6bab01e9d6b0298352c3d96c8f671d95a236c9e60e60360e5c70a016b1f97e,Fixed-Dc,4,240952,-0.0006364175340757283,-0.0020185480602614714,0,0,0,0,0
0.7,800000,1025,11,fcb55a6e238b915c7a5e3188139fb576f92a38ab10a0e11fc91284469717c7bb,7e6bab01e9d6b0298352c3d96c8f671d95a236c9e60e60360e5c70a016b1f97e,Decoupled,1,0,,,,,,0,0
0.7,800000,1025,11,fcb55a6e238b915c7a5e3188139fb576f92a38ab10a0e11fc91284469717c7bb,7e6bab01e9d6b0298352c3d96c8f671d95a236c9e60e60360e5c70a016b1f97e,Decoupled,2,-377143,,,,,,0,0
0.7,800000,1025,11,fcb55a6e238b915c7a5e3188139fb576f92a38ab10a0e11fc91284469717c7bb,7e6bab01e9d6b0298352c3d96c8f671d95a236c9e60e60360e5c70a016b1f97e,Decoupled,3,422857,,,,,,0,0
0.7,800000,1025,11,fcb55a6e238b915c7a5e3188139fb576f92a38ab10a0e11fc91284469717c7bb,7e6bab01e9d6b0298352c3d96c8f671d95a236c9e60e60360e5c70a016b1f97e,Decoupled,4,0,,,,,,0,0
0.7,800000,1026,7,4d2876ab396e81b1592a8bf97e8f1280fb02f71d106130bf33430845aa9cc29b,7e6bab01e9d6b0298352c3d96c8f671d95a236c9e60e60360e5c70a016b1f97e,No-Dq-R,1,0,0.0,0.0,0.0,0,0,0,0
0.7,800000,1026,7,4d2876ab396e81b1592a8bf97e8f1280fb02f71d106130bf33430845aa9cc29b,7e6bab01e9d6b0298352c3d96c8f671d95a236c9e60e60360e5c70a016b1f97e,No-Dq-R,2,-1009071,0.0560230906765703,0.052985777455749616,0.9999999999999994,1,0,0,0
0.7,800000,1026,7,4d2876ab396e81b1592a8bf97e8f1280fb02f71d106130bf33430845aa9cc29b,7e6bab01e9d6b0298352c3d96c8f671d95a236c9e60e60360e5c70a016b1f97e,No-Dq-R,3,-1390929,0.06271418814940388,0.05779380108893162,0,0,0,0,0
0.7,800000,1026,7,4d2876ab396e81b1592a8bf97e8f1280fb02f71d106130bf33430845aa9cc29b,7e6bab01e9d6b0298352c3d96c8f671d95a236c9e60e60360e5c70a016b1f97e,No-Dq-R,4,-2354286,0.04767475566556112,0.05678647959344979,0,0,0,0,0
0.7,800000,1026,7,4d2876ab396e81b1592a8bf97e8f1280fb02f71d106130bf33430845aa9cc29b,7e6bab01e9d6b0298352c3d96c8f671d95a236c9e60e60360e5c70a016b1f97e,Fixed-Dc,1,-390976,0.018140383813789684,0.016589187454325804,0.0,0,0,0,0
0.7,800000,1026,7,4d2876ab396e81b1592a8bf97e8f1280fb02f71d106130bf33430845aa9cc29b,7e6bab01e9d6b0298352c3d96c8f671d95a236c9e60e60360e5c70a016b1f97e,Fixed-Dc,2,31881,-0.0009634861232873382,-0.0007958087634052369,0,0,0,0,0
0.7,800000,1026,7,4d2876ab396e81b1592a8bf97e8f1280fb02f71d106130bf33430845aa9cc29b,7e6bab01e9d6b0298352c3d96c8f671d95a236c9e60e60360e5c70a016b1f97e,Fixed-Dc,3,240952,-0.005006431972393699,-0.003505556642715457,0,0,0,0,0
0.7,800000,1026,7,4d2876ab396e81b1592a8bf97e8f1280fb02f71d106130bf33430845aa9cc29b,7e6bab01e9d6b0298352c3d96c8f671d95a236c9e60e60360e5c70a016b1f97e,Fixed-Dc,4,-299548,0.0006827474605006767,0.0024137392865508644,0,0,0,0,0
0.7,800000,1026,7,4d2876ab396e81b1592a8bf97e8f1280fb02f71d106130bf33430845aa9cc29b,7e6bab01e9d6b0298352c3d96c8f671d95a236c9e60e60360e5c70a016b1f97e,Decoupled,1,0,,,,,,0,0
0.7,800000,1026,7,4d2876ab396e81b1592a8bf97e8f1280fb02f71d106130bf33430845aa9cc29b,7e6bab01e9d6b0298352c3d96c8f671d95a236c9e60e60360e5c70a016b1f97e,Decoupled,2,-209071,,,,,,0,0
0.7,800000,1026,7,4d2876ab396e81b1592a8bf97e8f1280fb02f71d106130bf33430845aa9cc29b,7e6bab01e9d6b0298352c3d96c8f671d95a236c9e60e60360e5c70a016b1f97e,Decoupled,3,209071,,,,,,0,0
0.7,800000,1026,7,4d2876ab396e81b1592a8bf97e8f1280fb02f71d106130bf33430845aa9cc29b,7e6bab01e9d6b0298352c3d96c8f671d95a236c9e60e60360e5c70a016b1f97e,Decoupled,4,45714,,,,,,0,0
0.7,800000,1026,11,4d2876ab396e81b1592a8bf97e8f1280fb02f71d106130bf33430845aa9cc29b,7e6bab01e9d6b0298352c3d96c8f671d95a236c9e60e60360e5c70a016b1f97e,No-Dq-R,1,0,0.0,0.0,0.0,0,0,0,0
0.7,800000,1026,11,4d2876ab396e81b1592a8bf97e8f1280fb02f71d106130bf33430845aa9cc29b,7e6bab01e9d6b0298352c3d96c8f671d95a236c9e60e60360e5c70a016b1f97e,No-Dq-R,2,-1009071,0.0560230906765703,0.052985777455749616,0.9999999999999994,1,0,0,0
0.7,800000,1026,11,4d2876ab396e81b1592a8bf97e8f1280fb02f71d106130bf33430845aa9cc29b,7e6bab01e9d6b0298352c3d96c8f671d95a236c9e60e60360e5c70a016b1f97e,No-Dq-R,3,-1390929,0.053668229769139764,0.05779380108893162,0,0,0,0,0
0.7,800000,1026,11,4d2876ab396e81b1592a8bf97e8f1280fb02f71d106130bf33430845aa9cc29b,7e6bab01e9d6b0298352c3d96c8f671d95a236c9e60e60360e5c70a016b1f97e,No-Dq-R,4,-2354286,0.04767475566556112,0.05678647959344979,0,0,0,0,0
0.7,800000,1026,11,4d2876ab396e81b1592a8bf97e8f1280fb02f71d106130bf33430845aa9cc29b,7e6bab01e9d6b0298352c3d96c8f671d95a236c9e60e60360e5c70a016b1f97e,Fixed-Dc,1,-390976,0.01508341979333283,0.016589187454325804,0.0,0,0,0,0
0.7,800000,1026,11,4d2876ab396e81b1592a8bf97e8f1280fb02f71d106130bf33430845aa9cc29b,7e6bab01e9d6b0298352c3d96c8f671d95a236c9e60e60360e5c70a016b1f97e,Fixed-Dc,2,31881,-0.0009634861232873382,-0.0007958087634052369,0,0,0,0,0
0.7,800000,1026,11,4d2876ab396e81b1592a8bf97e8f1280fb02f71d106130bf33430845aa9cc29b,7e6bab01e9d6b0298352c3d96c8f671d95a236c9e60e60360e5c70a016b1f97e,Fixed-Dc,3,240952,-0.0021835695790024534,-0.003505556642715457,0,0,0,0,0
0.7,800000,1026,11,4d2876ab396e81b1592a8bf97e8f1280fb02f71d106130bf33430845aa9cc29b,7e6bab01e9d6b0298352c3d96c8f671d95a236c9e60e60360e5c70a016b1f97e,Fixed-Dc,4,-299548,0.0006827474605006767,0.0024137392865508644,0,0,0,0,0
0.7,800000,1026,11,4d2876ab396e81b1592a8bf97e8f1280fb02f71d106130bf33430845aa9cc29b,7e6bab01e9d6b0298352c3d96c8f671d95a236c9e60e60360e5c70a016b1f97e,Decoupled,1,0,,,,,,0,0
0.7,800000,1026,11,4d2876ab396e81b1592a8bf97e8f1280fb02f71d106130bf33430845aa9cc29b,7e6bab01e9d6b0298352c3d96c8f671d95a236c9e60e60360e5c70a016b1f97e,Decoupled,2,-209071,,,,,,0,0
0.7,800000,1026,11,4d2876ab396e81b1592a8bf97e8f1280fb02f71d106130bf33430845aa9cc29b,7e6bab01e9d6b0298352c3d96c8f671d95a236c9e60e60360e5c70a016b1f97e,Decoupled,3,209071,,,,,,0,0
0.7,800000,1026,11,4d2876ab396e81b1592a8bf97e8f1280fb02f71d106130bf33430845aa9cc29b,7e6bab01e9d6b0298352c3d96c8f671d95a236c9e60e60360e5c70a016b1f97e,Decoupled,4,45714,,,,,,0,0
0.7,800000,1027,7,7de21b34accb86809d36a31bf38d8bb7d8d002cf78d47825f762bf7102025d8c,7e6bab01e9d6b0298352c3d96c8f671d95a236c9e60e60360e5c70a016b1f97e,No-Dq-R,1,0,0.0,0.0,0.0,0,0,0,0
0.7,800000,1027,7,7de21b34accb86809d36a31bf38d8bb7d8d002cf78d47825f762bf7102025d8c,7e6bab01e9d6b0298352c3d96c8f671d95a236c9e60e60360e5c70a016b1f97e,No-Dq-R,2,-997981,0.05568707521979138,0.05270798500990981,0.9999999999999994,1,0,0,0
0.7,800000,1027,7,7de21b34accb86809d36a31bf38d8bb7d8d002cf78d47825f762bf7102025d8c,7e6bab01e9d6b0298352c3d96c8f671d95a236c9e60e60360e5c70a016b1f97e,No-Dq-R,3,-1402019,0.06305020360618285,0.058071593534771426,0,0,0,0,0
0.7,800000,1027,7,7de21b34accb86809d36a31bf38d8bb7d8d002cf78d47825f762bf7102025d8c,7e6bab01e9d6b0298352c3d96c8f671d95a236c9e60e60360e5c70a016b1f97e,No-Dq-R,4,-2354286,0.04778997735412399,0.05689697812964534,0,0,0,0,0
0.7,800000,1027,7,7de21b34accb86809d36a31bf38d8bb7d8d002cf78d47825f762bf7102025d8c,7e6bab01e9d6b0298352c3d96c8f671d95a236c9e60e60360e5c70a016b1f97e,Fixed-Dc,1,-379886,0.017639458959525345,0.016133577207380956,0.0,0,0,0,0
0.7,800000,1027,7,7de21b34accb86809d36a31bf38d8bb7d8d002cf78d47825f762bf7102025d8c,7e6bab01e9d6b0298352c3d96c8f671d95a236c9e60e60360e5c70a016b1f97e,Fixed-Dc,2,42971,-0.0012995015800662535,-0.0010736012092450453,0,0,0,0,0
0.7,800000,1027,7,7de21b34accb86809d36a31bf38d8bb7d8d002cf78d47825f762bf7102025d8c,7e6bab01e9d6b0298352c3d96c8f671d95a236c9e60e60360e5c70a016b1f97e,Fixed-Dc,3,240952,-0.005006431972393699,-0.003505556642715457,0,0,0,0,0
0.7,800000,1027,7,7de21b34accb86809d36a31bf38d8bb7d8d002cf78d47825f762bf7102025d8c,7e6bab01e9d6b0298352c3d96c8f671d95a236c9e60e60360e5c70a016b1f97e,Fixed-Dc,4,-288458,0.0006595428333325271,0.0023262102382342054,0,0,0,0,0
0.7,800000,1027,7,7de21b34accb86809d36a31bf38d8bb7d8d002cf78d47825f762bf7102025d8c,7e6bab01e9d6b0298352c3d96c8f671d95a236c9e60e60360e5c70a016b1f97e,Decoupled,1,0,,,,,,0,0
0.7,800000,1027,7,7de21b34accb86809d36a31bf38d8bb7d8d002cf78d47825f762bf7102025d8c,7e6bab01e9d6b0298352c3d96c8f671d95a236c9e60e60360e5c70a016b1f97e,Decoupled,2,-197981,,,,,,0,0
0.7,800000,1027,7,7de21b34accb86809d36a31bf38d8bb7d8d002cf78d47825f762bf7102025d8c,7e6bab01e9d6b0298352c3d96c8f671d95a236c9e60e60360e5c70a016b1f97e,Decoupled,3,197981,,,,,,0,0
0.7,800000,1027,7,7de21b34accb86809d36a31bf38d8bb7d8d002cf78d47825f762bf7102025d8c,7e6bab01e9d6b0298352c3d96c8f671d95a236c9e60e60360e5c70a016b1f97e,Decoupled,4,45714,,,,,,0,0
0.7,800000,1027,11,7de21b34accb86809d36a31bf38d8bb7d8d002cf78d47825f762bf7102025d8c,7e6bab01e9d6b0298352c3d96c8f671d95a236c9e60e60360e5c70a016b1f97e,No-Dq-R,1,0,0.0,0.0,0.0,0,0,0,0
0.7,800000,1027,11,7de21b34accb86809d36a31bf38d8bb7d8d002cf78d47825f762bf7102025d8c,7e6bab01e9d6b0298352c3d96c8f671d95a236c9e60e60360e5c70a016b1f97e,No-Dq-R,2,-997981,0.05568707521979138,0.05270798500990981,0.9999999999999994,1,0,0,0
0.7,800000,1027,11,7de21b34accb86809d36a31bf38d8bb7d8d002cf78d47825f762bf7102025d8c,7e6bab01e9d6b0298352c3d96c8f671d95a236c9e60e60360e5c70a016b1f97e,No-Dq-R,3,-1402019,0.0538918323886724,0.058071593534771426,0,0,0,0,0
0.7,800000,1027,11,7de21b34accb86809d36a31bf38d8bb7d8d002cf78d47825f762bf7102025d8c,7e6bab01e9d6b0298352c3d96c8f671d95a236c9e60e60360e5c70a016b1f97e,No-Dq-R,4,-2354286,0.04778997735412399,0.05689697812964534,0,0,0,0,0
0.7,800000,1027,11,7de21b34accb86809d36a31bf38d8bb7d8d002cf78d47825f762bf7102025d8c,7e6bab01e9d6b0298352c3d96c8f671d95a236c9e60e60360e5c70a016b1f97e,Fixed-Dc,1,-379886,0.014671797059545688,0.016133577207380956,0.0,0,0,0,0
0.7,800000,1027,11,7de21b34accb86809d36a31bf38d8bb7d8d002cf78d47825f762bf7102025d8c,7e6bab01e9d6b0298352c3d96c8f671d95a236c9e60e60360e5c70a016b1f97e,Fixed-Dc,2,42971,-0.0012995015800662535,-0.0010736012092450453,0,0,0,0,0
0.7,800000,1027,11,7de21b34accb86809d36a31bf38d8bb7d8d002cf78d47825f762bf7102025d8c,7e6bab01e9d6b0298352c3d96c8f671d95a236c9e60e60360e5c70a016b1f97e,Fixed-Dc,3,240952,-0.0021835695790024534,-0.003505556642715457,0,0,0,0,0
0.7,800000,1027,11,7de21b34accb86809d36a31bf38d8bb7d8d002cf78d47825f762bf7102025d8c,7e6bab01e9d6b0298352c3d96c8f671d95a236c9e60e60360e5c70a016b1f97e,Fixed-Dc,4,-288458,0.0006595428333325271,0.0023262102382342054,0,0,0,0,0
0.7,800000,1027,11,7de21b34accb86809d36a31bf38d8bb7d8d002cf78d47825f762bf7102025d8c,7e6bab01e9d6b0298352c3d96c8f671d95a236c9e60e60360e5c70a016b1f97e,Decoupled,1,0,,,,,,0,0
0.7,800000,1027,11,7de21b34accb86809d36a31bf38d8bb7d8d002cf78d47825f762bf7102025d8c,7e6bab01e9d6b0298352c3d96c8f671d95a236c9e60e60360e5c70a016b1f97e,Decoupled,2,-197981,,,,,,0,0
0.7,800000,1027,11,7de21b34accb86809d36a31bf38d8bb7d8d002cf78d47825f762bf7102025d8c,7e6bab01e9d6b0298352c3d96c8f671d95a236c9e60e60360e5c70a016b1f97e,Decoupled,3,197981,,,,,,0,0
0.7,800000,1027,11,7de21b34accb86809d36a31bf38d8bb7d8d002cf78d47825f762bf7102025d8c,7e6bab01e9d6b0298352c3d96c8f671d95a236c9e60e60360e5c70a016b1f97e,Decoupled,4,45714,,,,,,0,0
0.7,800000,1028,7,4450ac2db4e4020fad664a0847aa5dcc19cdc177d10c8a55ef5fa1b17eab88fb,7e6bab01e9d6b0298352c3d96c8f671d95a236c9e60e60360e5c70a016b1f97e,No-Dq-R,1,0,0.0,0.0,0.0,0,0,0,0
0.7,800000,1028,7,4450ac2db4e4020fad664a0847aa5dcc19cdc177d10c8a55ef5fa1b17eab88fb,7e6bab01e9d6b0298352c3d96c8f671d95a236c9e60e60360e5c70a016b1f97e,No-Dq-R,2,-51568,0.021934967334927724,0.02349164695297401,0,0,0,0,0
0.7,800000,1028,7,4450ac2db4e4020fad664a0847aa5dcc19cdc177d10c8a55ef5fa1b17eab88fb,7e6bab01e9d6b0298352c3d96c8f671d95a236c9e60e60360e5c70a016b1f97e,No-Dq-R,3,-2266286,0.08229266158509657,0.07204830766066411,0,0,0,0,0
0.7,800000,1028,7,4450ac2db4e4020fad664a0847aa5dcc19cdc177d10c8a55ef5fa1b17eab88fb,7e6bab01e9d6b0298352c3d96c8f671d95a236c9e60e60360e5c70a016b1f97e,No-Dq-R,4,-2354286,0.050443041230582575,0.05943860426642772,0,0,0,0,0
0.7,800000,1028,7,4450ac2db4e4020fad664a0847aa5dcc19cdc177d10c8a55ef5fa1b17eab88fb,7e6bab01e9d6b0298352c3d96c8f671d95a236c9e60e60360e5c70a016b1f97e,Fixed-Dc,1,-130337,0.00615890513521733,0.005652548903205767,0.0,0,0,0,0
0.7,800000,1028,7,4450ac2db4e4020fad664a0847aa5dcc19cdc177d10c8a55ef5fa1b17eab88fb,7e6bab01e9d6b0298352c3d96c8f671d95a236c9e60e60360e5c70a016b1f97e,Fixed-Dc,2,240952,-0.00737399233965319,-0.006117904590442147,0,0,0,0,0
0.7,800000,1028,7,4450ac2db4e4020fad664a0847aa5dcc19cdc177d10c8a55ef5fa1b17eab88fb,7e6bab01e9d6b0298352c3d96c8f671d95a236c9e60e60360e5c70a016b1f97e,Fixed-Dc,3,-461766,0.009290249638560288,0.006367321274071747,0,0,0,0,0
0.7,800000,1028,7,4450ac2db4e4020fad664a0847aa5dcc19cdc177d10c8a55ef5fa1b17eab88fb,7e6bab01e9d6b0298352c3d96c8f671d95a236c9e60e60360e5c70a016b1f97e,Fixed-Dc,4,-38909,9.535691676909597e-05,0.0003194230304708334,0,0,0,0,0
0.7,800000,1028,7,4450ac2db4e4020fad664a0847aa5dcc19cdc177d10c8a55ef5fa1b17eab88fb,7e6bab01e9d6b0298352c3d96c8f671d95a236c9e60e60360e5c70a016b1f97e,Decoupled,1,0,,,,,,0,0
0.7,800000,1028,7,4450ac2db4e4020fad664a0847aa5dcc19cdc177d10c8a55ef5fa1b17eab88fb,7e6bab01e9d6b0298352c3d96c8f671d95a236c9e60e60360e5c70a016b1f97e,Decoupled,2,748432,,,,,,0,0
0.7,800000,1028,7,4450ac2db4e4020fad664a0847aa5dcc19cdc177d10c8a55ef5fa1b17eab88fb,7e6bab01e9d6b0298352c3d96c8f671d95a236c9e60e60360e5c70a016b1f97e,Decoupled,3,-666286,,,,,,0,0
0.7,800000,1028,7,4450ac2db4e4020fad664a0847aa5dcc19cdc177d10c8a55ef5fa1b17eab88fb,7e6bab01e9d6b0298352c3d96c8f671d95a236c9e60e60360e5c70a016b1f97e,Decoupled,4,45714,,,,,,0,0
0.7,800000,1028,11,4450ac2db4e4020fad664a0847aa5dcc19cdc177d10c8a55ef5fa1b17eab88fb,7e6bab01e9d6b0298352c3d96c8f671d95a236c9e60e60360e5c70a016b1f97e,No-Dq-R,1,0,0.0,0.0,0.0,0,0,0,0
0.7,800000,1028,11,4450ac2db4e4020fad664a0847aa5dcc19cdc177d10c8a55ef5fa1b17eab88fb,7e6bab01e9d6b0298352c3d96c8f671d95a236c9e60e60360e5c70a016b1f97e,No-Dq-R,2,-51568,0.021934967334927724,0.02349164695297401,0,0,0,0,0
0.7,800000,1028,11,4450ac2db4e4020fad664a0847aa5dcc19cdc177d10c8a55ef5fa1b17eab88fb,7e6bab01e9d6b0298352c3d96c8f671d95a236c9e60e60360e5c70a016b1f97e,No-Dq-R,3,-2266286,0.06318839498943968,0.07204830766066411,0,0,0,0,0
0.7,800000,1028,11,4450ac2db4e4020fad664a0847aa5dcc19cdc177d10c8a55ef5fa1b17eab88fb,7e6bab01e9d6b0298352c3d96c8f671d95a236c9e60e60360e5c70a016b1f97e,No-Dq-R,4,-2354286,0.050443041230582575,0.05943860426642772,0,0,0,0,0
0.7,800000,1028,11,4450ac2db4e4020fad664a0847aa5dcc19cdc177d10c8a55ef5fa1b17eab88fb,7e6bab01e9d6b0298352c3d96c8f671d95a236c9e60e60360e5c70a016b1f97e,Fixed-Dc,1,-130337,0.005161021937935439,0.005652548903205767,0.0,0,0,0,0
0.7,800000,1028,11,4450ac2db4e4020fad664a0847aa5dcc19cdc177d10c8a55ef5fa1b17eab88fb,7e6bab01e9d6b0298352c3d96c8f671d95a236c9e60e60360e5c70a016b1f97e,Fixed-Dc,2,240952,-0.00737399233965319,-0.006117904590442147,0,0,0,0,0
0.7,800000,1028,11,4450ac2db4e4020fad664a0847aa5dcc19cdc177d10c8a55ef5fa1b17eab88fb,7e6bab01e9d6b0298352c3d96c8f671d95a236c9e60e60360e5c70a016b1f97e,Fixed-Dc,3,-461766,0.0037927746680975205,0.006367321274071747,0,0,0,0,0
0.7,800000,1028,11,4450ac2db4e4020fad664a0847aa5dcc19cdc177d10c8a55ef5fa1b17eab88fb,7e6bab01e9d6b0298352c3d96c8f671d95a236c9e60e60360e5c70a016b1f97e,Fixed-Dc,4,-38909,9.535691676909597e-05,0.0003194230304708334,0,0,0,0,0
0.7,800000,1028,11,4450ac2db4e4020fad664a0847aa5dcc19cdc177d10c8a55ef5fa1b17eab88fb,7e6bab01e9d6b0298352c3d96c8f671d95a236c9e60e60360e5c70a016b1f97e,Decoupled,1,0,,,,,,0,0
0.7,800000,1028,11,4450ac2db4e4020fad664a0847aa5dcc19cdc177d10c8a55ef5fa1b17eab88fb,7e6bab01e9d6b0298352c3d96c8f671d95a236c9e60e60360e5c70a016b1f97e,Decoupled,2,748432,,,,,,0,0
0.7,800000,1028,11,4450ac2db4e4020fad664a0847aa5dcc19cdc177d10c8a55ef5fa1b17eab88fb,7e6bab01e9d6b0298352c3d96c8f671d95a236c9e60e60360e5c70a016b1f97e,Decoupled,3,-666286,,,,,,0,0
0.7,800000,1028,11,4450ac2db4e4020fad664a0847aa5dcc19cdc177d10c8a55ef5fa1b17eab88fb,7e6bab01e9d6b0298352c3d96c8f671d95a236c9e60e60360e5c70a016b1f97e,Decoupled,4,45714,,,,,,0,0
0.7,800000,1029,7,a4508b6dbf398938cf8b2be1bf02d7385f31711fc6bbc3924c0ce10cdaa31cab,7e6bab01e9d6b0298352c3d96c8f671d95a236c9e60e60360e5c70a016b1f97e,No-Dq-R,1,0,0.0,0.0,0.0,0,0,0,0
0.7,800000,1029,7,a4508b6dbf398938cf8b2be1bf02d7385f31711fc6bbc3924c0ce10cdaa31cab,7e6bab01e9d6b0298352c3d96c8f671d95a236c9e60e60360e5c70a016b1f97e,No-Dq-R,2,-1177143,0.05731731731380285,0.05304520890234937,0,0,0,0,0
0.7,800000,1029,7,a4508b6dbf398938cf8b2be1bf02d7385f31711fc6bbc3924c0ce10cdaa31cab,7e6bab01e9d6b0298352c3d96c8f671d95a236c9e60e60360e5c70a016b1f97e,No-Dq-R,3,-1177143,0.05319994203596268,0.0490986772418055,0,0,0,0,0
0.7,800000,1029,7,a4508b6dbf398938cf8b2be1bf02d7385f31711fc6bbc3924c0ce10cdaa31cab,7e6bab01e9d6b0298352c3d96c8f671d95a236c9e60e60360e5c70a016b1f97e,No-Dq-R,4,-2309660,0.05292893318802677,0.06155496865458843,0,0,0,0,0
0.7,800000,1029,7,a4508b6dbf398938cf8b2be1bf02d7385f31711fc6bbc3924c0ce10cdaa31cab,7e6bab01e9d6b0298352c3d96c8f671d95a236c9e60e60360e5c70a016b1f97e,Fixed-Dc,1,192898,-0.009327433852485134,-0.008598431643867865,0.0,0,0,0,0
0.7,800000,1029,7,a4508b6dbf398938cf8b2be1bf02d7385f31711fc6bbc3924c0ce10cdaa31cab,7e6bab01e9d6b0298352c3d96c8f671d95a236c9e60e60360e5c70a016b1f97e,Fixed-Dc,2,-561388,0.016385372339900617,0.013362412820287828,0,0,0,0,0
0.7,800000,1029,7,a4508b6dbf398938cf8b2be1bf02d7385f31711fc6bbc3924c0ce10cdaa31cab,7e6bab01e9d6b0298352c3d96c8f671d95a236c9e60e60360e5c70a016b1f97e,Fixed-Dc,3,-138531,0.002828180377353051,0.0019575410938514892,0,0,0,0,0
0.7,800000,1029,7,a4508b6dbf398938cf8b2be1bf02d7385f31711fc6bbc3924c0ce10cdaa31cab,7e6bab01e9d6b0298352c3d96c8f671d95a236c9e60e60360e5c70a016b1f97e,Fixed-Dc,4,240952,-0.0006364175340757283,-0.0020185480602614714,0,0,0,0,0
0.7,800000,1029,7,a4508b6dbf398938cf8b2be1bf02d7385f31711fc6bbc3924c0ce10cdaa31cab,7e6bab01e9d6b0298352c3d96c8f671d95a236c9e60e60360e5c70a016b1f97e,Decoupled,1,0,,,,,,0,0
0.7,800000,1029,7,a4508b6dbf398938cf8b2be1bf02d7385f31711fc6bbc3924c0ce10cdaa31cab,7e6bab01e9d6b0298352c3d96c8f671d95a236c9e60e60360e5c70a016b1f97e,Decoupled,2,-377143,,,,,,0,0
0.7,800000,1029,7,a4508b6dbf398938cf8b2be1bf02d7385f31711fc6bbc3924c0ce10cdaa31cab,7e6bab01e9d6b0298352c3d96c8f671d95a236c9e60e60360e5c70a016b1f97e,Decoupled,3,422857,,,,,,0,0
0.7,800000,1029,7,a4508b6dbf398938cf8b2be1bf02d7385f31711fc6bbc3924c0ce10cdaa31cab,7e6bab01e9d6b0298352c3d96c8f671d95a236c9e60e60360e5c70a016b1f97e,Decoupled,4,90340,,,,,,0,0
0.7,800000,1029,11,a4508b6dbf398938cf8b2be1bf02d7385f31711fc6bbc3924c0ce10cdaa31cab,7e6bab01e9d6b0298352c3d96c8f671d95a236c9e60e60360e5c70a016b1f97e,No-Dq-R,1,0,0.0,0.0,0.0,0,0,0,0
0.7,800000,1029,11,a4508b6dbf398938cf8b2be1bf02d7385f31711fc6bbc3924c0ce10cdaa31cab,7e6bab01e9d6b0298352c3d96c8f671d95a236c9e60e60360e5c70a016b1f97e,No-Dq-R,2,-1177143,0.05731731731380285,0.05304520890234937,0,0,0,0,0
0.7,800000,1029,11,a4508b6dbf398938cf8b2be1bf02d7385f31711fc6bbc3924c0ce10cdaa31cab,7e6bab01e9d6b0298352c3d96c8f671d95a236c9e60e60360e5c70a016b1f97e,No-Dq-R,3,-1177143,0.04585386771507871,0.0490986772418055,0,0,0,0,0
0.7,800000,1029,11,a4508b6dbf398938cf8b2be1bf02d7385f31711fc6bbc3924c0ce10cdaa31cab,7e6bab01e9d6b0298352c3d96c8f671d95a236c9e60e60360e5c70a016b1f97e,No-Dq-R,4,-2309660,0.05292893318802677,0.06155496865458843,0,0,0,0,0
0.7,800000,1029,11,a4508b6dbf398938cf8b2be1bf02d7385f31711fc6bbc3924c0ce10cdaa31cab,7e6bab01e9d6b0298352c3d96c8f671d95a236c9e60e60360e5c70a016b1f97e,Fixed-Dc,1,192898,-0.007890779164005712,-0.008598431643867865,0.0,0,0,0,0
0.7,800000,1029,11,a4508b6dbf398938cf8b2be1bf02d7385f31711fc6bbc3924c0ce10cdaa31cab,7e6bab01e9d6b0298352c3d96c8f671d95a236c9e60e60360e5c70a016b1f97e,Fixed-Dc,2,-561388,0.016385372339900617,0.013362412820287828,0,0,0,0,0
0.7,800000,1029,11,a4508b6dbf398938cf8b2be1bf02d7385f31711fc6bbc3924c0ce10cdaa31cab,7e6bab01e9d6b0298352c3d96c8f671d95a236c9e60e60360e5c70a016b1f97e,Fixed-Dc,3,-138531,0.0011906726890014707,0.0019575410938514892,0,0,0,0,0
0.7,800000,1029,11,a4508b6dbf398938cf8b2be1bf02d7385f31711fc6bbc3924c0ce10cdaa31cab,7e6bab01e9d6b0298352c3d96c8f671d95a236c9e60e60360e5c70a016b1f97e,Fixed-Dc,4,240952,-0.0006364175340757283,-0.0020185480602614714,0,0,0,0,0
0.7,800000,1029,11,a4508b6dbf398938cf8b2be1bf02d7385f31711fc6bbc3924c0ce10cdaa31cab,7e6bab01e9d6b0298352c3d96c8f671d95a236c9e60e60360e5c70a016b1f97e,Decoupled,1,0,,,,,,0,0
0.7,800000,1029,11,a4508b6dbf398938cf8b2be1bf02d7385f31711fc6bbc3924c0ce10cdaa31cab,7e6bab01e9d6b0298352c3d96c8f671d95a236c9e60e60360e5c70a016b1f97e,Decoupled,2,-377143,,,,,,0,0
0.7,800000,1029,11,a4508b6dbf398938cf8b2be1bf02d7385f31711fc6bbc3924c0ce10cdaa31cab,7e6bab01e9d6b0298352c3d96c8f671d95a236c9e60e60360e5c70a016b1f97e,Decoupled,3,422857,,,,,,0,0
0.7,800000,1029,11,a4508b6dbf398938cf8b2be1bf02d7385f31711fc6bbc3924c0ce10cdaa31cab,7e6bab01e9d6b0298352c3d96c8f671d95a236c9e60e60360e5c70a016b1f97e,Decoupled,4,90340,,,,,,0,0
0.7,800000,1030,7,a47f29ce10a30c21b23e5eb0b7d5589a2317d561206b468e4c31e3529af1d98f,7e6bab01e9d6b0298352c3d96c8f671d95a236c9e60e60360e5c70a016b1f97e,No-Dq-R,1,0,0.0,0.0,0.0,0,0,0,0
0.7,800000,1030,7,a47f29ce10a30c21b23e5eb0b7d5589a2317d561206b468e4c31e3529af1d98f,7e6bab01e9d6b0298352c3d96c8f671d95a236c9e60e60360e5c70a016b1f97e,No-Dq-R,2,-1071747,0.05791377098071787,0.05454639322605953,0.9999999999999994,1,0,0,0
0.7,800000,1030,7,a47f29ce10a30c21b23e5eb0b7d5589a2317d561206b468e4c31e3529af1d98f,7e6bab01e9d6b0298352c3d96c8f671d95a236c9e60e60360e5c70a016b1f97e,No-Dq-R,3,-1328253,0.06082350784525631,0.0562331853186217,0,0,0,0,0
0.7,800000,1030,7,a47f29ce10a30c21b23e5eb0b7d5589a2317d561206b468e4c31e3529af1d98f,7e6bab01e9d6b0298352c3d96c8f671d95a236c9e60e60360e5c70a016b1f97e,No-Dq-R,4,-2354286,0.04702777814088843,0.05616583359918148,0,0,0,0,0
0.7,800000,1030,7,a47f29ce10a30c21b23e5eb0b7d5589a2317d561206b468e4c31e3529af1d98f,7e6bab01e9d6b0298352c3d96c8f671d95a236c9e60e60360e5c70a016b1f97e,Fixed-Dc,1,-453652,0.02095686064572777,0.019148159250641283,0.0,0,0,0,0
0.7,800000,1030,7,a47f29ce10a30c21b23e5eb0b7d5589a2317d561206b468e4c31e3529af1d98f,7e6bab01e9d6b0298352c3d96c8f671d95a236c9e60e60360e5c70a016b1f97e,Fixed-Dc,2,-30795,0.0009271941808602358,0.0007648070069046775,0,0,0,0,0
0.7,800000,1030,7,a47f29ce10a30c21b23e5eb0b7d5589a2317d561206b468e4c31e3529af1d98f,7e6bab01e9d6b0298352c3d96c8f671d95a236c9e60e60360e5c70a016b1f97e,Fixed-Dc,3,240952,-0.005006431972393699,-0.003505556642715457,0,0,0,0,0
0.7,800000,1030,7,a47f29ce10a30c21b23e5eb0b7d5589a2317d561206b468e4c31e3529af1d98f,7e6bab01e9d6b0298352c3d96c8f671d95a236c9e60e60360e5c70a016b1f97e,Fixed-Dc,4,-362224,0.0008109627659801943,0.002905821651620344,0,0,0,0,0
0.7,800000,1030,7,a47f29ce10a30c21b23e5eb0b7d5589a2317d561206b468e4c31e3529af1d98f,7e6bab01e9d6b0298352c3d96c8f671d95a236c9e60e60360e5c70a016b1f97e,Decoupled,1,0,,,,,,0,0
0.7,800000,1030,7,a47f29ce10a30c21b23e5eb0b7d5589a2317d561206b468e4c31e3529af1d98f,7e6bab01e9d6b0298352c3d96c8f671d95a236c9e60e60360e5c70a016b1f97e,Decoupled,2,-271747,,,,,,0,0
0.7,800000,1030,7,a47f29ce10a30c21b23e5eb0b7d5589a2317d561206b468e4c31e3529af1d98f,7e6bab01e9d6b0298352c3d96c8f671d95a236c9e60e60360e5c70a016b1f97e,Decoupled,3,271747,,,,,,0,0
0.7,800000,1030,7,a47f29ce10a30c21b23e5eb0b7d5589a2317d561206b468e4c31e3529af1d98f,7e6bab01e9d6b0298352c3d96c8f671d95a236c9e60e60360e5c70a016b1f97e,Decoupled,4,45714,,,,,,0,0
0.7,800000,1030,11,a47f29ce10a30c21b23e5eb0b7d5589a2317d561206b468e4c31e3529af1d98f,7e6bab01e9d6b0298352c3d96c8f671d95a236c9e60e60360e5c70a016b1f97e,No-Dq-R,1,0,0.0,0.0,0.0,0,0,0,0
0.7,800000,1030,11,a47f29ce10a30c21b23e5eb0b7d5589a2317d561206b468e4c31e3529af1d98f,7e6bab01e9d6b0298352c3d96c8f671d95a236c9e60e60360e5c70a016b1f97e,No-Dq-R,2,-1071747,0.05791377098071787,0.05454639322605953,0.9999999999999994,1,0,0,0
0.7,800000,1030,11,a47f29ce10a30c21b23e5eb0b7d5589a2317d561206b468e4c31e3529af1d98f,7e6bab01e9d6b0298352c3d96c8f671d95a236c9e60e60360e5c70a016b1f97e,No-Dq-R,3,-1328253,0.05241481452780089,0.0562331853186217,0,0,0,0,0
0.7,800000,1030,11,a47f29ce10a30c21b23e5eb0b7d5589a2317d561206b468e4c31e3529af1d98f,7e6bab01e9d6b0298352c3d96c8f671d95a236c9e60e60360e5c70a016b1f97e,No-Dq-R,4,-2354286,0.04702777814088843,0.05616583359918148,0,0,0,0,0
0.7,800000,1030,11,a47f29ce10a30c21b23e5eb0b7d5589a2317d561206b468e4c31e3529af1d98f,7e6bab01e9d6b0298352c3d96c8f671d95a236c9e60e60360e5c70a016b1f97e,Fixed-Dc,1,-453652,0.017392427906573693,0.019148159250641283,0.0,0,0,0,0
0.7,800000,1030,11,a47f29ce10a30c21b23e5eb0b7d5589a2317d561206b468e4c31e3529af1d98f,7e6bab01e9d6b0298352c3d96c8f671d95a236c9e60e60360e5c70a016b1f97e,Fixed-Dc,2,-30795,0.0009271941808602358,0.0007648070069046775,0,0,0,0,0
0.7,800000,1030,11,a47f29ce10a30c21b23e5eb0b7d5589a2317d561206b468e4c31e3529af1d98f,7e6bab01e9d6b0298352c3d96c8f671d95a236c9e60e60360e5c70a016b1f97e,Fixed-Dc,3,240952,-0.0021835695790024534,-0.003505556642715457,0,0,0,0,0
0.7,800000,1030,11,a47f29ce10a30c21b23e5eb0b7d5589a2317d561206b468e4c31e3529af1d98f,7e6bab01e9d6b0298352c3d96c8f671d95a236c9e60e60360e5c70a016b1f97e,Fixed-Dc,4,-362224,0.0008109627659801943,0.002905821651620344,0,0,0,0,0
0.7,800000,1030,11,a47f29ce10a30c21b23e5eb0b7d5589a2317d561206b468e4c31e3529af1d98f,7e6bab01e9d6b0298352c3d96c8f671d95a236c9e60e60360e5c70a016b1f97e,Decoupled,1,0,,,,,,0,0
0.7,800000,1030,11,a47f29ce10a30c21b23e5eb0b7d5589a2317d561206b468e4c31e3529af1d98f,7e6bab01e9d6b0298352c3d96c8f671d95a236c9e60e60360e5c70a016b1f97e,Decoupled,2,-271747,,,,,,0,0
0.7,800000,1030,11,a47f29ce10a30c21b23e5eb0b7d5589a2317d561206b468e4c31e3529af1d98f,7e6bab01e9d6b0298352c3d96c8f671d95a236c9e60e60360e5c70a016b1f97e,Decoupled,3,271747,,,,,,0,0
0.7,800000,1030,11,a47f29ce10a30c21b23e5eb0b7d5589a2317d561206b468e4c31e3529af1d98f,7e6bab01e9d6b0298352c3d96c8f671d95a236c9e60e60360e5c70a016b1f97e,Decoupled,4,45714,,,,,,0,0
0.7,800000,1031,7,e027aa8592f5c67808e9de1d38351949dc3aefc5d25b9b00acbf8c87054fcccd,7e6bab01e9d6b0298352c3d96c8f671d95a236c9e60e60360e5c70a016b1f97e,No-Dq-R,1,0,0.0,0.0,0.0,0,0,0,0
0.7,800000,1031,7,e027aa8592f5c67808e9de1d38351949dc3aefc5d25b9b00acbf8c87054fcccd,7e6bab01e9d6b0298352c3d96c8f671d95a236c9e60e60360e5c70a016b1f97e,No-Dq-R,2,-933771,0.05373278763014949,0.05108973465556099,0.9999999999999994,1,0,0,0
0.7,800000,1031,7,e027aa8592f5c67808e9de1d38351949dc3aefc5d25b9b00acbf8c87054fcccd,7e6bab01e9d6b0298352c3d96c8f671d95a236c9e60e60360e5c70a016b1f97e,No-Dq-R,3,-1466229,0.0650044911958248,0.05968984388912024,0,0,0,0,0
0.7,800000,1031,7,e027aa8592f5c67808e9de1d38351949dc3aefc5d25b9b00acbf8c87054fcccd,7e6bab01e9d6b0298352c3d96c8f671d95a236c9e60e60360e5c70a016b1f97e,No-Dq-R,4,-2354286,0.04846153490682803,0.05754080866724587,0,0,0,0,0
0.7,800000,1031,7,e027aa8592f5c67808e9de1d38351949dc3aefc5d25b9b00acbf8c87054fcccd,7e6bab01e9d6b0298352c3d96c8f671d95a236c9e60e60360e5c70a016b1f97e,Fixed-Dc,1,-315676,0.014723819518964953,0.013478822762188036,0.0,0,0,0,0
0.7,800000,1031,7,e027aa8592f5c67808e9de1d38351949dc3aefc5d25b9b00acbf8c87054fcccd,7e6bab01e9d6b0298352c3d96c8f671d95a236c9e60e60360e5c70a016b1f97e,Fixed-Dc,2,107181,-0.0032537891697081434,-0.002691851563593861,0,0,0,0,0
0.7,800000,1031,7,e027aa8592f5c67808e9de1d38351949dc3aefc5d25b9b00acbf8c87054fcccd,7e6bab01e9d6b0298352c3d96c8f671d95a236c9e60e60360e5c70a016b1f97e,Fixed-Dc,3,240952,-0.005006431972393699,-0.003505556642715457,0,0,0,0,0
0.7,800000,1031,7,e027aa8592f5c67808e9de1d38351949dc3aefc5d25b9b00acbf8c87054fcccd,7e6bab01e9d6b0298352c3d96c8f671d95a236c9e60e60360e5c70a016b1f97e,Fixed-Dc,4,-224248,0.0005221021970725492,0.0018166903928480416,0,0,0,0,0
0.7,800000,1031,7,e027aa8592f5c67808e9de1d38351949dc3aefc5d25b9b00acbf8c87054fcccd,7e6bab01e9d6b0298352c3d96c8f671d95a236c9e60e60360e5c70a016b1f97e,Decoupled,1,0,,,,,,0,0
0.7,800000,1031,7,e027aa8592f5c67808e9de1d38351949dc3aefc5d25b9b00acbf8c87054fcccd,7e6bab01e9d6b0298352c3d96c8f671d95a236c9e60e60360e5c70a016b1f97e,Decoupled,2,-133771,,,,,,0,0
0.7,800000,1031,7,e027aa8592f5c67808e9de1d38351949dc3aefc5d25b9b00acbf8c87054fcccd,7e6bab01e9d6b0298352c3d96c8f671d95a236c9e60e60360e5c70a016b1f97e,Decoupled,3,133771,,,,,,0,0
0.7,800000,1031,7,e027aa8592f5c67808e9de1d38351949dc3aefc5d25b9b00acbf8c87054fcccd,7e6bab01e9d6b0298352c3d96c8f671d95a236c9e60e60360e5c70a016b1f97e,Decoupled,4,45714,,,,,,0,0
0.7,800000,1031,11,e027aa8592f5c67808e9de1d38351949dc3aefc5d25b9b00acbf8c87054fcccd,7e6bab01e9d6b0298352c3d96c8f671d95a236c9e60e60360e5c70a016b1f97e,No-Dq-R,1,0,0.0,0.0,0.0,0,0,0,0
0.7,800000,1031,11,e027aa8592f5c67808e9de1d38351949dc3aefc5d25b9b00acbf8c87054fcccd,7e6bab01e9d6b0298352c3d96c8f671d95a236c9e60e60360e5c70a016b1f97e,No-Dq-R,2,-933771,0.05373278763014949,0.05108973465556099,0.9999999999999994,1,0,0,0
0.7,800000,1031,11,e027aa8592f5c67808e9de1d38351949dc3aefc5d25b9b00acbf8c87054fcccd,7e6bab01e9d6b0298352c3d96c8f671d95a236c9e60e60360e5c70a016b1f97e,No-Dq-R,3,-1466229,0.05519732324948884,0.05968984388912024,0,0,0,0,0
0.7,800000,1031,11,e027aa8592f5c67808e9de1d38351949dc3aefc5d25b9b00acbf8c87054fcccd,7e6bab01e9d6b0298352c3d96c8f671d95a236c9e60e60360e5c70a016b1f97e,No-Dq-R,4,-2354286,0.04846153490682803,0.05754080866724587,0,0,0,0,0
0.7,800000,1031,11,e027aa8592f5c67808e9de1d38351949dc3aefc5d25b9b00acbf8c87054fcccd,7e6bab01e9d6b0298352c3d96c8f671d95a236c9e60e60360e5c70a016b1f97e,Fixed-Dc,1,-315676,0.01227028727088253,0.013478822762188036,0.0,0,0,0,0
0.7,800000,1031,11,e027aa8592f5c67808e9de1d38351949dc3aefc5d25b9b00acbf8c87054fcccd,7e6bab01e9d6b0298352c3d96c8f671d95a236c9e60e60360e5c70a016b1f97e,Fixed-Dc,2,107181,-0.0032537891697081434,-0.002691851563593861,0,0,0,0,0
0.7,800000,1031,11,e027aa8592f5c67808e9de1d38351949dc3aefc5d25b9b00acbf8c87054fcccd,7e6bab01e9d6b0298352c3d96c8f671d95a236c9e60e60360e5c70a016b1f97e,Fixed-Dc,3,240952,-0.0021835695790024534,-0.003505556642715457,0,0,0,0,0
0.7,800000,1031,11,e027aa8592f5c67808e9de1d38351949dc3aefc5d25b9b00acbf8c87054fcccd,7e6bab01e9d6b0298352c3d96c8f671d95a236c9e60e60360e5c70a016b1f97e,Fixed-Dc,4,-224248,0.0005221021970725492,0.0018166903928480416,0,0,0,0,0
0.7,800000,1031,11,e027aa8592f5c67808e9de1d38351949dc3aefc5d25b9b00acbf8c87054fcccd,7e6bab01e9d6b0298352c3d96c8f671d95a236c9e60e60360e5c70a016b1f97e,Decoupled,1,0,,,,,,0,0
0.7,800000,1031,11,e027aa8592f5c67808e9de1d38351949dc3aefc5d25b9b00acbf8c87054fcccd,7e6bab01e9d6b0298352c3d96c8f671d95a236c9e60e60360e5c70a016b1f97e,Decoupled,2,-133771,,,,,,0,0
0.7,800000,1031,11,e027aa8592f5c67808e9de1d38351949dc3aefc5d25b9b00acbf8c87054fcccd,7e6bab01e9d6b0298352c3d96c8f671d95a236c9e60e60360e5c70a016b1f97e,Decoupled,3,133771,,,,,,0,0
0.7,800000,1031,11,e027aa8592f5c67808e9de1d38351949dc3aefc5d25b9b00acbf8c87054fcccd,7e6bab01e9d6b0298352c3d96c8f671d95a236c9e60e60360e5c70a016b1f97e,Decoupled,4,45714,,,,,,0,0
0.7,2000000,1000,7,6bd2a9ec9d13e6dc5a44ad0d72af15ddec2730b1d8922ba4ac8cd0101616d1c1,7e6bab01e9d6b0298352c3d96c8f671d95a236c9e60e60360e5c70a016b1f97e,No-Dq-R,1,0,0.0,0.0,0.0,0,0,0,0
0.7,2000000,1000,7,6bd2a9ec9d13e6dc5a44ad0d72af15ddec2730b1d8922ba4ac8cd0101616d1c1,7e6bab01e9d6b0298352c3d96c8f671d95a236c9e60e60360e5c70a016b1f97e,No-Dq-R,2,0,0.0,0.0,0,0,0,0,0
0.7,2000000,1000,7,6bd2a9ec9d13e6dc5a44ad0d72af15ddec2730b1d8922ba4ac8cd0101616d1c1,7e6bab01e9d6b0298352c3d96c8f671d95a236c9e60e60360e5c70a016b1f97e,No-Dq-R,3,0,0.0,0.0,0,0,0,0,0
0.7,2000000,1000,7,6bd2a9ec9d13e6dc5a44ad0d72af15ddec2730b1d8922ba4ac8cd0101616d1c1,7e6bab01e9d6b0298352c3d96c8f671d95a236c9e60e60360e5c70a016b1f97e,No-Dq-R,4,0,0.0,0.0,0,0,0,0,0
0.7,2000000,1000,7,6bd2a9ec9d13e6dc5a44ad0d72af15ddec2730b1d8922ba4ac8cd0101616d1c1,7e6bab01e9d6b0298352c3d96c8f671d95a236c9e60e60360e5c70a016b1f97e,Fixed-Dc,1,-59821,0.0028409021511436316,0.002609859706426576,0.0,0,0,0,0
0.7,2000000,1000,7,6bd2a9ec9d13e6dc5a44ad0d72af15ddec2730b1d8922ba4ac8cd0101616d1c1,7e6bab01e9d6b0298352c3d96c8f671d95a236c9e60e60360e5c70a016b1f97e,Fixed-Dc,2,-414107,0.01100687504168013,0.008675394746213927,0,0,0,0,0
0.7,2000000,1000,7,6bd2a9ec9d13e6dc5a44ad0d72af15ddec2730b1d8922ba4ac8cd0101616d1c1,7e6bab01e9d6b0298352c3d96c8f671d95a236c9e60e60360e5c70a016b1f97e,Fixed-Dc,3,240952,-0.001298810624458635,-0.002659992852743598,0,0,0,0,0
0.7,2000000,1000,7,6bd2a9ec9d13e6dc5a44ad0d72af15ddec2730b1d8922ba4ac8cd0101616d1c1,7e6bab01e9d6b0298352c3d96c8f671d95a236c9e60e60360e5c70a016b1f97e,Fixed-Dc,4,54464,1.776746836140708e-05,-0.00029644557508645697,0,0,0,0,0
0.7,2000000,1000,7,6bd2a9ec9d13e6dc5a44ad0d72af15ddec2730b1d8922ba4ac8cd0101616d1c1,7e6bab01e9d6b0298352c3d96c8f671d95a236c9e60e60360e5c70a016b1f97e,Decoupled,1,0,,,,,,0,0
0.7,2000000,1000,7,6bd2a9ec9d13e6dc5a44ad0d72af15ddec2730b1d8922ba4ac8cd0101616d1c1,7e6bab01e9d6b0298352c3d96c8f671d95a236c9e60e60360e5c70a016b1f97e,Decoupled,2,0,,,,,,0,0
0.7,2000000,1000,7,6bd2a9ec9d13e6dc5a44ad0d72af15ddec2730b1d8922ba4ac8cd0101616d1c1,7e6bab01e9d6b0298352c3d96c8f671d95a236c9e60e60360e5c70a016b1f97e,Decoupled,3,0,,,,,,0,0
0.7,2000000,1000,7,6bd2a9ec9d13e6dc5a44ad0d72af15ddec2730b1d8922ba4ac8cd0101616d1c1,7e6bab01e9d6b0298352c3d96c8f671d95a236c9e60e60360e5c70a016b1f97e,Decoupled,4,0,,,,,,0,0
0.7,2000000,1000,11,6bd2a9ec9d13e6dc5a44ad0d72af15ddec2730b1d8922ba4ac8cd0101616d1c1,7e6bab01e9d6b0298352c3d96c8f671d95a236c9e60e60360e5c70a016b1f97e,No-Dq-R,1,0,0.0,0.0,0.0,0,0,0,0
0.7,2000000,1000,11,6bd2a9ec9d13e6dc5a44ad0d72af15ddec2730b1d8922ba4ac8cd0101616d1c1,7e6bab01e9d6b0298352c3d96c8f671d95a236c9e60e60360e5c70a016b1f97e,No-Dq-R,2,0,0.0,0.0,0,0,0,0,0
0.7,2000000,1000,11,6bd2a9ec9d13e6dc5a44ad0d72af15ddec2730b1d8922ba4ac8cd0101616d1c1,7e6bab01e9d6b0298352c3d96c8f671d95a236c9e60e60360e5c70a016b1f97e,No-Dq-R,3,0,0.0,0.0,0,0,0,0,0
0.7,2000000,1000,11,6bd2a9ec9d13e6dc5a44ad0d72af15ddec2730b1d8922ba4ac8cd0101616d1c1,7e6bab01e9d6b0298352c3d96c8f671d95a236c9e60e60360e5c70a016b1f97e,No-Dq-R,4,0,0.0,0.0,0,0,0,0,0
0.7,2000000,1000,11,6bd2a9ec9d13e6dc5a44ad0d72af15ddec2730b1d8922ba4ac8cd0101616d1c1,7e6bab01e9d6b0298352c3d96c8f671d95a236c9e60e60360e5c70a016b1f97e,Fixed-Dc,1,-59821,0.002385583624646581,0.002609859706426576,0.0,0,0,0,0
0.7,2000000,1000,11,6bd2a9ec9d13e6dc5a44ad0d72af15ddec2730b1d8922ba4ac8cd0101616d1c1,7e6bab01e9d6b0298352c3d96c8f671d95a236c9e60e60360e5c70a016b1f97e,Fixed-Dc,2,-414107,0.01100687504168013,0.008675394746213927,0,0,0,0,0
0.7,2000000,1000,11,6bd2a9ec9d13e6dc5a44ad0d72af15ddec2730b1d8922ba4ac8cd0101616d1c1,7e6bab01e9d6b0298352c3d96c8f671d95a236c9e60e60360e5c70a016b1f97e,Fixed-Dc,3,240952,-0.001298810624458635,-0.002659992852743598,0,0,0,0,0
0.7,2000000,1000,11,6bd2a9ec9d13e6dc5a44ad0d72af15ddec2730b1d8922ba4ac8cd0101616d1c1,7e6bab01e9d6b0298352c3d96c8f671d95a236c9e60e60360e5c70a016b1f97e,Fixed-Dc,4,54464,1.776746836140708e-05,-0.00029644557508645697,0,0,0,0,0
0.7,2000000,1000,11,6bd2a9ec9d13e6dc5a44ad0d72af15ddec2730b1d8922ba4ac8cd0101616d1c1,7e6bab01e9d6b0298352c3d96c8f671d95a236c9e60e60360e5c70a016b1f97e,Decoupled,1,0,,,,,,0,0
0.7,2000000,1000,11,6bd2a9ec9d13e6dc5a44ad0d72af15ddec2730b1d8922ba4ac8cd0101616d1c1,7e6bab01e9d6b0298352c3d96c8f671d95a236c9e60e60360e5c70a016b1f97e,Decoupled,2,0,,,,,,0,0
0.7,2000000,1000,11,6bd2a9ec9d13e6dc5a44ad0d72af15ddec2730b1d8922ba4ac8cd0101616d1c1,7e6bab01e9d6b0298352c3d96c8f671d95a236c9e60e60360e5c70a016b1f97e,Decoupled,3,0,,,,,,0,0
0.7,2000000,1000,11,6bd2a9ec9d13e6dc5a44ad0d72af15ddec2730b1d8922ba4ac8cd0101616d1c1,7e6bab01e9d6b0298352c3d96c8f671d95a236c9e60e60360e5c70a016b1f97e,Decoupled,4,0,,,,,,0,0
0.7,2000000,1001,7,5f31a6b7bca64bcf48ca06a5616c4f14bf96c5b65d9115f3c2eb9b30a1ff4e92,7e6bab01e9d6b0298352c3d96c8f671d95a236c9e60e60360e5c70a016b1f97e,No-Dq-R,1,0,0.0,0.0,0.0,0,0,0,0
0.7,2000000,1001,7,5f31a6b7bca64bcf48ca06a5616c4f14bf96c5b65d9115f3c2eb9b30a1ff4e92,7e6bab01e9d6b0298352c3d96c8f671d95a236c9e60e60360e5c70a016b1f97e,No-Dq-R,2,0,0.0,0.0,0,0,0,0,0
0.7,2000000,1001,7,5f31a6b7bca64bcf48ca06a5616c4f14bf96c5b65d9115f3c2eb9b30a1ff4e92,7e6bab01e9d6b0298352c3d96c8f671d95a236c9e60e60360e5c70a016b1f97e,No-Dq-R,3,0,0.0,0.0,0,0,0,0,0
0.7,2000000,1001,7,5f31a6b7bca64bcf48ca06a5616c4f14bf96c5b65d9115f3c2eb9b30a1ff4e92,7e6bab01e9d6b0298352c3d96c8f671d95a236c9e60e60360e5c70a016b1f97e,No-Dq-R,4,0,0.0,0.0,0,0,0,0,0
0.7,2000000,1001,7,5f31a6b7bca64bcf48ca06a5616c4f14bf96c5b65d9115f3c2eb9b30a1ff4e92,7e6bab01e9d6b0298352c3d96c8f671d95a236c9e60e60360e5c70a016b1f97e,Fixed-Dc,1,-460282,0.021253355669105023,0.019417275755627017,0.0,0,0,0,0
0.7,2000000,1001,7,5f31a6b7bca64bcf48ca06a5616c4f14bf96c5b65d9115f3c2eb9b30a1ff4e92,7e6bab01e9d6b0298352c3d96c8f671d95a236c9e60e60360e5c70a016b1f97e,Fixed-Dc,2,240952,-0.0066441486851469556,-0.005318389136675206,0,0,0,0,0
0.7,2000000,1001,7,5f31a6b7bca64bcf48ca06a5616c4f14bf96c5b65d9115f3c2eb9b30a1ff4e92,7e6bab01e9d6b0298352c3d96c8f671d95a236c9e60e60360e5c70a016b1f97e,Fixed-Dc,3,8289,-4.290278724750074e-05,-8.992880806396597e-05,0,0,0,0,0
0.7,2000000,1001,7,5f31a6b7bca64bcf48ca06a5616c4f14bf96c5b65d9115f3c2eb9b30a1ff4e92,7e6bab01e9d6b0298352c3d96c8f671d95a236c9e60e60360e5c70a016b1f97e,Fixed-Dc,4,-345997,-0.00017061215686170472,0.0018324975083664485,0,0,0,0,0
0.7,2000000,1001,7,5f31a6b7bca64bcf48ca06a5616c4f14bf96c5b65d9115f3c2eb9b30a1ff4e92,7e6bab01e9d6b0298352c3d96c8f671d95a236c9e60e60360e5c70a016b1f97e,Decoupled,1,0,,,,,,0,0
0.7,2000000,1001,7,5f31a6b7bca64bcf48ca06a5616c4f14bf96c5b65d9115f3c2eb9b30a1ff4e92,7e6bab01e9d6b0298352c3d96c8f671d95a236c9e60e60360e5c70a016b1f97e,Decoupled,2,0,,,,,,0,0
0.7,2000000,1001,7,5f31a6b7bca64bcf48ca06a5616c4f14bf96c5b65d9115f3c2eb9b30a1ff4e92,7e6bab01e9d6b0298352c3d96c8f671d95a236c9e60e60360e5c70a016b1f97e,Decoupled,3,0,,,,,,0,0
0.7,2000000,1001,7,5f31a6b7bca64bcf48ca06a5616c4f14bf96c5b65d9115f3c2eb9b30a1ff4e92,7e6bab01e9d6b0298352c3d96c8f671d95a236c9e60e60360e5c70a016b1f97e,Decoupled,4,0,,,,,,0,0
0.7,2000000,1001,11,5f31a6b7bca64bcf48ca06a5616c4f14bf96c5b65d9115f3c2eb9b30a1ff4e92,7e6bab01e9d6b0298352c3d96c8f671d95a236c9e60e60360e5c70a016b1f97e,No-Dq-R,1,0,0.0,0.0,0.0,0,0,0,0
0.7,2000000,1001,11,5f31a6b7bca64bcf48ca06a5616c4f14bf96c5b65d9115f3c2eb9b30a1ff4e92,7e6bab01e9d6b0298352c3d96c8f671d95a236c9e60e60360e5c70a016b1f97e,No-Dq-R,2,0,0.0,0.0,0,0,0,0,0
0.7,2000000,1001,11,5f31a6b7bca64bcf48ca06a5616c4f14bf96c5b65d9115f3c2eb9b30a1ff4e92,7e6bab01e9d6b0298352c3d96c8f671d95a236c9e60e60360e5c70a016b1f97e,No-Dq-R,3,0,0.0,0.0,0,0,0,0,0
0.7,2000000,1001,11,5f31a6b7bca64bcf48ca06a5616c4f14bf96c5b65d9115f3c2eb9b30a1ff4e92,7e6bab01e9d6b0298352c3d96c8f671d95a236c9e60e60360e5c70a016b1f97e,No-Dq-R,4,0,0.0,0.0,0,0,0,0,0
0.7,2000000,1001,11,5f31a6b7bca64bcf48ca06a5616c4f14bf96c5b65d9115f3c2eb9b30a1ff4e92,7e6bab01e9d6b0298352c3d96c8f671d95a236c9e60e60360e5c70a016b1f97e,Fixed-Dc,1,-460282,0.01763496770684503,0.019417275755627017,0.0,0,0,0,0
0.7,2000000,1001,11,5f31a6b7bca64bcf48ca06a5616c4f14bf96c5b65d9115f3c2eb9b30a1ff4e92,7e6bab01e9d6b0298352c3d96c8f671d95a236c9e60e60360e5c70a016b1f97e,Fixed-Dc,2,240952,-0.0066441486851469556,-0.005318389136675206,0,0,0,0,0
0.7,2000000,1001,11,5f31a6b7bca64bcf48ca06a5616c4f14bf96c5b65d9115f3c2eb9b30a1ff4e92,7e6bab01e9d6b0298352c3d96c8f671d95a236c9e60e60360e5c70a016b1f97e,Fixed-Dc,3,8289,-4.290278724750074e-05,-8.992880806396597e-05,0,0,0,0,0
0.7,2000000,1001,11,5f31a6b7bca64bcf48ca06a5616c4f14bf96c5b65d9115f3c2eb9b30a1ff4e92,7e6bab01e9d6b0298352c3d96c8f671d95a236c9e60e60360e5c70a016b1f97e,Fixed-Dc,4,-345997,-0.00017061215686170472,0.0018324975083664485,0,0,0,0,0
0.7,2000000,1001,11,5f31a6b7bca64bcf48ca06a5616c4f14bf96c5b65d9115f3c2eb9b30a1ff4e92,7e6bab01e9d6b0298352c3d96c8f671d95a236c9e60e60360e5c70a016b1f97e,Decoupled,1,0,,,,,,0,0
0.7,2000000,1001,11,5f31a6b7bca64bcf48ca06a5616c4f14bf96c5b65d9115f3c2eb9b30a1ff4e92,7e6bab01e9d6b0298352c3d96c8f671d95a236c9e60e60360e5c70a016b1f97e,Decoupled,2,0,,,,,,0,0
0.7,2000000,1001,11,5f31a6b7bca64bcf48ca06a5616c4f14bf96c5b65d9115f3c2eb9b30a1ff4e92,7e6bab01e9d6b0298352c3d96c8f671d95a236c9e60e60360e5c70a016b1f97e,Decoupled,3,0,,,,,,0,0
0.7,2000000,1001,11,5f31a6b7bca64bcf48ca06a5616c4f14bf96c5b65d9115f3c2eb9b30a1ff4e92,7e6bab01e9d6b0298352c3d96c8f671d95a236c9e60e60360e5c70a016b1f97e,Decoupled,4,0,,,,,,0,0
0.7,2000000,1002,7,d27b8b980527ee1c7c67217e97eb20818c7d29451e165ca5cff089da6a991854,7e6bab01e9d6b0298352c3d96c8f671d95a236c9e60e60360e5c70a016b1f97e,No-Dq-R,1,0,0.0,0.0,0.0,0,0,0,0
0.7,2000000,1002,7,d27b8b980527ee1c7c67217e97eb20818c7d29451e165ca5cff089da6a991854,7e6bab01e9d6b0298352c3d96c8f671d95a236c9e60e60360e5c70a016b1f97e,No-Dq-R,2,0,0.0,0.0,0,0,0,0,0
0.7,2000000,1002,7,d27b8b980527ee1c7c67217e97eb20818c7d29451e165ca5cff089da6a991854,7e6bab01e9d6b0298352c3d96c8f671d95a236c9e60e60360e5c70a016b1f97e,No-Dq-R,3,0,0.0,0.0,0,0,0,0,0
0.7,2000000,1002,7,d27b8b980527ee1c7c67217e97eb20818c7d29451e165ca5cff089da6a991854,7e6bab01e9d6b0298352c3d96c8f671d95a236c9e60e60360e5c70a016b1f97e,No-Dq-R,4,0,0.0,0.0,0,0,0,0,0
0.7,2000000,1002,7,d27b8b980527ee1c7c67217e97eb20818c7d29451e165ca5cff089da6a991854,7e6bab01e9d6b0298352c3d96c8f671d95a236c9e60e60360e5c70a016b1f97e,Fixed-Dc,1,-252698,0.011838501456342354,0.01084690917864406,0.0,0,0,0,0
0.7,2000000,1002,7,d27b8b980527ee1c7c67217e97eb20818c7d29451e165ca5cff089da6a991854,7e6bab01e9d6b0298352c3d96c8f671d95a236c9e60e60360e5c70a016b1f97e,Fixed-Dc,2,240952,-0.0066441486851469556,-0.005318389136675206,0,0,0,0,0
0.7,2000000,1002,7,d27b8b980527ee1c7c67217e97eb20818c7d29451e165ca5cff089da6a991854,7e6bab01e9d6b0298352c3d96c8f671d95a236c9e60e60360e5c70a016b1f97e,Fixed-Dc,3,215873,-0.0011585722526263886,-0.0023786496776448396,0,0,0,0,0
0.7,2000000,1002,7,d27b8b980527ee1c7c67217e97eb20818c7d29451e165ca5cff089da6a991854,7e6bab01e9d6b0298352c3d96c8f671d95a236c9e60e60360e5c70a016b1f97e,Fixed-Dc,4,-138413,-5.643038632419106e-05,0.000743483021939273,0,0,0,0,0
0.7,2000000,1002,7,d27b8b980527ee1c7c67217e97eb20818c7d29451e165ca5cff089da6a991854,7e6bab01e9d6b0298352c3d96c8f671d95a236c9e60e60360e5c70a016b1f97e,Decoupled,1,0,,,,,,0,0
0.7,2000000,1002,7,d27b8b980527ee1c7c67217e97eb20818c7d29451e165ca5cff089da6a991854,7e6bab01e9d6b0298352c3d96c8f671d95a236c9e60e60360e5c70a016b1f97e,Decoupled,2,0,,,,,,0,0
0.7,2000000,1002,7,d27b8b980527ee1c7c67217e97eb20818c7d29451e165ca5cff089da6a991854,7e6bab01e9d6b0298352c3d96c8f671d95a236c9e60e60360e5c70a016b1f97e,Decoupled,3,0,,,,,,0,0
0.7,2000000,1002,7,d27b8b980527ee1c7c67217e97eb20818c7d29451e165ca5cff089da6a991854,7e6bab01e9d6b0298352c3d96c8f671d95a236c9e60e60360e5c70a016b1f97e,Decoupled,4,0,,,,,,0,0
0.7,2000000,1002,11,d27b8b980527ee1c7c67217e97eb20818c7d29451e165ca5cff089da6a991854,7e6bab01e9d6b0298352c3d96c8f671d95a236c9e60e60360e5c70a016b1f97e,No-Dq-R,1,0,0.0,0.0,0.0,0,0,0,0
0.7,2000000,1002,11,d27b8b980527ee1c7c67217e97eb20818c7d29451e165ca5cff089da6a991854,7e6bab01e9d6b0298352c3d96c8f671d95a236c9e60e60360e5c70a016b1f97e,No-Dq-R,2,0,0.0,0.0,0,0,0,0,0
0.7,2000000,1002,11,d27b8b980527ee1c7c67217e97eb20818c7d29451e165ca5cff089da6a991854,7e6bab01e9d6b0298352c3d96c8f671d95a236c9e60e60360e5c70a016b1f97e,No-Dq-R,3,0,0.0,0.0,0,0,0,0,0
0.7,2000000,1002,11,d27b8b980527ee1c7c67217e97eb20818c7d29451e165ca5cff089da6a991854,7e6bab01e9d6b0298352c3d96c8f671d95a236c9e60e60360e5c70a016b1f97e,No-Dq-R,4,0,0.0,0.0,0,0,0,0,0
0.7,2000000,1002,11,d27b8b980527ee1c7c67217e97eb20818c7d29451e165ca5cff089da6a991854,7e6bab01e9d6b0298352c3d96c8f671d95a236c9e60e60360e5c70a016b1f97e,Fixed-Dc,1,-252698,0.009884356903724911,0.01084690917864406,0.0,0,0,0,0
0.7,2000000,1002,11,d27b8b980527ee1c7c67217e97eb20818c7d29451e165ca5cff089da6a991854,7e6bab01e9d6b0298352c3d96c8f671d95a236c9e60e60360e5c70a016b1f97e,Fixed-Dc,2,240952,-0.0066441486851469556,-0.005318389136675206,0,0,0,0,0
0.7,2000000,1002,11,d27b8b980527ee1c7c67217e97eb20818c7d29451e165ca5cff089da6a991854,7e6bab01e9d6b0298352c3d96c8f671d95a236c9e60e60360e5c70a016b1f97e,Fixed-Dc,3,215873,-0.0011585722526263886,-0.0023786496776448396,0,0,0,0,0
0.7,2000000,1002,11,d27b8b980527ee1c7c67217e97eb20818c7d29451e165ca5cff089da6a991854,7e6bab01e9d6b0298352c3d96c8f671d95a236c9e60e60360e5c70a016b1f97e,Fixed-Dc,4,-138413,-5.643038632419106e-05,0.000743483021939273,0,0,0,0,0
0.7,2000000,1002,11,d27b8b980527ee1c7c67217e97eb20818c7d29451e165ca5cff089da6a991854,7e6bab01e9d6b0298352c3d96c8f671d95a236c9e60e60360e5c70a016b1f97e,Decoupled,1,0,,,,,,0,0
0.7,2000000,1002,11,d27b8b980527ee1c7c67217e97eb20818c7d29451e165ca5cff089da6a991854,7e6bab01e9d6b0298352c3d96c8f671d95a236c9e60e60360e5c70a016b1f97e,Decoupled,2,0,,,,,,0,0
0.7,2000000,1002,11,d27b8b980527ee1c7c67217e97eb20818c7d29451e165ca5cff089da6a991854,7e6bab01e9d6b0298352c3d96c8f671d95a236c9e60e60360e5c70a016b1f97e,Decoupled,3,0,,,,,,0,0
0.7,2000000,1002,11,d27b8b980527ee1c7c67217e97eb20818c7d29451e165ca5cff089da6a991854,7e6bab01e9d6b0298352c3d96c8f671d95a236c9e60e60360e5c70a016b1f97e,Decoupled,4,0,,,,,,0,0
0.7,2000000,1003,7,ddf0df19775ee395ab7d040009efb5e77effe41951f318afdbd5ae765ff099ca,7e6bab01e9d6b0298352c3d96c8f671d95a236c9e60e60360e5c70a016b1f97e,No-Dq-R,1,0,0.0,0.0,0.0,0,0,0,0
0.7,2000000,1003,7,ddf0df19775ee395ab7d040009efb5e77effe41951f318afdbd5ae765ff099ca,7e6bab01e9d6b0298352c3d96c8f671d95a236c9e60e60360e5c70a016b1f97e,No-Dq-R,2,0,0.0,0.0,0,0,0,0,0
0.7,2000000,1003,7,ddf0df19775ee395ab7d040009efb5e77effe41951f318afdbd5ae765ff099ca,7e6bab01e9d6b0298352c3d96c8f671d95a236c9e60e60360e5c70a016b1f97e,No-Dq-R,3,0,0.0,0.0,0,0,0,0,0
0.7,2000000,1003,7,ddf0df19775ee395ab7d040009efb5e77effe41951f318afdbd5ae765ff099ca,7e6bab01e9d6b0298352c3d96c8f671d95a236c9e60e60360e5c70a016b1f97e,No-Dq-R,4,0,0.0,0.0,0,0,0,0,0
0.7,2000000,1003,7,ddf0df19775ee395ab7d040009efb5e77effe41951f318afdbd5ae765ff099ca,7e6bab01e9d6b0298352c3d96c8f671d95a236c9e60e60360e5c70a016b1f97e,Fixed-Dc,1,-203191,0.009552345858798938,0.008758216726276413,0.0,0,0,0,0
0.7,2000000,1003,7,ddf0df19775ee395ab7d040009efb5e77effe41951f318afdbd5ae765ff099ca,7e6bab01e9d6b0298352c3d96c8f671d95a236c9e60e60360e5c70a016b1f97e,Fixed-Dc,2,-557477,0.014701836710591276,0.011548360683559689,0,0,0,0,0
0.7,2000000,1003,7,ddf0df19775ee395ab7d040009efb5e77effe41951f318afdbd5ae765ff099ca,7e6bab01e9d6b0298352c3d96c8f671d95a236c9e60e60360e5c70a016b1f97e,Fixed-Dc,3,240952,-0.001298810624458635,-0.002659992852743598,0,0,0,0,0
0.7,2000000,1003,7,ddf0df19775ee395ab7d040009efb5e77effe41951f318afdbd5ae765ff099ca,7e6bab01e9d6b0298352c3d96c8f671d95a236c9e60e60360e5c70a016b1f97e,Fixed-Dc,4,-88906,-3.440487639094769e-05,0.0004791749424045144,0,0,0,0,0
0.7,2000000,1003,7,ddf0df19775ee395ab7d040009efb5e77effe41951f318afdbd5ae765ff099ca,7e6bab01e9d6b0298352c3d96c8f671d95a236c9e60e60360e5c70a016b1f97e,Decoupled,1,0,,,,,,0,0
0.7,2000000,1003,7,ddf0df19775ee395ab7d040009efb5e77effe41951f318afdbd5ae765ff099ca,7e6bab01e9d6b0298352c3d96c8f671d95a236c9e60e60360e5c70a016b1f97e,Decoupled,2,0,,,,,,0,0
0.7,2000000,1003,7,ddf0df19775ee395ab7d040009efb5e77effe41951f318afdbd5ae765ff099ca,7e6bab01e9d6b0298352c3d96c8f671d95a236c9e60e60360e5c70a016b1f97e,Decoupled,3,0,,,,,,0,0
0.7,2000000,1003,7,ddf0df19775ee395ab7d040009efb5e77effe41951f318afdbd5ae765ff099ca,7e6bab01e9d6b0298352c3d96c8f671d95a236c9e60e60360e5c70a016b1f97e,Decoupled,4,0,,,,,,0,0
0.7,2000000,1003,11,ddf0df19775ee395ab7d040009efb5e77effe41951f318afdbd5ae765ff099ca,7e6bab01e9d6b0298352c3d96c8f671d95a236c9e60e60360e5c70a016b1f97e,No-Dq-R,1,0,0.0,0.0,0.0,0,0,0,0
0.7,2000000,1003,11,ddf0df19775ee395ab7d040009efb5e77effe41951f318afdbd5ae765ff099ca,7e6bab01e9d6b0298352c3d96c8f671d95a236c9e60e60360e5c70a016b1f97e,No-Dq-R,2,0,0.0,0.0,0,0,0,0,0
0.7,2000000,1003,11,ddf0df19775ee395ab7d040009efb5e77effe41951f318afdbd5ae765ff099ca,7e6bab01e9d6b0298352c3d96c8f671d95a236c9e60e60360e5c70a016b1f97e,No-Dq-R,3,0,0.0,0.0,0,0,0,0,0
0.7,2000000,1003,11,ddf0df19775ee395ab7d040009efb5e77effe41951f318afdbd5ae765ff099ca,7e6bab01e9d6b0298352c3d96c8f671d95a236c9e60e60360e5c70a016b1f97e,No-Dq-R,4,0,0.0,0.0,0,0,0,0,0
0.7,2000000,1003,11,ddf0df19775ee395ab7d040009efb5e77effe41951f318afdbd5ae765ff099ca,7e6bab01e9d6b0298352c3d96c8f671d95a236c9e60e60360e5c70a016b1f97e,Fixed-Dc,1,-203191,0.00798734464479589,0.008758216726276413,0.0,0,0,0,0
0.7,2000000,1003,11,ddf0df19775ee395ab7d040009efb5e77effe41951f318afdbd5ae765ff099ca,7e6bab01e9d6b0298352c3d96c8f671d95a236c9e60e60360e5c70a016b1f97e,Fixed-Dc,2,-557477,0.014701836710591276,0.011548360683559689,0,0,0,0,0
0.7,2000000,1003,11,ddf0df19775ee395ab7d040009efb5e77effe41951f318afdbd5ae765ff099ca,7e6bab01e9d6b0298352c3d96c8f671d95a236c9e60e60360e5c70a016b1f97e,Fixed-Dc,3,240952,-0.001298810624458635,-0.002659992852743598,0,0,0,0,0
0.7,2000000,1003,11,ddf0df19775ee395ab7d040009efb5e77effe41951f318afdbd5ae765ff099ca,7e6bab01e9d6b0298352c3d96c8f671d95a236c9e60e60360e5c70a016b1f97e,Fixed-Dc,4,-88906,-3.440487639094769e-05,0.0004791749424045144,0,0,0,0,0
0.7,2000000,1003,11,ddf0df19775ee395ab7d040009efb5e77effe41951f318afdbd5ae765ff099ca,7e6bab01e9d6b0298352c3d96c8f671d95a236c9e60e60360e5c70a016b1f97e,Decoupled,1,0,,,,,,0,0
0.7,2000000,1003,11,ddf0df19775ee395ab7d040009efb5e77effe41951f318afdbd5ae765ff099ca,7e6bab01e9d6b0298352c3d96c8f671d95a236c9e60e60360e5c70a016b1f97e,Decoupled,2,0,,,,,,0,0
0.7,2000000,1003,11,ddf0df19775ee395ab7d040009efb5e77effe41951f318afdbd5ae765ff099ca,7e6bab01e9d6b0298352c3d96c8f671d95a236c9e60e60360e5c70a016b1f97e,Decoupled,3,0,,,,,,0,0
0.7,2000000,1003,11,ddf0df19775ee395ab7d040009efb5e77effe41951f318afdbd5ae765ff099ca,7e6bab01e9d6b0298352c3d96c8f671d95a236c9e60e60360e5c70a016b1f97e,Decoupled,4,0,,,,,,0,0
0.7,2000000,1004,7,1eb2f1cf5d252cfcd39248fa0f916bc6c72d365aecafc3a03b3dba00528eed76,7e6bab01e9d6b0298352c3d96c8f671d95a236c9e60e60360e5c70a016b1f97e,No-Dq-R,1,0,0.0,0.0,0.0,0,0,0,0
0.7,2000000,1004,7,1eb2f1cf5d252cfcd39248fa0f916bc6c72d365aecafc3a03b3dba00528eed76,7e6bab01e9d6b0298352c3d96c8f671d95a236c9e60e60360e5c70a016b1f97e,No-Dq-R,2,0,0.0,0.0,0,0,0,0,0
0.7,2000000,1004,7,1eb2f1cf5d252cfcd39248fa0f916bc6c72d365aecafc3a03b3dba00528eed76,7e6bab01e9d6b0298352c3d96c8f671d95a236c9e60e60360e5c70a016b1f97e,No-Dq-R,3,0,0.0,0.0,0,0,0,0,0
0.7,2000000,1004,7,1eb2f1cf5d252cfcd39248fa0f916bc6c72d365aecafc3a03b3dba00528eed76,7e6bab01e9d6b0298352c3d96c8f671d95a236c9e60e60360e5c70a016b1f97e,No-Dq-R,4,0,0.0,0.0,0,0,0,0,0
0.7,2000000,1004,7,1eb2f1cf5d252cfcd39248fa0f916bc6c72d365aecafc3a03b3dba00528eed76,7e6bab01e9d6b0298352c3d96c8f671d95a236c9e60e60360e5c70a016b1f97e,Fixed-Dc,1,-43353,0.002061241841207373,0.001894034029017,0.0,0,0,0,0
0.7,2000000,1004,7,1eb2f1cf5d252cfcd39248fa0f916bc6c72d365aecafc3a03b3dba00528eed76,7e6bab01e9d6b0298352c3d96c8f671d95a236c9e60e60360e5c70a016b1f97e,Fixed-Dc,2,-397639,0.010578734020620262,0.008341196734894862,0,0,0,0,0
0.7,2000000,1004,7,1eb2f1cf5d252cfcd39248fa0f916bc6c72d365aecafc3a03b3dba00528eed76,7e6bab01e9d6b0298352c3d96c8f671d95a236c9e60e60360e5c70a016b1f97e,Fixed-Dc,3,240952,-0.001298810624458635,-0.002659992852743598,0,0,0,0,0
0.7,2000000,1004,7,1eb2f1cf5d252cfcd39248fa0f916bc6c72d365aecafc3a03b3dba00528eed76,7e6bab01e9d6b0298352c3d96c8f671d95a236c9e60e60360e5c70a016b1f97e,Fixed-Dc,4,70932,2.2639498785115286e-05,-0.000386518398367508,0,0,0,0,0
0.7,2000000,1004,7,1eb2f1cf5d252cfcd39248fa0f916bc6c72d365aecafc3a03b3dba00528eed76,7e6bab01e9d6b0298352c3d96c8f671d95a236c9e60e60360e5c70a016b1f97e,Decoupled,1,0,,,,,,0,0
0.7,2000000,1004,7,1eb2f1cf5d252cfcd39248fa0f916bc6c72d365aecafc3a03b3dba00528eed76,7e6bab01e9d6b0298352c3d96c8f671d95a236c9e60e60360e5c70a016b1f97e,Decoupled,2,0,,,,,,0,0
0.7,2000000,1004,7,1eb2f1cf5d252cfcd39248fa0f916bc6c72d365aecafc3a03b3dba00528eed76,7e6bab01e9d6b0298352c3d96c8f671d95a236c9e60e60360e5c70a016b1f97e,Decoupled,3,0,,,,,,0,0
0.7,2000000,1004,7,1eb2f1cf5d252cfcd39248fa0f916bc6c72d365aecafc3a03b3dba00528eed76,7e6bab01e9d6b0298352c3d96c8f671d95a236c9e60e60360e5c70a016b1f97e,Decoupled,4,0,,,,,,0,0
0.7,2000000,1004,11,1eb2f1cf5d252cfcd39248fa0f916bc6c72d365aecafc3a03b3dba00528eed76,7e6bab01e9d6b0298352c3d96c8f671d95a236c9e60e60360e5c70a016b1f97e,No-Dq-R,1,0,0.0,0.0,0.0,0,0,0,0
0.7,2000000,1004,11,1eb2f1cf5d252cfcd39248fa0f916bc6c72d365aecafc3a03b3dba00528eed76,7e6bab01e9d6b0298352c3d96c8f671d95a236c9e60e60360e5c70a016b1f97e,No-Dq-R,2,0,0.0,0.0,0,0,0,0,0
0.7,2000000,1004,11,1eb2f1cf5d252cfcd39248fa0f916bc6c72d365aecafc3a03b3dba00528eed76,7e6bab01e9d6b0298352c3d96c8f671d95a236c9e60e60360e5c70a016b1f97e,No-Dq-R,3,0,0.0,0.0,0,0,0,0,0
0.7,2000000,1004,11,1eb2f1cf5d252cfcd39248fa0f916bc6c72d365aecafc3a03b3dba00528eed76,7e6bab01e9d6b0298352c3d96c8f671d95a236c9e60e60360e5c70a016b1f97e,No-Dq-R,4,0,0.0,0.0,0,0,0,0,0
0.7,2000000,1004,11,1eb2f1cf5d252cfcd39248fa0f916bc6c72d365aecafc3a03b3dba00528eed76,7e6bab01e9d6b0298352c3d96c8f671d95a236c9e60e60360e5c70a016b1f97e,Fixed-Dc,1,-43353,0.0017317231038230796,0.001894034029017,0.0,0,0,0,0
0.7,2000000,1004,11,1eb2f1cf5d252cfcd39248fa0f916bc6c72d365aecafc3a03b3dba00528eed76,7e6bab01e9d6b0298352c3d96c8f671d95a236c9e60e60360e5c70a016b1f97e,Fixed-Dc,2,-397639,0.010578734020620262,0.008341196734894862,0,0,0,0,0
0.7,2000000,1004,11,1eb2f1cf5d252cfcd39248fa0f916bc6c72d365aecafc3a03b3dba00528eed76,7e6bab01e9d6b0298352c3d96c8f671d95a236c9e60e60360e5c70a016b1f97e,Fixed-Dc,3,240952,-0.001298810624458635,-0.002659992852743598,0,0,0,0,0
0.7,2000000,1004,11,1eb2f1cf5d252cfcd39248fa0f916bc6c72d365aecafc3a03b3dba00528eed76,7e6bab01e9d6b0298352c3d96c8f671d95a236c9e60e60360e5c70a016b1f97e,Fixed-Dc,4,70932,2.2639498785115286e-05,-0.000386518398367508,0,0,0,0,0
0.7,2000000,1004,11,1eb2f1cf5d252cfcd39248fa0f916bc6c72d365aecafc3a03b3dba00528eed76,7e6bab01e9d6b0298352c3d96c8f671d95a236c9e60e60360e5c70a016b1f97e,Decoupled,1,0,,,,,,0,0
0.7,2000000,1004,11,1eb2f1cf5d252cfcd39248fa0f916bc6c72d365aecafc3a03b3dba00528eed76,7e6bab01e9d6b0298352c3d96c8f671d95a236c9e60e60360e5c70a016b1f97e,Decoupled,2,0,,,,,,0,0
0.7,2000000,1004,11,1eb2f1cf5d252cfcd39248fa0f916bc6c72d365aecafc3a03b3dba00528eed76,7e6bab01e9d6b0298352c3d96c8f671d95a236c9e60e60360e5c70a016b1f97e,Decoupled,3,0,,,,,,0,0
0.7,2000000,1004,11,1eb2f1cf5d252cfcd39248fa0f916bc6c72d365aecafc3a03b3dba00528eed76,7e6bab01e9d6b0298352c3d96c8f671d95a236c9e60e60360e5c70a016b1f97e,Decoupled,4,0,,,,,,0,0
0.7,2000000,1005,7,5b12d3e8189096e25791e0e1bb026df20c6c5bf012a4ba02c24b0a2aa6eac961,7e6bab01e9d6b0298352c3d96c8f671d95a236c9e60e60360e5c70a016b1f97e,No-Dq-R,1,0,0.0,0.0,0.0,0,0,0,0
0.7,2000000,1005,7,5b12d3e8189096e25791e0e1bb026df20c6c5bf012a4ba02c24b0a2aa6eac961,7e6bab01e9d6b0298352c3d96c8f671d95a236c9e60e60360e5c70a016b1f97e,No-Dq-R,2,0,0.0,0.0,0,0,0,0,0
0.7,2000000,1005,7,5b12d3e8189096e25791e0e1bb026df20c6c5bf012a4ba02c24b0a2aa6eac961,7e6bab01e9d6b0298352c3d96c8f671d95a236c9e60e60360e5c70a016b1f97e,No-Dq-R,3,0,0.0,0.0,0,0,0,0,0
0.7,2000000,1005,7,5b12d3e8189096e25791e0e1bb026df20c6c5bf012a4ba02c24b0a2aa6eac961,7e6bab01e9d6b0298352c3d96c8f671d95a236c9e60e60360e5c70a016b1f97e,No-Dq-R,4,0,0.0,0.0,0,0,0,0,0
0.7,2000000,1005,7,5b12d3e8189096e25791e0e1bb026df20c6c5bf012a4ba02c24b0a2aa6eac961,7e6bab01e9d6b0298352c3d96c8f671d95a236c9e60e60360e5c70a016b1f97e,Fixed-Dc,1,-173346,0.008166425096431618,0.007490590260725627,0.0,0,0,0,0
0.7,2000000,1005,7,5b12d3e8189096e25791e0e1bb026df20c6c5bf012a4ba02c24b0a2aa6eac961,7e6bab01e9d6b0298352c3d96c8f671d95a236c9e60e60360e5c70a016b1f97e,Fixed-Dc,2,-527632,0.01393742258479419,0.010955664724941638,0,0,0,0,0
0.7,2000000,1005,7,5b12d3e8189096e25791e0e1bb026df20c6c5bf012a4ba02c24b0a2aa6eac961,7e6bab01e9d6b0298352c3d96c8f671d95a236c9e60e60360e5c70a016b1f97e,Fixed-Dc,3,240952,-0.001298810624458635,-0.002659992852743598,0,0,0,0,0
0.7,2000000,1005,7,5b12d3e8189096e25791e0e1bb026df20c6c5bf012a4ba02c24b0a2aa6eac961,7e6bab01e9d6b0298352c3d96c8f671d95a236c9e60e60360e5c70a016b1f97e,Fixed-Dc,4,-59061,-2.2114032596720623e-05,0.0003189707877441217,0,0,0,0,0
0.7,2000000,1005,7,5b12d3e8189096e25791e0e1bb026df20c6c5bf012a4ba02c24b0a2aa6eac961,7e6bab01e9d6b0298352c3d96c8f671d95a236c9e60e60360e5c70a016b1f97e,Decoupled,1,0,,,,,,0,0
0.7,2000000,1005,7,5b12d3e8189096e25791e0e1bb026df20c6c5bf012a4ba02c24b0a2aa6eac961,7e6bab01e9d6b0298352c3d96c8f671d95a236c9e60e60360e5c70a016b1f97e,Decoupled,2,0,,,,,,0,0
0.7,2000000,1005,7,5b12d3e8189096e25791e0e1bb026df20c6c5bf012a4ba02c24b0a2aa6eac961,7e6bab01e9d6b0298352c3d96c8f671d95a236c9e60e60360e5c70a016b1f97e,Decoupled,3,0,,,,,,0,0
0.7,2000000,1005,7,5b12d3e8189096e25791e0e1bb026df20c6c5bf012a4ba02c24b0a2aa6eac961,7e6bab01e9d6b0298352c3d96c8f671d95a236c9e60e60360e5c70a016b1f97e,Decoupled,4,0,,,,,,0,0
0.7,2000000,1005,11,5b12d3e8189096e25791e0e1bb026df20c6c5bf012a4ba02c24b0a2aa6eac961,7e6bab01e9d6b0298352c3d96c8f671d95a236c9e60e60360e5c70a016b1f97e,No-Dq-R,1,0,0.0,0.0,0.0,0,0,0,0
0.7,2000000,1005,11,5b12d3e8189096e25791e0e1bb026df20c6c5bf012a4ba02c24b0a2aa6eac961,7e6bab01e9d6b0298352c3d96c8f671d95a236c9e60e60360e5c70a016b1f97e,No-Dq-R,2,0,0.0,0.0,0,0,0,0,0
0.7,2000000,1005,11,5b12d3e8189096e25791e0e1bb026df20c6c5bf012a4ba02c24b0a2aa6eac961,7e6bab01e9d6b0298352c3d96c8f671d95a236c9e60e60360e5c70a016b1f97e,No-Dq-R,3,0,0.0,0.0,0,0,0,0,0
0.7,2000000,1005,11,5b12d3e8189096e25791e0e1bb026df20c6c5bf012a4ba02c24b0a2aa6eac961,7e6bab01e9d6b0298352c3d96c8f671d95a236c9e60e60360e5c70a016b1f97e,No-Dq-R,4,0,0.0,0.0,0,0,0,0,0
0.7,2000000,1005,11,5b12d3e8189096e25791e0e1bb026df20c6c5bf012a4ba02c24b0a2aa6eac961,7e6bab01e9d6b0298352c3d96c8f671d95a236c9e60e60360e5c70a016b1f97e,Fixed-Dc,1,-173346,0.006834548081687375,0.007490590260725627,0.0,0,0,0,0
0.7,2000000,1005,11,5b12d3e8189096e25791e0e1bb026df20c6c5bf012a4ba02c24b0a2aa6eac961,7e6bab01e9d6b0298352c3d96c8f671d95a236c9e60e60360e5c70a016b1f97e,Fixed-Dc,2,-527632,0.01393742258479419,0.010955664724941638,0,0,0,0,0
0.7,2000000,1005,11,5b12d3e8189096e25791e0e1bb026df20c6c5bf012a4ba02c24b0a2aa6eac961,7e6bab01e9d6b0298352c3d96c8f671d95a236c9e60e60360e5c70a016b1f97e,Fixed-Dc,3,240952,-0.001298810624458635,-0.002659992852743598,0,0,0,0,0
0.7,2000000,1005,11,5b12d3e8189096e25791e0e1bb026df20c6c5bf012a4ba02c24b0a2aa6eac961,7e6bab01e9d6b0298352c3d96c8f671d95a236c9e60e60360e5c70a016b1f97e,Fixed-Dc,4,-59061,-2.2114032596720623e-05,0.0003189707877441217,0,0,0,0,0
0.7,2000000,1005,11,5b12d3e8189096e25791e0e1bb026df20c6c5bf012a4ba02c24b0a2aa6eac961,7e6bab01e9d6b0298352c3d96c8f671d95a236c9e60e60360e5c70a016b1f97e,Decoupled,1,0,,,,,,0,0
0.7,2000000,1005,11,5b12d3e8189096e25791e0e1bb026df20c6c5bf012a4ba02c24b0a2aa6eac961,7e6bab01e9d6b0298352c3d96c8f671d95a236c9e60e60360e5c70a016b1f97e,Decoupled,2,0,,,,,,0,0
0.7,2000000,1005,11,5b12d3e8189096e25791e0e1bb026df20c6c5bf012a4ba02c24b0a2aa6eac961,7e6bab01e9d6b0298352c3d96c8f671d95a236c9e60e60360e5c70a016b1f97e,Decoupled,3,0,,,,,,0,0
0.7,2000000,1005,11,5b12d3e8189096e25791e0e1bb026df20c6c5bf012a4ba02c24b0a2aa6eac961,7e6bab01e9d6b0298352c3d96c8f671d95a236c9e60e60360e5c70a016b1f97e,Decoupled,4,0,,,,,,0,0
0.7,2000000,1006,7,c86a765cf680d479bbd72294f24cf64356b474317286b560aafd7f66a0262ca9,7e6bab01e9d6b0298352c3d96c8f671d95a236c9e60e60360e5c70a016b1f97e,No-Dq-R,1,0,0.0,0.0,0.0,0,0,0,0
0.7,2000000,1006,7,c86a765cf680d479bbd72294f24cf64356b474317286b560aafd7f66a0262ca9,7e6bab01e9d6b0298352c3d96c8f671d95a236c9e60e60360e5c70a016b1f97e,No-Dq-R,2,0,0.0,0.0,0,0,0,0,0
0.7,2000000,1006,7,c86a765cf680d479bbd72294f24cf64356b474317286b560aafd7f66a0262ca9,7e6bab01e9d6b0298352c3d96c8f671d95a236c9e60e60360e5c70a016b1f97e,No-Dq-R,3,0,0.0,0.0,0,0,0,0,0
0.7,2000000,1006,7,c86a765cf680d479bbd72294f24cf64356b474317286b560aafd7f66a0262ca9,7e6bab01e9d6b0298352c3d96c8f671d95a236c9e60e60360e5c70a016b1f97e,No-Dq-R,4,0,0.0,0.0,0,0,0,0,0
0.7,2000000,1006,7,c86a765cf680d479bbd72294f24cf64356b474317286b560aafd7f66a0262ca9,7e6bab01e9d6b0298352c3d96c8f671d95a236c9e60e60360e5c70a016b1f97e,Fixed-Dc,1,112895,-0.005427734390273997,-0.004998084603077491,0.0,0,0,0,0
0.7,2000000,1006,7,c86a765cf680d479bbd72294f24cf64356b474317286b560aafd7f66a0262ca9,7e6bab01e9d6b0298352c3d96c8f671d95a236c9e60e60360e5c70a016b1f97e,Fixed-Dc,2,-241391,0.006477644262985693,0.00512646620131485,0,0,0,0,0
0.7,2000000,1006,7,c86a765cf680d479bbd72294f24cf64356b474317286b560aafd7f66a0262ca9,7e6bab01e9d6b0298352c3d96c8f671d95a236c9e60e60360e5c70a016b1f97e,Fixed-Dc,3,240952,-0.001298810624458635,-0.002659992852743598,0,0,0,0,0
0.7,2000000,1006,7,c86a765cf680d479bbd72294f24cf64356b474317286b560aafd7f66a0262ca9,7e6bab01e9d6b0298352c3d96c8f671d95a236c9e60e60360e5c70a016b1f97e,Fixed-Dc,4,227180,5.713498768838976e-05,-0.0012513808935985526,0,0,0,0,0
0.7,2000000,1006,7,c86a765cf680d479bbd72294f24cf64356b474317286b560aafd7f66a0262ca9,7e6bab01e9d6b0298352c3d96c8f671d95a236c9e60e60360e5c70a016b1f97e,Decoupled,1,0,,,,,,0,0
0.7,2000000,1006,7,c86a765cf680d479bbd72294f24cf64356b474317286b560aafd7f66a0262ca9,7e6bab01e9d6b0298352c3d96c8f671d95a236c9e60e60360e5c70a016b1f97e,Decoupled,2,0,,,,,,0,0
0.7,2000000,1006,7,c86a765cf680d479bbd72294f24cf64356b474317286b560aafd7f66a0262ca9,7e6bab01e9d6b0298352c3d96c8f671d95a236c9e60e60360e5c70a016b1f97e,Decoupled,3,0,,,,,,0,0
0.7,2000000,1006,7,c86a765cf680d479bbd72294f24cf64356b474317286b560aafd7f66a0262ca9,7e6bab01e9d6b0298352c3d96c8f671d95a236c9e60e60360e5c70a016b1f97e,Decoupled,4,0,,,,,,0,0
0.7,2000000,1006,11,c86a765cf680d479bbd72294f24cf64356b474317286b560aafd7f66a0262ca9,7e6bab01e9d6b0298352c3d96c8f671d95a236c9e60e60360e5c70a016b1f97e,No-Dq-R,1,0,0.0,0.0,0.0,0,0,0,0
0.7,2000000,1006,11,c86a765cf680d479bbd72294f24cf64356b474317286b560aafd7f66a0262ca9,7e6bab01e9d6b0298352c3d96c8f671d95a236c9e60e60360e5c70a016b1f97e,No-Dq-R,2,0,0.0,0.0,0,0,0,0,0
0.7,2000000,1006,11,c86a765cf680d479bbd72294f24cf64356b474317286b560aafd7f66a0262ca9,7e6bab01e9d6b0298352c3d96c8f671d95a236c9e60e60360e5c70a016b1f97e,No-Dq-R,3,0,0.0,0.0,0,0,0,0,0
0.7,2000000,1006,11,c86a765cf680d479bbd72294f24cf64356b474317286b560aafd7f66a0262ca9,7e6bab01e9d6b0298352c3d96c8f671d95a236c9e60e60360e5c70a016b1f97e,No-Dq-R,4,0,0.0,0.0,0,0,0,0,0
0.7,2000000,1006,11,c86a765cf680d479bbd72294f24cf64356b474317286b560aafd7f66a0262ca9,7e6bab01e9d6b0298352c3d96c8f671d95a236c9e60e60360e5c70a016b1f97e,Fixed-Dc,1,112895,-0.004581017639784579,-0.004998084603077491,0.0,0,0,0,0
0.7,2000000,1006,11,c86a765cf680d479bbd72294f24cf64356b474317286b560aafd7f66a0262ca9,7e6bab01e9d6b0298352c3d96c8f671d95a236c9e60e60360e5c70a016b1f97e,Fixed-Dc,2,-241391,0.006477644262985693,0.00512646620131485,0,0,0,0,0
0.7,2000000,1006,11,c86a765cf680d479bbd72294f24cf64356b474317286b560aafd7f66a0262ca9,7e6bab01e9d6b0298352c3d96c8f671d95a236c9e60e60360e5c70a016b1f97e,Fixed-Dc,3,240952,-0.001298810624458635,-0.002659992852743598,0,0,0,0,0
0.7,2000000,1006,11,c86a765cf680d479bbd72294f24cf64356b474317286b560aafd7f66a0262ca9,7e6bab01e9d6b0298352c3d96c8f671d95a236c9e60e60360e5c70a016b1f97e,Fixed-Dc,4,227180,5.713498768838976e-05,-0.0012513808935985526,0,0,0,0,0
0.7,2000000,1006,11,c86a765cf680d479bbd72294f24cf64356b474317286b560aafd7f66a0262ca9,7e6bab01e9d6b0298352c3d96c8f671d95a236c9e60e60360e5c70a016b1f97e,Decoupled,1,0,,,,,,0,0
0.7,2000000,1006,11,c86a765cf680d479bbd72294f24cf64356b474317286b560aafd7f66a0262ca9,7e6bab01e9d6b0298352c3d96c8f671d95a236c9e60e60360e5c70a016b1f97e,Decoupled,2,0,,,,,,0,0
0.7,2000000,1006,11,c86a765cf680d479bbd72294f24cf64356b474317286b560aafd7f66a0262ca9,7e6bab01e9d6b0298352c3d96c8f671d95a236c9e60e60360e5c70a016b1f97e,Decoupled,3,0,,,,,,0,0
0.7,2000000,1006,11,c86a765cf680d479bbd72294f24cf64356b474317286b560aafd7f66a0262ca9,7e6bab01e9d6b0298352c3d96c8f671d95a236c9e60e60360e5c70a016b1f97e,Decoupled,4,0,,,,,,0,0
0.7,2000000,1007,7,8965e55bc4e658f7ee7ed80def378ef4178db5100ed1c120f3b6f556ae2659e2,7e6bab01e9d6b0298352c3d96c8f671d95a236c9e60e60360e5c70a016b1f97e,No-Dq-R,1,0,0.0,0.0,0.0,0,0,0,0
0.7,2000000,1007,7,8965e55bc4e658f7ee7ed80def378ef4178db5100ed1c120f3b6f556ae2659e2,7e6bab01e9d6b0298352c3d96c8f671d95a236c9e60e60360e5c70a016b1f97e,No-Dq-R,2,0,0.0,0.0,0,0,0,0,0
0.7,2000000,1007,7,8965e55bc4e658f7ee7ed80def378ef4178db5100ed1c120f3b6f556ae2659e2,7e6bab01e9d6b0298352c3d96c8f671d95a236c9e60e60360e5c70a016b1f97e,No-Dq-R,3,0,0.0,0.0,0,0,0,0,0
0.7,2000000,1007,7,8965e55bc4e658f7ee7ed80def378ef4178db5100ed1c120f3b6f556ae2659e2,7e6bab01e9d6b0298352c3d96c8f671d95a236c9e60e60360e5c70a016b1f97e,No-Dq-R,4,0,0.0,0.0,0,0,0,0,0
0.7,2000000,1007,7,8965e55bc4e658f7ee7ed80def378ef4178db5100ed1c120f3b6f556ae2659e2,7e6bab01e9d6b0298352c3d96c8f671d95a236c9e60e60360e5c70a016b1f97e,Fixed-Dc,1,-404908,0.018768579583945955,0.017160349671169195,0.0,0,0,0,0
0.7,2000000,1007,7,8965e55bc4e658f7ee7ed80def378ef4178db5100ed1c120f3b6f556ae2659e2,7e6bab01e9d6b0298352c3d96c8f671d95a236c9e60e60360e5c70a016b1f97e,Fixed-Dc,2,240952,-0.0066441486851469556,-0.005318389136675206,0,0,0,0,0
0.7,2000000,1007,7,8965e55bc4e658f7ee7ed80def378ef4178db5100ed1c120f3b6f556ae2659e2,7e6bab01e9d6b0298352c3d96c8f671d95a236c9e60e60360e5c70a016b1f97e,Fixed-Dc,3,63663,-0.00033272551066593214,-0.0006935450704900203,0,0,0,0,0
0.7,2000000,1007,7,8965e55bc4e658f7ee7ed80def378ef4178db5100ed1c120f3b6f556ae2659e2,7e6bab01e9d6b0298352c3d96c8f671d95a236c9e60e60360e5c70a016b1f97e,Fixed-Dc,4,-290623,-0.00013675197302909226,0.0015450010162439964,0,0,0,0,0
0.7,2000000,1007,7,8965e55bc4e658f7ee7ed80def378ef4178db5100ed1c120f3b6f556ae2659e2,7e6bab01e9d6b0298352c3d96c8f671d95a236c9e60e60360e5c70a016b1f97e,Decoupled,1,0,,,,,,0,0
0.7,2000000,1007,7,8965e55bc4e658f7ee7ed80def378ef4178db5100ed1c120f3b6f556ae2659e2,7e6bab01e9d6b0298352c3d96c8f671d95a236c9e60e60360e5c70a016b1f97e,Decoupled,2,0,,,,,,0,0
0.7,2000000,1007,7,8965e55bc4e658f7ee7ed80def378ef4178db5100ed1c120f3b6f556ae2659e2,7e6bab01e9d6b0298352c3d96c8f671d95a236c9e60e60360e5c70a016b1f97e,Decoupled,3,0,,,,,,0,0
0.7,2000000,1007,7,8965e55bc4e658f7ee7ed80def378ef4178db5100ed1c120f3b6f556ae2659e2,7e6bab01e9d6b0298352c3d96c8f671d95a236c9e60e60360e5c70a016b1f97e,Decoupled,4,0,,,,,,0,0
0.7,2000000,1007,11,8965e55bc4e658f7ee7ed80def378ef4178db5100ed1c120f3b6f556ae2659e2,7e6bab01e9d6b0298352c3d96c8f671d95a236c9e60e60360e5c70a016b1f97e,No-Dq-R,1,0,0.0,0.0,0.0,0,0,0,0
0.7,2000000,1007,11,8965e55bc4e658f7ee7ed80def378ef4178db5100ed1c120f3b6f556ae2659e2,7e6bab01e9d6b0298352c3d96c8f671d95a236c9e60e60360e5c70a016b1f97e,No-Dq-R,2,0,0.0,0.0,0,0,0,0,0
0.7,2000000,1007,11,8965e55bc4e658f7ee7ed80def378ef4178db5100ed1c120f3b6f556ae2659e2,7e6bab01e9d6b0298352c3d96c8f671d95a236c9e60e60360e5c70a016b1f97e,No-Dq-R,3,0,0.0,0.0,0,0,0,0,0
0.7,2000000,1007,11,8965e55bc4e658f7ee7ed80def378ef4178db5100ed1c120f3b6f556ae2659e2,7e6bab01e9d6b0298352c3d96c8f671d95a236c9e60e60360e5c70a016b1f97e,No-Dq-R,4,0,0.0,0.0,0,0,0,0,0
0.7,2000000,1007,11,8965e55bc4e658f7ee7ed80def378ef4178db5100ed1c120f3b6f556ae2659e2,7e6bab01e9d6b0298352c3d96c8f671d95a236c9e60e60360e5c70a016b1f97e,Fixed-Dc,1,-404908,0.015599218754811406,0.017160349671169195,0.0,0,0,0,0
0.7,2000000,1007,11,8965e55bc4e658f7ee7ed80def378ef4178db5100ed1c120f3b6f556ae2659e2,7e6bab01e9d6b0298352c3d96c8f671d95a236c9e60e60360e5c70a016b1f97e,Fixed-Dc,2,240952,-0.0066441486851469556,-0.005318389136675206,0,0,0,0,0
0.7,2000000,1007,11,8965e55bc4e658f7ee7ed80def378ef4178db5100ed1c120f3b6f556ae2659e2,7e6bab01e9d6b0298352c3d96c8f671d95a236c9e60e60360e5c70a016b1f97e,Fixed-Dc,3,63663,-0.00033272551066593214,-0.0006935450704900203,0,0,0,0,0
0.7,2000000,1007,11,8965e55bc4e658f7ee7ed80def378ef4178db5100ed1c120f3b6f556ae2659e2,7e6bab01e9d6b0298352c3d96c8f671d95a236c9e60e60360e5c70a016b1f97e,Fixed-Dc,4,-290623,-0.00013675197302909226,0.0015450010162439964,0,0,0,0,0
0.7,2000000,1007,11,8965e55bc4e658f7ee7ed80def378ef4178db5100ed1c120f3b6f556ae2659e2,7e6bab01e9d6b0298352c3d96c8f671d95a236c9e60e60360e5c70a016b1f97e,Decoupled,1,0,,,,,,0,0
0.7,2000000,1007,11,8965e55bc4e658f7ee7ed80def378ef4178db5100ed1c120f3b6f556ae2659e2,7e6bab01e9d6b0298352c3d96c8f671d95a236c9e60e60360e5c70a016b1f97e,Decoupled,2,0,,,,,,0,0
0.7,2000000,1007,11,8965e55bc4e658f7ee7ed80def378ef4178db5100ed1c120f3b6f556ae2659e2,7e6bab01e9d6b0298352c3d96c8f671d95a236c9e60e60360e5c70a016b1f97e,Decoupled,3,0,,,,,,0,0
0.7,2000000,1007,11,8965e55bc4e658f7ee7ed80def378ef4178db5100ed1c120f3b6f556ae2659e2,7e6bab01e9d6b0298352c3d96c8f671d95a236c9e60e60360e5c70a016b1f97e,Decoupled,4,0,,,,,,0,0
0.7,2000000,1008,7,0bd57cea44b895f9539d1b2a67c836a9249b4d7b5cc75d42d28ee2f58b703f98,7e6bab01e9d6b0298352c3d96c8f671d95a236c9e60e60360e5c70a016b1f97e,No-Dq-R,1,0,0.0,0.0,0.0,0,0,0,0
0.7,2000000,1008,7,0bd57cea44b895f9539d1b2a67c836a9249b4d7b5cc75d42d28ee2f58b703f98,7e6bab01e9d6b0298352c3d96c8f671d95a236c9e60e60360e5c70a016b1f97e,No-Dq-R,2,0,0.0,0.0,0,0,0,0,0
0.7,2000000,1008,7,0bd57cea44b895f9539d1b2a67c836a9249b4d7b5cc75d42d28ee2f58b703f98,7e6bab01e9d6b0298352c3d96c8f671d95a236c9e60e60360e5c70a016b1f97e,No-Dq-R,3,0,0.0,0.0,0,0,0,0,0
0.7,2000000,1008,7,0bd57cea44b895f9539d1b2a67c836a9249b4d7b5cc75d42d28ee2f58b703f98,7e6bab01e9d6b0298352c3d96c8f671d95a236c9e60e60360e5c70a016b1f97e,No-Dq-R,4,0,0.0,0.0,0,0,0,0,0
0.7,2000000,1008,7,0bd57cea44b895f9539d1b2a67c836a9249b4d7b5cc75d42d28ee2f58b703f98,7e6bab01e9d6b0298352c3d96c8f671d95a236c9e60e60360e5c70a016b1f97e,Fixed-Dc,1,-250340,0.01172997366776074,0.010747821315559625,0.0,0,0,0,0
0.7,2000000,1008,7,0bd57cea44b895f9539d1b2a67c836a9249b4d7b5cc75d42d28ee2f58b703f98,7e6bab01e9d6b0298352c3d96c8f671d95a236c9e60e60360e5c70a016b1f97e,Fixed-Dc,2,240952,-0.0066441486851469556,-0.005318389136675206,0,0,0,0,0
0.7,2000000,1008,7,0bd57cea44b895f9539d1b2a67c836a9249b4d7b5cc75d42d28ee2f58b703f98,7e6bab01e9d6b0298352c3d96c8f671d95a236c9e60e60360e5c70a016b1f97e,Fixed-Dc,3,218231,-0.001171707179448478,-0.0024050574398438163,0,0,0,0,0
0.7,2000000,1008,7,0bd57cea44b895f9539d1b2a67c836a9249b4d7b5cc75d42d28ee2f58b703f98,7e6bab01e9d6b0298352c3d96c8f671d95a236c9e60e60360e5c70a016b1f97e,Fixed-Dc,4,-136055,-5.533521465050928e-05,0.0007309346775755676,0,0,0,0,0
0.7,2000000,1008,7,0bd57cea44b895f9539d1b2a67c836a9249b4d7b5cc75d42d28ee2f58b703f98,7e6bab01e9d6b0298352c3d96c8f671d95a236c9e60e60360e5c70a016b1f97e,Decoupled,1,0,,,,,,0,0
0.7,2000000,1008,7,0bd57cea44b895f9539d1b2a67c836a9249b4d7b5cc75d42d28ee2f58b703f98,7e6bab01e9d6b0298352c3d96c8f671d95a236c9e60e60360e5c70a016b1f97e,Decoupled,2,0,,,,,,0,0
0.7,2000000,1008,7,0bd57cea44b895f9539d1b2a67c836a9249b4d7b5cc75d42d28ee2f58b703f98,7e6bab01e9d6b0298352c3d96c8f671d95a236c9e60e60360e5c70a016b1f97e,Decoupled,3,0,,,,,,0,0
0.7,2000000,1008,7,0bd57cea44b895f9539d1b2a67c836a9249b4d7b5cc75d42d28ee2f58b703f98,7e6bab01e9d6b0298352c3d96c8f671d95a236c9e60e60360e5c70a016b1f97e,Decoupled,4,0,,,,,,0,0
0.7,2000000,1008,11,0bd57cea44b895f9539d1b2a67c836a9249b4d7b5cc75d42d28ee2f58b703f98,7e6bab01e9d6b0298352c3d96c8f671d95a236c9e60e60360e5c70a016b1f97e,No-Dq-R,1,0,0.0,0.0,0.0,0,0,0,0
0.7,2000000,1008,11,0bd57cea44b895f9539d1b2a67c836a9249b4d7b5cc75d42d28ee2f58b703f98,7e6bab01e9d6b0298352c3d96c8f671d95a236c9e60e60360e5c70a016b1f97e,No-Dq-R,2,0,0.0,0.0,0,0,0,0,0
0.7,2000000,1008,11,0bd57cea44b895f9539d1b2a67c836a9249b4d7b5cc75d42d28ee2f58b703f98,7e6bab01e9d6b0298352c3d96c8f671d95a236c9e60e60360e5c70a016b1f97e,No-Dq-R,3,0,0.0,0.0,0,0,0,0,0
0.7,2000000,1008,11,0bd57cea44b895f9539d1b2a67c836a9249b4d7b5cc75d42d28ee2f58b703f98,7e6bab01e9d6b0298352c3d96c8f671d95a236c9e60e60360e5c70a016b1f97e,No-Dq-R,4,0,0.0,0.0,0,0,0,0,0
0.7,2000000,1008,11,0bd57cea44b895f9539d1b2a67c836a9249b4d7b5cc75d42d28ee2f58b703f98,7e6bab01e9d6b0298352c3d96c8f671d95a236c9e60e60360e5c70a016b1f97e,Fixed-Dc,1,-250340,0.009794432506277095,0.010747821315559625,0.0,0,0,0,0
0.7,2000000,1008,11,0bd57cea44b895f9539d1b2a67c836a9249b4d7b5cc75d42d28ee2f58b703f98,7e6bab01e9d6b0298352c3d96c8f671d95a236c9e60e60360e5c70a016b1f97e,Fixed-Dc,2,240952,-0.0066441486851469556,-0.005318389136675206,0,0,0,0,0
0.7,2000000,1008,11,0bd57cea44b895f9539d1b2a67c836a9249b4d7b5cc75d42d28ee2f58b703f98,7e6bab01e9d6b0298352c3d96c8f671d95a236c9e60e60360e5c70a016b1f97e,Fixed-Dc,3,218231,-0.001171707179448478,-0.0024050574398438163,0,0,0,0,0
0.7,2000000,1008,11,0bd57cea44b895f9539d1b2a67c836a9249b4d7b5cc75d42d28ee2f58b703f98,7e6bab01e9d6b0298352c3d96c8f671d95a236c9e60e60360e5c70a016b1f97e,Fixed-Dc,4,-136055,-5.533521465050928e-05,0.0007309346775755676,0,0,0,0,0
0.7,2000000,1008,11,0bd57cea44b895f9539d1b2a67c836a9249b4d7b5cc75d42d28ee2f58b703f98,7e6bab01e9d6b0298352c3d96c8f671d95a236c9e60e60360e5c70a016b1f97e,Decoupled,1,0,,,,,,0,0
0.7,2000000,1008,11,0bd57cea44b895f9539d1b2a67c836a9249b4d7b5cc75d42d28ee2f58b703f98,7e6bab01e9d6b0298352c3d96c8f671d95a236c9e60e60360e5c70a016b1f97e,Decoupled,2,0,,,,,,0,0
0.7,2000000,1008,11,0bd57cea44b895f9539d1b2a67c836a9249b4d7b5cc75d42d28ee2f58b703f98,7e6bab01e9d6b0298352c3d96c8f671d95a236c9e60e60360e5c70a016b1f97e,Decoupled,3,0,,,,,,0,0
0.7,2000000,1008,11,0bd57cea44b895f9539d1b2a67c836a9249b4d7b5cc75d42d28ee2f58b703f98,7e6bab01e9d6b0298352c3d96c8f671d95a236c9e60e60360e5c70a016b1f97e,Decoupled,4,0,,,,,,0,0
0.7,2000000,1009,7,fefa4036afa0cf3eabec4891dcf04021df0e3dfc9ff3e5a971d0b9c1d795bb7b,7e6bab01e9d6b0298352c3d96c8f671d95a236c9e60e60360e5c70a016b1f97e,No-Dq-R,1,0,0.0,0.0,0.0,0,0,0,0
0.7,2000000,1009,7,fefa4036afa0cf3eabec4891dcf04021df0e3dfc9ff3e5a971d0b9c1d795bb7b,7e6bab01e9d6b0298352c3d96c8f671d95a236c9e60e60360e5c70a016b1f97e,No-Dq-R,2,0,0.0,0.0,0,0,0,0,0
0.7,2000000,1009,7,fefa4036afa0cf3eabec4891dcf04021df0e3dfc9ff3e5a971d0b9c1d795bb7b,7e6bab01e9d6b0298352c3d96c8f671d95a236c9e60e60360e5c70a016b1f97e,No-Dq-R,3,0,0.0,0.0,0,0,0,0,0
0.7,2000000,1009,7,fefa4036afa0cf3eabec4891dcf04021df0e3dfc9ff3e5a971d0b9c1d795bb7b,7e6bab01e9d6b0298352c3d96c8f671d95a236c9e60e60360e5c70a016b1f97e,No-Dq-R,4,0,0.0,0.0,0,0,0,0,0
0.7,2000000,1009,7,fefa4036afa0cf3eabec4891dcf04021df0e3dfc9ff3e5a971d0b9c1d795bb7b,7e6bab01e9d6b0298352c3d96c8f671d95a236c9e60e60360e5c70a016b1f97e,Fixed-Dc,1,240952,-0.011691385767419793,-0.010784645436539564,0.0,0,0,0,0
0.7,2000000,1009,7,fefa4036afa0cf3eabec4891dcf04021df0e3dfc9ff3e5a971d0b9c1d795bb7b,7e6bab01e9d6b0298352c3d96c8f671d95a236c9e60e60360e5c70a016b1f97e,Fixed-Dc,2,107633,-0.0029454637691793684,-0.0023503484415089426,0,0,0,0,0
0.7,2000000,1009,7,fefa4036afa0cf3eabec4891dcf04021df0e3dfc9ff3e5a971d0b9c1d795bb7b,7e6bab01e9d6b0298352c3d96c8f671d95a236c9e60e60360e5c70a016b1f97e,Fixed-Dc,3,-246653,0.0012203930628542636,0.002625984717691321,0,0,0,0,0
0.7,2000000,1009,7,fefa4036afa0cf3eabec4891dcf04021df0e3dfc9ff3e5a971d0b9c1d795bb7b,7e6bab01e9d6b0298352c3d96c8f671d95a236c9e60e60360e5c70a016b1f97e,Fixed-Dc,4,240952,5.914521064409595e-05,-0.00132851074776702,0,0,0,0,0
0.7,2000000,1009,7,fefa4036afa0cf3eabec4891dcf04021df0e3dfc9ff3e5a971d0b9c1d795bb7b,7e6bab01e9d6b0298352c3d96c8f671d95a236c9e60e60360e5c70a016b1f97e,Decoupled,1,0,,,,,,0,0
0.7,2000000,1009,7,fefa4036afa0cf3eabec4891dcf04021df0e3dfc9ff3e5a971d0b9c1d795bb7b,7e6bab01e9d6b0298352c3d96c8f671d95a236c9e60e60360e5c70a016b1f97e,Decoupled,2,0,,,,,,0,0
0.7,2000000,1009,7,fefa4036afa0cf3eabec4891dcf04021df0e3dfc9ff3e5a971d0b9c1d795bb7b,7e6bab01e9d6b0298352c3d96c8f671d95a236c9e60e60360e5c70a016b1f97e,Decoupled,3,0,,,,,,0,0
0.7,2000000,1009,7,fefa4036afa0cf3eabec4891dcf04021df0e3dfc9ff3e5a971d0b9c1d795bb7b,7e6bab01e9d6b0298352c3d96c8f671d95a236c9e60e60360e5c70a016b1f97e,Decoupled,4,0,,,,,,0,0
0.7,2000000,1009,11,fefa4036afa0cf3eabec4891dcf04021df0e3dfc9ff3e5a971d0b9c1d795bb7b,7e6bab01e9d6b0298352c3d96c8f671d95a236c9e60e60360e5c70a016b1f97e,No-Dq-R,1,0,0.0,0.0,0.0,0,0,0,0
0.7,2000000,1009,11,fefa4036afa0cf3eabec4891dcf04021df0e3dfc9ff3e5a971d0b9c1d795bb7b,7e6bab01e9d6b0298352c3d96c8f671d95a236c9e60e60360e5c70a016b1f97e,No-Dq-R,2,0,0.0,0.0,0,0,0,0,0
0.7,2000000,1009,11,fefa4036afa0cf3eabec4891dcf04021df0e3dfc9ff3e5a971d0b9c1d795bb7b,7e6bab01e9d6b0298352c3d96c8f671d95a236c9e60e60360e5c70a016b1f97e,No-Dq-R,3,0,0.0,0.0,0,0,0,0,0
0.7,2000000,1009,11,fefa4036afa0cf3eabec4891dcf04021df0e3dfc9ff3e5a971d0b9c1d795bb7b,7e6bab01e9d6b0298352c3d96c8f671d95a236c9e60e60360e5c70a016b1f97e,No-Dq-R,4,0,0.0,0.0,0,0,0,0,0
0.7,2000000,1009,11,fefa4036afa0cf3eabec4891dcf04021df0e3dfc9ff3e5a971d0b9c1d795bb7b,7e6bab01e9d6b0298352c3d96c8f671d95a236c9e60e60360e5c70a016b1f97e,Fixed-Dc,1,240952,-0.009904460114528613,-0.010784645436539564,0.0,0,0,0,0
0.7,2000000,1009,11,fefa4036afa0cf3eabec4891dcf04021df0e3dfc9ff3e5a971d0b9c1d795bb7b,7e6bab01e9d6b0298352c3d96c8f671d95a236c9e60e60360e5c70a016b1f97e,Fixed-Dc,2,107633,-0.0029454637691793684,-0.0023503484415089426,0,0,0,0,0
0.7,2000000,1009,11,fefa4036afa0cf3eabec4891dcf04021df0e3dfc9ff3e5a971d0b9c1d795bb7b,7e6bab01e9d6b0298352c3d96c8f671d95a236c9e60e60360e5c70a016b1f97e,Fixed-Dc,3,-246653,0.0012203930628542636,0.002625984717691321,0,0,0,0,0
0.7,2000000,1009,11,fefa4036afa0cf3eabec4891dcf04021df0e3dfc9ff3e5a971d0b9c1d795bb7b,7e6bab01e9d6b0298352c3d96c8f671d95a236c9e60e60360e5c70a016b1f97e,Fixed-Dc,4,240952,5.914521064409595e-05,-0.00132851074776702,0,0,0,0,0
0.7,2000000,1009,11,fefa4036afa0cf3eabec4891dcf04021df0e3dfc9ff3e5a971d0b9c1d795bb7b,7e6bab01e9d6b0298352c3d96c8f671d95a236c9e60e60360e5c70a016b1f97e,Decoupled,1,0,,,,,,0,0
0.7,2000000,1009,11,fefa4036afa0cf3eabec4891dcf04021df0e3dfc9ff3e5a971d0b9c1d795bb7b,7e6bab01e9d6b0298352c3d96c8f671d95a236c9e60e60360e5c70a016b1f97e,Decoupled,2,0,,,,,,0,0
0.7,2000000,1009,11,fefa4036afa0cf3eabec4891dcf04021df0e3dfc9ff3e5a971d0b9c1d795bb7b,7e6bab01e9d6b0298352c3d96c8f671d95a236c9e60e60360e5c70a016b1f97e,Decoupled,3,0,,,,,,0,0
0.7,2000000,1009,11,fefa4036afa0cf3eabec4891dcf04021df0e3dfc9ff3e5a971d0b9c1d795bb7b,7e6bab01e9d6b0298352c3d96c8f671d95a236c9e60e60360e5c70a016b1f97e,Decoupled,4,0,,,,,,0,0
0.7,2000000,1010,7,17593c145a16c73c6ffdde11c67be91c4af17112bbaf36f235d11adf1616d0b7,7e6bab01e9d6b0298352c3d96c8f671d95a236c9e60e60360e5c70a016b1f97e,No-Dq-R,1,0,0.0,0.0,0.0,0,0,0,0
0.7,2000000,1010,7,17593c145a16c73c6ffdde11c67be91c4af17112bbaf36f235d11adf1616d0b7,7e6bab01e9d6b0298352c3d96c8f671d95a236c9e60e60360e5c70a016b1f97e,No-Dq-R,2,0,0.0,0.0,0,0,0,0,0
0.7,2000000,1010,7,17593c145a16c73c6ffdde11c67be91c4af17112bbaf36f235d11adf1616d0b7,7e6bab01e9d6b0298352c3d96c8f671d95a236c9e60e60360e5c70a016b1f97e,No-Dq-R,3,0,0.0,0.0,0,0,0,0,0
0.7,2000000,1010,7,17593c145a16c73c6ffdde11c67be91c4af17112bbaf36f235d11adf1616d0b7,7e6bab01e9d6b0298352c3d96c8f671d95a236c9e60e60360e5c70a016b1f97e,No-Dq-R,4,0,0.0,0.0,0,0,0,0,0
0.7,2000000,1010,7,17593c145a16c73c6ffdde11c67be91c4af17112bbaf36f235d11adf1616d0b7,7e6bab01e9d6b0298352c3d96c8f671d95a236c9e60e60360e5c70a016b1f97e,Fixed-Dc,1,240952,-0.011691385767419793,-0.010784645436539564,0.0,0,0,0,0
0.7,2000000,1010,7,17593c145a16c73c6ffdde11c67be91c4af17112bbaf36f235d11adf1616d0b7,7e6bab01e9d6b0298352c3d96c8f671d95a236c9e60e60360e5c70a016b1f97e,Fixed-Dc,2,-32434,0.000880583420689196,0.000700350179740572,0,0,0,0,0
0.7,2000000,1010,7,17593c145a16c73c6ffdde11c67be91c4af17112bbaf36f235d11adf1616d0b7,7e6bab01e9d6b0298352c3d96c8f671d95a236c9e60e60360e5c70a016b1f97e,Fixed-Dc,3,-386720,0.0018661258257876567,0.004075117103966297,0,0,0,0,0
0.7,2000000,1010,7,17593c145a16c73c6ffdde11c67be91c4af17112bbaf36f235d11adf1616d0b7,7e6bab01e9d6b0298352c3d96c8f671d95a236c9e60e60360e5c70a016b1f97e,Fixed-Dc,4,240952,5.914521064409595e-05,-0.00132851074776702,0,0,0,0,0
0.7,2000000,1010,7,17593c145a16c73c6ffdde11c67be91c4af17112bbaf36f235d11adf1616d0b7,7e6bab01e9d6b0298352c3d96c8f671d95a236c9e60e60360e5c70a016b1f97e,Decoupled,1,0,,,,,,0,0
0.7,2000000,1010,7,17593c145a16c73c6ffdde11c67be91c4af17112bbaf36f235d11adf1616d0b7,7e6bab01e9d6b0298352c3d96c8f671d95a236c9e60e60360e5c70a016b1f97e,Decoupled,2,0,,,,,,0,0
0.7,2000000,1010,7,17593c145a16c73c6ffdde11c67be91c4af17112bbaf36f235d11adf1616d0b7,7e6bab01e9d6b0298352c3d96c8f671d95a236c9e60e60360e5c70a016b1f97e,Decoupled,3,0,,,,,,0,0
0.7,2000000,1010,7,17593c145a16c73c6ffdde11c67be91c4af17112bbaf36f235d11adf1616d0b7,7e6bab01e9d6b0298352c3d96c8f671d95a236c9e60e60360e5c70a016b1f97e,Decoupled,4,0,,,,,,0,0
0.7,2000000,1010,11,17593c145a16c73c6ffdde11c67be91c4af17112bbaf36f235d11adf1616d0b7,7e6bab01e9d6b0298352c3d96c8f671d95a236c9e60e60360e5c70a016b1f97e,No-Dq-R,1,0,0.0,0.0,0.0,0,0,0,0
0.7,2000000,1010,11,17593c145a16c73c6ffdde11c67be91c4af17112bbaf36f235d11adf1616d0b7,7e6bab01e9d6b0298352c3d96c8f671d95a236c9e60e60360e5c70a016b1f97e,No-Dq-R,2,0,0.0,0.0,0,0,0,0,0
0.7,2000000,1010,11,17593c145a16c73c6ffdde11c67be91c4af17112bbaf36f235d11adf1616d0b7,7e6bab01e9d6b0298352c3d96c8f671d95a236c9e60e60360e5c70a016b1f97e,No-Dq-R,3,0,0.0,0.0,0,0,0,0,0
0.7,2000000,1010,11,17593c145a16c73c6ffdde11c67be91c4af17112bbaf36f235d11adf1616d0b7,7e6bab01e9d6b0298352c3d96c8f671d95a236c9e60e60360e5c70a016b1f97e,No-Dq-R,4,0,0.0,0.0,0,0,0,0,0
0.7,2000000,1010,11,17593c145a16c73c6ffdde11c67be91c4af17112bbaf36f235d11adf1616d0b7,7e6bab01e9d6b0298352c3d96c8f671d95a236c9e60e60360e5c70a016b1f97e,Fixed-Dc,1,240952,-0.009904460114528613,-0.010784645436539564,0.0,0,0,0,0
0.7,2000000,1010,11,17593c145a16c73c6ffdde11c67be91c4af17112bbaf36f235d11adf1616d0b7,7e6bab01e9d6b0298352c3d96c8f671d95a236c9e60e60360e5c70a016b1f97e,Fixed-Dc,2,-32434,0.000880583420689196,0.000700350179740572,0,0,0,0,0
0.7,2000000,1010,11,17593c145a16c73c6ffdde11c67be91c4af17112bbaf36f235d11adf1616d0b7,7e6bab01e9d6b0298352c3d96c8f671d95a236c9e60e60360e5c70a016b1f97e,Fixed-Dc,3,-386720,0.0018661258257876567,0.004075117103966297,0,0,0,0,0
0.7,2000000,1010,11,17593c145a16c73c6ffdde11c67be91c4af17112bbaf36f235d11adf1616d0b7,7e6bab01e9d6b0298352c3d96c8f671d95a236c9e60e60360e5c70a016b1f97e,Fixed-Dc,4,240952,5.914521064409595e-05,-0.00132851074776702,0,0,0,0,0
0.7,2000000,1010,11,17593c145a16c73c6ffdde11c67be91c4af17112bbaf36f235d11adf1616d0b7,7e6bab01e9d6b0298352c3d96c8f671d95a236c9e60e60360e5c70a016b1f97e,Decoupled,1,0,,,,,,0,0
0.7,2000000,1010,11,17593c145a16c73c6ffdde11c67be91c4af17112bbaf36f235d11adf1616d0b7,7e6bab01e9d6b0298352c3d96c8f671d95a236c9e60e60360e5c70a016b1f97e,Decoupled,2,0,,,,,,0,0
0.7,2000000,1010,11,17593c145a16c73c6ffdde11c67be91c4af17112bbaf36f235d11adf1616d0b7,7e6bab01e9d6b0298352c3d96c8f671d95a236c9e60e60360e5c70a016b1f97e,Decoupled,3,0,,,,,,0,0
0.7,2000000,1010,11,17593c145a16c73c6ffdde11c67be91c4af17112bbaf36f235d11adf1616d0b7,7e6bab01e9d6b0298352c3d96c8f671d95a236c9e60e60360e5c70a016b1f97e,Decoupled,4,0,,,,,,0,0
0.7,2000000,1011,7,aa70d875023501ac0f95985ba951a840cc7f0004f588f2031b9e59642816d52f,7e6bab01e9d6b0298352c3d96c8f671d95a236c9e60e60360e5c70a016b1f97e,No-Dq-R,1,0,0.0,0.0,0.0,0,0,0,0
0.7,2000000,1011,7,aa70d875023501ac0f95985ba951a840cc7f0004f588f2031b9e59642816d52f,7e6bab01e9d6b0298352c3d96c8f671d95a236c9e60e60360e5c70a016b1f97e,No-Dq-R,2,0,0.0,0.0,0,0,0,0,0
0.7,2000000,1011,7,aa70d875023501ac0f95985ba951a840cc7f0004f588f2031b9e59642816d52f,7e6bab01e9d6b0298352c3d96c8f671d95a236c9e60e60360e5c70a016b1f97e,No-Dq-R,3,0,0.0,0.0,0,0,0,0,0
0.7,2000000,1011,7,aa70d875023501ac0f95985ba951a840cc7f0004f588f2031b9e59642816d52f,7e6bab01e9d6b0298352c3d96c8f671d95a236c9e60e60360e5c70a016b1f97e,No-Dq-R,4,0,0.0,0.0,0,0,0,0,0
0.7,2000000,1011,7,aa70d875023501ac0f95985ba951a840cc7f0004f588f2031b9e59642816d52f,7e6bab01e9d6b0298352c3d96c8f671d95a236c9e60e60360e5c70a016b1f97e,Fixed-Dc,1,70321,-0.0033706045580332855,-0.0031019944046561942,0.0,0,0,0,0
0.7,2000000,1011,7,aa70d875023501ac0f95985ba951a840cc7f0004f588f2031b9e59642816d52f,7e6bab01e9d6b0298352c3d96c8f671d95a236c9e60e60360e5c70a016b1f97e,Fixed-Dc,2,-283965,0.007602126399851861,0.006010334896293323,0,0,0,0,0
0.7,2000000,1011,7,aa70d875023501ac0f95985ba951a840cc7f0004f588f2031b9e59642816d52f,7e6bab01e9d6b0298352c3d96c8f671d95a236c9e60e60360e5c70a016b1f97e,Fixed-Dc,3,240952,-0.001298810624458635,-0.002659992852743598,0,0,0,0,0
0.7,2000000,1011,7,aa70d875023501ac0f95985ba951a840cc7f0004f588f2031b9e59642816d52f,7e6bab01e9d6b0298352c3d96c8f671d95a236c9e60e60360e5c70a016b1f97e,Fixed-Dc,4,184606,4.9857337871994645e-05,-0.0010138731493701814,0,0,0,0,0
0.7,2000000,1011,7,aa70d875023501ac0f95985ba951a840cc7f0004f588f2031b9e59642816d52f,7e6bab01e9d6b0298352c3d96c8f671d95a236c9e60e60360e5c70a016b1f97e,Decoupled,1,0,,,,,,0,0
0.7,2000000,1011,7,aa70d875023501ac0f95985ba951a840cc7f0004f588f2031b9e59642816d52f,7e6bab01e9d6b0298352c3d96c8f671d95a236c9e60e60360e5c70a016b1f97e,Decoupled,2,0,,,,,,0,0
0.7,2000000,1011,7,aa70d875023501ac0f95985ba951a840cc7f0004f588f2031b9e59642816d52f,7e6bab01e9d6b0298352c3d96c8f671d95a236c9e60e60360e5c70a016b1f97e,Decoupled,3,0,,,,,,0,0
0.7,2000000,1011,7,aa70d875023501ac0f95985ba951a840cc7f0004f588f2031b9e59642816d52f,7e6bab01e9d6b0298352c3d96c8f671d95a236c9e60e60360e5c70a016b1f97e,Decoupled,4,0,,,,,,0,0
0.7,2000000,1011,11,aa70d875023501ac0f95985ba951a840cc7f0004f588f2031b9e59642816d52f,7e6bab01e9d6b0298352c3d96c8f671d95a236c9e60e60360e5c70a016b1f97e,No-Dq-R,1,0,0.0,0.0,0.0,0,0,0,0
0.7,2000000,1011,11,aa70d875023501ac0f95985ba951a840cc7f0004f588f2031b9e59642816d52f,7e6bab01e9d6b0298352c3d96c8f671d95a236c9e60e60360e5c70a016b1f97e,No-Dq-R,2,0,0.0,0.0,0,0,0,0,0
0.7,2000000,1011,11,aa70d875023501ac0f95985ba951a840cc7f0004f588f2031b9e59642816d52f,7e6bab01e9d6b0298352c3d96c8f671d95a236c9e60e60360e5c70a016b1f97e,No-Dq-R,3,0,0.0,0.0,0,0,0,0,0
0.7,2000000,1011,11,aa70d875023501ac0f95985ba951a840cc7f0004f588f2031b9e59642816d52f,7e6bab01e9d6b0298352c3d96c8f671d95a236c9e60e60360e5c70a016b1f97e,No-Dq-R,4,0,0.0,0.0,0,0,0,0,0
0.7,2000000,1011,11,aa70d875023501ac0f95985ba951a840cc7f0004f588f2031b9e59642816d52f,7e6bab01e9d6b0298352c3d96c8f671d95a236c9e60e60360e5c70a016b1f97e,Fixed-Dc,1,70321,-0.0028412508308970352,-0.0031019944046561942,0.0,0,0,0,0
0.7,2000000,1011,11,aa70d875023501ac0f95985ba951a840cc7f0004f588f2031b9e59642816d52f,7e6bab01e9d6b0298352c3d96c8f671d95a236c9e60e60360e5c70a016b1f97e,Fixed-Dc,2,-283965,0.007602126399851861,0.006010334896293323,0,0,0,0,0
0.7,2000000,1011,11,aa70d875023501ac0f95985ba951a840cc7f0004f588f2031b9e59642816d52f,7e6bab01e9d6b0298352c3d96c8f671d95a236c9e60e60360e5c70a016b1f97e,Fixed-Dc,3,240952,-0.001298810624458635,-0.002659992852743598,0,0,0,0,0
0.7,2000000,1011,11,aa70d875023501ac0f95985ba951a840cc7f0004f588f2031b9e59642816d52f,7e6bab01e9d6b0298352c3d96c8f671d95a236c9e60e60360e5c70a016b1f97e,Fixed-Dc,4,184606,4.9857337871994645e-05,-0.0010138731493701814,0,0,0,0,0
0.7,2000000,1011,11,aa70d875023501ac0f95985ba951a840cc7f0004f588f2031b9e59642816d52f,7e6bab01e9d6b0298352c3d96c8f671d95a236c9e60e60360e5c70a016b1f97e,Decoupled,1,0,,,,,,0,0
0.7,2000000,1011,11,aa70d875023501ac0f95985ba951a840cc7f0004f588f2031b9e59642816d52f,7e6bab01e9d6b0298352c3d96c8f671d95a236c9e60e60360e5c70a016b1f97e,Decoupled,2,0,,,,,,0,0
0.7,2000000,1011,11,aa70d875023501ac0f95985ba951a840cc7f0004f588f2031b9e59642816d52f,7e6bab01e9d6b0298352c3d96c8f671d95a236c9e60e60360e5c70a016b1f97e,Decoupled,3,0,,,,,,0,0
0.7,2000000,1011,11,aa70d875023501ac0f95985ba951a840cc7f0004f588f2031b9e59642816d52f,7e6bab01e9d6b0298352c3d96c8f671d95a236c9e60e60360e5c70a016b1f97e,Decoupled,4,0,,,,,,0,0
0.7,2000000,1012,7,b0d412ba5dd007f619a200933bb88dfd999f237748dab1d0cb2fe39730252a2e,7e6bab01e9d6b0298352c3d96c8f671d95a236c9e60e60360e5c70a016b1f97e,No-Dq-R,1,0,0.0,0.0,0.0,0,0,0,0
0.7,2000000,1012,7,b0d412ba5dd007f619a200933bb88dfd999f237748dab1d0cb2fe39730252a2e,7e6bab01e9d6b0298352c3d96c8f671d95a236c9e60e60360e5c70a016b1f97e,No-Dq-R,2,0,0.0,0.0,0,0,0,0,0
0.7,2000000,1012,7,b0d412ba5dd007f619a200933bb88dfd999f237748dab1d0cb2fe39730252a2e,7e6bab01e9d6b0298352c3d96c8f671d95a236c9e60e60360e5c70a016b1f97e,No-Dq-R,3,0,0.0,0.0,0,0,0,0,0
0.7,2000000,1012,7,b0d412ba5dd007f619a200933bb88dfd999f237748dab1d0cb2fe39730252a2e,7e6bab01e9d6b0298352c3d96c8f671d95a236c9e60e60360e5c70a016b1f97e,No-Dq-R,4,0,0.0,0.0,0,0,0,0,0
0.7,2000000,1012,7,b0d412ba5dd007f619a200933bb88dfd999f237748dab1d0cb2fe39730252a2e,7e6bab01e9d6b0298352c3d96c8f671d95a236c9e60e60360e5c70a016b1f97e,Fixed-Dc,1,129974,-0.006256496020910385,-0.005762581583762305,0.0,0,0,0,0
0.7,2000000,1012,7,b0d412ba5dd007f619a200933bb88dfd999f237748dab1d0cb2fe39730252a2e,7e6bab01e9d6b0298352c3d96c8f671d95a236c9e60e60360e5c70a016b1f97e,Fixed-Dc,2,-224312,0.0060250517226230205,0.004770206724176995,0,0,0,0,0
0.7,2000000,1012,7,b0d412ba5dd007f619a200933bb88dfd999f237748dab1d0cb2fe39730252a2e,7e6bab01e9d6b0298352c3d96c8f671d95a236c9e60e60360e5c70a016b1f97e,Fixed-Dc,3,-578598,0.00269705650312152,0.006012438490893002,0,0,0,0,0
0.7,2000000,1012,7,b0d412ba5dd007f619a200933bb88dfd999f237748dab1d0cb2fe39730252a2e,7e6bab01e9d6b0298352c3d96c8f671d95a236c9e60e60360e5c70a016b1f97e,Fixed-Dc,4,240952,5.914521064409595e-05,-0.00132851074776702,0,0,0,0,0
0.7,2000000,1012,7,b0d412ba5dd007f619a200933bb88dfd999f237748dab1d0cb2fe39730252a2e,7e6bab01e9d6b0298352c3d96c8f671d95a236c9e60e60360e5c70a016b1f97e,Decoupled,1,0,,,,,,0,0
0.7,2000000,1012,7,b0d412ba5dd007f619a200933bb88dfd999f237748dab1d0cb2fe39730252a2e,7e6bab01e9d6b0298352c3d96c8f671d95a236c9e60e60360e5c70a016b1f97e,Decoupled,2,0,,,,,,0,0
0.7,2000000,1012,7,b0d412ba5dd007f619a200933bb88dfd999f237748dab1d0cb2fe39730252a2e,7e6bab01e9d6b0298352c3d96c8f671d95a236c9e60e60360e5c70a016b1f97e,Decoupled,3,0,,,,,,0,0
0.7,2000000,1012,7,b0d412ba5dd007f619a200933bb88dfd999f237748dab1d0cb2fe39730252a2e,7e6bab01e9d6b0298352c3d96c8f671d95a236c9e60e60360e5c70a016b1f97e,Decoupled,4,0,,,,,,0,0
0.7,2000000,1012,11,b0d412ba5dd007f619a200933bb88dfd999f237748dab1d0cb2fe39730252a2e,7e6bab01e9d6b0298352c3d96c8f671d95a236c9e60e60360e5c70a016b1f97e,No-Dq-R,1,0,0.0,0.0,0.0,0,0,0,0
0.7,2000000,1012,11,b0d412ba5dd007f619a200933bb88dfd999f237748dab1d0cb2fe39730252a2e,7e6bab01e9d6b0298352c3d96c8f671d95a236c9e60e60360e5c70a016b1f97e,No-Dq-R,2,0,0.0,0.0,0,0,0,0,0
0.7,2000000,1012,11,b0d412ba5dd007f619a200933bb88dfd999f237748dab1d0cb2fe39730252a2e,7e6bab01e9d6b0298352c3d96c8f671d95a236c9e60e60360e5c70a016b1f97e,No-Dq-R,3,0,0.0,0.0,0,0,0,0,0
0.7,2000000,1012,11,b0d412ba5dd007f619a200933bb88dfd999f237748dab1d0cb2fe39730252a2e,7e6bab01e9d6b0298352c3d96c8f671d95a236c9e60e60360e5c70a016b1f97e,No-Dq-R,4,0,0.0,0.0,0,0,0,0,0
0.7,2000000,1012,11,b0d412ba5dd007f619a200933bb88dfd999f237748dab1d0cb2fe39730252a2e,7e6bab01e9d6b0298352c3d96c8f671d95a236c9e60e60360e5c70a016b1f97e,Fixed-Dc,1,129974,-0.005283132040048821,-0.005762581583762305,0.0,0,0,0,0
0.7,2000000,1012,11,b0d412ba5dd007f619a200933bb88dfd999f237748dab1d0cb2fe39730252a2e,7e6bab01e9d6b0298352c3d96c8f671d95a236c9e60e60360e5c70a016b1f97e,Fixed-Dc,2,-224312,0.0060250517226230205,0.004770206724176995,0,0,0,0,0
0.7,2000000,1012,11,b0d412ba5dd007f619a200933bb88dfd999f237748dab1d0cb2fe39730252a2e,7e6bab01e9d6b0298352c3d96c8f671d95a236c9e60e60360e5c70a016b1f97e,Fixed-Dc,3,-578598,0.00269705650312152,0.006012438490893002,0,0,0,0,0
0.7,2000000,1012,11,b0d412ba5dd007f619a200933bb88dfd999f237748dab1d0cb2fe39730252a2e,7e6bab01e9d6b0298352c3d96c8f671d95a236c9e60e60360e5c70a016b1f97e,Fixed-Dc,4,240952,5.914521064409595e-05,-0.00132851074776702,0,0,0,0,0
0.7,2000000,1012,11,b0d412ba5dd007f619a200933bb88dfd999f237748dab1d0cb2fe39730252a2e,7e6bab01e9d6b0298352c3d96c8f671d95a236c9e60e60360e5c70a016b1f97e,Decoupled,1,0,,,,,,0,0
0.7,2000000,1012,11,b0d412ba5dd007f619a200933bb88dfd999f237748dab1d0cb2fe39730252a2e,7e6bab01e9d6b0298352c3d96c8f671d95a236c9e60e60360e5c70a016b1f97e,Decoupled,2,0,,,,,,0,0
0.7,2000000,1012,11,b0d412ba5dd007f619a200933bb88dfd999f237748dab1d0cb2fe39730252a2e,7e6bab01e9d6b0298352c3d96c8f671d95a236c9e60e60360e5c70a016b1f97e,Decoupled,3,0,,,,,,0,0
0.7,2000000,1012,11,b0d412ba5dd007f619a200933bb88dfd999f237748dab1d0cb2fe39730252a2e,7e6bab01e9d6b0298352c3d96c8f671d95a236c9e60e60360e5c70a016b1f97e,Decoupled,4,0,,,,,,0,0
0.7,2000000,1013,7,29d29cab3fd120e528030f8af5454a68da3176317b4151fc9b60d085a44b6f6e,7e6bab01e9d6b0298352c3d96c8f671d95a236c9e60e60360e5c70a016b1f97e,No-Dq-R,1,0,0.0,0.0,0.0,0,0,0,0
0.7,2000000,1013,7,29d29cab3fd120e528030f8af5454a68da3176317b4151fc9b60d085a44b6f6e,7e6bab01e9d6b0298352c3d96c8f671d95a236c9e60e60360e5c70a016b1f97e,No-Dq-R,2,0,0.0,0.0,0,0,0,0,0
0.7,2000000,1013,7,29d29cab3fd120e528030f8af5454a68da3176317b4151fc9b60d085a44b6f6e,7e6bab01e9d6b0298352c3d96c8f671d95a236c9e60e60360e5c70a016b1f97e,No-Dq-R,3,0,0.0,0.0,0,0,0,0,0
0.7,2000000,1013,7,29d29cab3fd120e528030f8af5454a68da3176317b4151fc9b60d085a44b6f6e,7e6bab01e9d6b0298352c3d96c8f671d95a236c9e60e60360e5c70a016b1f97e,No-Dq-R,4,0,0.0,0.0,0,0,0,0,0
0.7,2000000,1013,7,29d29cab3fd120e528030f8af5454a68da3176317b4151fc9b60d085a44b6f6e,7e6bab01e9d6b0298352c3d96c8f671d95a236c9e60e60360e5c70a016b1f97e,Fixed-Dc,1,-191716,0.009020168239375126,0.008271588226775317,0.0,0,0,0,0
0.7,2000000,1013,7,29d29cab3fd120e528030f8af5454a68da3176317b4151fc9b60d085a44b6f6e,7e6bab01e9d6b0298352c3d96c8f671d95a236c9e60e60360e5c70a016b1f97e,Fixed-Dc,2,-546002,0.014408223497256456,0.011320808102354252,0,0,0,0,0
0.7,2000000,1013,7,29d29cab3fd120e528030f8af5454a68da3176317b4151fc9b60d085a44b6f6e,7e6bab01e9d6b0298352c3d96c8f671d95a236c9e60e60360e5c70a016b1f97e,Fixed-Dc,3,240952,-0.001298810624458635,-0.002659992852743598,0,0,0,0,0
0.7,2000000,1013,7,29d29cab3fd120e528030f8af5454a68da3176317b4151fc9b60d085a44b6f6e,7e6bab01e9d6b0298352c3d96c8f671d95a236c9e60e60360e5c70a016b1f97e,Fixed-Dc,4,-77431,-2.9590998899209353e-05,0.00041765609816368787,0,0,0,0,0
0.7,2000000,1013,7,29d29cab3fd120e528030f8af5454a68da3176317b4151fc9b60d085a44b6f6e,7e6bab01e9d6b0298352c3d96c8f671d95a236c9e60e60360e5c70a016b1f97e,Decoupled,1,0,,,,,,0,0
0.7,2000000,1013,7,29d29cab3fd120e528030f8af5454a68da3176317b4151fc9b60d085a44b6f6e,7e6bab01e9d6b0298352c3d96c8f671d95a236c9e60e60360e5c70a016b1f97e,Decoupled,2,0,,,,,,0,0
0.7,2000000,1013,7,29d29cab3fd120e528030f8af5454a68da3176317b4151fc9b60d085a44b6f6e,7e6bab01e9d6b0298352c3d96c8f671d95a236c9e60e60360e5c70a016b1f97e,Decoupled,3,0,,,,,,0,0
0.7,2000000,1013,7,29d29cab3fd120e528030f8af5454a68da3176317b4151fc9b60d085a44b6f6e,7e6bab01e9d6b0298352c3d96c8f671d95a236c9e60e60360e5c70a016b1f97e,Decoupled,4,0,,,,,,0,0
0.7,2000000,1013,11,29d29cab3fd120e528030f8af5454a68da3176317b4151fc9b60d085a44b6f6e,7e6bab01e9d6b0298352c3d96c8f671d95a236c9e60e60360e5c70a016b1f97e,No-Dq-R,1,0,0.0,0.0,0.0,0,0,0,0
0.7,2000000,1013,11,29d29cab3fd120e528030f8af5454a68da3176317b4151fc9b60d085a44b6f6e,7e6bab01e9d6b0298352c3d96c8f671d95a236c9e60e60360e5c70a016b1f97e,No-Dq-R,2,0,0.0,0.0,0,0,0,0,0
0.7,2000000,1013,11,29d29cab3fd120e528030f8af5454a68da3176317b4151fc9b60d085a44b6f6e,7e6bab01e9d6b0298352c3d96c8f671d95a236c9e60e60360e5c70a016b1f97e,No-Dq-R,3,0,0.0,0.0,0,0,0,0,0
0.7,2000000,1013,11,29d29cab3fd120e528030f8af5454a68da3176317b4151fc9b60d085a44b6f6e,7e6bab01e9d6b0298352c3d96c8f671d95a236c9e60e60360e5c70a016b1f97e,No-Dq-R,4,0,0.0,0.0,0,0,0,0,0
0.7,2000000,1013,11,29d29cab3fd120e528030f8af5454a68da3176317b4151fc9b60d085a44b6f6e,7e6bab01e9d6b0298352c3d96c8f671d95a236c9e60e60360e5c70a016b1f97e,Fixed-Dc,1,-191716,0.0075449313030649945,0.008271588226775317,0.0,0,0,0,0
0.7,2000000,1013,11,29d29cab3fd120e528030f8af5454a68da3176317b4151fc9b60d085a44b6f6e,7e6bab01e9d6b0298352c3d96c8f671d95a236c9e60e60360e5c70a016b1f97e,Fixed-Dc,2,-546002,0.014408223497256456,0.011320808102354252,0,0,0,0,0
0.7,2000000,1013,11,29d29cab3fd120e528030f8af5454a68da3176317b4151fc9b60d085a44b6f6e,7e6bab01e9d6b0298352c3d96c8f671d95a236c9e60e60360e5c70a016b1f97e,Fixed-Dc,3,240952,-0.001298810624458635,-0.002659992852743598,0,0,0,0,0
0.7,2000000,1013,11,29d29cab3fd120e528030f8af5454a68da3176317b4151fc9b60d085a44b6f6e,7e6bab01e9d6b0298352c3d96c8f671d95a236c9e60e60360e5c70a016b1f97e,Fixed-Dc,4,-77431,-2.9590998899209353e-05,0.00041765609816368787,0,0,0,0,0
0.7,2000000,1013,11,29d29cab3fd120e528030f8af5454a68da3176317b4151fc9b60d085a44b6f6e,7e6bab01e9d6b0298352c3d96c8f671d95a236c9e60e60360e5c70a016b1f97e,Decoupled,1,0,,,,,,0,0
0.7,2000000,1013,11,29d29cab3fd120e528030f8af5454a68da3176317b4151fc9b60d085a44b6f6e,7e6bab01e9d6b0298352c3d96c8f671d95a236c9e60e60360e5c70a016b1f97e,Decoupled,2,0,,,,,,0,0
0.7,2000000,1013,11,29d29cab3fd120e528030f8af5454a68da3176317b4151fc9b60d085a44b6f6e,7e6bab01e9d6b0298352c3d96c8f671d95a236c9e60e60360e5c70a016b1f97e,Decoupled,3,0,,,,,,0,0
0.7,2000000,1013,11,29d29cab3fd120e528030f8af5454a68da3176317b4151fc9b60d085a44b6f6e,7e6bab01e9d6b0298352c3d96c8f671d95a236c9e60e60360e5c70a016b1f97e,Decoupled,4,0,,,,,,0,0
0.7,2000000,1014,7,80e498d3a54526544727b653f142a861c5fd69524c07ea2165368d6407bf795d,7e6bab01e9d6b0298352c3d96c8f671d95a236c9e60e60360e5c70a016b1f97e,No-Dq-R,1,0,0.0,0.0,0.0,0,0,0,0
0.7,2000000,1014,7,80e498d3a54526544727b653f142a861c5fd69524c07ea2165368d6407bf795d,7e6bab01e9d6b0298352c3d96c8f671d95a236c9e60e60360e5c70a016b1f97e,No-Dq-R,2,0,0.0,0.0,0,0,0,0,0
0.7,2000000,1014,7,80e498d3a54526544727b653f142a861c5fd69524c07ea2165368d6407bf795d,7e6bab01e9d6b0298352c3d96c8f671d95a236c9e60e60360e5c70a016b1f97e,No-Dq-R,3,0,0.0,0.0,0,0,0,0,0
0.7,2000000,1014,7,80e498d3a54526544727b653f142a861c5fd69524c07ea2165368d6407bf795d,7e6bab01e9d6b0298352c3d96c8f671d95a236c9e60e60360e5c70a016b1f97e,No-Dq-R,4,0,0.0,0.0,0,0,0,0,0
0.7,2000000,1014,7,80e498d3a54526544727b653f142a861c5fd69524c07ea2165368d6407bf795d,7e6bab01e9d6b0298352c3d96c8f671d95a236c9e60e60360e5c70a016b1f97e,Fixed-Dc,1,-241358,0.01131624401216691,0.010370018009750126,0.0,0,0,0,0
0.7,2000000,1014,7,80e498d3a54526544727b653f142a861c5fd69524c07ea2165368d6407bf795d,7e6bab01e9d6b0298352c3d96c8f671d95a236c9e60e60360e5c70a016b1f97e,Fixed-Dc,2,240952,-0.0066441486851469556,-0.005318389136675206,0,0,0,0,0
0.7,2000000,1014,7,80e498d3a54526544727b653f142a861c5fd69524c07ea2165368d6407bf795d,7e6bab01e9d6b0298352c3d96c8f671d95a236c9e60e60360e5c70a016b1f97e,Fixed-Dc,3,227213,-0.0012218365087520722,-0.00250573419941319,0,0,0,0,0
0.7,2000000,1014,7,80e498d3a54526544727b653f142a861c5fd69524c07ea2165368d6407bf795d,7e6bab01e9d6b0298352c3d96c8f671d95a236c9e60e60360e5c70a016b1f97e,Fixed-Dc,4,-127073,-5.1205663250619704e-05,0.0006830989517780939,0,0,0,0,0
0.7,2000000,1014,7,80e498d3a54526544727b653f142a861c5fd69524c07ea2165368d6407bf795d,7e6bab01e9d6b0298352c3d96c8f671d95a236c9e60e60360e5c70a016b1f97e,Decoupled,1,0,,,,,,0,0
0.7,2000000,1014,7,80e498d3a54526544727b653f142a861c5fd69524c07ea2165368d6407bf795d,7e6bab01e9d6b0298352c3d96c8f671d95a236c9e60e60360e5c70a016b1f97e,Decoupled,2,0,,,,,,0,0
0.7,2000000,1014,7,80e498d3a54526544727b653f142a861c5fd69524c07ea2165368d6407bf795d,7e6bab01e9d6b0298352c3d96c8f671d95a236c9e60e60360e5c70a016b1f97e,Decoupled,3,0,,,,,,0,0
0.7,2000000,1014,7,80e498d3a54526544727b653f142a861c5fd69524c07ea2165368d6407bf795d,7e6bab01e9d6b0298352c3d96c8f671d95a236c9e60e60360e5c70a016b1f97e,Decoupled,4,0,,,,,,0,0
0.7,2000000,1014,11,80e498d3a54526544727b653f142a861c5fd69524c07ea2165368d6407bf795d,7e6bab01e9d6b0298352c3d96c8f671d95a236c9e60e60360e5c70a016b1f97e,No-Dq-R,1,0,0.0,0.0,0.0,0,0,0,0
0.7,2000000,1014,11,80e498d3a54526544727b653f142a861c5fd69524c07ea2165368d6407bf795d,7e6bab01e9d6b0298352c3d96c8f671d95a236c9e60e60360e5c70a016b1f97e,No-Dq-R,2,0,0.0,0.0,0,0,0,0,0
0.7,2000000,1014,11,80e498d3a54526544727b653f142a861c5fd69524c07ea2165368d6407bf795d,7e6bab01e9d6b0298352c3d96c8f671d95a236c9e60e60360e5c70a016b1f97e,No-Dq-R,3,0,0.0,0.0,0,0,0,0,0
0.7,2000000,1014,11,80e498d3a54526544727b653f142a861c5fd69524c07ea2165368d6407bf795d,7e6bab01e9d6b0298352c3d96c8f671d95a236c9e60e60360e5c70a016b1f97e,No-Dq-R,4,0,0.0,0.0,0,0,0,0,0
0.7,2000000,1014,11,80e498d3a54526544727b653f142a861c5fd69524c07ea2165368d6407bf795d,7e6bab01e9d6b0298352c3d96c8f671d95a236c9e60e60360e5c70a016b1f97e,Fixed-Dc,1,-241358,0.00945150340279044,0.010370018009750126,0.0,0,0,0,0
0.7,2000000,1014,11,80e498d3a54526544727b653f142a861c5fd69524c07ea2165368d6407bf795d,7e6bab01e9d6b0298352c3d96c8f671d95a236c9e60e60360e5c70a016b1f97e,Fixed-Dc,2,240952,-0.0066441486851469556,-0.005318389136675206,0,0,0,0,0
0.7,2000000,1014,11,80e498d3a54526544727b653f142a861c5fd69524c07ea2165368d6407bf795d,7e6bab01e9d6b0298352c3d96c8f671d95a236c9e60e60360e5c70a016b1f97e,Fixed-Dc,3,227213,-0.0012218365087520722,-0.00250573419941319,0,0,0,0,0
0.7,2000000,1014,11,80e498d3a54526544727b653f142a861c5fd69524c07ea2165368d6407bf795d,7e6bab01e9d6b0298352c3d96c8f671d95a236c9e60e60360e5c70a016b1f97e,Fixed-Dc,4,-127073,-5.1205663250619704e-05,0.0006830989517780939,0,0,0,0,0
0.7,2000000,1014,11,80e498d3a54526544727b653f142a861c5fd69524c07ea2165368d6407bf795d,7e6bab01e9d6b0298352c3d96c8f671d95a236c9e60e60360e5c70a016b1f97e,Decoupled,1,0,,,,,,0,0
0.7,2000000,1014,11,80e498d3a54526544727b653f142a861c5fd69524c07ea2165368d6407bf795d,7e6bab01e9d6b0298352c3d96c8f671d95a236c9e60e60360e5c70a016b1f97e,Decoupled,2,0,,,,,,0,0
0.7,2000000,1014,11,80e498d3a54526544727b653f142a861c5fd69524c07ea2165368d6407bf795d,7e6bab01e9d6b0298352c3d96c8f671d95a236c9e60e60360e5c70a016b1f97e,Decoupled,3,0,,,,,,0,0
0.7,2000000,1014,11,80e498d3a54526544727b653f142a861c5fd69524c07ea2165368d6407bf795d,7e6bab01e9d6b0298352c3d96c8f671d95a236c9e60e60360e5c70a016b1f97e,Decoupled,4,0,,,,,,0,0
0.7,2000000,1015,7,76e1670af0a46aedbab9a5eba9daa7dc735975ceaef173f28511e82b52d4ee7c,7e6bab01e9d6b0298352c3d96c8f671d95a236c9e60e60360e5c70a016b1f97e,No-Dq-R,1,0,0.0,0.0,0.0,0,0,0,0
0.7,2000000,1015,7,76e1670af0a46aedbab9a5eba9daa7dc735975ceaef173f28511e82b52d4ee7c,7e6bab01e9d6b0298352c3d96c8f671d95a236c9e60e60360e5c70a016b1f97e,No-Dq-R,2,0,0.0,0.0,0,0,0,0,0
0.7,2000000,1015,7,76e1670af0a46aedbab9a5eba9daa7dc735975ceaef173f28511e82b52d4ee7c,7e6bab01e9d6b0298352c3d96c8f671d95a236c9e60e60360e5c70a016b1f97e,No-Dq-R,3,0,0.0,0.0,0,0,0,0,0
0.7,2000000,1015,7,76e1670af0a46aedbab9a5eba9daa7dc735975ceaef173f28511e82b52d4ee7c,7e6bab01e9d6b0298352c3d96c8f671d95a236c9e60e60360e5c70a016b1f97e,No-Dq-R,4,0,0.0,0.0,0,0,0,0,0
0.7,2000000,1015,7,76e1670af0a46aedbab9a5eba9daa7dc735975ceaef173f28511e82b52d4ee7c,7e6bab01e9d6b0298352c3d96c8f671d95a236c9e60e60360e5c70a016b1f97e,Fixed-Dc,1,-554934,0.025456515769712307,0.0232266969035837,0.0,0,0,0,0
0.7,2000000,1015,7,76e1670af0a46aedbab9a5eba9daa7dc735975ceaef173f28511e82b52d4ee7c,7e6bab01e9d6b0298352c3d96c8f671d95a236c9e60e60360e5c70a016b1f97e,Fixed-Dc,2,240952,-0.0066441486851469556,-0.005318389136675206,0,0,0,0,0
0.7,2000000,1015,7,76e1670af0a46aedbab9a5eba9daa7dc735975ceaef173f28511e82b52d4ee7c,7e6bab01e9d6b0298352c3d96c8f671d95a236c9e60e60360e5c70a016b1f97e,Fixed-Dc,3,-86363,0.00043961920495461104,0.000930407031389191,0,0,0,0,0
0.7,2000000,1015,7,76e1670af0a46aedbab9a5eba9daa7dc735975ceaef173f28511e82b52d4ee7c,7e6bab01e9d6b0298352c3d96c8f671d95a236c9e60e60360e5c70a016b1f97e,Fixed-Dc,4,-440649,-0.00023410755415775863,0.0023189479294135618,0,0,0,0,0
0.7,2000000,1015,7,76e1670af0a46aedbab9a5eba9daa7dc735975ceaef173f28511e82b52d4ee7c,7e6bab01e9d6b0298352c3d96c8f671d95a236c9e60e60360e5c70a016b1f97e,Decoupled,1,0,,,,,,0,0
0.7,2000000,1015,7,76e1670af0a46aedbab9a5eba9daa7dc735975ceaef173f28511e82b52d4ee7c,7e6bab01e9d6b0298352c3d96c8f671d95a236c9e60e60360e5c70a016b1f97e,Decoupled,2,0,,,,,,0,0
0.7,2000000,1015,7,76e1670af0a46aedbab9a5eba9daa7dc735975ceaef173f28511e82b52d4ee7c,7e6bab01e9d6b0298352c3d96c8f671d95a236c9e60e60360e5c70a016b1f97e,Decoupled,3,0,,,,,,0,0
0.7,2000000,1015,7,76e1670af0a46aedbab9a5eba9daa7dc735975ceaef173f28511e82b52d4ee7c,7e6bab01e9d6b0298352c3d96c8f671d95a236c9e60e60360e5c70a016b1f97e,Decoupled,4,0,,,,,,0,0
0.7,2000000,1015,11,76e1670af0a46aedbab9a5eba9daa7dc735975ceaef173f28511e82b52d4ee7c,7e6bab01e9d6b0298352c3d96c8f671d95a236c9e60e60360e5c70a016b1f97e,No-Dq-R,1,0,0.0,0.0,0.0,0,0,0,0
0.7,2000000,1015,11,76e1670af0a46aedbab9a5eba9daa7dc735975ceaef173f28511e82b52d4ee7c,7e6bab01e9d6b0298352c3d96c8f671d95a236c9e60e60360e5c70a016b1f97e,No-Dq-R,2,0,0.0,0.0,0,0,0,0,0
0.7,2000000,1015,11,76e1670af0a46aedbab9a5eba9daa7dc735975ceaef173f28511e82b52d4ee7c,7e6bab01e9d6b0298352c3d96c8f671d95a236c9e60e60360e5c70a016b1f97e,No-Dq-R,3,0,0.0,0.0,0,0,0,0,0
0.7,2000000,1015,11,76e1670af0a46aedbab9a5eba9daa7dc735975ceaef173f28511e82b52d4ee7c,7e6bab01e9d6b0298352c3d96c8f671d95a236c9e60e60360e5c70a016b1f97e,No-Dq-R,4,0,0.0,0.0,0,0,0,0,0
0.7,2000000,1015,11,76e1670af0a46aedbab9a5eba9daa7dc735975ceaef173f28511e82b52d4ee7c,7e6bab01e9d6b0298352c3d96c8f671d95a236c9e60e60360e5c70a016b1f97e,Fixed-Dc,1,-554934,0.02106218103297608,0.0232266969035837,0.0,0,0,0,0
0.7,2000000,1015,11,76e1670af0a46aedbab9a5eba9daa7dc735975ceaef173f28511e82b52d4ee7c,7e6bab01e9d6b0298352c3d96c8f671d95a236c9e60e60360e5c70a016b1f97e,Fixed-Dc,2,240952,-0.0066441486851469556,-0.005318389136675206,0,0,0,0,0
0.7,2000000,1015,11,76e1670af0a46aedbab9a5eba9daa7dc735975ceaef173f28511e82b52d4ee7c,7e6bab01e9d6b0298352c3d96c8f671d95a236c9e60e60360e5c70a016b1f97e,Fixed-Dc,3,-86363,0.00043961920495461104,0.000930407031389191,0,0,0,0,0
0.7,2000000,1015,11,76e1670af0a46aedbab9a5eba9daa7dc735975ceaef173f28511e82b52d4ee7c,7e6bab01e9d6b0298352c3d96c8f671d95a236c9e60e60360e5c70a016b1f97e,Fixed-Dc,4,-440649,-0.00023410755415775863,0.0023189479294135618,0,0,0,0,0
0.7,2000000,1015,11,76e1670af0a46aedbab9a5eba9daa7dc735975ceaef173f28511e82b52d4ee7c,7e6bab01e9d6b0298352c3d96c8f671d95a236c9e60e60360e5c70a016b1f97e,Decoupled,1,0,,,,,,0,0
0.7,2000000,1015,11,76e1670af0a46aedbab9a5eba9daa7dc735975ceaef173f28511e82b52d4ee7c,7e6bab01e9d6b0298352c3d96c8f671d95a236c9e60e60360e5c70a016b1f97e,Decoupled,2,0,,,,,,0,0
0.7,2000000,1015,11,76e1670af0a46aedbab9a5eba9daa7dc735975ceaef173f28511e82b52d4ee7c,7e6bab01e9d6b0298352c3d96c8f671d95a236c9e60e60360e5c70a016b1f97e,Decoupled,3,0,,,,,,0,0
0.7,2000000,1015,11,76e1670af0a46aedbab9a5eba9daa7dc735975ceaef173f28511e82b52d4ee7c,7e6bab01e9d6b0298352c3d96c8f671d95a236c9e60e60360e5c70a016b1f97e,Decoupled,4,0,,,,,,0,0
0.7,2000000,1016,7,2c47fe7c91d132a3766a62cecda3349d0046ab5fe08e77898681ab92a7ffe292,7e6bab01e9d6b0298352c3d96c8f671d95a236c9e60e60360e5c70a016b1f97e,No-Dq-R,1,0,0.0,0.0,0.0,0,0,0,0
0.7,2000000,1016,7,2c47fe7c91d132a3766a62cecda3349d0046ab5fe08e77898681ab92a7ffe292,7e6bab01e9d6b0298352c3d96c8f671d95a236c9e60e60360e5c70a016b1f97e,No-Dq-R,2,0,0.0,0.0,0,0,0,0,0
0.7,2000000,1016,7,2c47fe7c91d132a3766a62cecda3349d0046ab5fe08e77898681ab92a7ffe292,7e6bab01e9d6b0298352c3d96c8f671d95a236c9e60e60360e5c70a016b1f97e,No-Dq-R,3,0,0.0,0.0,0,0,0,0,0
0.7,2000000,1016,7,2c47fe7c91d132a3766a62cecda3349d0046ab5fe08e77898681ab92a7ffe292,7e6bab01e9d6b0298352c3d96c8f671d95a236c9e60e60360e5c70a016b1f97e,No-Dq-R,4,0,0.0,0.0,0,0,0,0,0
0.7,2000000,1016,7,2c47fe7c91d132a3766a62cecda3349d0046ab5fe08e77898681ab92a7ffe292,7e6bab01e9d6b0298352c3d96c8f671d95a236c9e60e60360e5c70a016b1f97e,Fixed-Dc,1,74698,-0.0035815203748934543,-0.0032962985559384927,0.0,0,0,0,0
0.7,2000000,1016,7,2c47fe7c91d132a3766a62cecda3349d0046ab5fe08e77898681ab92a7ffe292,7e6bab01e9d6b0298352c3d96c8f671d95a236c9e60e60360e5c70a016b1f97e,Fixed-Dc,2,-279588,0.007486763780222505,0.005919740868081669,0,0,0,0,0
0.7,2000000,1016,7,2c47fe7c91d132a3766a62cecda3349d0046ab5fe08e77898681ab92a7ffe292,7e6bab01e9d6b0298352c3d96c8f671d95a236c9e60e60360e5c70a016b1f97e,Fixed-Dc,3,240952,-0.001298810624458635,-0.002659992852743598,0,0,0,0,0
0.7,2000000,1016,7,2c47fe7c91d132a3766a62cecda3349d0046ab5fe08e77898681ab92a7ffe292,7e6bab01e9d6b0298352c3d96c8f671d95a236c9e60e60360e5c70a016b1f97e,Fixed-Dc,4,188983,5.0679406384701586e-05,-0.0010382267062649664,0,0,0,0,0
0.7,2000000,1016,7,2c47fe7c91d132a3766a62cecda3349d0046ab5fe08e77898681ab92a7ffe292,7e6bab01e9d6b0298352c3d96c8f671d95a236c9e60e60360e5c70a016b1f97e,Decoupled,1,0,,,,,,0,0
0.7,2000000,1016,7,2c47fe7c91d132a3766a62cecda3349d0046ab5fe08e77898681ab92a7ffe292,7e6bab01e9d6b0298352c3d96c8f671d95a236c9e60e60360e5c70a016b1f97e,Decoupled,2,0,,,,,,0,0
0.7,2000000,1016,7,2c47fe7c91d132a3766a62cecda3349d0046ab5fe08e77898681ab92a7ffe292,7e6bab01e9d6b0298352c3d96c8f671d95a236c9e60e60360e5c70a016b1f97e,Decoupled,3,0,,,,,,0,0
0.7,2000000,1016,7,2c47fe7c91d132a3766a62cecda3349d0046ab5fe08e77898681ab92a7ffe292,7e6bab01e9d6b0298352c3d96c8f671d95a236c9e60e60360e5c70a016b1f97e,Decoupled,4,0,,,,,,0,0
0.7,2000000,1016,11,2c47fe7c91d132a3766a62cecda3349d0046ab5fe08e77898681ab92a7ffe292,7e6bab01e9d6b0298352c3d96c8f671d95a236c9e60e60360e5c70a016b1f97e,No-Dq-R,1,0,0.0,0.0,0.0,0,0,0,0
0.7,2000000,1016,11,2c47fe7c91d132a3766a62cecda3349d0046ab5fe08e77898681ab92a7ffe292,7e6bab01e9d6b0298352c3d96c8f671d95a236c9e60e60360e5c70a016b1f97e,No-Dq-R,2,0,0.0,0.0,0,0,0,0,0
0.7,2000000,1016,11,2c47fe7c91d132a3766a62cecda3349d0046ab5fe08e77898681ab92a7ffe292,7e6bab01e9d6b0298352c3d96c8f671d95a236c9e60e60360e5c70a016b1f97e,No-Dq-R,3,0,0.0,0.0,0,0,0,0,0
0.7,2000000,1016,11,2c47fe7c91d132a3766a62cecda3349d0046ab5fe08e77898681ab92a7ffe292,7e6bab01e9d6b0298352c3d96c8f671d95a236c9e60e60360e5c70a016b1f97e,No-Dq-R,4,0,0.0,0.0,0,0,0,0,0
0.7,2000000,1016,11,2c47fe7c91d132a3766a62cecda3349d0046ab5fe08e77898681ab92a7ffe292,7e6bab01e9d6b0298352c3d96c8f671d95a236c9e60e60360e5c70a016b1f97e,Fixed-Dc,1,74698,-0.003019429809714924,-0.0032962985559384927,0.0,0,0,0,0
0.7,2000000,1016,11,2c47fe7c91d132a3766a62cecda3349d0046ab5fe08e77898681ab92a7ffe292,7e6bab01e9d6b0298352c3d96c8f671d95a236c9e60e60360e5c70a016b1f97e,Fixed-Dc,2,-279588,0.007486763780222505,0.005919740868081669,0,0,0,0,0
0.7,2000000,1016,11,2c47fe7c91d132a3766a62cecda3349d0046ab5fe08e77898681ab92a7ffe292,7e6bab01e9d6b0298352c3d96c8f671d95a236c9e60e60360e5c70a016b1f97e,Fixed-Dc,3,240952,-0.001298810624458635,-0.002659992852743598,0,0,0,0,0
0.7,2000000,1016,11,2c47fe7c91d132a3766a62cecda3349d0046ab5fe08e77898681ab92a7ffe292,7e6bab01e9d6b0298352c3d96c8f671d95a236c9e60e60360e5c70a016b1f97e,Fixed-Dc,4,188983,5.0679406384701586e-05,-0.0010382267062649664,0,0,0,0,0
0.7,2000000,1016,11,2c47fe7c91d132a3766a62cecda3349d0046ab5fe08e77898681ab92a7ffe292,7e6bab01e9d6b0298352c3d96c8f671d95a236c9e60e60360e5c70a016b1f97e,Decoupled,1,0,,,,,,0,0
0.7,2000000,1016,11,2c47fe7c91d132a3766a62cecda3349d0046ab5fe08e77898681ab92a7ffe292,7e6bab01e9d6b0298352c3d96c8f671d95a236c9e60e60360e5c70a016b1f97e,Decoupled,2,0,,,,,,0,0
0.7,2000000,1016,11,2c47fe7c91d132a3766a62cecda3349d0046ab5fe08e77898681ab92a7ffe292,7e6bab01e9d6b0298352c3d96c8f671d95a236c9e60e60360e5c70a016b1f97e,Decoupled,3,0,,,,,,0,0
0.7,2000000,1016,11,2c47fe7c91d132a3766a62cecda3349d0046ab5fe08e77898681ab92a7ffe292,7e6bab01e9d6b0298352c3d96c8f671d95a236c9e60e60360e5c70a016b1f97e,Decoupled,4,0,,,,,,0,0
0.7,2000000,1017,7,b18b41f9dcc9386c3a867e61043ec377c9c5e729ae3041157f23ece37f0b63f1,7e6bab01e9d6b0298352c3d96c8f671d95a236c9e60e60360e5c70a016b1f97e,No-Dq-R,1,0,0.0,0.0,0.0,0,0,0,0
0.7,2000000,1017,7,b18b41f9dcc9386c3a867e61043ec377c9c5e729ae3041157f23ece37f0b63f1,7e6bab01e9d6b0298352c3d96c8f671d95a236c9e60e60360e5c70a016b1f97e,No-Dq-R,2,0,0.0,0.0,0,0,0,0,0
0.7,2000000,1017,7,b18b41f9dcc9386c3a867e61043ec377c9c5e729ae3041157f23ece37f0b63f1,7e6bab01e9d6b0298352c3d96c8f671d95a236c9e60e60360e5c70a016b1f97e,No-Dq-R,3,0,0.0,0.0,0,0,0,0,0
0.7,2000000,1017,7,b18b41f9dcc9386c3a867e61043ec377c9c5e729ae3041157f23ece37f0b63f1,7e6bab01e9d6b0298352c3d96c8f671d95a236c9e60e60360e5c70a016b1f97e,No-Dq-R,4,0,0.0,0.0,0,0,0,0,0
0.7,2000000,1017,7,b18b41f9dcc9386c3a867e61043ec377c9c5e729ae3041157f23ece37f0b63f1,7e6bab01e9d6b0298352c3d96c8f671d95a236c9e60e60360e5c70a016b1f97e,Fixed-Dc,1,-169583,0.007991266929129881,0.007330307220958621,0.0,0,0,0,0
0.7,2000000,1017,7,b18b41f9dcc9386c3a867e61043ec377c9c5e729ae3041157f23ece37f0b63f1,7e6bab01e9d6b0298352c3d96c8f671d95a236c9e60e60360e5c70a016b1f97e,Fixed-Dc,2,-523869,0.013840865165720528,0.010880735931655838,0,0,0,0,0
0.7,2000000,1017,7,b18b41f9dcc9386c3a867e61043ec377c9c5e729ae3041157f23ece37f0b63f1,7e6bab01e9d6b0298352c3d96c8f671d95a236c9e60e60360e5c70a016b1f97e,Fixed-Dc,3,240952,-0.001298810624458635,-0.002659992852743598,0,0,0,0,0
0.7,2000000,1017,7,b18b41f9dcc9386c3a867e61043ec377c9c5e729ae3041157f23ece37f0b63f1,7e6bab01e9d6b0298352c3d96c8f671d95a236c9e60e60360e5c70a016b1f97e,Fixed-Dc,4,-55298,-2.0617345381002128e-05,0.0002987249331496411,0,0,0,0,0
0.7,2000000,1017,7,b18b41f9dcc9386c3a867e61043ec377c9c5e729ae3041157f23ece37f0b63f1,7e6bab01e9d6b0298352c3d96c8f671d95a236c9e60e60360e5c70a016b1f97e,Decoupled,1,0,,,,,,0,0
0.7,2000000,1017,7,b18b41f9dcc9386c3a867e61043ec377c9c5e729ae3041157f23ece37f0b63f1,7e6bab01e9d6b0298352c3d96c8f671d95a236c9e60e60360e5c70a016b1f97e,Decoupled,2,0,,,,,,0,0
0.7,2000000,1017,7,b18b41f9dcc9386c3a867e61043ec377c9c5e729ae3041157f23ece37f0b63f1,7e6bab01e9d6b0298352c3d96c8f671d95a236c9e60e60360e5c70a016b1f97e,Decoupled,3,0,,,,,,0,0
0.7,2000000,1017,7,b18b41f9dcc9386c3a867e61043ec377c9c5e729ae3041157f23ece37f0b63f1,7e6bab01e9d6b0298352c3d96c8f671d95a236c9e60e60360e5c70a016b1f97e,Decoupled,4,0,,,,,,0,0
0.7,2000000,1017,11,b18b41f9dcc9386c3a867e61043ec377c9c5e729ae3041157f23ece37f0b63f1,7e6bab01e9d6b0298352c3d96c8f671d95a236c9e60e60360e5c70a016b1f97e,No-Dq-R,1,0,0.0,0.0,0.0,0,0,0,0
0.7,2000000,1017,11,b18b41f9dcc9386c3a867e61043ec377c9c5e729ae3041157f23ece37f0b63f1,7e6bab01e9d6b0298352c3d96c8f671d95a236c9e60e60360e5c70a016b1f97e,No-Dq-R,2,0,0.0,0.0,0,0,0,0,0
0.7,2000000,1017,11,b18b41f9dcc9386c3a867e61043ec377c9c5e729ae3041157f23ece37f0b63f1,7e6bab01e9d6b0298352c3d96c8f671d95a236c9e60e60360e5c70a016b1f97e,No-Dq-R,3,0,0.0,0.0,0,0,0,0,0
0.7,2000000,1017,11,b18b41f9dcc9386c3a867e61043ec377c9c5e729ae3041157f23ece37f0b63f1,7e6bab01e9d6b0298352c3d96c8f671d95a236c9e60e60360e5c70a016b1f97e,No-Dq-R,4,0,0.0,0.0,0,0,0,0,0
0.7,2000000,1017,11,b18b41f9dcc9386c3a867e61043ec377c9c5e729ae3041157f23ece37f0b63f1,7e6bab01e9d6b0298352c3d96c8f671d95a236c9e60e60360e5c70a016b1f97e,Fixed-Dc,1,-169583,0.006688704532999745,0.007330307220958621,0.0,0,0,0,0
0.7,2000000,1017,11,b18b41f9dcc9386c3a867e61043ec377c9c5e729ae3041157f23ece37f0b63f1,7e6bab01e9d6b0298352c3d96c8f671d95a236c9e60e60360e5c70a016b1f97e,Fixed-Dc,2,-523869,0.013840865165720528,0.010880735931655838,0,0,0,0,0
0.7,2000000,1017,11,b18b41f9dcc9386c3a867e61043ec377c9c5e729ae3041157f23ece37f0b63f1,7e6bab01e9d6b0298352c3d96c8f671d95a236c9e60e60360e5c70a016b1f97e,Fixed-Dc,3,240952,-0.001298810624458635,-0.002659992852743598,0,0,0,0,0
0.7,2000000,1017,11,b18b41f9dcc9386c3a867e61043ec377c9c5e729ae3041157f23ece37f0b63f1,7e6bab01e9d6b0298352c3d96c8f671d95a236c9e60e60360e5c70a016b1f97e,Fixed-Dc,4,-55298,-2.0617345381002128e-05,0.0002987249331496411,0,0,0,0,0
0.7,2000000,1017,11,b18b41f9dcc9386c3a867e61043ec377c9c5e729ae3041157f23ece37f0b63f1,7e6bab01e9d6b0298352c3d96c8f671d95a236c9e60e60360e5c70a016b1f97e,Decoupled,1,0,,,,,,0,0
0.7,2000000,1017,11,b18b41f9dcc9386c3a867e61043ec377c9c5e729ae3041157f23ece37f0b63f1,7e6bab01e9d6b0298352c3d96c8f671d95a236c9e60e60360e5c70a016b1f97e,Decoupled,2,0,,,,,,0,0
0.7,2000000,1017,11,b18b41f9dcc9386c3a867e61043ec377c9c5e729ae3041157f23ece37f0b63f1,7e6bab01e9d6b0298352c3d96c8f671d95a236c9e60e60360e5c70a016b1f97e,Decoupled,3,0,,,,,,0,0
0.7,2000000,1017,11,b18b41f9dcc9386c3a867e61043ec377c9c5e729ae3041157f23ece37f0b63f1,7e6bab01e9d6b0298352c3d96c8f671d95a236c9e60e60360e5c70a016b1f97e,Decoupled,4,0,,,,,,0,0
0.7,2000000,1018,7,c8a9130a3b050e04ae19397bba47c2cc2c303b619f6ec1161ba3234f77fbd72e,7e6bab01e9d6b0298352c3d96c8f671d95a236c9e60e60360e5c70a016b1f97e,No-Dq-R,1,0,0.0,0.0,0.0,0,0,0,0
0.7,2000000,1018,7,c8a9130a3b050e04ae19397bba47c2cc2c303b619f6ec1161ba3234f77fbd72e,7e6bab01e9d6b0298352c3d96c8f671d95a236c9e60e60360e5c70a016b1f97e,No-Dq-R,2,0,0.0,0.0,0,0,0,0,0
0.7,2000000,1018,7,c8a9130a3b050e04ae19397bba47c2cc2c303b619f6ec1161ba3234f77fbd72e,7e6bab01e9d6b0298352c3d96c8f671d95a236c9e60e60360e5c70a016b1f97e,No-Dq-R,3,0,0.0,0.0,0,0,0,0,0
0.7,2000000,1018,7,c8a9130a3b050e04ae19397bba47c2cc2c303b619f6ec1161ba3234f77fbd72e,7e6bab01e9d6b0298352c3d96c8f671d95a236c9e60e60360e5c70a016b1f97e,No-Dq-R,4,0,0.0,0.0,0,0,0,0,0
0.7,2000000,1018,7,c8a9130a3b050e04ae19397bba47c2cc2c303b619f6ec1161ba3234f77fbd72e,7e6bab01e9d6b0298352c3d96c8f671d95a236c9e60e60360e5c70a016b1f97e,Fixed-Dc,1,13588,-0.0006486679021868724,-0.000596512310910402,0.0,0,0,0,0
0.7,2000000,1018,7,c8a9130a3b050e04ae19397bba47c2cc2c303b619f6ec1161ba3234f77fbd72e,7e6bab01e9d6b0298352c3d96c8f671d95a236c9e60e60360e5c70a016b1f97e,Fixed-Dc,2,-340698,0.00909237155358833,0.007178894108137324,0,0,0,0,0
0.7,2000000,1018,7,c8a9130a3b050e04ae19397bba47c2cc2c303b619f6ec1161ba3234f77fbd72e,7e6bab01e9d6b0298352c3d96c8f671d95a236c9e60e60360e5c70a016b1f97e,Fixed-Dc,3,240952,-0.001298810624458635,-0.002659992852743598,0,0,0,0,0
0.7,2000000,1018,7,c8a9130a3b050e04ae19397bba47c2cc2c303b619f6ec1161ba3234f77fbd72e,7e6bab01e9d6b0298352c3d96c8f671d95a236c9e60e60360e5c70a016b1f97e,Fixed-Dc,4,127873,3.768030481304807e-05,-0.0006995401758936315,0,0,0,0,0
0.7,2000000,1018,7,c8a9130a3b050e04ae19397bba47c2cc2c303b619f6ec1161ba3234f77fbd72e,7e6bab01e9d6b0298352c3d96c8f671d95a236c9e60e60360e5c70a016b1f97e,Decoupled,1,0,,,,,,0,0
0.7,2000000,1018,7,c8a9130a3b050e04ae19397bba47c2cc2c303b619f6ec1161ba3234f77fbd72e,7e6bab01e9d6b0298352c3d96c8f671d95a236c9e60e60360e5c70a016b1f97e,Decoupled,2,0,,,,,,0,0
0.7,2000000,1018,7,c8a9130a3b050e04ae19397bba47c2cc2c303b619f6ec1161ba3234f77fbd72e,7e6bab01e9d6b0298352c3d96c8f671d95a236c9e60e60360e5c70a016b1f97e,Decoupled,3,0,,,,,,0,0
0.7,2000000,1018,7,c8a9130a3b050e04ae19397bba47c2cc2c303b619f6ec1161ba3234f77fbd72e,7e6bab01e9d6b0298352c3d96c8f671d95a236c9e60e60360e5c70a016b1f97e,Decoupled,4,0,,,,,,0,0
0.7,2000000,1018,11,c8a9130a3b050e04ae19397bba47c2cc2c303b619f6ec1161ba3234f77fbd72e,7e6bab01e9d6b0298352c3d96c8f671d95a236c9e60e60360e5c70a016b1f97e,No-Dq-R,1,0,0.0,0.0,0.0,0,0,0,0
0.7,2000000,1018,11,c8a9130a3b050e04ae19397bba47c2cc2c303b619f6ec1161ba3234f77fbd72e,7e6bab01e9d6b0298352c3d96c8f671d95a236c9e60e60360e5c70a016b1f97e,No-Dq-R,2,0,0.0,0.0,0,0,0,0,0
0.7,2000000,1018,11,c8a9130a3b050e04ae19397bba47c2cc2c303b619f6ec1161ba3234f77fbd72e,7e6bab01e9d6b0298352c3d96c8f671d95a236c9e60e60360e5c70a016b1f97e,No-Dq-R,3,0,0.0,0.0,0,0,0,0,0
0.7,2000000,1018,11,c8a9130a3b050e04ae19397bba47c2cc2c303b619f6ec1161ba3234f77fbd72e,7e6bab01e9d6b0298352c3d96c8f671d95a236c9e60e60360e5c70a016b1f97e,No-Dq-R,4,0,0.0,0.0,0,0,0,0,0
0.7,2000000,1018,11,c8a9130a3b050e04ae19397bba47c2cc2c303b619f6ec1161ba3234f77fbd72e,7e6bab01e9d6b0298352c3d96c8f671d95a236c9e60e60360e5c70a016b1f97e,Fixed-Dc,1,13588,-0.0005458841604479847,-0.000596512310910402,0.0,0,0,0,0
0.7,2000000,1018,11,c8a9130a3b050e04ae19397bba47c2cc2c303b619f6ec1161ba3234f77fbd72e,7e6bab01e9d6b0298352c3d96c8f671d95a236c9e60e60360e5c70a016b1f97e,Fixed-Dc,2,-340698,0.00909237155358833,0.007178894108137324,0,0,0,0,0
0.7,2000000,1018,11,c8a9130a3b050e04ae19397bba47c2cc2c303b619f6ec1161ba3234f77fbd72e,7e6bab01e9d6b0298352c3d96c8f671d95a236c9e60e60360e5c70a016b1f97e,Fixed-Dc,3,240952,-0.001298810624458635,-0.002659992852743598,0,0,0,0,0
0.7,2000000,1018,11,c8a9130a3b050e04ae19397bba47c2cc2c303b619f6ec1161ba3234f77fbd72e,7e6bab01e9d6b0298352c3d96c8f671d95a236c9e60e60360e5c70a016b1f97e,Fixed-Dc,4,127873,3.768030481304807e-05,-0.0006995401758936315,0,0,0,0,0
0.7,2000000,1018,11,c8a9130a3b050e04ae19397bba47c2cc2c303b619f6ec1161ba3234f77fbd72e,7e6bab01e9d6b0298352c3d96c8f671d95a236c9e60e60360e5c70a016b1f97e,Decoupled,1,0,,,,,,0,0
0.7,2000000,1018,11,c8a9130a3b050e04ae19397bba47c2cc2c303b619f6ec1161ba3234f77fbd72e,7e6bab01e9d6b0298352c3d96c8f671d95a236c9e60e60360e5c70a016b1f97e,Decoupled,2,0,,,,,,0,0
0.7,2000000,1018,11,c8a9130a3b050e04ae19397bba47c2cc2c303b619f6ec1161ba3234f77fbd72e,7e6bab01e9d6b0298352c3d96c8f671d95a236c9e60e60360e5c70a016b1f97e,Decoupled,3,0,,,,,,0,0
0.7,2000000,1018,11,c8a9130a3b050e04ae19397bba47c2cc2c303b619f6ec1161ba3234f77fbd72e,7e6bab01e9d6b0298352c3d96c8f671d95a236c9e60e60360e5c70a016b1f97e,Decoupled,4,0,,,,,,0,0
0.7,2000000,1019,7,30128271a7b207fac16b72e52e01c2b074b306ed06a6a67ec2adba04ada339f0,7e6bab01e9d6b0298352c3d96c8f671d95a236c9e60e60360e5c70a016b1f97e,No-Dq-R,1,0,0.0,0.0,0.0,0,0,0,0
0.7,2000000,1019,7,30128271a7b207fac16b72e52e01c2b074b306ed06a6a67ec2adba04ada339f0,7e6bab01e9d6b0298352c3d96c8f671d95a236c9e60e60360e5c70a016b1f97e,No-Dq-R,2,0,0.0,0.0,0,0,0,0,0
0.7,2000000,1019,7,30128271a7b207fac16b72e52e01c2b074b306ed06a6a67ec2adba04ada339f0,7e6bab01e9d6b0298352c3d96c8f671d95a236c9e60e60360e5c70a016b1f97e,No-Dq-R,3,0,0.0,0.0,0,0,0,0,0
0.7,2000000,1019,7,30128271a7b207fac16b72e52e01c2b074b306ed06a6a67ec2adba04ada339f0,7e6bab01e9d6b0298352c3d96c8f671d95a236c9e60e60360e5c70a016b1f97e,No-Dq-R,4,0,0.0,0.0,0,0,0,0,0
0.7,2000000,1019,7,30128271a7b207fac16b72e52e01c2b074b306ed06a6a67ec2adba04ada339f0,7e6bab01e9d6b0298352c3d96c8f671d95a236c9e60e60360e5c70a016b1f97e,Fixed-Dc,1,-409187,0.018961274932484118,0.017335504314992867,0.0,0,0,0,0
0.7,2000000,1019,7,30128271a7b207fac16b72e52e01c2b074b306ed06a6a67ec2adba04ada339f0,7e6bab01e9d6b0298352c3d96c8f671d95a236c9e60e60360e5c70a016b1f97e,Fixed-Dc,2,240952,-0.0066441486851469556,-0.005318389136675206,0,0,0,0,0
0.7,2000000,1019,7,30128271a7b207fac16b72e52e01c2b074b306ed06a6a67ec2adba04ada339f0,7e6bab01e9d6b0298352c3d96c8f671d95a236c9e60e60360e5c70a016b1f97e,Fixed-Dc,3,59384,-0.0003101295301290996,-0.000646723281700734,0,0,0,0,0
0.7,2000000,1019,7,30128271a7b207fac16b72e52e01c2b074b306ed06a6a67ec2adba04ada339f0,7e6bab01e9d6b0298352c3d96c8f671d95a236c9e60e60360e5c70a016b1f97e,Fixed-Dc,4,-294902,-0.00013928117521988526,0.0015672943856777088,0,0,0,0,0
0.7,2000000,1019,7,30128271a7b207fac16b72e52e01c2b074b306ed06a6a67ec2adba04ada339f0,7e6bab01e9d6b0298352c3d96c8f671d95a236c9e60e60360e5c70a016b1f97e,Decoupled,1,0,,,,,,0,0
0.7,2000000,1019,7,30128271a7b207fac16b72e52e01c2b074b306ed06a6a67ec2adba04ada339f0,7e6bab01e9d6b0298352c3d96c8f671d95a236c9e60e60360e5c70a016b1f97e,Decoupled,2,0,,,,,,0,0
0.7,2000000,1019,7,30128271a7b207fac16b72e52e01c2b074b306ed06a6a67ec2adba04ada339f0,7e6bab01e9d6b0298352c3d96c8f671d95a236c9e60e60360e5c70a016b1f97e,Decoupled,3,0,,,,,,0,0
0.7,2000000,1019,7,30128271a7b207fac16b72e52e01c2b074b306ed06a6a67ec2adba04ada339f0,7e6bab01e9d6b0298352c3d96c8f671d95a236c9e60e60360e5c70a016b1f97e,Decoupled,4,0,,,,,,0,0
0.7,2000000,1019,11,30128271a7b207fac16b72e52e01c2b074b306ed06a6a67ec2adba04ada339f0,7e6bab01e9d6b0298352c3d96c8f671d95a236c9e60e60360e5c70a016b1f97e,No-Dq-R,1,0,0.0,0.0,0.0,0,0,0,0
0.7,2000000,1019,11,30128271a7b207fac16b72e52e01c2b074b306ed06a6a67ec2adba04ada339f0,7e6bab01e9d6b0298352c3d96c8f671d95a236c9e60e60360e5c70a016b1f97e,No-Dq-R,2,0,0.0,0.0,0,0,0,0,0
0.7,2000000,1019,11,30128271a7b207fac16b72e52e01c2b074b306ed06a6a67ec2adba04ada339f0,7e6bab01e9d6b0298352c3d96c8f671d95a236c9e60e60360e5c70a016b1f97e,No-Dq-R,3,0,0.0,0.0,0,0,0,0,0
0.7,2000000,1019,11,30128271a7b207fac16b72e52e01c2b074b306ed06a6a67ec2adba04ada339f0,7e6bab01e9d6b0298352c3d96c8f671d95a236c9e60e60360e5c70a016b1f97e,No-Dq-R,4,0,0.0,0.0,0,0,0,0,0
0.7,2000000,1019,11,30128271a7b207fac16b72e52e01c2b074b306ed06a6a67ec2adba04ada339f0,7e6bab01e9d6b0298352c3d96c8f671d95a236c9e60e60360e5c70a016b1f97e,Fixed-Dc,1,-409187,0.015757346395090965,0.017335504314992867,0.0,0,0,0,0
0.7,2000000,1019,11,30128271a7b207fac16b72e52e01c2b074b306ed06a6a67ec2adba04ada339f0,7e6bab01e9d6b0298352c3d96c8f671d95a236c9e60e60360e5c70a016b1f97e,Fixed-Dc,2,240952,-0.0066441486851469556,-0.005318389136675206,0,0,0,0,0
0.7,2000000,1019,11,30128271a7b207fac16b72e52e01c2b074b306ed06a6a67ec2adba04ada339f0,7e6bab01e9d6b0298352c3d96c8f671d95a236c9e60e60360e5c70a016b1f97e,Fixed-Dc,3,59384,-0.0003101295301290996,-0.000646723281700734,0,0,0,0,0
0.7,2000000,1019,11,30128271a7b207fac16b72e52e01c2b074b306ed06a6a67ec2adba04ada339f0,7e6bab01e9d6b0298352c3d96c8f671d95a236c9e60e60360e5c70a016b1f97e,Fixed-Dc,4,-294902,-0.00013928117521988526,0.0015672943856777088,0,0,0,0,0
0.7,2000000,1019,11,30128271a7b207fac16b72e52e01c2b074b306ed06a6a67ec2adba04ada339f0,7e6bab01e9d6b0298352c3d96c8f671d95a236c9e60e60360e5c70a016b1f97e,Decoupled,1,0,,,,,,0,0
0.7,2000000,1019,11,30128271a7b207fac16b72e52e01c2b074b306ed06a6a67ec2adba04ada339f0,7e6bab01e9d6b0298352c3d96c8f671d95a236c9e60e60360e5c70a016b1f97e,Decoupled,2,0,,,,,,0,0
0.7,2000000,1019,11,30128271a7b207fac16b72e52e01c2b074b306ed06a6a67ec2adba04ada339f0,7e6bab01e9d6b0298352c3d96c8f671d95a236c9e60e60360e5c70a016b1f97e,Decoupled,3,0,,,,,,0,0
0.7,2000000,1019,11,30128271a7b207fac16b72e52e01c2b074b306ed06a6a67ec2adba04ada339f0,7e6bab01e9d6b0298352c3d96c8f671d95a236c9e60e60360e5c70a016b1f97e,Decoupled,4,0,,,,,,0,0
0.7,2000000,1020,7,35b2881d5ef0d5740aef798e10726b061a04cad4ac6b12f47c6a942c0b073517,7e6bab01e9d6b0298352c3d96c8f671d95a236c9e60e60360e5c70a016b1f97e,No-Dq-R,1,0,0.0,0.0,0.0,0,0,0,0
0.7,2000000,1020,7,35b2881d5ef0d5740aef798e10726b061a04cad4ac6b12f47c6a942c0b073517,7e6bab01e9d6b0298352c3d96c8f671d95a236c9e60e60360e5c70a016b1f97e,No-Dq-R,2,0,0.0,0.0,0,0,0,0,0
0.7,2000000,1020,7,35b2881d5ef0d5740aef798e10726b061a04cad4ac6b12f47c6a942c0b073517,7e6bab01e9d6b0298352c3d96c8f671d95a236c9e60e60360e5c70a016b1f97e,No-Dq-R,3,0,0.0,0.0,0,0,0,0,0
0.7,2000000,1020,7,35b2881d5ef0d5740aef798e10726b061a04cad4ac6b12f47c6a942c0b073517,7e6bab01e9d6b0298352c3d96c8f671d95a236c9e60e60360e5c70a016b1f97e,No-Dq-R,4,0,0.0,0.0,0,0,0,0,0
0.7,2000000,1020,7,35b2881d5ef0d5740aef798e10726b061a04cad4ac6b12f47c6a942c0b073517,7e6bab01e9d6b0298352c3d96c8f671d95a236c9e60e60360e5c70a016b1f97e,Fixed-Dc,1,-573682,0.026282510296334993,0.023974069345496174,0.0,0,0,0,0
0.7,2000000,1020,7,35b2881d5ef0d5740aef798e10726b061a04cad4ac6b12f47c6a942c0b073517,7e6bab01e9d6b0298352c3d96c8f671d95a236c9e60e60360e5c70a016b1f97e,Fixed-Dc,2,240952,-0.0066441486851469556,-0.005318389136675206,0,0,0,0,0
0.7,2000000,1020,7,35b2881d5ef0d5740aef798e10726b061a04cad4ac6b12f47c6a942c0b073517,7e6bab01e9d6b0298352c3d96c8f671d95a236c9e60e60360e5c70a016b1f97e,Fixed-Dc,3,-105111,0.0005332855586030472,0.0011308122016862598,0,0,0,0,0
0.7,2000000,1020,7,35b2881d5ef0d5740aef798e10726b061a04cad4ac6b12f47c6a942c0b073517,7e6bab01e9d6b0298352c3d96c8f671d95a236c9e60e60360e5c70a016b1f97e,Fixed-Dc,4,-459397,-0.00024751592681182544,0.0024145630409091456,0,0,0,0,0
0.7,2000000,1020,7,35b2881d5ef0d5740aef798e10726b061a04cad4ac6b12f47c6a942c0b073517,7e6bab01e9d6b0298352c3d96c8f671d95a236c9e60e60360e5c70a016b1f97e,Decoupled,1,0,,,,,,0,0
0.7,2000000,1020,7,35b2881d5ef0d5740aef798e10726b061a04cad4ac6b12f47c6a942c0b073517,7e6bab01e9d6b0298352c3d96c8f671d95a236c9e60e60360e5c70a016b1f97e,Decoupled,2,0,,,,,,0,0
0.7,2000000,1020,7,35b2881d5ef0d5740aef798e10726b061a04cad4ac6b12f47c6a942c0b073517,7e6bab01e9d6b0298352c3d96c8f671d95a236c9e60e60360e5c70a016b1f97e,Decoupled,3,0,,,,,,0,0
0.7,2000000,1020,7,35b2881d5ef0d5740aef798e10726b061a04cad4ac6b12f47c6a942c0b073517,7e6bab01e9d6b0298352c3d96c8f671d95a236c9e60e60360e5c70a016b1f97e,Decoupled,4,0,,,,,,0,0
0.7,2000000,1020,11,35b2881d5ef0d5740aef798e10726b061a04cad4ac6b12f47c6a942c0b073517,7e6bab01e9d6b0298352c3d96c8f671d95a236c9e60e60360e5c70a016b1f97e,No-Dq-R,1,0,0.0,0.0,0.0,0,0,0,0
0.7,2000000,1020,11,35b2881d5ef0d5740aef798e10726b061a04cad4ac6b12f47c6a942c0b073517,7e6bab01e9d6b0298352c3d96c8f671d95a236c9e60e60360e5c70a016b1f97e,No-Dq-R,2,0,0.0,0.0,0,0,0,0,0
0.7,2000000,1020,11,35b2881d5ef0d5740aef798e10726b061a04cad4ac6b12f47c6a942c0b073517,7e6bab01e9d6b0298352c3d96c8f671d95a236c9e60e60360e5c70a016b1f97e,No-Dq-R,3,0,0.0,0.0,0,0,0,0,0
0.7,2000000,1020,11,35b2881d5ef0d5740aef798e10726b061a04cad4ac6b12f47c6a942c0b073517,7e6bab01e9d6b0298352c3d96c8f671d95a236c9e60e60360e5c70a016b1f97e,No-Dq-R,4,0,0.0,0.0,0,0,0,0,0
0.7,2000000,1020,11,35b2881d5ef0d5740aef798e10726b061a04cad4ac6b12f47c6a942c0b073517,7e6bab01e9d6b0298352c3d96c8f671d95a236c9e60e60360e5c70a016b1f97e,Fixed-Dc,1,-573682,0.021733233934893126,0.023974069345496174,0.0,0,0,0,0
0.7,2000000,1020,11,35b2881d5ef0d5740aef798e10726b061a04cad4ac6b12f47c6a942c0b073517,7e6bab01e9d6b0298352c3d96c8f671d95a236c9e60e60360e5c70a016b1f97e,Fixed-Dc,2,240952,-0.0066441486851469556,-0.005318389136675206,0,0,0,0,0
0.7,2000000,1020,11,35b2881d5ef0d5740aef798e10726b061a04cad4ac6b12f47c6a942c0b073517,7e6bab01e9d6b0298352c3d96c8f671d95a236c9e60e60360e5c70a016b1f97e,Fixed-Dc,3,-105111,0.0005332855586030472,0.0011308122016862598,0,0,0,0,0
0.7,2000000,1020,11,35b2881d5ef0d5740aef798e10726b061a04cad4ac6b12f47c6a942c0b073517,7e6bab01e9d6b0298352c3d96c8f671d95a236c9e60e60360e5c70a016b1f97e,Fixed-Dc,4,-459397,-0.00024751592681182544,0.0024145630409091456,0,0,0,0,0
0.7,2000000,1020,11,35b2881d5ef0d5740aef798e10726b061a04cad4ac6b12f47c6a942c0b073517,7e6bab01e9d6b0298352c3d96c8f671d95a236c9e60e60360e5c70a016b1f97e,Decoupled,1,0,,,,,,0,0
0.7,2000000,1020,11,35b2881d5ef0d5740aef798e10726b061a04cad4ac6b12f47c6a942c0b073517,7e6bab01e9d6b0298352c3d96c8f671d95a236c9e60e60360e5c70a016b1f97e,Decoupled,2,0,,,,,,0,0
0.7,2000000,1020,11,35b2881d5ef0d5740aef798e10726b061a04cad4ac6b12f47c6a942c0b073517,7e6bab01e9d6b0298352c3d96c8f671d95a236c9e60e60360e5c70a016b1f97e,Decoupled,3,0,,,,,,0,0
0.7,2000000,1020,11,35b2881d5ef0d5740aef798e10726b061a04cad4ac6b12f47c6a942c0b073517,7e6bab01e9d6b0298352c3d96c8f671d95a236c9e60e60360e5c70a016b1f97e,Decoupled,4,0,,,,,,0,0
0.7,2000000,1021,7,b925d143583a8970d1600add12190ae266c6952649661c7451f60dd941fba833,7e6bab01e9d6b0298352c3d96c8f671d95a236c9e60e60360e5c70a016b1f97e,No-Dq-R,1,0,0.0,0.0,0.0,0,0,0,0
0.7,2000000,1021,7,b925d143583a8970d1600add12190ae266c6952649661c7451f60dd941fba833,7e6bab01e9d6b0298352c3d96c8f671d95a236c9e60e60360e5c70a016b1f97e,No-Dq-R,2,0,0.0,0.0,0,0,0,0,0
0.7,2000000,1021,7,b925d143583a8970d1600add12190ae266c6952649661c7451f60dd941fba833,7e6bab01e9d6b0298352c3d96c8f671d95a236c9e60e60360e5c70a016b1f97e,No-Dq-R,3,0,0.0,0.0,0,0,0,0,0
0.7,2000000,1021,7,b925d143583a8970d1600add12190ae266c6952649661c7451f60dd941fba833,7e6bab01e9d6b0298352c3d96c8f671d95a236c9e60e60360e5c70a016b1f97e,No-Dq-R,4,0,0.0,0.0,0,0,0,0,0
0.7,2000000,1021,7,b925d143583a8970d1600add12190ae266c6952649661c7451f60dd941fba833,7e6bab01e9d6b0298352c3d96c8f671d95a236c9e60e60360e5c70a016b1f97e,Fixed-Dc,1,-274028,0.012818589028526839,0.011741447408887051,0.0,0,0,0,0
0.7,2000000,1021,7,b925d143583a8970d1600add12190ae266c6952649661c7451f60dd941fba833,7e6bab01e9d6b0298352c3d96c8f671d95a236c9e60e60360e5c70a016b1f97e,Fixed-Dc,2,240952,-0.0066441486851469556,-0.005318389136675206,0,0,0,0,0
0.7,2000000,1021,7,b925d143583a8970d1600add12190ae266c6952649661c7451f60dd941fba833,7e6bab01e9d6b0298352c3d96c8f671d95a236c9e60e60360e5c70a016b1f97e,Fixed-Dc,3,194543,-0.001040232997356283,-0.0021401929273731635,0,0,0,0,0
0.7,2000000,1021,7,b925d143583a8970d1600add12190ae266c6952649661c7451f60dd941fba833,7e6bab01e9d6b0298352c3d96c8f671d95a236c9e60e60360e5c70a016b1f97e,Fixed-Dc,4,-159743,-6.65456471793946e-05,0.0008568093043075375,0,0,0,0,0
0.7,2000000,1021,7,b925d143583a8970d1600add12190ae266c6952649661c7451f60dd941fba833,7e6bab01e9d6b0298352c3d96c8f671d95a236c9e60e60360e5c70a016b1f97e,Decoupled,1,0,,,,,,0,0
0.7,2000000,1021,7,b925d143583a8970d1600add12190ae266c6952649661c7451f60dd941fba833,7e6bab01e9d6b0298352c3d96c8f671d95a236c9e60e60360e5c70a016b1f97e,Decoupled,2,0,,,,,,0,0
0.7,2000000,1021,7,b925d143583a8970d1600add12190ae266c6952649661c7451f60dd941fba833,7e6bab01e9d6b0298352c3d96c8f671d95a236c9e60e60360e5c70a016b1f97e,Decoupled,3,0,,,,,,0,0
0.7,2000000,1021,7,b925d143583a8970d1600add12190ae266c6952649661c7451f60dd941fba833,7e6bab01e9d6b0298352c3d96c8f671d95a236c9e60e60360e5c70a016b1f97e,Decoupled,4,0,,,,,,0,0
0.7,2000000,1021,11,b925d143583a8970d1600add12190ae266c6952649661c7451f60dd941fba833,7e6bab01e9d6b0298352c3d96c8f671d95a236c9e60e60360e5c70a016b1f97e,No-Dq-R,1,0,0.0,0.0,0.0,0,0,0,0
0.7,2000000,1021,11,b925d143583a8970d1600add12190ae266c6952649661c7451f60dd941fba833,7e6bab01e9d6b0298352c3d96c8f671d95a236c9e60e60360e5c70a016b1f97e,No-Dq-R,2,0,0.0,0.0,0,0,0,0,0
0.7,2000000,1021,11,b925d143583a8970d1600add12190ae266c6952649661c7451f60dd941fba833,7e6bab01e9d6b0298352c3d96c8f671d95a236c9e60e60360e5c70a016b1f97e,No-Dq-R,3,0,0.0,0.0,0,0,0,0,0
0.7,2000000,1021,11,b925d143583a8970d1600add12190ae266c6952649661c7451f60dd941fba833,7e6bab01e9d6b0298352c3d96c8f671d95a236c9e60e60360e5c70a016b1f97e,No-Dq-R,4,0,0.0,0.0,0,0,0,0,0
0.7,2000000,1021,11,b925d143583a8970d1600add12190ae266c6952649661c7451f60dd941fba833,7e6bab01e9d6b0298352c3d96c8f671d95a236c9e60e60360e5c70a016b1f97e,Fixed-Dc,1,-274028,0.010695851210012597,0.011741447408887051,0.0,0,0,0,0
0.7,2000000,1021,11,b925d143583a8970d1600add12190ae266c6952649661c7451f60dd941fba833,7e6bab01e9d6b0298352c3d96c8f671d95a236c9e60e60360e5c70a016b1f97e,Fixed-Dc,2,240952,-0.0066441486851469556,-0.005318389136675206,0,0,0,0,0
0.7,2000000,1021,11,b925d143583a8970d1600add12190ae266c6952649661c7451f60dd941fba833,7e6bab01e9d6b0298352c3d96c8f671d95a236c9e60e60360e5c70a016b1f97e,Fixed-Dc,3,194543,-0.001040232997356283,-0.0021401929273731635,0,0,0,0,0
0.7,2000000,1021,11,b925d143583a8970d1600add12190ae266c6952649661c7451f60dd941fba833,7e6bab01e9d6b0298352c3d96c8f671d95a236c9e60e60360e5c70a016b1f97e,Fixed-Dc,4,-159743,-6.65456471793946e-05,0.0008568093043075375,0,0,0,0,0
0.7,2000000,1021,11,b925d143583a8970d1600add12190ae266c6952649661c7451f60dd941fba833,7e6bab01e9d6b0298352c3d96c8f671d95a236c9e60e60360e5c70a016b1f97e,Decoupled,1,0,,,,,,0,0
0.7,2000000,1021,11,b925d143583a8970d1600add12190ae266c6952649661c7451f60dd941fba833,7e6bab01e9d6b0298352c3d96c8f671d95a236c9e60e60360e5c70a016b1f97e,Decoupled,2,0,,,,,,0,0
0.7,2000000,1021,11,b925d143583a8970d1600add12190ae266c6952649661c7451f60dd941fba833,7e6bab01e9d6b0298352c3d96c8f671d95a236c9e60e60360e5c70a016b1f97e,Decoupled,3,0,,,,,,0,0
0.7,2000000,1021,11,b925d143583a8970d1600add12190ae266c6952649661c7451f60dd941fba833,7e6bab01e9d6b0298352c3d96c8f671d95a236c9e60e60360e5c70a016b1f97e,Decoupled,4,0,,,,,,0,0
0.7,2000000,1022,7,bc0a85bca232ed3007ca67ec5e2482833ddb33cb4517be48ec19334d885c2293,7e6bab01e9d6b0298352c3d96c8f671d95a236c9e60e60360e5c70a016b1f97e,No-Dq-R,1,0,0.0,0.0,0.0,0,0,0,0
0.7,2000000,1022,7,bc0a85bca232ed3007ca67ec5e2482833ddb33cb4517be48ec19334d885c2293,7e6bab01e9d6b0298352c3d96c8f671d95a236c9e60e60360e5c70a016b1f97e,No-Dq-R,2,0,0.0,0.0,0,0,0,0,0
0.7,2000000,1022,7,bc0a85bca232ed3007ca67ec5e2482833ddb33cb4517be48ec19334d885c2293,7e6bab01e9d6b0298352c3d96c8f671d95a236c9e60e60360e5c70a016b1f97e,No-Dq-R,3,0,0.0,0.0,0,0,0,0,0
0.7,2000000,1022,7,bc0a85bca232ed3007ca67ec5e2482833ddb33cb4517be48ec19334d885c2293,7e6bab01e9d6b0298352c3d96c8f671d95a236c9e60e60360e5c70a016b1f97e,No-Dq-R,4,0,0.0,0.0,0,0,0,0,0
0.7,2000000,1022,7,bc0a85bca232ed3007ca67ec5e2482833ddb33cb4517be48ec19334d885c2293,7e6bab01e9d6b0298352c3d96c8f671d95a236c9e60e60360e5c70a016b1f97e,Fixed-Dc,1,240952,-0.011691385767419793,-0.010784645436539564,0.0,0,0,0,0
0.7,2000000,1022,7,bc0a85bca232ed3007ca67ec5e2482833ddb33cb4517be48ec19334d885c2293,7e6bab01e9d6b0298352c3d96c8f671d95a236c9e60e60360e5c70a016b1f97e,Fixed-Dc,2,207813,-0.005719506242093553,-0.004574682376545125,0,0,0,0,0
0.7,2000000,1022,7,bc0a85bca232ed3007ca67ec5e2482833ddb33cb4517be48ec19334d885c2293,7e6bab01e9d6b0298352c3d96c8f671d95a236c9e60e60360e5c70a016b1f97e,Fixed-Dc,3,-146473,0.0007377227103894657,0.0015709826035765206,0,0,0,0,0
0.7,2000000,1022,7,bc0a85bca232ed3007ca67ec5e2482833ddb33cb4517be48ec19334d885c2293,7e6bab01e9d6b0298352c3d96c8f671d95a236c9e60e60360e5c70a016b1f97e,Fixed-Dc,4,-500759,-0.00027806020433651657,0.002624654927777803,0,0,0,0,0
0.7,2000000,1022,7,bc0a85bca232ed3007ca67ec5e2482833ddb33cb4517be48ec19334d885c2293,7e6bab01e9d6b0298352c3d96c8f671d95a236c9e60e60360e5c70a016b1f97e,Decoupled,1,0,,,,,,0,0
0.7,2000000,1022,7,bc0a85bca232ed3007ca67ec5e2482833ddb33cb4517be48ec19334d885c2293,7e6bab01e9d6b0298352c3d96c8f671d95a236c9e60e60360e5c70a016b1f97e,Decoupled,2,0,,,,,,0,0
0.7,2000000,1022,7,bc0a85bca232ed3007ca67ec5e2482833ddb33cb4517be48ec19334d885c2293,7e6bab01e9d6b0298352c3d96c8f671d95a236c9e60e60360e5c70a016b1f97e,Decoupled,3,0,,,,,,0,0
0.7,2000000,1022,7,bc0a85bca232ed3007ca67ec5e2482833ddb33cb4517be48ec19334d885c2293,7e6bab01e9d6b0298352c3d96c8f671d95a236c9e60e60360e5c70a016b1f97e,Decoupled,4,0,,,,,,0,0
0.7,2000000,1022,11,bc0a85bca232ed3007ca67ec5e2482833ddb33cb4517be48ec19334d885c2293,7e6bab01e9d6b0298352c3d96c8f671d95a236c9e60e60360e5c70a016b1f97e,No-Dq-R,1,0,0.0,0.0,0.0,0,0,0,0
0.7,2000000,1022,11,bc0a85bca232ed3007ca67ec5e2482833ddb33cb4517be48ec19334d885c2293,7e6bab01e9d6b0298352c3d96c8f671d95a236c9e60e60360e5c70a016b1f97e,No-Dq-R,2,0,0.0,0.0,0,0,0,0,0
0.7,2000000,1022,11,bc0a85bca232ed3007ca67ec5e2482833ddb33cb4517be48ec19334d885c2293,7e6bab01e9d6b0298352c3d96c8f671d95a236c9e60e60360e5c70a016b1f97e,No-Dq-R,3,0,0.0,0.0,0,0,0,0,0
0.7,2000000,1022,11,bc0a85bca232ed3007ca67ec5e2482833ddb33cb4517be48ec19334d885c2293,7e6bab01e9d6b0298352c3d96c8f671d95a236c9e60e60360e5c70a016b1f97e,No-Dq-R,4,0,0.0,0.0,0,0,0,0,0
0.7,2000000,1022,11,bc0a85bca232ed3007ca67ec5e2482833ddb33cb4517be48ec19334d885c2293,7e6bab01e9d6b0298352c3d96c8f671d95a236c9e60e60360e5c70a016b1f97e,Fixed-Dc,1,240952,-0.009904460114528613,-0.010784645436539564,0.0,0,0,0,0
0.7,2000000,1022,11,bc0a85bca232ed3007ca67ec5e2482833ddb33cb4517be48ec19334d885c2293,7e6bab01e9d6b0298352c3d96c8f671d95a236c9e60e60360e5c70a016b1f97e,Fixed-Dc,2,207813,-0.005719506242093553,-0.004574682376545125,0,0,0,0,0
0.7,2000000,1022,11,bc0a85bca232ed3007ca67ec5e2482833ddb33cb4517be48ec19334d885c2293,7e6bab01e9d6b0298352c3d96c8f671d95a236c9e60e60360e5c70a016b1f97e,Fixed-Dc,3,-146473,0.0007377227103894657,0.0015709826035765206,0,0,0,0,0
0.7,2000000,1022,11,bc0a85bca232ed3007ca67ec5e2482833ddb33cb4517be48ec19334d885c2293,7e6bab01e9d6b0298352c3d96c8f671d95a236c9e60e60360e5c70a016b1f97e,Fixed-Dc,4,-500759,-0.00027806020433651657,0.002624654927777803,0,0,0,0,0
0.7,2000000,1022,11,bc0a85bca232ed3007ca67ec5e2482833ddb33cb4517be48ec19334d885c2293,7e6bab01e9d6b0298352c3d96c8f671d95a236c9e60e60360e5c70a016b1f97e,Decoupled,1,0,,,,,,0,0
0.7,2000000,1022,11,bc0a85bca232ed3007ca67ec5e2482833ddb33cb4517be48ec19334d885c2293,7e6bab01e9d6b0298352c3d96c8f671d95a236c9e60e60360e5c70a016b1f97e,Decoupled,2,0,,,,,,0,0
0.7,2000000,1022,11,bc0a85bca232ed3007ca67ec5e2482833ddb33cb4517be48ec19334d885c2293,7e6bab01e9d6b0298352c3d96c8f671d95a236c9e60e60360e5c70a016b1f97e,Decoupled,3,0,,,,,,0,0
0.7,2000000,1022,11,bc0a85bca232ed3007ca67ec5e2482833ddb33cb4517be48ec19334d885c2293,7e6bab01e9d6b0298352c3d96c8f671d95a236c9e60e60360e5c70a016b1f97e,Decoupled,4,0,,,,,,0,0
0.7,2000000,1023,7,d3d7845a6e41d02262b5cc064007e6b1758b90b09ccd0f059e322fe01aeaa64c,7e6bab01e9d6b0298352c3d96c8f671d95a236c9e60e60360e5c70a016b1f97e,No-Dq-R,1,0,0.0,0.0,0.0,0,0,0,0
0.7,2000000,1023,7,d3d7845a6e41d02262b5cc064007e6b1758b90b09ccd0f059e322fe01aeaa64c,7e6bab01e9d6b0298352c3d96c8f671d95a236c9e60e60360e5c70a016b1f97e,No-Dq-R,2,0,0.0,0.0,0,0,0,0,0
0.7,2000000,1023,7,d3d7845a6e41d02262b5cc064007e6b1758b90b09ccd0f059e322fe01aeaa64c,7e6bab01e9d6b0298352c3d96c8f671d95a236c9e60e60360e5c70a016b1f97e,No-Dq-R,3,0,0.0,0.0,0,0,0,0,0
0.7,2000000,1023,7,d3d7845a6e41d02262b5cc064007e6b1758b90b09ccd0f059e322fe01aeaa64c,7e6bab01e9d6b0298352c3d96c8f671d95a236c9e60e60360e5c70a016b1f97e,No-Dq-R,4,0,0.0,0.0,0,0,0,0,0
0.7,2000000,1023,7,d3d7845a6e41d02262b5cc064007e6b1758b90b09ccd0f059e322fe01aeaa64c,7e6bab01e9d6b0298352c3d96c8f671d95a236c9e60e60360e5c70a016b1f97e,Fixed-Dc,1,-184780,0.008698078596360737,0.007976990201958967,0.0,0,0,0,0
0.7,2000000,1023,7,d3d7845a6e41d02262b5cc064007e6b1758b90b09ccd0f059e322fe01aeaa64c,7e6bab01e9d6b0298352c3d96c8f671d95a236c9e60e60360e5c70a016b1f97e,Fixed-Dc,2,-539066,0.014230572813652143,0.011183064814930421,0,0,0,0,0
0.7,2000000,1023,7,d3d7845a6e41d02262b5cc064007e6b1758b90b09ccd0f059e322fe01aeaa64c,7e6bab01e9d6b0298352c3d96c8f671d95a236c9e60e60360e5c70a016b1f97e,Fixed-Dc,3,240952,-0.001298810624458635,-0.002659992852743598,0,0,0,0,0
0.7,2000000,1023,7,d3d7845a6e41d02262b5cc064007e6b1758b90b09ccd0f059e322fe01aeaa64c,7e6bab01e9d6b0298352c3d96c8f671d95a236c9e60e60360e5c70a016b1f97e,Fixed-Dc,4,-70495,-2.6734676534079238e-05,0.0003804244605689622,0,0,0,0,0
0.7,2000000,1023,7,d3d7845a6e41d02262b5cc064007e6b1758b90b09ccd0f059e322fe01aeaa64c,7e6bab01e9d6b0298352c3d96c8f671d95a236c9e60e60360e5c70a016b1f97e,Decoupled,1,0,,,,,,0,0
0.7,2000000,1023,7,d3d7845a6e41d02262b5cc064007e6b1758b90b09ccd0f059e322fe01aeaa64c,7e6bab01e9d6b0298352c3d96c8f671d95a236c9e60e60360e5c70a016b1f97e,Decoupled,2,0,,,,,,0,0
0.7,2000000,1023,7,d3d7845a6e41d02262b5cc064007e6b1758b90b09ccd0f059e322fe01aeaa64c,7e6bab01e9d6b0298352c3d96c8f671d95a236c9e60e60360e5c70a016b1f97e,Decoupled,3,0,,,,,,0,0
0.7,2000000,1023,7,d3d7845a6e41d02262b5cc064007e6b1758b90b09ccd0f059e322fe01aeaa64c,7e6bab01e9d6b0298352c3d96c8f671d95a236c9e60e60360e5c70a016b1f97e,Decoupled,4,0,,,,,,0,0
0.7,2000000,1023,11,d3d7845a6e41d02262b5cc064007e6b1758b90b09ccd0f059e322fe01aeaa64c,7e6bab01e9d6b0298352c3d96c8f671d95a236c9e60e60360e5c70a016b1f97e,No-Dq-R,1,0,0.0,0.0,0.0,0,0,0,0
0.7,2000000,1023,11,d3d7845a6e41d02262b5cc064007e6b1758b90b09ccd0f059e322fe01aeaa64c,7e6bab01e9d6b0298352c3d96c8f671d95a236c9e60e60360e5c70a016b1f97e,No-Dq-R,2,0,0.0,0.0,0,0,0,0,0
0.7,2000000,1023,11,d3d7845a6e41d02262b5cc064007e6b1758b90b09ccd0f059e322fe01aeaa64c,7e6bab01e9d6b0298352c3d96c8f671d95a236c9e60e60360e5c70a016b1f97e,No-Dq-R,3,0,0.0,0.0,0,0,0,0,0
0.7,2000000,1023,11,d3d7845a6e41d02262b5cc064007e6b1758b90b09ccd0f059e322fe01aeaa64c,7e6bab01e9d6b0298352c3d96c8f671d95a236c9e60e60360e5c70a016b1f97e,No-Dq-R,4,0,0.0,0.0,0,0,0,0,0
0.7,2000000,1023,11,d3d7845a6e41d02262b5cc064007e6b1758b90b09ccd0f059e322fe01aeaa64c,7e6bab01e9d6b0298352c3d96c8f671d95a236c9e60e60360e5c70a016b1f97e,Fixed-Dc,1,-184780,0.007277019770502435,0.007976990201958967,0.0,0,0,0,0
0.7,2000000,1023,11,d3d7845a6e41d02262b5cc064007e6b1758b90b09ccd0f059e322fe01aeaa64c,7e6bab01e9d6b0298352c3d96c8f671d95a236c9e60e60360e5c70a016b1f97e,Fixed-Dc,2,-539066,0.014230572813652143,0.011183064814930421,0,0,0,0,0
0.7,2000000,1023,11,d3d7845a6e41d02262b5cc064007e6b1758b90b09ccd0f059e322fe01aeaa64c,7e6bab01e9d6b0298352c3d96c8f671d95a236c9e60e60360e5c70a016b1f97e,Fixed-Dc,3,240952,-0.001298810624458635,-0.002659992852743598,0,0,0,0,0
0.7,2000000,1023,11,d3d7845a6e41d02262b5cc064007e6b1758b90b09ccd0f059e322fe01aeaa64c,7e6bab01e9d6b0298352c3d96c8f671d95a236c9e60e60360e5c70a016b1f97e,Fixed-Dc,4,-70495,-2.6734676534079238e-05,0.0003804244605689622,0,0,0,0,0
0.7,2000000,1023,11,d3d7845a6e41d02262b5cc064007e6b1758b90b09ccd0f059e322fe01aeaa64c,7e6bab01e9d6b0298352c3d96c8f671d95a236c9e60e60360e5c70a016b1f97e,Decoupled,1,0,,,,,,0,0
0.7,2000000,1023,11,d3d7845a6e41d02262b5cc064007e6b1758b90b09ccd0f059e322fe01aeaa64c,7e6bab01e9d6b0298352c3d96c8f671d95a236c9e60e60360e5c70a016b1f97e,Decoupled,2,0,,,,,,0,0
0.7,2000000,1023,11,d3d7845a6e41d02262b5cc064007e6b1758b90b09ccd0f059e322fe01aeaa64c,7e6bab01e9d6b0298352c3d96c8f671d95a236c9e60e60360e5c70a016b1f97e,Decoupled,3,0,,,,,,0,0
0.7,2000000,1023,11,d3d7845a6e41d02262b5cc064007e6b1758b90b09ccd0f059e322fe01aeaa64c,7e6bab01e9d6b0298352c3d96c8f671d95a236c9e60e60360e5c70a016b1f97e,Decoupled,4,0,,,,,,0,0
0.7,2000000,1024,7,e6214d5f5e6ae7d2bf1dd2eb7a4fb1c1cf5bc276dff13202e808a34084a63976,7e6bab01e9d6b0298352c3d96c8f671d95a236c9e60e60360e5c70a016b1f97e,No-Dq-R,1,0,0.0,0.0,0.0,0,0,0,0
0.7,2000000,1024,7,e6214d5f5e6ae7d2bf1dd2eb7a4fb1c1cf5bc276dff13202e808a34084a63976,7e6bab01e9d6b0298352c3d96c8f671d95a236c9e60e60360e5c70a016b1f97e,No-Dq-R,2,0,0.0,0.0,0,0,0,0,0
0.7,2000000,1024,7,e6214d5f5e6ae7d2bf1dd2eb7a4fb1c1cf5bc276dff13202e808a34084a63976,7e6bab01e9d6b0298352c3d96c8f671d95a236c9e60e60360e5c70a016b1f97e,No-Dq-R,3,0,0.0,0.0,0,0,0,0,0
0.7,2000000,1024,7,e6214d5f5e6ae7d2bf1dd2eb7a4fb1c1cf5bc276dff13202e808a34084a63976,7e6bab01e9d6b0298352c3d96c8f671d95a236c9e60e60360e5c70a016b1f97e,No-Dq-R,4,0,0.0,0.0,0,0,0,0,0
0.7,2000000,1024,7,e6214d5f5e6ae7d2bf1dd2eb7a4fb1c1cf5bc276dff13202e808a34084a63976,7e6bab01e9d6b0298352c3d96c8f671d95a236c9e60e60360e5c70a016b1f97e,Fixed-Dc,1,-377460,0.01752977522683319,0.016033796284963153,0.0,0,0,0,0
0.7,2000000,1024,7,e6214d5f5e6ae7d2bf1dd2eb7a4fb1c1cf5bc276dff13202e808a34084a63976,7e6bab01e9d6b0298352c3d96c8f671d95a236c9e60e60360e5c70a016b1f97e,Fixed-Dc,2,240952,-0.0066441486851469556,-0.005318389136675206,0,0,0,0,0
0.7,2000000,1024,7,e6214d5f5e6ae7d2bf1dd2eb7a4fb1c1cf5bc276dff13202e808a34084a63976,7e6bab01e9d6b0298352c3d96c8f671d95a236c9e60e60360e5c70a016b1f97e,Fixed-Dc,3,91111,-0.00047847023865099647,-0.0009945982415199839,0,0,0,0,0
0.7,2000000,1024,7,e6214d5f5e6ae7d2bf1dd2eb7a4fb1c1cf5bc276dff13202e808a34084a63976,7e6bab01e9d6b0298352c3d96c8f671d95a236c9e60e60360e5c70a016b1f97e,Fixed-Dc,4,-263175,-0.00012087794118825768,0.0014016893603194802,0,0,0,0,0
0.7,2000000,1024,7,e6214d5f5e6ae7d2bf1dd2eb7a4fb1c1cf5bc276dff13202e808a34084a63976,7e6bab01e9d6b0298352c3d96c8f671d95a236c9e60e60360e5c70a016b1f97e,Decoupled,1,0,,,,,,0,0
0.7,2000000,1024,7,e6214d5f5e6ae7d2bf1dd2eb7a4fb1c1cf5bc276dff13202e808a34084a63976,7e6bab01e9d6b0298352c3d96c8f671d95a236c9e60e60360e5c70a016b1f97e,Decoupled,2,0,,,,,,0,0
0.7,2000000,1024,7,e6214d5f5e6ae7d2bf1dd2eb7a4fb1c1cf5bc276dff13202e808a34084a63976,7e6bab01e9d6b0298352c3d96c8f671d95a236c9e60e60360e5c70a016b1f97e,Decoupled,3,0,,,,,,0,0
0.7,2000000,1024,7,e6214d5f5e6ae7d2bf1dd2eb7a4fb1c1cf5bc276dff13202e808a34084a63976,7e6bab01e9d6b0298352c3d96c8f671d95a236c9e60e60360e5c70a016b1f97e,Decoupled,4,0,,,,,,0,0
0.7,2000000,1024,11,e6214d5f5e6ae7d2bf1dd2eb7a4fb1c1cf5bc276dff13202e808a34084a63976,7e6bab01e9d6b0298352c3d96c8f671d95a236c9e60e60360e5c70a016b1f97e,No-Dq-R,1,0,0.0,0.0,0.0,0,0,0,0
0.7,2000000,1024,11,e6214d5f5e6ae7d2bf1dd2eb7a4fb1c1cf5bc276dff13202e808a34084a63976,7e6bab01e9d6b0298352c3d96c8f671d95a236c9e60e60360e5c70a016b1f97e,No-Dq-R,2,0,0.0,0.0,0,0,0,0,0
0.7,2000000,1024,11,e6214d5f5e6ae7d2bf1dd2eb7a4fb1c1cf5bc276dff13202e808a34084a63976,7e6bab01e9d6b0298352c3d96c8f671d95a236c9e60e60360e5c70a016b1f97e,No-Dq-R,3,0,0.0,0.0,0,0,0,0,0
0.7,2000000,1024,11,e6214d5f5e6ae7d2bf1dd2eb7a4fb1c1cf5bc276dff13202e808a34084a63976,7e6bab01e9d6b0298352c3d96c8f671d95a236c9e60e60360e5c70a016b1f97e,No-Dq-R,4,0,0.0,0.0,0,0,0,0,0
0.7,2000000,1024,11,e6214d5f5e6ae7d2bf1dd2eb7a4fb1c1cf5bc276dff13202e808a34084a63976,7e6bab01e9d6b0298352c3d96c8f671d95a236c9e60e60360e5c70a016b1f97e,Fixed-Dc,1,-377460,0.014581628931390367,0.016033796284963153,0.0,0,0,0,0
0.7,2000000,1024,11,e6214d5f5e6ae7d2bf1dd2eb7a4fb1c1cf5bc276dff13202e808a34084a63976,7e6bab01e9d6b0298352c3d96c8f671d95a236c9e60e60360e5c70a016b1f97e,Fixed-Dc,2,240952,-0.0066441486851469556,-0.005318389136675206,0,0,0,0,0
0.7,2000000,1024,11,e6214d5f5e6ae7d2bf1dd2eb7a4fb1c1cf5bc276dff13202e808a34084a63976,7e6bab01e9d6b0298352c3d96c8f671d95a236c9e60e60360e5c70a016b1f97e,Fixed-Dc,3,91111,-0.00047847023865099647,-0.0009945982415199839,0,0,0,0,0
0.7,2000000,1024,11,e6214d5f5e6ae7d2bf1dd2eb7a4fb1c1cf5bc276dff13202e808a34084a63976,7e6bab01e9d6b0298352c3d96c8f671d95a236c9e60e60360e5c70a016b1f97e,Fixed-Dc,4,-263175,-0.00012087794118825768,0.0014016893603194802,0,0,0,0,0
0.7,2000000,1024,11,e6214d5f5e6ae7d2bf1dd2eb7a4fb1c1cf5bc276dff13202e808a34084a63976,7e6bab01e9d6b0298352c3d96c8f671d95a236c9e60e60360e5c70a016b1f97e,Decoupled,1,0,,,,,,0,0
0.7,2000000,1024,11,e6214d5f5e6ae7d2bf1dd2eb7a4fb1c1cf5bc276dff13202e808a34084a63976,7e6bab01e9d6b0298352c3d96c8f671d95a236c9e60e60360e5c70a016b1f97e,Decoupled,2,0,,,,,,0,0
0.7,2000000,1024,11,e6214d5f5e6ae7d2bf1dd2eb7a4fb1c1cf5bc276dff13202e808a34084a63976,7e6bab01e9d6b0298352c3d96c8f671d95a236c9e60e60360e5c70a016b1f97e,Decoupled,3,0,,,,,,0,0
0.7,2000000,1024,11,e6214d5f5e6ae7d2bf1dd2eb7a4fb1c1cf5bc276dff13202e808a34084a63976,7e6bab01e9d6b0298352c3d96c8f671d95a236c9e60e60360e5c70a016b1f97e,Decoupled,4,0,,,,,,0,0
0.7,2000000,1025,7,3da0eee7d8760f96b9e602e165d48ea7e16296398659d9ed8c65f0b327d102cb,7e6bab01e9d6b0298352c3d96c8f671d95a236c9e60e60360e5c70a016b1f97e,No-Dq-R,1,0,0.0,0.0,0.0,0,0,0,0
0.7,2000000,1025,7,3da0eee7d8760f96b9e602e165d48ea7e16296398659d9ed8c65f0b327d102cb,7e6bab01e9d6b0298352c3d96c8f671d95a236c9e60e60360e5c70a016b1f97e,No-Dq-R,2,0,0.0,0.0,0,0,0,0,0
0.7,2000000,1025,7,3da0eee7d8760f96b9e602e165d48ea7e16296398659d9ed8c65f0b327d102cb,7e6bab01e9d6b0298352c3d96c8f671d95a236c9e60e60360e5c70a016b1f97e,No-Dq-R,3,0,0.0,0.0,0,0,0,0,0
0.7,2000000,1025,7,3da0eee7d8760f96b9e602e165d48ea7e16296398659d9ed8c65f0b327d102cb,7e6bab01e9d6b0298352c3d96c8f671d95a236c9e60e60360e5c70a016b1f97e,No-Dq-R,4,0,0.0,0.0,0,0,0,0,0
0.7,2000000,1025,7,3da0eee7d8760f96b9e602e165d48ea7e16296398659d9ed8c65f0b327d102cb,7e6bab01e9d6b0298352c3d96c8f671d95a236c9e60e60360e5c70a016b1f97e,Fixed-Dc,1,240952,-0.011691385767419793,-0.010784645436539564,0.0,0,0,0,0
0.7,2000000,1025,7,3da0eee7d8760f96b9e602e165d48ea7e16296398659d9ed8c65f0b327d102cb,7e6bab01e9d6b0298352c3d96c8f671d95a236c9e60e60360e5c70a016b1f97e,Fixed-Dc,2,45449,-0.0012393741449217566,-0.0009875174217340854,0,0,0,0,0
0.7,2000000,1025,7,3da0eee7d8760f96b9e602e165d48ea7e16296398659d9ed8c65f0b327d102cb,7e6bab01e9d6b0298352c3d96c8f671d95a236c9e60e60360e5c70a016b1f97e,Fixed-Dc,3,-308837,0.0015112202802951002,0.003273035593275131,0,0,0,0,0
0.7,2000000,1025,7,3da0eee7d8760f96b9e602e165d48ea7e16296398659d9ed8c65f0b327d102cb,7e6bab01e9d6b0298352c3d96c8f671d95a236c9e60e60360e5c70a016b1f97e,Fixed-Dc,4,240952,5.914521064409595e-05,-0.00132851074776702,0,0,0,0,0
0.7,2000000,1025,7,3da0eee7d8760f96b9e602e165d48ea7e16296398659d9ed8c65f0b327d102cb,7e6bab01e9d6b0298352c3d96c8f671d95a236c9e60e60360e5c70a016b1f97e,Decoupled,1,0,,,,,,0,0
0.7,2000000,1025,7,3da0eee7d8760f96b9e602e165d48ea7e16296398659d9ed8c65f0b327d102cb,7e6bab01e9d6b0298352c3d96c8f671d95a236c9e60e60360e5c70a016b1f97e,Decoupled,2,0,,,,,,0,0
0.7,2000000,1025,7,3da0eee7d8760f96b9e602e165d48ea7e16296398659d9ed8c65f0b327d102cb,7e6bab01e9d6b0298352c3d96c8f671d95a236c9e60e60360e5c70a016b1f97e,Decoupled,3,0,,,,,,0,0
0.7,2000000,1025,7,3da0eee7d8760f96b9e602e165d48ea7e16296398659d9ed8c65f0b327d102cb,7e6bab01e9d6b0298352c3d96c8f671d95a236c9e60e60360e5c70a016b1f97e,Decoupled,4,0,,,,,,0,0
0.7,2000000,1025,11,3da0eee7d8760f96b9e602e165d48ea7e16296398659d9ed8c65f0b327d102cb,7e6bab01e9d6b0298352c3d96c8f671d95a236c9e60e60360e5c70a016b1f97e,No-Dq-R,1,0,0.0,0.0,0.0,0,0,0,0
0.7,2000000,1025,11,3da0eee7d8760f96b9e602e165d48ea7e16296398659d9ed8c65f0b327d102cb,7e6bab01e9d6b0298352c3d96c8f671d95a236c9e60e60360e5c70a016b1f97e,No-Dq-R,2,0,0.0,0.0,0,0,0,0,0
0.7,2000000,1025,11,3da0eee7d8760f96b9e602e165d48ea7e16296398659d9ed8c65f0b327d102cb,7e6bab01e9d6b0298352c3d96c8f671d95a236c9e60e60360e5c70a016b1f97e,No-Dq-R,3,0,0.0,0.0,0,0,0,0,0
0.7,2000000,1025,11,3da0eee7d8760f96b9e602e165d48ea7e16296398659d9ed8c65f0b327d102cb,7e6bab01e9d6b0298352c3d96c8f671d95a236c9e60e60360e5c70a016b1f97e,No-Dq-R,4,0,0.0,0.0,0,0,0,0,0
0.7,2000000,1025,11,3da0eee7d8760f96b9e602e165d48ea7e16296398659d9ed8c65f0b327d102cb,7e6bab01e9d6b0298352c3d96c8f671d95a236c9e60e60360e5c70a016b1f97e,Fixed-Dc,1,240952,-0.009904460114528613,-0.010784645436539564,0.0,0,0,0,0
0.7,2000000,1025,11,3da0eee7d8760f96b9e602e165d48ea7e16296398659d9ed8c65f0b327d102cb,7e6bab01e9d6b0298352c3d96c8f671d95a236c9e60e60360e5c70a016b1f97e,Fixed-Dc,2,45449,-0.0012393741449217566,-0.0009875174217340854,0,0,0,0,0
0.7,2000000,1025,11,3da0eee7d8760f96b9e602e165d48ea7e16296398659d9ed8c65f0b327d102cb,7e6bab01e9d6b0298352c3d96c8f671d95a236c9e60e60360e5c70a016b1f97e,Fixed-Dc,3,-308837,0.0015112202802951002,0.003273035593275131,0,0,0,0,0
0.7,2000000,1025,11,3da0eee7d8760f96b9e602e165d48ea7e16296398659d9ed8c65f0b327d102cb,7e6bab01e9d6b0298352c3d96c8f671d95a236c9e60e60360e5c70a016b1f97e,Fixed-Dc,4,240952,5.914521064409595e-05,-0.00132851074776702,0,0,0,0,0
0.7,2000000,1025,11,3da0eee7d8760f96b9e602e165d48ea7e16296398659d9ed8c65f0b327d102cb,7e6bab01e9d6b0298352c3d96c8f671d95a236c9e60e60360e5c70a016b1f97e,Decoupled,1,0,,,,,,0,0
0.7,2000000,1025,11,3da0eee7d8760f96b9e602e165d48ea7e16296398659d9ed8c65f0b327d102cb,7e6bab01e9d6b0298352c3d96c8f671d95a236c9e60e60360e5c70a016b1f97e,Decoupled,2,0,,,,,,0,0
0.7,2000000,1025,11,3da0eee7d8760f96b9e602e165d48ea7e16296398659d9ed8c65f0b327d102cb,7e6bab01e9d6b0298352c3d96c8f671d95a236c9e60e60360e5c70a016b1f97e,Decoupled,3,0,,,,,,0,0
0.7,2000000,1025,11,3da0eee7d8760f96b9e602e165d48ea7e16296398659d9ed8c65f0b327d102cb,7e6bab01e9d6b0298352c3d96c8f671d95a236c9e60e60360e5c70a016b1f97e,Decoupled,4,0,,,,,,0,0
0.7,2000000,1026,7,a69bfd325fae1ac4c8a7a43694f51f2f2603334c5838a5c0285033522dff2a99,7e6bab01e9d6b0298352c3d96c8f671d95a236c9e60e60360e5c70a016b1f97e,No-Dq-R,1,0,0.0,0.0,0.0,0,0,0,0
0.7,2000000,1026,7,a69bfd325fae1ac4c8a7a43694f51f2f2603334c5838a5c0285033522dff2a99,7e6bab01e9d6b0298352c3d96c8f671d95a236c9e60e60360e5c70a016b1f97e,No-Dq-R,2,0,0.0,0.0,0,0,0,0,0
0.7,2000000,1026,7,a69bfd325fae1ac4c8a7a43694f51f2f2603334c5838a5c0285033522dff2a99,7e6bab01e9d6b0298352c3d96c8f671d95a236c9e60e60360e5c70a016b1f97e,No-Dq-R,3,0,0.0,0.0,0,0,0,0,0
0.7,2000000,1026,7,a69bfd325fae1ac4c8a7a43694f51f2f2603334c5838a5c0285033522dff2a99,7e6bab01e9d6b0298352c3d96c8f671d95a236c9e60e60360e5c70a016b1f97e,No-Dq-R,4,0,0.0,0.0,0,0,0,0,0
0.7,2000000,1026,7,a69bfd325fae1ac4c8a7a43694f51f2f2603334c5838a5c0285033522dff2a99,7e6bab01e9d6b0298352c3d96c8f671d95a236c9e60e60360e5c70a016b1f97e,Fixed-Dc,1,-390976,0.018140383813789684,0.016589187454325804,0.0,0,0,0,0
0.7,2000000,1026,7,a69bfd325fae1ac4c8a7a43694f51f2f2603334c5838a5c0285033522dff2a99,7e6bab01e9d6b0298352c3d96c8f671d95a236c9e60e60360e5c70a016b1f97e,Fixed-Dc,2,240952,-0.0066441486851469556,-0.005318389136675206,0,0,0,0,0
0.7,2000000,1026,7,a69bfd325fae1ac4c8a7a43694f51f2f2603334c5838a5c0285033522dff2a99,7e6bab01e9d6b0298352c3d96c8f671d95a236c9e60e60360e5c70a016b1f97e,Fixed-Dc,3,77595,-0.0004065289399688421,-0.0008461991365582011,0,0,0,0,0
0.7,2000000,1026,7,a69bfd325fae1ac4c8a7a43694f51f2f2603334c5838a5c0285033522dff2a99,7e6bab01e9d6b0298352c3d96c8f671d95a236c9e60e60360e5c70a016b1f97e,Fixed-Dc,4,-276691,-0.0001286189466350729,0.0014723260605621347,0,0,0,0,0
0.7,2000000,1026,7,a69bfd325fae1ac4c8a7a43694f51f2f2603334c5838a5c0285033522dff2a99,7e6bab01e9d6b0298352c3d96c8f671d95a236c9e60e60360e5c70a016b1f97e,Decoupled,1,0,,,,,,0,0
0.7,2000000,1026,7,a69bfd325fae1ac4c8a7a43694f51f2f2603334c5838a5c0285033522dff2a99,7e6bab01e9d6b0298352c3d96c8f671d95a236c9e60e60360e5c70a016b1f97e,Decoupled,2,0,,,,,,0,0
0.7,2000000,1026,7,a69bfd325fae1ac4c8a7a43694f51f2f2603334c5838a5c0285033522dff2a99,7e6bab01e9d6b0298352c3d96c8f671d95a236c9e60e60360e5c70a016b1f97e,Decoupled,3,0,,,,,,0,0
0.7,2000000,1026,7,a69bfd325fae1ac4c8a7a43694f51f2f2603334c5838a5c0285033522dff2a99,7e6bab01e9d6b0298352c3d96c8f671d95a236c9e60e60360e5c70a016b1f97e,Decoupled,4,0,,,,,,0,0
0.7,2000000,1026,11,a69bfd325fae1ac4c8a7a43694f51f2f2603334c5838a5c0285033522dff2a99,7e6bab01e9d6b0298352c3d96c8f671d95a236c9e60e60360e5c70a016b1f97e,No-Dq-R,1,0,0.0,0.0,0.0,0,0,0,0
0.7,2000000,1026,11,a69bfd325fae1ac4c8a7a43694f51f2f2603334c5838a5c0285033522dff2a99,7e6bab01e9d6b0298352c3d96c8f671d95a236c9e60e60360e5c70a016b1f97e,No-Dq-R,2,0,0.0,0.0,0,0,0,0,0
0.7,2000000,1026,11,a69bfd325fae1ac4c8a7a43694f51f2f2603334c5838a5c0285033522dff2a99,7e6bab01e9d6b0298352c3d96c8f671d95a236c9e60e60360e5c70a016b1f97e,No-Dq-R,3,0,0.0,0.0,0,0,0,0,0
0.7,2000000,1026,11,a69bfd325fae1ac4c8a7a43694f51f2f2603334c5838a5c0285033522dff2a99,7e6bab01e9d6b0298352c3d96c8f671d95a236c9e60e60360e5c70a016b1f97e,No-Dq-R,4,0,0.0,0.0,0,0,0,0,0
0.7,2000000,1026,11,a69bfd325fae1ac4c8a7a43694f51f2f2603334c5838a5c0285033522dff2a99,7e6bab01e9d6b0298352c3d96c8f671d95a236c9e60e60360e5c70a016b1f97e,Fixed-Dc,1,-390976,0.01508341979333283,0.016589187454325804,0.0,0,0,0,0
0.7,2000000,1026,11,a69bfd325fae1ac4c8a7a43694f51f2f2603334c5838a5c0285033522dff2a99,7e6bab01e9d6b0298352c3d96c8f671d95a236c9e60e60360e5c70a016b1f97e,Fixed-Dc,2,240952,-0.0066441486851469556,-0.005318389136675206,0,0,0,0,0
0.7,2000000,1026,11,a69bfd325fae1ac4c8a7a43694f51f2f2603334c5838a5c0285033522dff2a99,7e6bab01e9d6b0298352c3d96c8f671d95a236c9e60e60360e5c70a016b1f97e,Fixed-Dc,3,77595,-0.0004065289399688421,-0.0008461991365582011,0,0,0,0,0
0.7,2000000,1026,11,a69bfd325fae1ac4c8a7a43694f51f2f2603334c5838a5c0285033522dff2a99,7e6bab01e9d6b0298352c3d96c8f671d95a236c9e60e60360e5c70a016b1f97e,Fixed-Dc,4,-276691,-0.0001286189466350729,0.0014723260605621347,0,0,0,0,0
0.7,2000000,1026,11,a69bfd325fae1ac4c8a7a43694f51f2f2603334c5838a5c0285033522dff2a99,7e6bab01e9d6b0298352c3d96c8f671d95a236c9e60e60360e5c70a016b1f97e,Decoupled,1,0,,,,,,0,0
0.7,2000000,1026,11,a69bfd325fae1ac4c8a7a43694f51f2f2603334c5838a5c0285033522dff2a99,7e6bab01e9d6b0298352c3d96c8f671d95a236c9e60e60360e5c70a016b1f97e,Decoupled,2,0,,,,,,0,0
0.7,2000000,1026,11,a69bfd325fae1ac4c8a7a43694f51f2f2603334c5838a5c0285033522dff2a99,7e6bab01e9d6b0298352c3d96c8f671d95a236c9e60e60360e5c70a016b1f97e,Decoupled,3,0,,,,,,0,0
0.7,2000000,1026,11,a69bfd325fae1ac4c8a7a43694f51f2f2603334c5838a5c0285033522dff2a99,7e6bab01e9d6b0298352c3d96c8f671d95a236c9e60e60360e5c70a016b1f97e,Decoupled,4,0,,,,,,0,0
0.7,2000000,1027,7,2a61d0045635ea2e77fb5b1f2529923d9b32e0119e1df634c18ed52f843f968d,7e6bab01e9d6b0298352c3d96c8f671d95a236c9e60e60360e5c70a016b1f97e,No-Dq-R,1,0,0.0,0.0,0.0,0,0,0,0
0.7,2000000,1027,7,2a61d0045635ea2e77fb5b1f2529923d9b32e0119e1df634c18ed52f843f968d,7e6bab01e9d6b0298352c3d96c8f671d95a236c9e60e60360e5c70a016b1f97e,No-Dq-R,2,0,0.0,0.0,0,0,0,0,0
0.7,2000000,1027,7,2a61d0045635ea2e77fb5b1f2529923d9b32e0119e1df634c18ed52f843f968d,7e6bab01e9d6b0298352c3d96c8f671d95a236c9e60e60360e5c70a016b1f97e,No-Dq-R,3,0,0.0,0.0,0,0,0,0,0
0.7,2000000,1027,7,2a61d0045635ea2e77fb5b1f2529923d9b32e0119e1df634c18ed52f843f968d,7e6bab01e9d6b0298352c3d96c8f671d95a236c9e60e60360e5c70a016b1f97e,No-Dq-R,4,0,0.0,0.0,0,0,0,0,0
0.7,2000000,1027,7,2a61d0045635ea2e77fb5b1f2529923d9b32e0119e1df634c18ed52f843f968d,7e6bab01e9d6b0298352c3d96c8f671d95a236c9e60e60360e5c70a016b1f97e,Fixed-Dc,1,-379886,0.017639458959525345,0.016133577207380956,0.0,0,0,0,0
0.7,2000000,1027,7,2a61d0045635ea2e77fb5b1f2529923d9b32e0119e1df634c18ed52f843f968d,7e6bab01e9d6b0298352c3d96c8f671d95a236c9e60e60360e5c70a016b1f97e,Fixed-Dc,2,240952,-0.0066441486851469556,-0.005318389136675206,0,0,0,0,0
0.7,2000000,1027,7,2a61d0045635ea2e77fb5b1f2529923d9b32e0119e1df634c18ed52f843f968d,7e6bab01e9d6b0298352c3d96c8f671d95a236c9e60e60360e5c70a016b1f97e,Fixed-Dc,3,88685,-0.0004655326144205607,-0.00096793992218136,0,0,0,0,0
0.7,2000000,1027,7,2a61d0045635ea2e77fb5b1f2529923d9b32e0119e1df634c18ed52f843f968d,7e6bab01e9d6b0298352c3d96c8f671d95a236c9e60e60360e5c70a016b1f97e,Fixed-Dc,4,-265601,-0.00012225654560887866,0.001414377580021331,0,0,0,0,0
0.7,2000000,1027,7,2a61d0045635ea2e77fb5b1f2529923d9b32e0119e1df634c18ed52f843f968d,7e6bab01e9d6b0298352c3d96c8f671d95a236c9e60e60360e5c70a016b1f97e,Decoupled,1,0,,,,,,0,0
0.7,2000000,1027,7,2a61d0045635ea2e77fb5b1f2529923d9b32e0119e1df634c18ed52f843f968d,7e6bab01e9d6b0298352c3d96c8f671d95a236c9e60e60360e5c70a016b1f97e,Decoupled,2,0,,,,,,0,0
0.7,2000000,1027,7,2a61d0045635ea2e77fb5b1f2529923d9b32e0119e1df634c18ed52f843f968d,7e6bab01e9d6b0298352c3d96c8f671d95a236c9e60e60360e5c70a016b1f97e,Decoupled,3,0,,,,,,0,0
0.7,2000000,1027,7,2a61d0045635ea2e77fb5b1f2529923d9b32e0119e1df634c18ed52f843f968d,7e6bab01e9d6b0298352c3d96c8f671d95a236c9e60e60360e5c70a016b1f97e,Decoupled,4,0,,,,,,0,0
0.7,2000000,1027,11,2a61d0045635ea2e77fb5b1f2529923d9b32e0119e1df634c18ed52f843f968d,7e6bab01e9d6b0298352c3d96c8f671d95a236c9e60e60360e5c70a016b1f97e,No-Dq-R,1,0,0.0,0.0,0.0,0,0,0,0
0.7,2000000,1027,11,2a61d0045635ea2e77fb5b1f2529923d9b32e0119e1df634c18ed52f843f968d,7e6bab01e9d6b0298352c3d96c8f671d95a236c9e60e60360e5c70a016b1f97e,No-Dq-R,2,0,0.0,0.0,0,0,0,0,0
0.7,2000000,1027,11,2a61d0045635ea2e77fb5b1f2529923d9b32e0119e1df634c18ed52f843f968d,7e6bab01e9d6b0298352c3d96c8f671d95a236c9e60e60360e5c70a016b1f97e,No-Dq-R,3,0,0.0,0.0,0,0,0,0,0
0.7,2000000,1027,11,2a61d0045635ea2e77fb5b1f2529923d9b32e0119e1df634c18ed52f843f968d,7e6bab01e9d6b0298352c3d96c8f671d95a236c9e60e60360e5c70a016b1f97e,No-Dq-R,4,0,0.0,0.0,0,0,0,0,0
0.7,2000000,1027,11,2a61d0045635ea2e77fb5b1f2529923d9b32e0119e1df634c18ed52f843f968d,7e6bab01e9d6b0298352c3d96c8f671d95a236c9e60e60360e5c70a016b1f97e,Fixed-Dc,1,-379886,0.014671797059545688,0.016133577207380956,0.0,0,0,0,0
0.7,2000000,1027,11,2a61d0045635ea2e77fb5b1f2529923d9b32e0119e1df634c18ed52f843f968d,7e6bab01e9d6b0298352c3d96c8f671d95a236c9e60e60360e5c70a016b1f97e,Fixed-Dc,2,240952,-0.0066441486851469556,-0.005318389136675206,0,0,0,0,0
0.7,2000000,1027,11,2a61d0045635ea2e77fb5b1f2529923d9b32e0119e1df634c18ed52f843f968d,7e6bab01e9d6b0298352c3d96c8f671d95a236c9e60e60360e5c70a016b1f97e,Fixed-Dc,3,88685,-0.0004655326144205607,-0.00096793992218136,0,0,0,0,0
0.7,2000000,1027,11,2a61d0045635ea2e77fb5b1f2529923d9b32e0119e1df634c18ed52f843f968d,7e6bab01e9d6b0298352c3d96c8f671d95a236c9e60e60360e5c70a016b1f97e,Fixed-Dc,4,-265601,-0.00012225654560887866,0.001414377580021331,0,0,0,0,0
0.7,2000000,1027,11,2a61d0045635ea2e77fb5b1f2529923d9b32e0119e1df634c18ed52f843f968d,7e6bab01e9d6b0298352c3d96c8f671d95a236c9e60e60360e5c70a016b1f97e,Decoupled,1,0,,,,,,0,0
0.7,2000000,1027,11,2a61d0045635ea2e77fb5b1f2529923d9b32e0119e1df634c18ed52f843f968d,7e6bab01e9d6b0298352c3d96c8f671d95a236c9e60e60360e5c70a016b1f97e,Decoupled,2,0,,,,,,0,0
0.7,2000000,1027,11,2a61d0045635ea2e77fb5b1f2529923d9b32e0119e1df634c18ed52f843f968d,7e6bab01e9d6b0298352c3d96c8f671d95a236c9e60e60360e5c70a016b1f97e,Decoupled,3,0,,,,,,0,0
0.7,2000000,1027,11,2a61d0045635ea2e77fb5b1f2529923d9b32e0119e1df634c18ed52f843f968d,7e6bab01e9d6b0298352c3d96c8f671d95a236c9e60e60360e5c70a016b1f97e,Decoupled,4,0,,,,,,0,0
0.7,2000000,1028,7,a71c8dcb22528f936752a9948dbda75c29b8fef6290bffb920e42b4e55fdec51,7e6bab01e9d6b0298352c3d96c8f671d95a236c9e60e60360e5c70a016b1f97e,No-Dq-R,1,0,0.0,0.0,0.0,0,0,0,0
0.7,2000000,1028,7,a71c8dcb22528f936752a9948dbda75c29b8fef6290bffb920e42b4e55fdec51,7e6bab01e9d6b0298352c3d96c8f671d95a236c9e60e60360e5c70a016b1f97e,No-Dq-R,2,0,0.0,0.0,0,0,0,0,0
0.7,2000000,1028,7,a71c8dcb22528f936752a9948dbda75c29b8fef6290bffb920e42b4e55fdec51,7e6bab01e9d6b0298352c3d96c8f671d95a236c9e60e60360e5c70a016b1f97e,No-Dq-R,3,0,0.0,0.0,0,0,0,0,0
0.7,2000000,1028,7,a71c8dcb22528f936752a9948dbda75c29b8fef6290bffb920e42b4e55fdec51,7e6bab01e9d6b0298352c3d96c8f671d95a236c9e60e60360e5c70a016b1f97e,No-Dq-R,4,0,0.0,0.0,0,0,0,0,0
0.7,2000000,1028,7,a71c8dcb22528f936752a9948dbda75c29b8fef6290bffb920e42b4e55fdec51,7e6bab01e9d6b0298352c3d96c8f671d95a236c9e60e60360e5c70a016b1f97e,Fixed-Dc,1,-130337,0.00615890513521733,0.005652548903205767,0.0,0,0,0,0
0.7,2000000,1028,7,a71c8dcb22528f936752a9948dbda75c29b8fef6290bffb920e42b4e55fdec51,7e6bab01e9d6b0298352c3d96c8f671d95a236c9e60e60360e5c70a016b1f97e,Fixed-Dc,2,-484623,0.012831459959345481,0.010096604533853692,0,0,0,0,0
0.7,2000000,1028,7,a71c8dcb22528f936752a9948dbda75c29b8fef6290bffb920e42b4e55fdec51,7e6bab01e9d6b0298352c3d96c8f671d95a236c9e60e60360e5c70a016b1f97e,Fixed-Dc,3,240952,-0.001298810624458635,-0.002659992852743598,0,0,0,0,0
0.7,2000000,1028,7,a71c8dcb22528f936752a9948dbda75c29b8fef6290bffb920e42b4e55fdec51,7e6bab01e9d6b0298352c3d96c8f671d95a236c9e60e60360e5c70a016b1f97e,Fixed-Dc,4,-16052,-5.718521924102937e-06,8.694802958414405e-05,0,0,0,0,0
0.7,2000000,1028,7,a71c8dcb22528f936752a9948dbda75c29b8fef6290bffb920e42b4e55fdec51,7e6bab01e9d6b0298352c3d96c8f671d95a236c9e60e60360e5c70a016b1f97e,Decoupled,1,0,,,,,,0,0
0.7,2000000,1028,7,a71c8dcb22528f936752a9948dbda75c29b8fef6290bffb920e42b4e55fdec51,7e6bab01e9d6b0298352c3d96c8f671d95a236c9e60e60360e5c70a016b1f97e,Decoupled,2,0,,,,,,0,0
0.7,2000000,1028,7,a71c8dcb22528f936752a9948dbda75c29b8fef6290bffb920e42b4e55fdec51,7e6bab01e9d6b0298352c3d96c8f671d95a236c9e60e60360e5c70a016b1f97e,Decoupled,3,0,,,,,,0,0
0.7,2000000,1028,7,a71c8dcb22528f936752a9948dbda75c29b8fef6290bffb920e42b4e55fdec51,7e6bab01e9d6b0298352c3d96c8f671d95a236c9e60e60360e5c70a016b1f97e,Decoupled,4,0,,,,,,0,0
0.7,2000000,1028,11,a71c8dcb22528f936752a9948dbda75c29b8fef6290bffb920e42b4e55fdec51,7e6bab01e9d6b0298352c3d96c8f671d95a236c9e60e60360e5c70a016b1f97e,No-Dq-R,1,0,0.0,0.0,0.0,0,0,0,0
0.7,2000000,1028,11,a71c8dcb22528f936752a9948dbda75c29b8fef6290bffb920e42b4e55fdec51,7e6bab01e9d6b0298352c3d96c8f671d95a236c9e60e60360e5c70a016b1f97e,No-Dq-R,2,0,0.0,0.0,0,0,0,0,0
0.7,2000000,1028,11,a71c8dcb22528f936752a9948dbda75c29b8fef6290bffb920e42b4e55fdec51,7e6bab01e9d6b0298352c3d96c8f671d95a236c9e60e60360e5c70a016b1f97e,No-Dq-R,3,0,0.0,0.0,0,0,0,0,0
0.7,2000000,1028,11,a71c8dcb22528f936752a9948dbda75c29b8fef6290bffb920e42b4e55fdec51,7e6bab01e9d6b0298352c3d96c8f671d95a236c9e60e60360e5c70a016b1f97e,No-Dq-R,4,0,0.0,0.0,0,0,0,0,0
0.7,2000000,1028,11,a71c8dcb22528f936752a9948dbda75c29b8fef6290bffb920e42b4e55fdec51,7e6bab01e9d6b0298352c3d96c8f671d95a236c9e60e60360e5c70a016b1f97e,Fixed-Dc,1,-130337,0.005161021937935439,0.005652548903205767,0.0,0,0,0,0
0.7,2000000,1028,11,a71c8dcb22528f936752a9948dbda75c29b8fef6290bffb920e42b4e55fdec51,7e6bab01e9d6b0298352c3d96c8f671d95a236c9e60e60360e5c70a016b1f97e,Fixed-Dc,2,-484623,0.012831459959345481,0.010096604533853692,0,0,0,0,0
0.7,2000000,1028,11,a71c8dcb22528f936752a9948dbda75c29b8fef6290bffb920e42b4e55fdec51,7e6bab01e9d6b0298352c3d96c8f671d95a236c9e60e60360e5c70a016b1f97e,Fixed-Dc,3,240952,-0.001298810624458635,-0.002659992852743598,0,0,0,0,0
0.7,2000000,1028,11,a71c8dcb22528f936752a9948dbda75c29b8fef6290bffb920e42b4e55fdec51,7e6bab01e9d6b0298352c3d96c8f671d95a236c9e60e60360e5c70a016b1f97e,Fixed-Dc,4,-16052,-5.718521924102937e-06,8.694802958414405e-05,0,0,0,0,0
0.7,2000000,1028,11,a71c8dcb22528f936752a9948dbda75c29b8fef6290bffb920e42b4e55fdec51,7e6bab01e9d6b0298352c3d96c8f671d95a236c9e60e60360e5c70a016b1f97e,Decoupled,1,0,,,,,,0,0
0.7,2000000,1028,11,a71c8dcb22528f936752a9948dbda75c29b8fef6290bffb920e42b4e55fdec51,7e6bab01e9d6b0298352c3d96c8f671d95a236c9e60e60360e5c70a016b1f97e,Decoupled,2,0,,,,,,0,0
0.7,2000000,1028,11,a71c8dcb22528f936752a9948dbda75c29b8fef6290bffb920e42b4e55fdec51,7e6bab01e9d6b0298352c3d96c8f671d95a236c9e60e60360e5c70a016b1f97e,Decoupled,3,0,,,,,,0,0
0.7,2000000,1028,11,a71c8dcb22528f936752a9948dbda75c29b8fef6290bffb920e42b4e55fdec51,7e6bab01e9d6b0298352c3d96c8f671d95a236c9e60e60360e5c70a016b1f97e,Decoupled,4,0,,,,,,0,0
0.7,2000000,1029,7,bef9545c7cbf32fe13a1cea776953d31c2310039c2238402d1457f7590d2285c,7e6bab01e9d6b0298352c3d96c8f671d95a236c9e60e60360e5c70a016b1f97e,No-Dq-R,1,0,0.0,0.0,0.0,0,0,0,0
0.7,2000000,1029,7,bef9545c7cbf32fe13a1cea776953d31c2310039c2238402d1457f7590d2285c,7e6bab01e9d6b0298352c3d96c8f671d95a236c9e60e60360e5c70a016b1f97e,No-Dq-R,2,0,0.0,0.0,0,0,0,0,0
0.7,2000000,1029,7,bef9545c7cbf32fe13a1cea776953d31c2310039c2238402d1457f7590d2285c,7e6bab01e9d6b0298352c3d96c8f671d95a236c9e60e60360e5c70a016b1f97e,No-Dq-R,3,0,0.0,0.0,0,0,0,0,0
0.7,2000000,1029,7,bef9545c7cbf32fe13a1cea776953d31c2310039c2238402d1457f7590d2285c,7e6bab01e9d6b0298352c3d96c8f671d95a236c9e60e60360e5c70a016b1f97e,No-Dq-R,4,0,0.0,0.0,0,0,0,0,0
0.7,2000000,1029,7,bef9545c7cbf32fe13a1cea776953d31c2310039c2238402d1457f7590d2285c,7e6bab01e9d6b0298352c3d96c8f671d95a236c9e60e60360e5c70a016b1f97e,Fixed-Dc,1,192898,-0.009327433852485134,-0.008598431643867865,0.0,0,0,0,0
0.7,2000000,1029,7,bef9545c7cbf32fe13a1cea776953d31c2310039c2238402d1457f7590d2285c,7e6bab01e9d6b0298352c3d96c8f671d95a236c9e60e60360e5c70a016b1f97e,Fixed-Dc,2,-161388,0.004350129091895194,0.003449249036425628,0,0,0,0,0
0.7,2000000,1029,7,bef9545c7cbf32fe13a1cea776953d31c2310039c2238402d1457f7590d2285c,7e6bab01e9d6b0298352c3d96c8f671d95a236c9e60e60360e5c70a016b1f97e,Fixed-Dc,3,-515674,0.0024312862915694677,0.005383118781392915,0,0,0,0,0
0.7,2000000,1029,7,bef9545c7cbf32fe13a1cea776953d31c2310039c2238402d1457f7590d2285c,7e6bab01e9d6b0298352c3d96c8f671d95a236c9e60e60360e5c70a016b1f97e,Fixed-Dc,4,240952,5.914521064409595e-05,-0.00132851074776702,0,0,0,0,0
0.7,2000000,1029,7,bef9545c7cbf32fe13a1cea776953d31c2310039c2238402d1457f7590d2285c,7e6bab01e9d6b0298352c3d96c8f671d95a236c9e60e60360e5c70a016b1f97e,Decoupled,1,0,,,,,,0,0
0.7,2000000,1029,7,bef9545c7cbf32fe13a1cea776953d31c2310039c2238402d1457f7590d2285c,7e6bab01e9d6b0298352c3d96c8f671d95a236c9e60e60360e5c70a016b1f97e,Decoupled,2,0,,,,,,0,0
0.7,2000000,1029,7,bef9545c7cbf32fe13a1cea776953d31c2310039c2238402d1457f7590d2285c,7e6bab01e9d6b0298352c3d96c8f671d95a236c9e60e60360e5c70a016b1f97e,Decoupled,3,0,,,,,,0,0
0.7,2000000,1029,7,bef9545c7cbf32fe13a1cea776953d31c2310039c2238402d1457f7590d2285c,7e6bab01e9d6b0298352c3d96c8f671d95a236c9e60e60360e5c70a016b1f97e,Decoupled,4,0,,,,,,0,0
0.7,2000000,1029,11,bef9545c7cbf32fe13a1cea776953d31c2310039c2238402d1457f7590d2285c,7e6bab01e9d6b0298352c3d96c8f671d95a236c9e60e60360e5c70a016b1f97e,No-Dq-R,1,0,0.0,0.0,0.0,0,0,0,0
0.7,2000000,1029,11,bef9545c7cbf32fe13a1cea776953d31c2310039c2238402d1457f7590d2285c,7e6bab01e9d6b0298352c3d96c8f671d95a236c9e60e60360e5c70a016b1f97e,No-Dq-R,2,0,0.0,0.0,0,0,0,0,0
0.7,2000000,1029,11,bef9545c7cbf32fe13a1cea776953d31c2310039c2238402d1457f7590d2285c,7e6bab01e9d6b0298352c3d96c8f671d95a236c9e60e60360e5c70a016b1f97e,No-Dq-R,3,0,0.0,0.0,0,0,0,0,0
0.7,2000000,1029,11,bef9545c7cbf32fe13a1cea776953d31c2310039c2238402d1457f7590d2285c,7e6bab01e9d6b0298352c3d96c8f671d95a236c9e60e60360e5c70a016b1f97e,No-Dq-R,4,0,0.0,0.0,0,0,0,0,0
0.7,2000000,1029,11,bef9545c7cbf32fe13a1cea776953d31c2310039c2238402d1457f7590d2285c,7e6bab01e9d6b0298352c3d96c8f671d95a236c9e60e60360e5c70a016b1f97e,Fixed-Dc,1,192898,-0.007890779164005712,-0.008598431643867865,0.0,0,0,0,0
0.7,2000000,1029,11,bef9545c7cbf32fe13a1cea776953d31c2310039c2238402d1457f7590d2285c,7e6bab01e9d6b0298352c3d96c8f671d95a236c9e60e60360e5c70a016b1f97e,Fixed-Dc,2,-161388,0.004350129091895194,0.003449249036425628,0,0,0,0,0
0.7,2000000,1029,11,bef9545c7cbf32fe13a1cea776953d31c2310039c2238402d1457f7590d2285c,7e6bab01e9d6b0298352c3d96c8f671d95a236c9e60e60360e5c70a016b1f97e,Fixed-Dc,3,-515674,0.0024312862915694677,0.005383118781392915,0,0,0,0,0
0.7,2000000,1029,11,bef9545c7cbf32fe13a1cea776953d31c2310039c2238402d1457f7590d2285c,7e6bab01e9d6b0298352c3d96c8f671d95a236c9e60e60360e5c70a016b1f97e,Fixed-Dc,4,240952,5.914521064409595e-05,-0.00132851074776702,0,0,0,0,0
0.7,2000000,1029,11,bef9545c7cbf32fe13a1cea776953d31c2310039c2238402d1457f7590d2285c,7e6bab01e9d6b0298352c3d96c8f671d95a236c9e60e60360e5c70a016b1f97e,Decoupled,1,0,,,,,,0,0
0.7,2000000,1029,11,bef9545c7cbf32fe13a1cea776953d31c2310039c2238402d1457f7590d2285c,7e6bab01e9d6b0298352c3d96c8f671d95a236c9e60e60360e5c70a016b1f97e,Decoupled,2,0,,,,,,0,0
0.7,2000000,1029,11,bef9545c7cbf32fe13a1cea776953d31c2310039c2238402d1457f7590d2285c,7e6bab01e9d6b0298352c3d96c8f671d95a236c9e60e60360e5c70a016b1f97e,Decoupled,3,0,,,,,,0,0
0.7,2000000,1029,11,bef9545c7cbf32fe13a1cea776953d31c2310039c2238402d1457f7590d2285c,7e6bab01e9d6b0298352c3d96c8f671d95a236c9e60e60360e5c70a016b1f97e,Decoupled,4,0,,,,,,0,0
0.7,2000000,1030,7,24a88ac96a20fb2226e3dac39f3d5e4cc69d8b50d213c675c19f94dbd1f52a26,7e6bab01e9d6b0298352c3d96c8f671d95a236c9e60e60360e5c70a016b1f97e,No-Dq-R,1,0,0.0,0.0,0.0,0,0,0,0
0.7,2000000,1030,7,24a88ac96a20fb2226e3dac39f3d5e4cc69d8b50d213c675c19f94dbd1f52a26,7e6bab01e9d6b0298352c3d96c8f671d95a236c9e60e60360e5c70a016b1f97e,No-Dq-R,2,0,0.0,0.0,0,0,0,0,0
0.7,2000000,1030,7,24a88ac96a20fb2226e3dac39f3d5e4cc69d8b50d213c675c19f94dbd1f52a26,7e6bab01e9d6b0298352c3d96c8f671d95a236c9e60e60360e5c70a016b1f97e,No-Dq-R,3,0,0.0,0.0,0,0,0,0,0
0.7,2000000,1030,7,24a88ac96a20fb2226e3dac39f3d5e4cc69d8b50d213c675c19f94dbd1f52a26,7e6bab01e9d6b0298352c3d96c8f671d95a236c9e60e60360e5c70a016b1f97e,No-Dq-R,4,0,0.0,0.0,0,0,0,0,0
0.7,2000000,1030,7,24a88ac96a20fb2226e3dac39f3d5e4cc69d8b50d213c675c19f94dbd1f52a26,7e6bab01e9d6b0298352c3d96c8f671d95a236c9e60e60360e5c70a016b1f97e,Fixed-Dc,1,-453652,0.02095686064572777,0.019148159250641283,0.0,0,0,0,0
0.7,2000000,1030,7,24a88ac96a20fb2226e3dac39f3d5e4cc69d8b50d213c675c19f94dbd1f52a26,7e6bab01e9d6b0298352c3d96c8f671d95a236c9e60e60360e5c70a016b1f97e,Fixed-Dc,2,240952,-0.0066441486851469556,-0.005318389136675206,0,0,0,0,0
0.7,2000000,1030,7,24a88ac96a20fb2226e3dac39f3d5e4cc69d8b50d213c675c19f94dbd1f52a26,7e6bab01e9d6b0298352c3d96c8f671d95a236c9e60e60360e5c70a016b1f97e,Fixed-Dc,3,14919,-7.730871765981862e-05,-0.00016193868730418615,0,0,0,0,0
0.7,2000000,1030,7,24a88ac96a20fb2226e3dac39f3d5e4cc69d8b50d213c675c19f94dbd1f52a26,7e6bab01e9d6b0298352c3d96c8f671d95a236c9e60e60360e5c70a016b1f97e,Fixed-Dc,4,-339367,-0.00016642933122312797,0.0017981890273653378,0,0,0,0,0
0.7,2000000,1030,7,24a88ac96a20fb2226e3dac39f3d5e4cc69d8b50d213c675c19f94dbd1f52a26,7e6bab01e9d6b0298352c3d96c8f671d95a236c9e60e60360e5c70a016b1f97e,Decoupled,1,0,,,,,,0,0
0.7,2000000,1030,7,24a88ac96a20fb2226e3dac39f3d5e4cc69d8b50d213c675c19f94dbd1f52a26,7e6bab01e9d6b0298352c3d96c8f671d95a236c9e60e60360e5c70a016b1f97e,Decoupled,2,0,,,,,,0,0
0.7,2000000,1030,7,24a88ac96a20fb2226e3dac39f3d5e4cc69d8b50d213c675c19f94dbd1f52a26,7e6bab01e9d6b0298352c3d96c8f671d95a236c9e60e60360e5c70a016b1f97e,Decoupled,3,0,,,,,,0,0
0.7,2000000,1030,7,24a88ac96a20fb2226e3dac39f3d5e4cc69d8b50d213c675c19f94dbd1f52a26,7e6bab01e9d6b0298352c3d96c8f671d95a236c9e60e60360e5c70a016b1f97e,Decoupled,4,0,,,,,,0,0
0.7,2000000,1030,11,24a88ac96a20fb2226e3dac39f3d5e4cc69d8b50d213c675c19f94dbd1f52a26,7e6bab01e9d6b0298352c3d96c8f671d95a236c9e60e60360e5c70a016b1f97e,No-Dq-R,1,0,0.0,0.0,0.0,0,0,0,0
0.7,2000000,1030,11,24a88ac96a20fb2226e3dac39f3d5e4cc69d8b50d213c675c19f94dbd1f52a26,7e6bab01e9d6b0298352c3d96c8f671d95a236c9e60e60360e5c70a016b1f97e,No-Dq-R,2,0,0.0,0.0,0,0,0,0,0
0.7,2000000,1030,11,24a88ac96a20fb2226e3dac39f3d5e4cc69d8b50d213c675c19f94dbd1f52a26,7e6bab01e9d6b0298352c3d96c8f671d95a236c9e60e60360e5c70a016b1f97e,No-Dq-R,3,0,0.0,0.0,0,0,0,0,0
0.7,2000000,1030,11,24a88ac96a20fb2226e3dac39f3d5e4cc69d8b50d213c675c19f94dbd1f52a26,7e6bab01e9d6b0298352c3d96c8f671d95a236c9e60e60360e5c70a016b1f97e,No-Dq-R,4,0,0.0,0.0,0,0,0,0,0
0.7,2000000,1030,11,24a88ac96a20fb2226e3dac39f3d5e4cc69d8b50d213c675c19f94dbd1f52a26,7e6bab01e9d6b0298352c3d96c8f671d95a236c9e60e60360e5c70a016b1f97e,Fixed-Dc,1,-453652,0.017392427906573693,0.019148159250641283,0.0,0,0,0,0
0.7,2000000,1030,11,24a88ac96a20fb2226e3dac39f3d5e4cc69d8b50d213c675c19f94dbd1f52a26,7e6bab01e9d6b0298352c3d96c8f671d95a236c9e60e60360e5c70a016b1f97e,Fixed-Dc,2,240952,-0.0066441486851469556,-0.005318389136675206,0,0,0,0,0
0.7,2000000,1030,11,24a88ac96a20fb2226e3dac39f3d5e4cc69d8b50d213c675c19f94dbd1f52a26,7e6bab01e9d6b0298352c3d96c8f671d95a236c9e60e60360e5c70a016b1f97e,Fixed-Dc,3,14919,-7.730871765981862e-05,-0.00016193868730418615,0,0,0,0,0
0.7,2000000,1030,11,24a88ac96a20fb2226e3dac39f3d5e4cc69d8b50d213c675c19f94dbd1f52a26,7e6bab01e9d6b0298352c3d96c8f671d95a236c9e60e60360e5c70a016b1f97e,Fixed-Dc,4,-339367,-0.00016642933122312797,0.0017981890273653378,0,0,0,0,0
0.7,2000000,1030,11,24a88ac96a20fb2226e3dac39f3d5e4cc69d8b50d213c675c19f94dbd1f52a26,7e6bab01e9d6b0298352c3d96c8f671d95a236c9e60e60360e5c70a016b1f97e,Decoupled,1,0,,,,,,0,0
0.7,2000000,1030,11,24a88ac96a20fb2226e3dac39f3d5e4cc69d8b50d213c675c19f94dbd1f52a26,7e6bab01e9d6b0298352c3d96c8f671d95a236c9e60e60360e5c70a016b1f97e,Decoupled,2,0,,,,,,0,0
0.7,2000000,1030,11,24a88ac96a20fb2226e3dac39f3d5e4cc69d8b50d213c675c19f94dbd1f52a26,7e6bab01e9d6b0298352c3d96c8f671d95a236c9e60e60360e5c70a016b1f97e,Decoupled,3,0,,,,,,0,0
0.7,2000000,1030,11,24a88ac96a20fb2226e3dac39f3d5e4cc69d8b50d213c675c19f94dbd1f52a26,7e6bab01e9d6b0298352c3d96c8f671d95a236c9e60e60360e5c70a016b1f97e,Decoupled,4,0,,,,,,0,0
0.7,2000000,1031,7,413f7db5950132716fc73960f3906da3d357cb23cc12a0982de4f2d84f5b75bc,7e6bab01e9d6b0298352c3d96c8f671d95a236c9e60e60360e5c70a016b1f97e,No-Dq-R,1,0,0.0,0.0,0.0,0,0,0,0
0.7,2000000,1031,7,413f7db5950132716fc73960f3906da3d357cb23cc12a0982de4f2d84f5b75bc,7e6bab01e9d6b0298352c3d96c8f671d95a236c9e60e60360e5c70a016b1f97e,No-Dq-R,2,0,0.0,0.0,0,0,0,0,0
0.7,2000000,1031,7,413f7db5950132716fc73960f3906da3d357cb23cc12a0982de4f2d84f5b75bc,7e6bab01e9d6b0298352c3d96c8f671d95a236c9e60e60360e5c70a016b1f97e,No-Dq-R,3,0,0.0,0.0,0,0,0,0,0
0.7,2000000,1031,7,413f7db5950132716fc73960f3906da3d357cb23cc12a0982de4f2d84f5b75bc,7e6bab01e9d6b0298352c3d96c8f671d95a236c9e60e60360e5c70a016b1f97e,No-Dq-R,4,0,0.0,0.0,0,0,0,0,0
0.7,2000000,1031,7,413f7db5950132716fc73960f3906da3d357cb23cc12a0982de4f2d84f5b75bc,7e6bab01e9d6b0298352c3d96c8f671d95a236c9e60e60360e5c70a016b1f97e,Fixed-Dc,1,-315676,0.014723819518964953,0.013478822762188036,0.0,0,0,0,0
0.7,2000000,1031,7,413f7db5950132716fc73960f3906da3d357cb23cc12a0982de4f2d84f5b75bc,7e6bab01e9d6b0298352c3d96c8f671d95a236c9e60e60360e5c70a016b1f97e,Fixed-Dc,2,240952,-0.0066441486851469556,-0.005318389136675206,0,0,0,0,0
0.7,2000000,1031,7,413f7db5950132716fc73960f3906da3d357cb23cc12a0982de4f2d84f5b75bc,7e6bab01e9d6b0298352c3d96c8f671d95a236c9e60e60360e5c70a016b1f97e,Fixed-Dc,3,152895,-0.0008116337338670565,-0.0016767785125589296,0,0,0,0,0
0.7,2000000,1031,7,413f7db5950132716fc73960f3906da3d357cb23cc12a0982de4f2d84f5b75bc,7e6bab01e9d6b0298352c3d96c8f671d95a236c9e60e60360e5c70a016b1f97e,Fixed-Dc,4,-201391,-8.737424130422777e-05,0.0010771358089392558,0,0,0,0,0
0.7,2000000,1031,7,413f7db5950132716fc73960f3906da3d357cb23cc12a0982de4f2d84f5b75bc,7e6bab01e9d6b0298352c3d96c8f671d95a236c9e60e60360e5c70a016b1f97e,Decoupled,1,0,,,,,,0,0
0.7,2000000,1031,7,413f7db5950132716fc73960f3906da3d357cb23cc12a0982de4f2d84f5b75bc,7e6bab01e9d6b0298352c3d96c8f671d95a236c9e60e60360e5c70a016b1f97e,Decoupled,2,0,,,,,,0,0
0.7,2000000,1031,7,413f7db5950132716fc73960f3906da3d357cb23cc12a0982de4f2d84f5b75bc,7e6bab01e9d6b0298352c3d96c8f671d95a236c9e60e60360e5c70a016b1f97e,Decoupled,3,0,,,,,,0,0
0.7,2000000,1031,7,413f7db5950132716fc73960f3906da3d357cb23cc12a0982de4f2d84f5b75bc,7e6bab01e9d6b0298352c3d96c8f671d95a236c9e60e60360e5c70a016b1f97e,Decoupled,4,0,,,,,,0,0
0.7,2000000,1031,11,413f7db5950132716fc73960f3906da3d357cb23cc12a0982de4f2d84f5b75bc,7e6bab01e9d6b0298352c3d96c8f671d95a236c9e60e60360e5c70a016b1f97e,No-Dq-R,1,0,0.0,0.0,0.0,0,0,0,0
0.7,2000000,1031,11,413f7db5950132716fc73960f3906da3d357cb23cc12a0982de4f2d84f5b75bc,7e6bab01e9d6b0298352c3d96c8f671d95a236c9e60e60360e5c70a016b1f97e,No-Dq-R,2,0,0.0,0.0,0,0,0,0,0
0.7,2000000,1031,11,413f7db5950132716fc73960f3906da3d357cb23cc12a0982de4f2d84f5b75bc,7e6bab01e9d6b0298352c3d96c8f671d95a236c9e60e60360e5c70a016b1f97e,No-Dq-R,3,0,0.0,0.0,0,0,0,0,0
0.7,2000000,1031,11,413f7db5950132716fc73960f3906da3d357cb23cc12a0982de4f2d84f5b75bc,7e6bab01e9d6b0298352c3d96c8f671d95a236c9e60e60360e5c70a016b1f97e,No-Dq-R,4,0,0.0,0.0,0,0,0,0,0
0.7,2000000,1031,11,413f7db5950132716fc73960f3906da3d357cb23cc12a0982de4f2d84f5b75bc,7e6bab01e9d6b0298352c3d96c8f671d95a236c9e60e60360e5c70a016b1f97e,Fixed-Dc,1,-315676,0.01227028727088253,0.013478822762188036,0.0,0,0,0,0
0.7,2000000,1031,11,413f7db5950132716fc73960f3906da3d357cb23cc12a0982de4f2d84f5b75bc,7e6bab01e9d6b0298352c3d96c8f671d95a236c9e60e60360e5c70a016b1f97e,Fixed-Dc,2,240952,-0.0066441486851469556,-0.005318389136675206,0,0,0,0,0
0.7,2000000,1031,11,413f7db5950132716fc73960f3906da3d357cb23cc12a0982de4f2d84f5b75bc,7e6bab01e9d6b0298352c3d96c8f671d95a236c9e60e60360e5c70a016b1f97e,Fixed-Dc,3,152895,-0.0008116337338670565,-0.0016767785125589296,0,0,0,0,0
0.7,2000000,1031,11,413f7db5950132716fc73960f3906da3d357cb23cc12a0982de4f2d84f5b75bc,7e6bab01e9d6b0298352c3d96c8f671d95a236c9e60e60360e5c70a016b1f97e,Fixed-Dc,4,-201391,-8.737424130422777e-05,0.0010771358089392558,0,0,0,0,0
0.7,2000000,1031,11,413f7db5950132716fc73960f3906da3d357cb23cc12a0982de4f2d84f5b75bc,7e6bab01e9d6b0298352c3d96c8f671d95a236c9e60e60360e5c70a016b1f97e,Decoupled,1,0,,,,,,0,0
0.7,2000000,1031,11,413f7db5950132716fc73960f3906da3d357cb23cc12a0982de4f2d84f5b75bc,7e6bab01e9d6b0298352c3d96c8f671d95a236c9e60e60360e5c70a016b1f97e,Decoupled,2,0,,,,,,0,0
0.7,2000000,1031,11,413f7db5950132716fc73960f3906da3d357cb23cc12a0982de4f2d84f5b75bc,7e6bab01e9d6b0298352c3d96c8f671d95a236c9e60e60360e5c70a016b1f97e,Decoupled,3,0,,,,,,0,0
0.7,2000000,1031,11,413f7db5950132716fc73960f3906da3d357cb23cc12a0982de4f2d84f5b75bc,7e6bab01e9d6b0298352c3d96c8f671d95a236c9e60e60360e5c70a016b1f97e,Decoupled,4,0,,,,,,0,0
