classical_load,request_interval_ns,traffic_seed,quantum_seed,workload_sha256,calibration_sha256,model,session_id,delta_latency_ns,delta_fidelity,delta_expected_fidelity,delta_success_probability,false_feasible,false_infeasible,false_deadline_feasible,false_deadline_infeasible
0.0,800000,200,7,ba41d1bfb193791b79464542320200932a7bf2bcd3766e509a19be5fbf3d704c,dffaf85911370c2eb8cb2c879eae7df67fe3bcdb3c7f9568b7fbe361bb67aeb9,No-Dq-R,1,0,0.0,0.0,0.0,0,0,0,0
0.0,800000,200,7,ba41d1bfb193791b79464542320200932a7bf2bcd3766e509a19be5fbf3d704c,dffaf85911370c2eb8cb2c879eae7df67fe3bcdb3c7f9568b7fbe361bb67aeb9,No-Dq-R,2,-800000,0.056319511058792515,0.053410213882189916,1.0,1,0,0,0
0.0,800000,200,7,ba41d1bfb193791b79464542320200932a7bf2bcd3766e509a19be5fbf3d704c,dffaf85911370c2eb8cb2c879eae7df67fe3bcdb3c7f9568b7fbe361bb67aeb9,No-Dq-R,3,-1600000,0.06971986524450047,0.07044867040812314,0,0,0,0,0
0.0,800000,200,7,ba41d1bfb193791b79464542320200932a7bf2bcd3766e509a19be5fbf3d704c,dffaf85911370c2eb8cb2c879eae7df67fe3bcdb3c7f9568b7fbe361bb67aeb9,No-Dq-R,4,-2400000,0.05872356008459795,0.07036168231863998,0,0,0,0,0
0.0,800000,200,7,ba41d1bfb193791b79464542320200932a7bf2bcd3766e509a19be5fbf3d704c,dffaf85911370c2eb8cb2c879eae7df67fe3bcdb3c7f9568b7fbe361bb67aeb9,Fixed-Dc,1,0,0.0,0.0,0.0,0,0,0,0
0.0,800000,200,7,ba41d1bfb193791b79464542320200932a7bf2bcd3766e509a19be5fbf3d704c,dffaf85911370c2eb8cb2c879eae7df67fe3bcdb3c7f9568b7fbe361bb67aeb9,Fixed-Dc,2,0,0.0,0.0,0,0,0,0,0
0.0,800000,200,7,ba41d1bfb193791b79464542320200932a7bf2bcd3766e509a19be5fbf3d704c,dffaf85911370c2eb8cb2c879eae7df67fe3bcdb3c7f9568b7fbe361bb67aeb9,Fixed-Dc,3,0,0.0,0.0,0,0,0,0,0
0.0,800000,200,7,ba41d1bfb193791b79464542320200932a7bf2bcd3766e509a19be5fbf3d704c,dffaf85911370c2eb8cb2c879eae7df67fe3bcdb3c7f9568b7fbe361bb67aeb9,Fixed-Dc,4,0,0.0,0.0,0,0,0,0,0
0.0,800000,200,7,ba41d1bfb193791b79464542320200932a7bf2bcd3766e509a19be5fbf3d704c,dffaf85911370c2eb8cb2c879eae7df67fe3bcdb3c7f9568b7fbe361bb67aeb9,Decoupled,1,0,,,,,,0,0
0.0,800000,200,7,ba41d1bfb193791b79464542320200932a7bf2bcd3766e509a19be5fbf3d704c,dffaf85911370c2eb8cb2c879eae7df67fe3bcdb3c7f9568b7fbe361bb67aeb9,Decoupled,2,0,,,,,,0,0
0.0,800000,200,7,ba41d1bfb193791b79464542320200932a7bf2bcd3766e509a19be5fbf3d704c,dffaf85911370c2eb8cb2c879eae7df67fe3bcdb3c7f9568b7fbe361bb67aeb9,Decoupled,3,0,,,,,,0,0
0.0,800000,200,7,ba41d1bfb193791b79464542320200932a7bf2bcd3766e509a19be5fbf3d704c,dffaf85911370c2eb8cb2c879eae7df67fe3bcdb3c7f9568b7fbe361bb67aeb9,Decoupled,4,0,,,,,,0,0
0.0,800000,200,11,ba41d1bfb193791b79464542320200932a7bf2bcd3766e509a19be5fbf3d704c,dffaf85911370c2eb8cb2c879eae7df67fe3bcdb3c7f9568b7fbe361bb67aeb9,No-Dq-R,1,0,0.0,0.0,0.0,0,0,0,0
0.0,800000,200,11,ba41d1bfb193791b79464542320200932a7bf2bcd3766e509a19be5fbf3d704c,dffaf85911370c2eb8cb2c879eae7df67fe3bcdb3c7f9568b7fbe361bb67aeb9,No-Dq-R,2,-800000,0.056319511058792515,0.053410213882189916,1.0,1,0,0,0
0.0,800000,200,11,ba41d1bfb193791b79464542320200932a7bf2bcd3766e509a19be5fbf3d704c,dffaf85911370c2eb8cb2c879eae7df67fe3bcdb3c7f9568b7fbe361bb67aeb9,No-Dq-R,3,-1600000,0.0626272107568423,0.07044867040812314,0,0,0,0,0
0.0,800000,200,11,ba41d1bfb193791b79464542320200932a7bf2bcd3766e509a19be5fbf3d704c,dffaf85911370c2eb8cb2c879eae7df67fe3bcdb3c7f9568b7fbe361bb67aeb9,No-Dq-R,4,-2400000,0.05872356008459795,0.07036168231863998,0,0,0,0,0
0.0,800000,200,11,ba41d1bfb193791b79464542320200932a7bf2bcd3766e509a19be5fbf3d704c,dffaf85911370c2eb8cb2c879eae7df67fe3bcdb3c7f9568b7fbe361bb67aeb9,Fixed-Dc,1,0,0.0,0.0,0.0,0,0,0,0
0.0,800000,200,11,ba41d1bfb193791b79464542320200932a7bf2bcd3766e509a19be5fbf3d704c,dffaf85911370c2eb8cb2c879eae7df67fe3bcdb3c7f9568b7fbe361bb67aeb9,Fixed-Dc,2,0,0.0,0.0,0,0,0,0,0
0.0,800000,200,11,ba41d1bfb193791b79464542320200932a7bf2bcd3766e509a19be5fbf3d704c,dffaf85911370c2eb8cb2c879eae7df67fe3bcdb3c7f9568b7fbe361bb67aeb9,Fixed-Dc,3,0,0.0,0.0,0,0,0,0,0
0.0,800000,200,11,ba41d1bfb193791b79464542320200932a7bf2bcd3766e509a19be5fbf3d704c,dffaf85911370c2eb8cb2c879eae7df67fe3bcdb3c7f9568b7fbe361bb67aeb9,Fixed-Dc,4,0,0.0,0.0,0,0,0,0,0
0.0,800000,200,11,ba41d1bfb193791b79464542320200932a7bf2bcd3766e509a19be5fbf3d704c,dffaf85911370c2eb8cb2c879eae7df67fe3bcdb3c7f9568b7fbe361bb67aeb9,Decoupled,1,0,,,,,,0,0
0.0,800000,200,11,ba41d1bfb193791b79464542320200932a7bf2bcd3766e509a19be5fbf3d704c,dffaf85911370c2eb8cb2c879eae7df67fe3bcdb3c7f9568b7fbe361bb67aeb9,Decoupled,2,0,,,,,,0,0
0.0,800000,200,11,ba41d1bfb193791b79464542320200932a7bf2bcd3766e509a19be5fbf3d704c,dffaf85911370c2eb8cb2c879eae7df67fe3bcdb3c7f9568b7fbe361bb67aeb9,Decoupled,3,0,,,,,,0,0
0.0,800000,200,11,ba41d1bfb193791b79464542320200932a7bf2bcd3766e509a19be5fbf3d704c,dffaf85911370c2eb8cb2c879eae7df67fe3bcdb3c7f9568b7fbe361bb67aeb9,Decoupled,4,0,,,,,,0,0
0.0,800000,201,7,0bc6f04802e9c6fb65749c70e71209561f564bbef7cc2185caa29dbdeb48984e,dffaf85911370c2eb8cb2c879eae7df67fe3bcdb3c7f9568b7fbe361bb67aeb9,No-Dq-R,1,0,0.0,0.0,0.0,0,0,0,0
0.0,800000,201,7,0bc6f04802e9c6fb65749c70e71209561f564bbef7cc2185caa29dbdeb48984e,dffaf85911370c2eb8cb2c879eae7df67fe3bcdb3c7f9568b7fbe361bb67aeb9,No-Dq-R,2,-800000,0.056319511058792515,0.053410213882189916,1.0,1,0,0,0
0.0,800000,201,7,0bc6f04802e9c6fb65749c70e71209561f564bbef7cc2185caa29dbdeb48984e,dffaf85911370c2eb8cb2c879eae7df67fe3bcdb3c7f9568b7fbe361bb67aeb9,No-Dq-R,3,-1600000,0.06971986524450047,0.07044867040812314,0,0,0,0,0
0.0,800000,201,7,0bc6f04802e9c6fb65749c70e71209561f564bbef7cc2185caa29dbdeb48984e,dffaf85911370c2eb8cb2c879eae7df67fe3bcdb3c7f9568b7fbe361bb67aeb9,No-Dq-R,4,-2400000,0.05872356008459795,0.07036168231863998,0,0,0,0,0
0.0,800000,201,7,0bc6f04802e9c6fb65749c70e71209561f564bbef7cc2185caa29dbdeb48984e,dffaf85911370c2eb8cb2c879eae7df67fe3bcdb3c7f9568b7fbe361bb67aeb9,Fixed-Dc,1,0,0.0,0.0,0.0,0,0,0,0
0.0,800000,201,7,0bc6f04802e9c6fb65749c70e71209561f564bbef7cc2185caa29dbdeb48984e,dffaf85911370c2eb8cb2c879eae7df67fe3bcdb3c7f9568b7fbe361bb67aeb9,Fixed-Dc,2,0,0.0,0.0,0,0,0,0,0
0.0,800000,201,7,0bc6f04802e9c6fb65749c70e71209561f564bbef7cc2185caa29dbdeb48984e,dffaf85911370c2eb8cb2c879eae7df67fe3bcdb3c7f9568b7fbe361bb67aeb9,Fixed-Dc,3,0,0.0,0.0,0,0,0,0,0
0.0,800000,201,7,0bc6f04802e9c6fb65749c70e71209561f564bbef7cc2185caa29dbdeb48984e,dffaf85911370c2eb8cb2c879eae7df67fe3bcdb3c7f9568b7fbe361bb67aeb9,Fixed-Dc,4,0,0.0,0.0,0,0,0,0,0
0.0,800000,201,7,0bc6f04802e9c6fb65749c70e71209561f564bbef7cc2185caa29dbdeb48984e,dffaf85911370c2eb8cb2c879eae7df67fe3bcdb3c7f9568b7fbe361bb67aeb9,Decoupled,1,0,,,,,,0,0
0.0,800000,201,7,0bc6f04802e9c6fb65749c70e71209561f564bbef7cc2185caa29dbdeb48984e,dffaf85911370c2eb8cb2c879eae7df67fe3bcdb3c7f9568b7fbe361bb67aeb9,Decoupled,2,0,,,,,,0,0
0.0,800000,201,7,0bc6f04802e9c6fb65749c70e71209561f564bbef7cc2185caa29dbdeb48984e,dffaf85911370c2eb8cb2c879eae7df67fe3bcdb3c7f9568b7fbe361bb67aeb9,Decoupled,3,0,,,,,,0,0
0.0,800000,201,7,0bc6f04802e9c6fb65749c70e71209561f564bbef7cc2185caa29dbdeb48984e,dffaf85911370c2eb8cb2c879eae7df67fe3bcdb3c7f9568b7fbe361bb67aeb9,Decoupled,4,0,,,,,,0,0
0.0,800000,201,11,0bc6f04802e9c6fb65749c70e71209561f564bbef7cc2185caa29dbdeb48984e,dffaf85911370c2eb8cb2c879eae7df67fe3bcdb3c7f9568b7fbe361bb67aeb9,No-Dq-R,1,0,0.0,0.0,0.0,0,0,0,0
0.0,800000,201,11,0bc6f04802e9c6fb65749c70e71209561f564bbef7cc2185caa29dbdeb48984e,dffaf85911370c2eb8cb2c879eae7df67fe3bcdb3c7f9568b7fbe361bb67aeb9,No-Dq-R,2,-800000,0.056319511058792515,0.053410213882189916,1.0,1,0,0,0
0.0,800000,201,11,0bc6f04802e9c6fb65749c70e71209561f564bbef7cc2185caa29dbdeb48984e,dffaf85911370c2eb8cb2c879eae7df67fe3bcdb3c7f9568b7fbe361bb67aeb9,No-Dq-R,3,-1600000,0.0626272107568423,0.07044867040812314,0,0,0,0,0
0.0,800000,201,11,0bc6f04802e9c6fb65749c70e71209561f564bbef7cc2185caa29dbdeb48984e,dffaf85911370c2eb8cb2c879eae7df67fe3bcdb3c7f9568b7fbe361bb67aeb9,No-Dq-R,4,-2400000,0.05872356008459795,0.07036168231863998,0,0,0,0,0
0.0,800000,201,11,0bc6f04802e9c6fb65749c70e71209561f564bbef7cc2185caa29dbdeb48984e,dffaf85911370c2eb8cb2c879eae7df67fe3bcdb3c7f9568b7fbe361bb67aeb9,Fixed-Dc,1,0,0.0,0.0,0.0,0,0,0,0
0.0,800000,201,11,0bc6f04802e9c6fb65749c70e71209561f564bbef7cc2185caa29dbdeb48984e,dffaf85911370c2eb8cb2c879eae7df67fe3bcdb3c7f9568b7fbe361bb67aeb9,Fixed-Dc,2,0,0.0,0.0,0,0,0,0,0
0.0,800000,201,11,0bc6f04802e9c6fb65749c70e71209561f564bbef7cc2185caa29dbdeb48984e,dffaf85911370c2eb8cb2c879eae7df67fe3bcdb3c7f9568b7fbe361bb67aeb9,Fixed-Dc,3,0,0.0,0.0,0,0,0,0,0
0.0,800000,201,11,0bc6f04802e9c6fb65749c70e71209561f564bbef7cc2185caa29dbdeb48984e,dffaf85911370c2eb8cb2c879eae7df67fe3bcdb3c7f9568b7fbe361bb67aeb9,Fixed-Dc,4,0,0.0,0.0,0,0,0,0,0
0.0,800000,201,11,0bc6f04802e9c6fb65749c70e71209561f564bbef7cc2185caa29dbdeb48984e,dffaf85911370c2eb8cb2c879eae7df67fe3bcdb3c7f9568b7fbe361bb67aeb9,Decoupled,1,0,,,,,,0,0
0.0,800000,201,11,0bc6f04802e9c6fb65749c70e71209561f564bbef7cc2185caa29dbdeb48984e,dffaf85911370c2eb8cb2c879eae7df67fe3bcdb3c7f9568b7fbe361bb67aeb9,Decoupled,2,0,,,,,,0,0
0.0,800000,201,11,0bc6f04802e9c6fb65749c70e71209561f564bbef7cc2185caa29dbdeb48984e,dffaf85911370c2eb8cb2c879eae7df67fe3bcdb3c7f9568b7fbe361bb67aeb9,Decoupled,3,0,,,,,,0,0
0.0,800000,201,11,0bc6f04802e9c6fb65749c70e71209561f564bbef7cc2185caa29dbdeb48984e,dffaf85911370c2eb8cb2c879eae7df67fe3bcdb3c7f9568b7fbe361bb67aeb9,Decoupled,4,0,,,,,,0,0
0.0,800000,202,7,684491fe13b25e420ac1ae42f7216eff0a96997e838f8c19e3b695a6cd526d85,dffaf85911370c2eb8cb2c879eae7df67fe3bcdb3c7f9568b7fbe361bb67aeb9,No-Dq-R,1,0,0.0,0.0,0.0,0,0,0,0
0.0,800000,202,7,684491fe13b25e420ac1ae42f7216eff0a96997e838f8c19e3b695a6cd526d85,dffaf85911370c2eb8cb2c879eae7df67fe3bcdb3c7f9568b7fbe361bb67aeb9,No-Dq-R,2,-800000,0.056319511058792515,0.053410213882189916,1.0,1,0,0,0
0.0,800000,202,7,684491fe13b25e420ac1ae42f7216eff0a96997e838f8c19e3b695a6cd526d85,dffaf85911370c2eb8cb2c879eae7df67fe3bcdb3c7f9568b7fbe361bb67aeb9,No-Dq-R,3,-1600000,0.06971986524450047,0.07044867040812314,0,0,0,0,0
0.0,800000,202,7,684491fe13b25e420ac1ae42f7216eff0a96997e838f8c19e3b695a6cd526d85,dffaf85911370c2eb8cb2c879eae7df67fe3bcdb3c7f9568b7fbe361bb67aeb9,No-Dq-R,4,-2400000,0.05872356008459795,0.07036168231863998,0,0,0,0,0
0.0,800000,202,7,684491fe13b25e420ac1ae42f7216eff0a96997e838f8c19e3b695a6cd526d85,dffaf85911370c2eb8cb2c879eae7df67fe3bcdb3c7f9568b7fbe361bb67aeb9,Fixed-Dc,1,0,0.0,0.0,0.0,0,0,0,0
0.0,800000,202,7,684491fe13b25e420ac1ae42f7216eff0a96997e838f8c19e3b695a6cd526d85,dffaf85911370c2eb8cb2c879eae7df67fe3bcdb3c7f9568b7fbe361bb67aeb9,Fixed-Dc,2,0,0.0,0.0,0,0,0,0,0
0.0,800000,202,7,684491fe13b25e420ac1ae42f7216eff0a96997e838f8c19e3b695a6cd526d85,dffaf85911370c2eb8cb2c879eae7df67fe3bcdb3c7f9568b7fbe361bb67aeb9,Fixed-Dc,3,0,0.0,0.0,0,0,0,0,0
0.0,800000,202,7,684491fe13b25e420ac1ae42f7216eff0a96997e838f8c19e3b695a6cd526d85,dffaf85911370c2eb8cb2c879eae7df67fe3bcdb3c7f9568b7fbe361bb67aeb9,Fixed-Dc,4,0,0.0,0.0,0,0,0,0,0
0.0,800000,202,7,684491fe13b25e420ac1ae42f7216eff0a96997e838f8c19e3b695a6cd526d85,dffaf85911370c2eb8cb2c879eae7df67fe3bcdb3c7f9568b7fbe361bb67aeb9,Decoupled,1,0,,,,,,0,0
0.0,800000,202,7,684491fe13b25e420ac1ae42f7216eff0a96997e838f8c19e3b695a6cd526d85,dffaf85911370c2eb8cb2c879eae7df67fe3bcdb3c7f9568b7fbe361bb67aeb9,Decoupled,2,0,,,,,,0,0
0.0,800000,202,7,684491fe13b25e420ac1ae42f7216eff0a96997e838f8c19e3b695a6cd526d85,dffaf85911370c2eb8cb2c879eae7df67fe3bcdb3c7f9568b7fbe361bb67aeb9,Decoupled,3,0,,,,,,0,0
0.0,800000,202,7,684491fe13b25e420ac1ae42f7216eff0a96997e838f8c19e3b695a6cd526d85,dffaf85911370c2eb8cb2c879eae7df67fe3bcdb3c7f9568b7fbe361bb67aeb9,Decoupled,4,0,,,,,,0,0
0.0,800000,202,11,684491fe13b25e420ac1ae42f7216eff0a96997e838f8c19e3b695a6cd526d85,dffaf85911370c2eb8cb2c879eae7df67fe3bcdb3c7f9568b7fbe361bb67aeb9,No-Dq-R,1,0,0.0,0.0,0.0,0,0,0,0
0.0,800000,202,11,684491fe13b25e420ac1ae42f7216eff0a96997e838f8c19e3b695a6cd526d85,dffaf85911370c2eb8cb2c879eae7df67fe3bcdb3c7f9568b7fbe361bb67aeb9,No-Dq-R,2,-800000,0.056319511058792515,0.053410213882189916,1.0,1,0,0,0
0.0,800000,202,11,684491fe13b25e420ac1ae42f7216eff0a96997e838f8c19e3b695a6cd526d85,dffaf85911370c2eb8cb2c879eae7df67fe3bcdb3c7f9568b7fbe361bb67aeb9,No-Dq-R,3,-1600000,0.0626272107568423,0.07044867040812314,0,0,0,0,0
0.0,800000,202,11,684491fe13b25e420ac1ae42f7216eff0a96997e838f8c19e3b695a6cd526d85,dffaf85911370c2eb8cb2c879eae7df67fe3bcdb3c7f9568b7fbe361bb67aeb9,No-Dq-R,4,-2400000,0.05872356008459795,0.07036168231863998,0,0,0,0,0
0.0,800000,202,11,684491fe13b25e420ac1ae42f7216eff0a96997e838f8c19e3b695a6cd526d85,dffaf85911370c2eb8cb2c879eae7df67fe3bcdb3c7f9568b7fbe361bb67aeb9,Fixed-Dc,1,0,0.0,0.0,0.0,0,0,0,0
0.0,800000,202,11,684491fe13b25e420ac1ae42f7216eff0a96997e838f8c19e3b695a6cd526d85,dffaf85911370c2eb8cb2c879eae7df67fe3bcdb3c7f9568b7fbe361bb67aeb9,Fixed-Dc,2,0,0.0,0.0,0,0,0,0,0
0.0,800000,202,11,684491fe13b25e420ac1ae42f7216eff0a96997e838f8c19e3b695a6cd526d85,dffaf85911370c2eb8cb2c879eae7df67fe3bcdb3c7f9568b7fbe361bb67aeb9,Fixed-Dc,3,0,0.0,0.0,0,0,0,0,0
0.0,800000,202,11,684491fe13b25e420ac1ae42f7216eff0a96997e838f8c19e3b695a6cd526d85,dffaf85911370c2eb8cb2c879eae7df67fe3bcdb3c7f9568b7fbe361bb67aeb9,Fixed-Dc,4,0,0.0,0.0,0,0,0,0,0
0.0,800000,202,11,684491fe13b25e420ac1ae42f7216eff0a96997e838f8c19e3b695a6cd526d85,dffaf85911370c2eb8cb2c879eae7df67fe3bcdb3c7f9568b7fbe361bb67aeb9,Decoupled,1,0,,,,,,0,0
0.0,800000,202,11,684491fe13b25e420ac1ae42f7216eff0a96997e838f8c19e3b695a6cd526d85,dffaf85911370c2eb8cb2c879eae7df67fe3bcdb3c7f9568b7fbe361bb67aeb9,Decoupled,2,0,,,,,,0,0
0.0,800000,202,11,684491fe13b25e420ac1ae42f7216eff0a96997e838f8c19e3b695a6cd526d85,dffaf85911370c2eb8cb2c879eae7df67fe3bcdb3c7f9568b7fbe361bb67aeb9,Decoupled,3,0,,,,,,0,0
0.0,800000,202,11,684491fe13b25e420ac1ae42f7216eff0a96997e838f8c19e3b695a6cd526d85,dffaf85911370c2eb8cb2c879eae7df67fe3bcdb3c7f9568b7fbe361bb67aeb9,Decoupled,4,0,,,,,,0,0
0.0,800000,203,7,c99cec176d470c8c8220ac2dd4003c6038c461cf2683ac7e707e09ad8388e8bd,dffaf85911370c2eb8cb2c879eae7df67fe3bcdb3c7f9568b7fbe361bb67aeb9,No-Dq-R,1,0,0.0,0.0,0.0,0,0,0,0
0.0,800000,203,7,c99cec176d470c8c8220ac2dd4003c6038c461cf2683ac7e707e09ad8388e8bd,dffaf85911370c2eb8cb2c879eae7df67fe3bcdb3c7f9568b7fbe361bb67aeb9,No-Dq-R,2,-800000,0.056319511058792515,0.053410213882189916,1.0,1,0,0,0
0.0,800000,203,7,c99cec176d470c8c8220ac2dd4003c6038c461cf2683ac7e707e09ad8388e8bd,dffaf85911370c2eb8cb2c879eae7df67fe3bcdb3c7f9568b7fbe361bb67aeb9,No-Dq-R,3,-1600000,0.06971986524450047,0.07044867040812314,0,0,0,0,0
0.0,800000,203,7,c99cec176d470c8c8220ac2dd4003c6038c461cf2683ac7e707e09ad8388e8bd,dffaf85911370c2eb8cb2c879eae7df67fe3bcdb3c7f9568b7fbe361bb67aeb9,No-Dq-R,4,-2400000,0.05872356008459795,0.07036168231863998,0,0,0,0,0
0.0,800000,203,7,c99cec176d470c8c8220ac2dd4003c6038c461cf2683ac7e707e09ad8388e8bd,dffaf85911370c2eb8cb2c879eae7df67fe3bcdb3c7f9568b7fbe361bb67aeb9,Fixed-Dc,1,0,0.0,0.0,0.0,0,0,0,0
0.0,800000,203,7,c99cec176d470c8c8220ac2dd4003c6038c461cf2683ac7e707e09ad8388e8bd,dffaf85911370c2eb8cb2c879eae7df67fe3bcdb3c7f9568b7fbe361bb67aeb9,Fixed-Dc,2,0,0.0,0.0,0,0,0,0,0
0.0,800000,203,7,c99cec176d470c8c8220ac2dd4003c6038c461cf2683ac7e707e09ad8388e8bd,dffaf85911370c2eb8cb2c879eae7df67fe3bcdb3c7f9568b7fbe361bb67aeb9,Fixed-Dc,3,0,0.0,0.0,0,0,0,0,0
0.0,800000,203,7,c99cec176d470c8c8220ac2dd4003c6038c461cf2683ac7e707e09ad8388e8bd,dffaf85911370c2eb8cb2c879eae7df67fe3bcdb3c7f9568b7fbe361bb67aeb9,Fixed-Dc,4,0,0.0,0.0,0,0,0,0,0
0.0,800000,203,7,c99cec176d470c8c8220ac2dd4003c6038c461cf2683ac7e707e09ad8388e8bd,dffaf85911370c2eb8cb2c879eae7df67fe3bcdb3c7f9568b7fbe361bb67aeb9,Decoupled,1,0,,,,,,0,0
0.0,800000,203,7,c99cec176d470c8c8220ac2dd4003c6038c461cf2683ac7e707e09ad8388e8bd,dffaf85911370c2eb8cb2c879eae7df67fe3bcdb3c7f9568b7fbe361bb67aeb9,Decoupled,2,0,,,,,,0,0
0.0,800000,203,7,c99cec176d470c8c8220ac2dd4003c6038c461cf2683ac7e707e09ad8388e8bd,dffaf85911370c2eb8cb2c879eae7df67fe3bcdb3c7f9568b7fbe361bb67aeb9,Decoupled,3,0,,,,,,0,0
0.0,800000,203,7,c99cec176d470c8c8220ac2dd4003c6038c461cf2683ac7e707e09ad8388e8bd,dffaf85911370c2eb8cb2c879eae7df67fe3bcdb3c7f9568b7fbe361bb67aeb9,Decoupled,4,0,,,,,,0,0
0.0,800000,203,11,c99cec176d470c8c8220ac2dd4003c6038c461cf2683ac7e707e09ad8388e8bd,dffaf85911370c2eb8cb2c879eae7df67fe3bcdb3c7f9568b7fbe361bb67aeb9,No-Dq-R,1,0,0.0,0.0,0.0,0,0,0,0
0.0,800000,203,11,c99cec176d470c8c8220ac2dd4003c6038c461cf2683ac7e707e09ad8388e8bd,dffaf85911370c2eb8cb2c879eae7df67fe3bcdb3c7f9568b7fbe361bb67aeb9,No-Dq-R,2,-800000,0.056319511058792515,0.053410213882189916,1.0,1,0,0,0
0.0,800000,203,11,c99cec176d470c8c8220ac2dd4003c6038c461cf2683ac7e707e09ad8388e8bd,dffaf85911370c2eb8cb2c879eae7df67fe3bcdb3c7f9568b7fbe361bb67aeb9,No-Dq-R,3,-1600000,0.0626272107568423,0.07044867040812314,0,0,0,0,0
0.0,800000,203,11,c99cec176d470c8c8220ac2dd4003c6038c461cf2683ac7e707e09ad8388e8bd,dffaf85911370c2eb8cb2c879eae7df67fe3bcdb3c7f9568b7fbe361bb67aeb9,No-Dq-R,4,-2400000,0.05872356008459795,0.07036168231863998,0,0,0,0,0
0.0,800000,203,11,c99cec176d470c8c8220ac2dd4003c6038c461cf2683ac7e707e09ad8388e8bd,dffaf85911370c2eb8cb2c879eae7df67fe3bcdb3c7f9568b7fbe361bb67aeb9,Fixed-Dc,1,0,0.0,0.0,0.0,0,0,0,0
0.0,800000,203,11,c99cec176d470c8c8220ac2dd4003c6038c461cf2683ac7e707e09ad8388e8bd,dffaf85911370c2eb8cb2c879eae7df67fe3bcdb3c7f9568b7fbe361bb67aeb9,Fixed-Dc,2,0,0.0,0.0,0,0,0,0,0
0.0,800000,203,11,c99cec176d470c8c8220ac2dd4003c6038c461cf2683ac7e707e09ad8388e8bd,dffaf85911370c2eb8cb2c879eae7df67fe3bcdb3c7f9568b7fbe361bb67aeb9,Fixed-Dc,3,0,0.0,0.0,0,0,0,0,0
0.0,800000,203,11,c99cec176d470c8c8220ac2dd4003c6038c461cf2683ac7e707e09ad8388e8bd,dffaf85911370c2eb8cb2c879eae7df67fe3bcdb3c7f9568b7fbe361bb67aeb9,Fixed-Dc,4,0,0.0,0.0,0,0,0,0,0
0.0,800000,203,11,c99cec176d470c8c8220ac2dd4003c6038c461cf2683ac7e707e09ad8388e8bd,dffaf85911370c2eb8cb2c879eae7df67fe3bcdb3c7f9568b7fbe361bb67aeb9,Decoupled,1,0,,,,,,0,0
0.0,800000,203,11,c99cec176d470c8c8220ac2dd4003c6038c461cf2683ac7e707e09ad8388e8bd,dffaf85911370c2eb8cb2c879eae7df67fe3bcdb3c7f9568b7fbe361bb67aeb9,Decoupled,2,0,,,,,,0,0
0.0,800000,203,11,c99cec176d470c8c8220ac2dd4003c6038c461cf2683ac7e707e09ad8388e8bd,dffaf85911370c2eb8cb2c879eae7df67fe3bcdb3c7f9568b7fbe361bb67aeb9,Decoupled,3,0,,,,,,0,0
0.0,800000,203,11,c99cec176d470c8c8220ac2dd4003c6038c461cf2683ac7e707e09ad8388e8bd,dffaf85911370c2eb8cb2c879eae7df67fe3bcdb3c7f9568b7fbe361bb67aeb9,Decoupled,4,0,,,,,,0,0
0.0,2000000,200,7,5419810a72982946c7599a91a76559468748fc970a4058e0d26fce20730403ad,dffaf85911370c2eb8cb2c879eae7df67fe3bcdb3c7f9568b7fbe361bb67aeb9,No-Dq-R,1,0,0.0,0.0,0.0,0,0,0,0
0.0,2000000,200,7,5419810a72982946c7599a91a76559468748fc970a4058e0d26fce20730403ad,dffaf85911370c2eb8cb2c879eae7df67fe3bcdb3c7f9568b7fbe361bb67aeb9,No-Dq-R,2,0,0.0,0.0,0,0,0,0,0
0.0,2000000,200,7,5419810a72982946c7599a91a76559468748fc970a4058e0d26fce20730403ad,dffaf85911370c2eb8cb2c879eae7df67fe3bcdb3c7f9568b7fbe361bb67aeb9,No-Dq-R,3,0,0.0,0.0,0,0,0,0,0
0.0,2000000,200,7,5419810a72982946c7599a91a76559468748fc970a4058e0d26fce20730403ad,dffaf85911370c2eb8cb2c879eae7df67fe3bcdb3c7f9568b7fbe361bb67aeb9,No-Dq-R,4,0,0.0,0.0,0,0,0,0,0
0.0,2000000,200,7,5419810a72982946c7599a91a76559468748fc970a4058e0d26fce20730403ad,dffaf85911370c2eb8cb2c879eae7df67fe3bcdb3c7f9568b7fbe361bb67aeb9,Fixed-Dc,1,0,0.0,0.0,0.0,0,0,0,0
0.0,2000000,200,7,5419810a72982946c7599a91a76559468748fc970a4058e0d26fce20730403ad,dffaf85911370c2eb8cb2c879eae7df67fe3bcdb3c7f9568b7fbe361bb67aeb9,Fixed-Dc,2,0,0.0,0.0,0,0,0,0,0
0.0,2000000,200,7,5419810a72982946c7599a91a76559468748fc970a4058e0d26fce20730403ad,dffaf85911370c2eb8cb2c879eae7df67fe3bcdb3c7f9568b7fbe361bb67aeb9,Fixed-Dc,3,0,0.0,0.0,0,0,0,0,0
0.0,2000000,200,7,5419810a72982946c7599a91a76559468748fc970a4058e0d26fce20730403ad,dffaf85911370c2eb8cb2c879eae7df67fe3bcdb3c7f9568b7fbe361bb67aeb9,Fixed-Dc,4,0,0.0,0.0,0,0,0,0,0
0.0,2000000,200,7,5419810a72982946c7599a91a76559468748fc970a4058e0d26fce20730403ad,dffaf85911370c2eb8cb2c879eae7df67fe3bcdb3c7f9568b7fbe361bb67aeb9,Decoupled,1,0,,,,,,0,0
0.0,2000000,200,7,5419810a72982946c7599a91a76559468748fc970a4058e0d26fce20730403ad,dffaf85911370c2eb8cb2c879eae7df67fe3bcdb3c7f9568b7fbe361bb67aeb9,Decoupled,2,0,,,,,,0,0
0.0,2000000,200,7,5419810a72982946c7599a91a76559468748fc970a4058e0d26fce20730403ad,dffaf85911370c2eb8cb2c879eae7df67fe3bcdb3c7f9568b7fbe361bb67aeb9,Decoupled,3,0,,,,,,0,0
0.0,2000000,200,7,5419810a72982946c7599a91a76559468748fc970a4058e0d26fce20730403ad,dffaf85911370c2eb8cb2c879eae7df67fe3bcdb3c7f9568b7fbe361bb67aeb9,Decoupled,4,0,,,,,,0,0
0.0,2000000,200,11,5419810a72982946c7599a91a76559468748fc970a4058e0d26fce20730403ad,dffaf85911370c2eb8cb2c879eae7df67fe3bcdb3c7f9568b7fbe361bb67aeb9,No-Dq-R,1,0,0.0,0.0,0.0,0,0,0,0
0.0,2000000,200,11,5419810a72982946c7599a91a76559468748fc970a4058e0d26fce20730403ad,dffaf85911370c2eb8cb2c879eae7df67fe3bcdb3c7f9568b7fbe361bb67aeb9,No-Dq-R,2,0,0.0,0.0,0,0,0,0,0
0.0,2000000,200,11,5419810a72982946c7599a91a76559468748fc970a4058e0d26fce20730403ad,dffaf85911370c2eb8cb2c879eae7df67fe3bcdb3c7f9568b7fbe361bb67aeb9,No-Dq-R,3,0,0.0,0.0,0,0,0,0,0
0.0,2000000,200,11,5419810a72982946c7599a91a76559468748fc970a4058e0d26fce20730403ad,dffaf85911370c2eb8cb2c879eae7df67fe3bcdb3c7f9568b7fbe361bb67aeb9,No-Dq-R,4,0,0.0,0.0,0,0,0,0,0
0.0,2000000,200,11,5419810a72982946c7599a91a76559468748fc970a4058e0d26fce20730403ad,dffaf85911370c2eb8cb2c879eae7df67fe3bcdb3c7f9568b7fbe361bb67aeb9,Fixed-Dc,1,0,0.0,0.0,0.0,0,0,0,0
0.0,2000000,200,11,5419810a72982946c7599a91a76559468748fc970a4058e0d26fce20730403ad,dffaf85911370c2eb8cb2c879eae7df67fe3bcdb3c7f9568b7fbe361bb67aeb9,Fixed-Dc,2,0,0.0,0.0,0,0,0,0,0
0.0,2000000,200,11,5419810a72982946c7599a91a76559468748fc970a4058e0d26fce20730403ad,dffaf85911370c2eb8cb2c879eae7df67fe3bcdb3c7f9568b7fbe361bb67aeb9,Fixed-Dc,3,0,0.0,0.0,0,0,0,0,0
0.0,2000000,200,11,5419810a72982946c7599a91a76559468748fc970a4058e0d26fce20730403ad,dffaf85911370c2eb8cb2c879eae7df67fe3bcdb3c7f9568b7fbe361bb67aeb9,Fixed-Dc,4,0,0.0,0.0,0,0,0,0,0
0.0,2000000,200,11,5419810a72982946c7599a91a76559468748fc970a4058e0d26fce20730403ad,dffaf85911370c2eb8cb2c879eae7df67fe3bcdb3c7f9568b7fbe361bb67aeb9,Decoupled,1,0,,,,,,0,0
0.0,2000000,200,11,5419810a72982946c7599a91a76559468748fc970a4058e0d26fce20730403ad,dffaf85911370c2eb8cb2c879eae7df67fe3bcdb3c7f9568b7fbe361bb67aeb9,Decoupled,2,0,,,,,,0,0
0.0,2000000,200,11,5419810a72982946c7599a91a76559468748fc970a4058e0d26fce20730403ad,dffaf85911370c2eb8cb2c879eae7df67fe3bcdb3c7f9568b7fbe361bb67aeb9,Decoupled,3,0,,,,,,0,0
0.0,2000000,200,11,5419810a72982946c7599a91a76559468748fc970a4058e0d26fce20730403ad,dffaf85911370c2eb8cb2c879eae7df67fe3bcdb3c7f9568b7fbe361bb67aeb9,Decoupled,4,0,,,,,,0,0
0.0,2000000,201,7,710882b024cc68f1b5bbe781b941b06816e0c6bae10d48aee71d8f92bef5dbfb,dffaf85911370c2eb8cb2c879eae7df67fe3bcdb3c7f9568b7fbe361bb67aeb9,No-Dq-R,1,0,0.0,0.0,0.0,0,0,0,0
0.0,2000000,201,7,710882b024cc68f1b5bbe781b941b06816e0c6bae10d48aee71d8f92bef5dbfb,dffaf85911370c2eb8cb2c879eae7df67fe3bcdb3c7f9568b7fbe361bb67aeb9,No-Dq-R,2,0,0.0,0.0,0,0,0,0,0
0.0,2000000,201,7,710882b024cc68f1b5bbe781b941b06816e0c6bae10d48aee71d8f92bef5dbfb,dffaf85911370c2eb8cb2c879eae7df67fe3bcdb3c7f9568b7fbe361bb67aeb9,No-Dq-R,3,0,0.0,0.0,0,0,0,0,0
0.0,2000000,201,7,710882b024cc68f1b5bbe781b941b06816e0c6bae10d48aee71d8f92bef5dbfb,dffaf85911370c2eb8cb2c879eae7df67fe3bcdb3c7f9568b7fbe361bb67aeb9,No-Dq-R,4,0,0.0,0.0,0,0,0,0,0
0.0,2000000,201,7,710882b024cc68f1b5bbe781b941b06816e0c6bae10d48aee71d8f92bef5dbfb,dffaf85911370c2eb8cb2c879eae7df67fe3bcdb3c7f9568b7fbe361bb67aeb9,Fixed-Dc,1,0,0.0,0.0,0.0,0,0,0,0
0.0,2000000,201,7,710882b024cc68f1b5bbe781b941b06816e0c6bae10d48aee71d8f92bef5dbfb,dffaf85911370c2eb8cb2c879eae7df67fe3bcdb3c7f9568b7fbe361bb67aeb9,Fixed-Dc,2,0,0.0,0.0,0,0,0,0,0
0.0,2000000,201,7,710882b024cc68f1b5bbe781b941b06816e0c6bae10d48aee71d8f92bef5dbfb,dffaf85911370c2eb8cb2c879eae7df67fe3bcdb3c7f9568b7fbe361bb67aeb9,Fixed-Dc,3,0,0.0,0.0,0,0,0,0,0
0.0,2000000,201,7,710882b024cc68f1b5bbe781b941b06816e0c6bae10d48aee71d8f92bef5dbfb,dffaf85911370c2eb8cb2c879eae7df67fe3bcdb3c7f9568b7fbe361bb67aeb9,Fixed-Dc,4,0,0.0,0.0,0,0,0,0,0
0.0,2000000,201,7,710882b024cc68f1b5bbe781b941b06816e0c6bae10d48aee71d8f92bef5dbfb,dffaf85911370c2eb8cb2c879eae7df67fe3bcdb3c7f9568b7fbe361bb67aeb9,Decoupled,1,0,,,,,,0,0
0.0,2000000,201,7,710882b024cc68f1b5bbe781b941b06816e0c6bae10d48aee71d8f92bef5dbfb,dffaf85911370c2eb8cb2c879eae7df67fe3bcdb3c7f9568b7fbe361bb67aeb9,Decoupled,2,0,,,,,,0,0
0.0,2000000,201,7,710882b024cc68f1b5bbe781b941b06816e0c6bae10d48aee71d8f92bef5dbfb,dffaf85911370c2eb8cb2c879eae7df67fe3bcdb3c7f9568b7fbe361bb67aeb9,Decoupled,3,0,,,,,,0,0
0.0,2000000,201,7,710882b024cc68f1b5bbe781b941b06816e0c6bae10d48aee71d8f92bef5dbfb,dffaf85911370c2eb8cb2c879eae7df67fe3bcdb3c7f9568b7fbe361bb67aeb9,Decoupled,4,0,,,,,,0,0
0.0,2000000,201,11,710882b024cc68f1b5bbe781b941b06816e0c6bae10d48aee71d8f92bef5dbfb,dffaf85911370c2eb8cb2c879eae7df67fe3bcdb3c7f9568b7fbe361bb67aeb9,No-Dq-R,1,0,0.0,0.0,0.0,0,0,0,0
0.0,2000000,201,11,710882b024cc68f1b5bbe781b941b06816e0c6bae10d48aee71d8f92bef5dbfb,dffaf85911370c2eb8cb2c879eae7df67fe3bcdb3c7f9568b7fbe361bb67aeb9,No-Dq-R,2,0,0.0,0.0,0,0,0,0,0
0.0,2000000,201,11,710882b024cc68f1b5bbe781b941b06816e0c6bae10d48aee71d8f92bef5dbfb,dffaf85911370c2eb8cb2c879eae7df67fe3bcdb3c7f9568b7fbe361bb67aeb9,No-Dq-R,3,0,0.0,0.0,0,0,0,0,0
0.0,2000000,201,11,710882b024cc68f1b5bbe781b941b06816e0c6bae10d48aee71d8f92bef5dbfb,dffaf85911370c2eb8cb2c879eae7df67fe3bcdb3c7f9568b7fbe361bb67aeb9,No-Dq-R,4,0,0.0,0.0,0,0,0,0,0
0.0,2000000,201,11,710882b024cc68f1b5bbe781b941b06816e0c6bae10d48aee71d8f92bef5dbfb,dffaf85911370c2eb8cb2c879eae7df67fe3bcdb3c7f9568b7fbe361bb67aeb9,Fixed-Dc,1,0,0.0,0.0,0.0,0,0,0,0
0.0,2000000,201,11,710882b024cc68f1b5bbe781b941b06816e0c6bae10d48aee71d8f92bef5dbfb,dffaf85911370c2eb8cb2c879eae7df67fe3bcdb3c7f9568b7fbe361bb67aeb9,Fixed-Dc,2,0,0.0,0.0,0,0,0,0,0
0.0,2000000,201,11,710882b024cc68f1b5bbe781b941b06816e0c6bae10d48aee71d8f92bef5dbfb,dffaf85911370c2eb8cb2c879eae7df67fe3bcdb3c7f9568b7fbe361bb67aeb9,Fixed-Dc,3,0,0.0,0.0,0,0,0,0,0
0.0,2000000,201,11,710882b024cc68f1b5bbe781b941b06816e0c6bae10d48aee71d8f92bef5dbfb,dffaf85911370c2eb8cb2c879eae7df67fe3bcdb3c7f9568b7fbe361bb67aeb9,Fixed-Dc,4,0,0.0,0.0,0,0,0,0,0
0.0,2000000,201,11,710882b024cc68f1b5bbe781b941b06816e0c6bae10d48aee71d8f92bef5dbfb,dffaf85911370c2eb8cb2c879eae7df67fe3bcdb3c7f9568b7fbe361bb67aeb9,Decoupled,1,0,,,,,,0,0
0.0,2000000,201,11,710882b024cc68f1b5bbe781b941b06816e0c6bae10d48aee71d8f92bef5dbfb,dffaf85911370c2eb8cb2c879eae7df67fe3bcdb3c7f9568b7fbe361bb67aeb9,Decoupled,2,0,,,,,,0,0
0.0,2000000,201,11,710882b024cc68f1b5bbe781b941b06816e0c6bae10d48aee71d8f92bef5dbfb,dffaf85911370c2eb8cb2c879eae7df67fe3bcdb3c7f9568b7fbe361bb67aeb9,Decoupled,3,0,,,,,,0,0
0.0,2000000,201,11,710882b024cc68f1b5bbe781b941b06816e0c6bae10d48aee71d8f92bef5dbfb,dffaf85911370c2eb8cb2c879eae7df67fe3bcdb3c7f9568b7fbe361bb67aeb9,Decoupled,4,0,,,,,,0,0
0.0,2000000,202,7,7bd311d4a913d5a7c13f26c1563b366435d758e6d44d56e0818aed969268b3cb,dffaf85911370c2eb8cb2c879eae7df67fe3bcdb3c7f9568b7fbe361bb67aeb9,No-Dq-R,1,0,0.0,0.0,0.0,0,0,0,0
0.0,2000000,202,7,7bd311d4a913d5a7c13f26c1563b366435d758e6d44d56e0818aed969268b3cb,dffaf85911370c2eb8cb2c879eae7df67fe3bcdb3c7f9568b7fbe361bb67aeb9,No-Dq-R,2,0,0.0,0.0,0,0,0,0,0
0.0,2000000,202,7,7bd311d4a913d5a7c13f26c1563b366435d758e6d44d56e0818aed969268b3cb,dffaf85911370c2eb8cb2c879eae7df67fe3bcdb3c7f9568b7fbe361bb67aeb9,No-Dq-R,3,0,0.0,0.0,0,0,0,0,0
0.0,2000000,202,7,7bd311d4a913d5a7c13f26c1563b366435d758e6d44d56e0818aed969268b3cb,dffaf85911370c2eb8cb2c879eae7df67fe3bcdb3c7f9568b7fbe361bb67aeb9,No-Dq-R,4,0,0.0,0.0,0,0,0,0,0
0.0,2000000,202,7,7bd311d4a913d5a7c13f26c1563b366435d758e6d44d56e0818aed969268b3cb,dffaf85911370c2eb8cb2c879eae7df67fe3bcdb3c7f9568b7fbe361bb67aeb9,Fixed-Dc,1,0,0.0,0.0,0.0,0,0,0,0
0.0,2000000,202,7,7bd311d4a913d5a7c13f26c1563b366435d758e6d44d56e0818aed969268b3cb,dffaf85911370c2eb8cb2c879eae7df67fe3bcdb3c7f9568b7fbe361bb67aeb9,Fixed-Dc,2,0,0.0,0.0,0,0,0,0,0
0.0,2000000,202,7,7bd311d4a913d5a7c13f26c1563b366435d758e6d44d56e0818aed969268b3cb,dffaf85911370c2eb8cb2c879eae7df67fe3bcdb3c7f9568b7fbe361bb67aeb9,Fixed-Dc,3,0,0.0,0.0,0,0,0,0,0
0.0,2000000,202,7,7bd311d4a913d5a7c13f26c1563b366435d758e6d44d56e0818aed969268b3cb,dffaf85911370c2eb8cb2c879eae7df67fe3bcdb3c7f9568b7fbe361bb67aeb9,Fixed-Dc,4,0,0.0,0.0,0,0,0,0,0
0.0,2000000,202,7,7bd311d4a913d5a7c13f26c1563b366435d758e6d44d56e0818aed969268b3cb,dffaf85911370c2eb8cb2c879eae7df67fe3bcdb3c7f9568b7fbe361bb67aeb9,Decoupled,1,0,,,,,,0,0
0.0,2000000,202,7,7bd311d4a913d5a7c13f26c1563b366435d758e6d44d56e0818aed969268b3cb,dffaf85911370c2eb8cb2c879eae7df67fe3bcdb3c7f9568b7fbe361bb67aeb9,Decoupled,2,0,,,,,,0,0
0.0,2000000,202,7,7bd311d4a913d5a7c13f26c1563b366435d758e6d44d56e0818aed969268b3cb,dffaf85911370c2eb8cb2c879eae7df67fe3bcdb3c7f9568b7fbe361bb67aeb9,Decoupled,3,0,,,,,,0,0
0.0,2000000,202,7,7bd311d4a913d5a7c13f26c1563b366435d758e6d44d56e0818aed969268b3cb,dffaf85911370c2eb8cb2c879eae7df67fe3bcdb3c7f9568b7fbe361bb67aeb9,Decoupled,4,0,,,,,,0,0
0.0,2000000,202,11,7bd311d4a913d5a7c13f26c1563b366435d758e6d44d56e0818aed969268b3cb,dffaf85911370c2eb8cb2c879eae7df67fe3bcdb3c7f9568b7fbe361bb67aeb9,No-Dq-R,1,0,0.0,0.0,0.0,0,0,0,0
0.0,2000000,202,11,7bd311d4a913d5a7c13f26c1563b366435d758e6d44d56e0818aed969268b3cb,dffaf85911370c2eb8cb2c879eae7df67fe3bcdb3c7f9568b7fbe361bb67aeb9,No-Dq-R,2,0,0.0,0.0,0,0,0,0,0
0.0,2000000,202,11,7bd311d4a913d5a7c13f26c1563b366435d758e6d44d56e0818aed969268b3cb,dffaf85911370c2eb8cb2c879eae7df67fe3bcdb3c7f9568b7fbe361bb67aeb9,No-Dq-R,3,0,0.0,0.0,0,0,0,0,0
0.0,2000000,202,11,7bd311d4a913d5a7c13f26c1563b366435d758e6d44d56e0818aed969268b3cb,dffaf85911370c2eb8cb2c879eae7df67fe3bcdb3c7f9568b7fbe361bb67aeb9,No-Dq-R,4,0,0.0,0.0,0,0,0,0,0
0.0,2000000,202,11,7bd311d4a913d5a7c13f26c1563b366435d758e6d44d56e0818aed969268b3cb,dffaf85911370c2eb8cb2c879eae7df67fe3bcdb3c7f9568b7fbe361bb67aeb9,Fixed-Dc,1,0,0.0,0.0,0.0,0,0,0,0
0.0,2000000,202,11,7bd311d4a913d5a7c13f26c1563b366435d758e6d44d56e0818aed969268b3cb,dffaf85911370c2eb8cb2c879eae7df67fe3bcdb3c7f9568b7fbe361bb67aeb9,Fixed-Dc,2,0,0.0,0.0,0,0,0,0,0
0.0,2000000,202,11,7bd311d4a913d5a7c13f26c1563b366435d758e6d44d56e0818aed969268b3cb,dffaf85911370c2eb8cb2c879eae7df67fe3bcdb3c7f9568b7fbe361bb67aeb9,Fixed-Dc,3,0,0.0,0.0,0,0,0,0,0
0.0,2000000,202,11,7bd311d4a913d5a7c13f26c1563b366435d758e6d44d56e0818aed969268b3cb,dffaf85911370c2eb8cb2c879eae7df67fe3bcdb3c7f9568b7fbe361bb67aeb9,Fixed-Dc,4,0,0.0,0.0,0,0,0,0,0
0.0,2000000,202,11,7bd311d4a913d5a7c13f26c1563b366435d758e6d44d56e0818aed969268b3cb,dffaf85911370c2eb8cb2c879eae7df67fe3bcdb3c7f9568b7fbe361bb67aeb9,Decoupled,1,0,,,,,,0,0
0.0,2000000,202,11,7bd311d4a913d5a7c13f26c1563b366435d758e6d44d56e0818aed969268b3cb,dffaf85911370c2eb8cb2c879eae7df67fe3bcdb3c7f9568b7fbe361bb67aeb9,Decoupled,2,0,,,,,,0,0
0.0,2000000,202,11,7bd311d4a913d5a7c13f26c1563b366435d758e6d44d56e0818aed969268b3cb,dffaf85911370c2eb8cb2c879eae7df67fe3bcdb3c7f9568b7fbe361bb67aeb9,Decoupled,3,0,,,,,,0,0
0.0,2000000,202,11,7bd311d4a913d5a7c13f26c1563b366435d758e6d44d56e0818aed969268b3cb,dffaf85911370c2eb8cb2c879eae7df67fe3bcdb3c7f9568b7fbe361bb67aeb9,Decoupled,4,0,,,,,,0,0
0.0,2000000,203,7,d75a9ca9401b4c46942b217f6419a08c238392fcfb298051dec37c6102239dbc,dffaf85911370c2eb8cb2c879eae7df67fe3bcdb3c7f9568b7fbe361bb67aeb9,No-Dq-R,1,0,0.0,0.0,0.0,0,0,0,0
0.0,2000000,203,7,d75a9ca9401b4c46942b217f6419a08c238392fcfb298051dec37c6102239dbc,dffaf85911370c2eb8cb2c879eae7df67fe3bcdb3c7f9568b7fbe361bb67aeb9,No-Dq-R,2,0,0.0,0.0,0,0,0,0,0
0.0,2000000,203,7,d75a9ca9401b4c46942b217f6419a08c238392fcfb298051dec37c6102239dbc,dffaf85911370c2eb8cb2c879eae7df67fe3bcdb3c7f9568b7fbe361bb67aeb9,No-Dq-R,3,0,0.0,0.0,0,0,0,0,0
0.0,2000000,203,7,d75a9ca9401b4c46942b217f6419a08c238392fcfb298051dec37c6102239dbc,dffaf85911370c2eb8cb2c879eae7df67fe3bcdb3c7f9568b7fbe361bb67aeb9,No-Dq-R,4,0,0.0,0.0,0,0,0,0,0
0.0,2000000,203,7,d75a9ca9401b4c46942b217f6419a08c238392fcfb298051dec37c6102239dbc,dffaf85911370c2eb8cb2c879eae7df67fe3bcdb3c7f9568b7fbe361bb67aeb9,Fixed-Dc,1,0,0.0,0.0,0.0,0,0,0,0
0.0,2000000,203,7,d75a9ca9401b4c46942b217f6419a08c238392fcfb298051dec37c6102239dbc,dffaf85911370c2eb8cb2c879eae7df67fe3bcdb3c7f9568b7fbe361bb67aeb9,Fixed-Dc,2,0,0.0,0.0,0,0,0,0,0
0.0,2000000,203,7,d75a9ca9401b4c46942b217f6419a08c238392fcfb298051dec37c6102239dbc,dffaf85911370c2eb8cb2c879eae7df67fe3bcdb3c7f9568b7fbe361bb67aeb9,Fixed-Dc,3,0,0.0,0.0,0,0,0,0,0
0.0,2000000,203,7,d75a9ca9401b4c46942b217f6419a08c238392fcfb298051dec37c6102239dbc,dffaf85911370c2eb8cb2c879eae7df67fe3bcdb3c7f9568b7fbe361bb67aeb9,Fixed-Dc,4,0,0.0,0.0,0,0,0,0,0
0.0,2000000,203,7,d75a9ca9401b4c46942b217f6419a08c238392fcfb298051dec37c6102239dbc,dffaf85911370c2eb8cb2c879eae7df67fe3bcdb3c7f9568b7fbe361bb67aeb9,Decoupled,1,0,,,,,,0,0
0.0,2000000,203,7,d75a9ca9401b4c46942b217f6419a08c238392fcfb298051dec37c6102239dbc,dffaf85911370c2eb8cb2c879eae7df67fe3bcdb3c7f9568b7fbe361bb67aeb9,Decoupled,2,0,,,,,,0,0
0.0,2000000,203,7,d75a9ca9401b4c46942b217f6419a08c238392fcfb298051dec37c6102239dbc,dffaf85911370c2eb8cb2c879eae7df67fe3bcdb3c7f9568b7fbe361bb67aeb9,Decoupled,3,0,,,,,,0,0
0.0,2000000,203,7,d75a9ca9401b4c46942b217f6419a08c238392fcfb298051dec37c6102239dbc,dffaf85911370c2eb8cb2c879eae7df67fe3bcdb3c7f9568b7fbe361bb67aeb9,Decoupled,4,0,,,,,,0,0
0.0,2000000,203,11,d75a9ca9401b4c46942b217f6419a08c238392fcfb298051dec37c6102239dbc,dffaf85911370c2eb8cb2c879eae7df67fe3bcdb3c7f9568b7fbe361bb67aeb9,No-Dq-R,1,0,0.0,0.0,0.0,0,0,0,0
0.0,2000000,203,11,d75a9ca9401b4c46942b217f6419a08c238392fcfb298051dec37c6102239dbc,dffaf85911370c2eb8cb2c879eae7df67fe3bcdb3c7f9568b7fbe361bb67aeb9,No-Dq-R,2,0,0.0,0.0,0,0,0,0,0
0.0,2000000,203,11,d75a9ca9401b4c46942b217f6419a08c238392fcfb298051dec37c6102239dbc,dffaf85911370c2eb8cb2c879eae7df67fe3bcdb3c7f9568b7fbe361bb67aeb9,No-Dq-R,3,0,0.0,0.0,0,0,0,0,0
0.0,2000000,203,11,d75a9ca9401b4c46942b217f6419a08c238392fcfb298051dec37c6102239dbc,dffaf85911370c2eb8cb2c879eae7df67fe3bcdb3c7f9568b7fbe361bb67aeb9,No-Dq-R,4,0,0.0,0.0,0,0,0,0,0
0.0,2000000,203,11,d75a9ca9401b4c46942b217f6419a08c238392fcfb298051dec37c6102239dbc,dffaf85911370c2eb8cb2c879eae7df67fe3bcdb3c7f9568b7fbe361bb67aeb9,Fixed-Dc,1,0,0.0,0.0,0.0,0,0,0,0
0.0,2000000,203,11,d75a9ca9401b4c46942b217f6419a08c238392fcfb298051dec37c6102239dbc,dffaf85911370c2eb8cb2c879eae7df67fe3bcdb3c7f9568b7fbe361bb67aeb9,Fixed-Dc,2,0,0.0,0.0,0,0,0,0,0
0.0,2000000,203,11,d75a9ca9401b4c46942b217f6419a08c238392fcfb298051dec37c6102239dbc,dffaf85911370c2eb8cb2c879eae7df67fe3bcdb3c7f9568b7fbe361bb67aeb9,Fixed-Dc,3,0,0.0,0.0,0,0,0,0,0
0.0,2000000,203,11,d75a9ca9401b4c46942b217f6419a08c238392fcfb298051dec37c6102239dbc,dffaf85911370c2eb8cb2c879eae7df67fe3bcdb3c7f9568b7fbe361bb67aeb9,Fixed-Dc,4,0,0.0,0.0,0,0,0,0,0
0.0,2000000,203,11,d75a9ca9401b4c46942b217f6419a08c238392fcfb298051dec37c6102239dbc,dffaf85911370c2eb8cb2c879eae7df67fe3bcdb3c7f9568b7fbe361bb67aeb9,Decoupled,1,0,,,,,,0,0
0.0,2000000,203,11,d75a9ca9401b4c46942b217f6419a08c238392fcfb298051dec37c6102239dbc,dffaf85911370c2eb8cb2c879eae7df67fe3bcdb3c7f9568b7fbe361bb67aeb9,Decoupled,2,0,,,,,,0,0
0.0,2000000,203,11,d75a9ca9401b4c46942b217f6419a08c238392fcfb298051dec37c6102239dbc,dffaf85911370c2eb8cb2c879eae7df67fe3bcdb3c7f9568b7fbe361bb67aeb9,Decoupled,3,0,,,,,,0,0
0.0,2000000,203,11,d75a9ca9401b4c46942b217f6419a08c238392fcfb298051dec37c6102239dbc,dffaf85911370c2eb8cb2c879eae7df67fe3bcdb3c7f9568b7fbe361bb67aeb9,Decoupled,4,0,,,,,,0,0
0.35,800000,200,7,f2b6c611f2ad8979532a09561f02efa45b1de42c4078f2c219f4af392fd88a36,dffaf85911370c2eb8cb2c879eae7df67fe3bcdb3c7f9568b7fbe361bb67aeb9,No-Dq-R,1,0,0.0,0.0,0.0,0,0,0,0
0.35,800000,200,7,f2b6c611f2ad8979532a09561f02efa45b1de42c4078f2c219f4af392fd88a36,dffaf85911370c2eb8cb2c879eae7df67fe3bcdb3c7f9568b7fbe361bb67aeb9,No-Dq-R,2,-742415,0.053807984517685314,0.05118659168815065,1.0,1,0,0,0
0.35,800000,200,7,f2b6c611f2ad8979532a09561f02efa45b1de42c4078f2c219f4af392fd88a36,dffaf85911370c2eb8cb2c879eae7df67fe3bcdb3c7f9568b7fbe361bb67aeb9,No-Dq-R,3,-1600000,0.06971986524450047,0.07044867040812314,0,0,0,0,0
0.35,800000,200,7,f2b6c611f2ad8979532a09561f02efa45b1de42c4078f2c219f4af392fd88a36,dffaf85911370c2eb8cb2c879eae7df67fe3bcdb3c7f9568b7fbe361bb67aeb9,No-Dq-R,4,-2354286,0.05000708216350508,0.06145383720899156,0.0,0,0,1,0
0.35,800000,200,7,f2b6c611f2ad8979532a09561f02efa45b1de42c4078f2c219f4af392fd88a36,dffaf85911370c2eb8cb2c879eae7df67fe3bcdb3c7f9568b7fbe361bb67aeb9,Fixed-Dc,1,-756620,0.04004582647492394,0.03658770327590988,0.0,0,0,0,0
0.35,800000,200,7,f2b6c611f2ad8979532a09561f02efa45b1de42c4078f2c219f4af392fd88a36,dffaf85911370c2eb8cb2c879eae7df67fe3bcdb3c7f9568b7fbe361bb67aeb9,Fixed-Dc,2,12965,-0.0004504742901111358,-0.00037815893980525095,0,0,0,0,0
0.35,800000,200,7,f2b6c611f2ad8979532a09561f02efa45b1de42c4078f2c219f4af392fd88a36,dffaf85911370c2eb8cb2c879eae7df67fe3bcdb3c7f9568b7fbe361bb67aeb9,Fixed-Dc,3,12965,-0.000145407282850174,-0.00021547175887481895,0,0,0,0,0
0.35,800000,200,7,f2b6c611f2ad8979532a09561f02efa45b1de42c4078f2c219f4af392fd88a36,dffaf85911370c2eb8cb2c879eae7df67fe3bcdb3c7f9568b7fbe361bb67aeb9,Fixed-Dc,4,-665192,0.0020913914552918578,0.006007512721925512,0.0,0,0,1,0
0.35,800000,200,7,f2b6c611f2ad8979532a09561f02efa45b1de42c4078f2c219f4af392fd88a36,dffaf85911370c2eb8cb2c879eae7df67fe3bcdb3c7f9568b7fbe361bb67aeb9,Decoupled,1,0,,,,,,0,0
0.35,800000,200,7,f2b6c611f2ad8979532a09561f02efa45b1de42c4078f2c219f4af392fd88a36,dffaf85911370c2eb8cb2c879eae7df67fe3bcdb3c7f9568b7fbe361bb67aeb9,Decoupled,2,57585,,,,,,0,0
0.35,800000,200,7,f2b6c611f2ad8979532a09561f02efa45b1de42c4078f2c219f4af392fd88a36,dffaf85911370c2eb8cb2c879eae7df67fe3bcdb3c7f9568b7fbe361bb67aeb9,Decoupled,3,0,,,,,,0,0
0.35,800000,200,7,f2b6c611f2ad8979532a09561f02efa45b1de42c4078f2c219f4af392fd88a36,dffaf85911370c2eb8cb2c879eae7df67fe3bcdb3c7f9568b7fbe361bb67aeb9,Decoupled,4,45714,,,,,,0,0
0.35,800000,200,11,f2b6c611f2ad8979532a09561f02efa45b1de42c4078f2c219f4af392fd88a36,dffaf85911370c2eb8cb2c879eae7df67fe3bcdb3c7f9568b7fbe361bb67aeb9,No-Dq-R,1,0,0.0,0.0,0.0,0,0,0,0
0.35,800000,200,11,f2b6c611f2ad8979532a09561f02efa45b1de42c4078f2c219f4af392fd88a36,dffaf85911370c2eb8cb2c879eae7df67fe3bcdb3c7f9568b7fbe361bb67aeb9,No-Dq-R,2,-742415,0.053807984517685314,0.05118659168815065,1.0,1,0,0,0
0.35,800000,200,11,f2b6c611f2ad8979532a09561f02efa45b1de42c4078f2c219f4af392fd88a36,dffaf85911370c2eb8cb2c879eae7df67fe3bcdb3c7f9568b7fbe361bb67aeb9,No-Dq-R,3,-1600000,0.0626272107568423,0.07044867040812314,0,0,0,0,0
0.35,800000,200,11,f2b6c611f2ad8979532a09561f02efa45b1de42c4078f2c219f4af392fd88a36,dffaf85911370c2eb8cb2c879eae7df67fe3bcdb3c7f9568b7fbe361bb67aeb9,No-Dq-R,4,-2354286,0.05000708216350508,0.06145383720899156,0.0,0,0,1,0
0.35,800000,200,11,f2b6c611f2ad8979532a09561f02efa45b1de42c4078f2c219f4af392fd88a36,dffaf85911370c2eb8cb2c879eae7df67fe3bcdb3c7f9568b7fbe361bb67aeb9,Fixed-Dc,1,-756620,0.03251081254173238,0.03658770327590988,0.0,0,0,0,0
0.35,800000,200,11,f2b6c611f2ad8979532a09561f02efa45b1de42c4078f2c219f4af392fd88a36,dffaf85911370c2eb8cb2c879eae7df67fe3bcdb3c7f9568b7fbe361bb67aeb9,Fixed-Dc,2,12965,-0.0004504742901111358,-0.00037815893980525095,0,0,0,0,0
0.35,800000,200,11,f2b6c611f2ad8979532a09561f02efa45b1de42c4078f2c219f4af392fd88a36,dffaf85911370c2eb8cb2c879eae7df67fe3bcdb3c7f9568b7fbe361bb67aeb9,Fixed-Dc,3,12965,-0.0001403441863915278,-0.00021547175887481895,0,0,0,0,0
0.35,800000,200,11,f2b6c611f2ad8979532a09561f02efa45b1de42c4078f2c219f4af392fd88a36,dffaf85911370c2eb8cb2c879eae7df67fe3bcdb3c7f9568b7fbe361bb67aeb9,Fixed-Dc,4,-665192,0.0020913914552918578,0.006007512721925512,0.0,0,0,1,0
0.35,800000,200,11,f2b6c611f2ad8979532a09561f02efa45b1de42c4078f2c219f4af392fd88a36,dffaf85911370c2eb8cb2c879eae7df67fe3bcdb3c7f9568b7fbe361bb67aeb9,Decoupled,1,0,,,,,,0,0
0.35,800000,200,11,f2b6c611f2ad8979532a09561f02efa45b1de42c4078f2c219f4af392fd88a36,dffaf85911370c2eb8cb2c879eae7df67fe3bcdb3c7f9568b7fbe361bb67aeb9,Decoupled,2,57585,,,,,,0,0
0.35,800000,200,11,f2b6c611f2ad8979532a09561f02efa45b1de42c4078f2c219f4af392fd88a36,dffaf85911370c2eb8cb2c879eae7df67fe3bcdb3c7f9568b7fbe361bb67aeb9,Decoupled,3,0,,,,,,0,0
0.35,800000,200,11,f2b6c611f2ad8979532a09561f02efa45b1de42c4078f2c219f4af392fd88a36,dffaf85911370c2eb8cb2c879eae7df67fe3bcdb3c7f9568b7fbe361bb67aeb9,Decoupled,4,45714,,,,,,0,0
0.35,800000,201,7,51b097342fc050cbe42fa8de8af8174707d6073e8cdd42d39a4df04ce881f890,dffaf85911370c2eb8cb2c879eae7df67fe3bcdb3c7f9568b7fbe361bb67aeb9,No-Dq-R,1,0,0.0,0.0,0.0,0,0,0,0
0.35,800000,201,7,51b097342fc050cbe42fa8de8af8174707d6073e8cdd42d39a4df04ce881f890,dffaf85911370c2eb8cb2c879eae7df67fe3bcdb3c7f9568b7fbe361bb67aeb9,No-Dq-R,2,-688000,0.05145291321084,0.04910525779882968,1.0,1,0,0,0
0.35,800000,201,7,51b097342fc050cbe42fa8de8af8174707d6073e8cdd42d39a4df04ce881f890,dffaf85911370c2eb8cb2c879eae7df67fe3bcdb3c7f9568b7fbe361bb67aeb9,No-Dq-R,3,-1614019,0.06987707202337184,0.07068163954092971,0,0,0,0,0
0.35,800000,201,7,51b097342fc050cbe42fa8de8af8174707d6073e8cdd42d39a4df04ce881f890,dffaf85911370c2eb8cb2c879eae7df67fe3bcdb3c7f9568b7fbe361bb67aeb9,No-Dq-R,4,-2354286,0.04901729546320055,0.06047013248311267,0.0,0,0,1,0
0.35,800000,201,7,51b097342fc050cbe42fa8de8af8174707d6073e8cdd42d39a4df04ce881f890,dffaf85911370c2eb8cb2c879eae7df67fe3bcdb3c7f9568b7fbe361bb67aeb9,Fixed-Dc,1,12965,-0.0007255404583967895,-0.0006694666581993358,0.0,0,0,0,0
0.35,800000,201,7,51b097342fc050cbe42fa8de8af8174707d6073e8cdd42d39a4df04ce881f890,dffaf85911370c2eb8cb2c879eae7df67fe3bcdb3c7f9568b7fbe361bb67aeb9,Fixed-Dc,2,12965,-0.0004504742901111358,-0.00037815893980525095,0,0,0,0,0
0.35,800000,201,7,51b097342fc050cbe42fa8de8af8174707d6073e8cdd42d39a4df04ce881f890,dffaf85911370c2eb8cb2c879eae7df67fe3bcdb3c7f9568b7fbe361bb67aeb9,Fixed-Dc,3,-1054,1.1799496021203115e-05,1.749737393175188e-05,0,0,0,0,0
0.35,800000,201,7,51b097342fc050cbe42fa8de8af8174707d6073e8cdd42d39a4df04ce881f890,dffaf85911370c2eb8cb2c879eae7df67fe3bcdb3c7f9568b7fbe361bb67aeb9,Fixed-Dc,4,-755340,0.00232599327152605,0.006776354432052045,0.0,0,0,1,0
0.35,800000,201,7,51b097342fc050cbe42fa8de8af8174707d6073e8cdd42d39a4df04ce881f890,dffaf85911370c2eb8cb2c879eae7df67fe3bcdb3c7f9568b7fbe361bb67aeb9,Decoupled,1,0,,,,,,0,0
0.35,800000,201,7,51b097342fc050cbe42fa8de8af8174707d6073e8cdd42d39a4df04ce881f890,dffaf85911370c2eb8cb2c879eae7df67fe3bcdb3c7f9568b7fbe361bb67aeb9,Decoupled,2,112000,,,,,,0,0
0.35,800000,201,7,51b097342fc050cbe42fa8de8af8174707d6073e8cdd42d39a4df04ce881f890,dffaf85911370c2eb8cb2c879eae7df67fe3bcdb3c7f9568b7fbe361bb67aeb9,Decoupled,3,-14019,,,,,,0,0
0.35,800000,201,7,51b097342fc050cbe42fa8de8af8174707d6073e8cdd42d39a4df04ce881f890,dffaf85911370c2eb8cb2c879eae7df67fe3bcdb3c7f9568b7fbe361bb67aeb9,Decoupled,4,45714,,,,,,0,0
0.35,800000,201,11,51b097342fc050cbe42fa8de8af8174707d6073e8cdd42d39a4df04ce881f890,dffaf85911370c2eb8cb2c879eae7df67fe3bcdb3c7f9568b7fbe361bb67aeb9,No-Dq-R,1,0,0.0,0.0,0.0,0,0,0,0
0.35,800000,201,11,51b097342fc050cbe42fa8de8af8174707d6073e8cdd42d39a4df04ce881f890,dffaf85911370c2eb8cb2c879eae7df67fe3bcdb3c7f9568b7fbe361bb67aeb9,No-Dq-R,2,-688000,0.05145291321084,0.04910525779882968,1.0,1,0,0,0
0.35,800000,201,11,51b097342fc050cbe42fa8de8af8174707d6073e8cdd42d39a4df04ce881f890,dffaf85911370c2eb8cb2c879eae7df67fe3bcdb3c7f9568b7fbe361bb67aeb9,No-Dq-R,3,-1614019,0.06277894340754031,0.07068163954092971,0,0,0,0,0
0.35,800000,201,11,51b097342fc050cbe42fa8de8af8174707d6073e8cdd42d39a4df04ce881f890,dffaf85911370c2eb8cb2c879eae7df67fe3bcdb3c7f9568b7fbe361bb67aeb9,No-Dq-R,4,-2354286,0.04901729546320055,0.06047013248311267,0.0,0,0,1,0
0.35,800000,201,11,51b097342fc050cbe42fa8de8af8174707d6073e8cdd42d39a4df04ce881f890,dffaf85911370c2eb8cb2c879eae7df67fe3bcdb3c7f9568b7fbe361bb67aeb9,Fixed-Dc,1,12965,-0.0006011415817875898,-0.0006694666581993358,0.0,0,0,0,0
0.35,800000,201,11,51b097342fc050cbe42fa8de8af8174707d6073e8cdd42d39a4df04ce881f890,dffaf85911370c2eb8cb2c879eae7df67fe3bcdb3c7f9568b7fbe361bb67aeb9,Fixed-Dc,2,12965,-0.0004504742901111358,-0.00037815893980525095,0,0,0,0,0
0.35,800000,201,11,51b097342fc050cbe42fa8de8af8174707d6073e8cdd42d39a4df04ce881f890,dffaf85911370c2eb8cb2c879eae7df67fe3bcdb3c7f9568b7fbe361bb67aeb9,Fixed-Dc,3,-1054,1.1388464306483215e-05,1.749737393175188e-05,0,0,0,0,0
0.35,800000,201,11,51b097342fc050cbe42fa8de8af8174707d6073e8cdd42d39a4df04ce881f890,dffaf85911370c2eb8cb2c879eae7df67fe3bcdb3c7f9568b7fbe361bb67aeb9,Fixed-Dc,4,-755340,0.00232599327152605,0.006776354432052045,0.0,0,0,1,0
0.35,800000,201,11,51b097342fc050cbe42fa8de8af8174707d6073e8cdd42d39a4df04ce881f890,dffaf85911370c2eb8cb2c879eae7df67fe3bcdb3c7f9568b7fbe361bb67aeb9,Decoupled,1,0,,,,,,0,0
0.35,800000,201,11,51b097342fc050cbe42fa8de8af8174707d6073e8cdd42d39a4df04ce881f890,dffaf85911370c2eb8cb2c879eae7df67fe3bcdb3c7f9568b7fbe361bb67aeb9,Decoupled,2,112000,,,,,,0,0
0.35,800000,201,11,51b097342fc050cbe42fa8de8af8174707d6073e8cdd42d39a4df04ce881f890,dffaf85911370c2eb8cb2c879eae7df67fe3bcdb3c7f9568b7fbe361bb67aeb9,Decoupled,3,-14019,,,,,,0,0
0.35,800000,201,11,51b097342fc050cbe42fa8de8af8174707d6073e8cdd42d39a4df04ce881f890,dffaf85911370c2eb8cb2c879eae7df67fe3bcdb3c7f9568b7fbe361bb67aeb9,Decoupled,4,45714,,,,,,0,0
0.35,800000,202,7,3871fa68aebddfaa13b8bf569f171b4df38578acd5f3434fbd4097899b741f57,dffaf85911370c2eb8cb2c879eae7df67fe3bcdb3c7f9568b7fbe361bb67aeb9,No-Dq-R,1,0,0.0,0.0,0.0,0,0,0,0
0.35,800000,202,7,3871fa68aebddfaa13b8bf569f171b4df38578acd5f3434fbd4097899b741f57,dffaf85911370c2eb8cb2c879eae7df67fe3bcdb3c7f9568b7fbe361bb67aeb9,No-Dq-R,2,-1395356,0.076269094716231,0.06996215935294042,1.0,1,0,0,0
0.35,800000,202,7,3871fa68aebddfaa13b8bf569f171b4df38578acd5f3434fbd4097899b741f57,dffaf85911370c2eb8cb2c879eae7df67fe3bcdb3c7f9568b7fbe361bb67aeb9,No-Dq-R,3,-1004644,0.04930556776349854,0.05389672493737263,0,0,0,0,0
0.35,800000,202,7,3871fa68aebddfaa13b8bf569f171b4df38578acd5f3434fbd4097899b741f57,dffaf85911370c2eb8cb2c879eae7df67fe3bcdb3c7f9568b7fbe361bb67aeb9,No-Dq-R,4,-2400000,0.05872356008459795,0.07036168231863998,0,0,0,0,0
0.35,800000,202,7,3871fa68aebddfaa13b8bf569f171b4df38578acd5f3434fbd4097899b741f57,dffaf85911370c2eb8cb2c879eae7df67fe3bcdb3c7f9568b7fbe361bb67aeb9,Fixed-Dc,1,12965,-0.0007255404583967895,-0.0006694666581993358,0.0,0,0,0,0
0.35,800000,202,7,3871fa68aebddfaa13b8bf569f171b4df38578acd5f3434fbd4097899b741f57,dffaf85911370c2eb8cb2c879eae7df67fe3bcdb3c7f9568b7fbe361bb67aeb9,Fixed-Dc,2,-582391,0.01949910936732735,0.016173786530945256,0,0,0,0,0
0.35,800000,202,7,3871fa68aebddfaa13b8bf569f171b4df38578acd5f3434fbd4097899b741f57,dffaf85911370c2eb8cb2c879eae7df67fe3bcdb3c7f9568b7fbe361bb67aeb9,Fixed-Dc,3,12965,-0.000145407282850174,-0.00021547175887481895,0,0,0,0,0
0.35,800000,202,7,3871fa68aebddfaa13b8bf569f171b4df38578acd5f3434fbd4097899b741f57,dffaf85911370c2eb8cb2c879eae7df67fe3bcdb3c7f9568b7fbe361bb67aeb9,Fixed-Dc,4,12965,-4.737561089851461e-05,-0.00012320623673489628,0,0,0,0,0
0.35,800000,202,7,3871fa68aebddfaa13b8bf569f171b4df38578acd5f3434fbd4097899b741f57,dffaf85911370c2eb8cb2c879eae7df67fe3bcdb3c7f9568b7fbe361bb67aeb9,Decoupled,1,0,,,,,,0,0
0.35,800000,202,7,3871fa68aebddfaa13b8bf569f171b4df38578acd5f3434fbd4097899b741f57,dffaf85911370c2eb8cb2c879eae7df67fe3bcdb3c7f9568b7fbe361bb67aeb9,Decoupled,2,-595356,,,,,,0,0
0.35,800000,202,7,3871fa68aebddfaa13b8bf569f171b4df38578acd5f3434fbd4097899b741f57,dffaf85911370c2eb8cb2c879eae7df67fe3bcdb3c7f9568b7fbe361bb67aeb9,Decoupled,3,595356,,,,,,0,0
0.35,800000,202,7,3871fa68aebddfaa13b8bf569f171b4df38578acd5f3434fbd4097899b741f57,dffaf85911370c2eb8cb2c879eae7df67fe3bcdb3c7f9568b7fbe361bb67aeb9,Decoupled,4,0,,,,,,0,0
0.35,800000,202,11,3871fa68aebddfaa13b8bf569f171b4df38578acd5f3434fbd4097899b741f57,dffaf85911370c2eb8cb2c879eae7df67fe3bcdb3c7f9568b7fbe361bb67aeb9,No-Dq-R,1,0,0.0,0.0,0.0,0,0,0,0
0.35,800000,202,11,3871fa68aebddfaa13b8bf569f171b4df38578acd5f3434fbd4097899b741f57,dffaf85911370c2eb8cb2c879eae7df67fe3bcdb3c7f9568b7fbe361bb67aeb9,No-Dq-R,2,-1395356,0.076269094716231,0.06996215935294042,1.0,1,0,0,0
0.35,800000,202,11,3871fa68aebddfaa13b8bf569f171b4df38578acd5f3434fbd4097899b741f57,dffaf85911370c2eb8cb2c879eae7df67fe3bcdb3c7f9568b7fbe361bb67aeb9,No-Dq-R,3,-1004644,0.0494373466746405,0.05389672493737263,0,0,0,0,0
0.35,800000,202,11,3871fa68aebddfaa13b8bf569f171b4df38578acd5f3434fbd4097899b741f57,dffaf85911370c2eb8cb2c879eae7df67fe3bcdb3c7f9568b7fbe361bb67aeb9,No-Dq-R,4,-2400000,0.05872356008459795,0.07036168231863998,0,0,0,0,0
0.35,800000,202,11,3871fa68aebddfaa13b8bf569f171b4df38578acd5f3434fbd4097899b741f57,dffaf85911370c2eb8cb2c879eae7df67fe3bcdb3c7f9568b7fbe361bb67aeb9,Fixed-Dc,1,12965,-0.0006011415817875898,-0.0006694666581993358,0.0,0,0,0,0
0.35,800000,202,11,3871fa68aebddfaa13b8bf569f171b4df38578acd5f3434fbd4097899b741f57,dffaf85911370c2eb8cb2c879eae7df67fe3bcdb3c7f9568b7fbe361bb67aeb9,Fixed-Dc,2,-582391,0.01949910936732735,0.016173786530945256,0,0,0,0,0
0.35,800000,202,11,3871fa68aebddfaa13b8bf569f171b4df38578acd5f3434fbd4097899b741f57,dffaf85911370c2eb8cb2c879eae7df67fe3bcdb3c7f9568b7fbe361bb67aeb9,Fixed-Dc,3,12965,-0.0001403441863915278,-0.00021547175887481895,0,0,0,0,0
0.35,800000,202,11,3871fa68aebddfaa13b8bf569f171b4df38578acd5f3434fbd4097899b741f57,dffaf85911370c2eb8cb2c879eae7df67fe3bcdb3c7f9568b7fbe361bb67aeb9,Fixed-Dc,4,12965,-4.737561089851461e-05,-0.00012320623673489628,0,0,0,0,0
0.35,800000,202,11,3871fa68aebddfaa13b8bf569f171b4df38578acd5f3434fbd4097899b741f57,dffaf85911370c2eb8cb2c879eae7df67fe3bcdb3c7f9568b7fbe361bb67aeb9,Decoupled,1,0,,,,,,0,0
0.35,800000,202,11,3871fa68aebddfaa13b8bf569f171b4df38578acd5f3434fbd4097899b741f57,dffaf85911370c2eb8cb2c879eae7df67fe3bcdb3c7f9568b7fbe361bb67aeb9,Decoupled,2,-595356,,,,,,0,0
0.35,800000,202,11,3871fa68aebddfaa13b8bf569f171b4df38578acd5f3434fbd4097899b741f57,dffaf85911370c2eb8cb2c879eae7df67fe3bcdb3c7f9568b7fbe361bb67aeb9,Decoupled,3,595356,,,,,,0,0
0.35,800000,202,11,3871fa68aebddfaa13b8bf569f171b4df38578acd5f3434fbd4097899b741f57,dffaf85911370c2eb8cb2c879eae7df67fe3bcdb3c7f9568b7fbe361bb67aeb9,Decoupled,4,0,,,,,,0,0
0.35,800000,203,7,c2cd7e1fb3b9970cc83a4c994386e8d02554e4cf99d6304e22aabc6479d09bae,dffaf85911370c2eb8cb2c879eae7df67fe3bcdb3c7f9568b7fbe361bb67aeb9,No-Dq-R,1,0,0.0,0.0,0.0,0,0,0,0
0.35,800000,203,7,c2cd7e1fb3b9970cc83a4c994386e8d02554e4cf99d6304e22aabc6479d09bae,dffaf85911370c2eb8cb2c879eae7df67fe3bcdb3c7f9568b7fbe361bb67aeb9,No-Dq-R,2,-641047,0.04943487067554109,0.04732471559475415,1.0,1,0,0,0
0.35,800000,203,7,c2cd7e1fb3b9970cc83a4c994386e8d02554e4cf99d6304e22aabc6479d09bae,dffaf85911370c2eb8cb2c879eae7df67fe3bcdb3c7f9568b7fbe361bb67aeb9,No-Dq-R,3,-1713239,0.0709734561150695,0.07231569135853577,0,0,0,0,0
0.35,800000,203,7,c2cd7e1fb3b9970cc83a4c994386e8d02554e4cf99d6304e22aabc6479d09bae,dffaf85911370c2eb8cb2c879eae7df67fe3bcdb3c7f9568b7fbe361bb67aeb9,No-Dq-R,4,-2400000,0.05872356008459795,0.07036168231863998,0,0,0,0,0
0.35,800000,203,7,c2cd7e1fb3b9970cc83a4c994386e8d02554e4cf99d6304e22aabc6479d09bae,dffaf85911370c2eb8cb2c879eae7df67fe3bcdb3c7f9568b7fbe361bb67aeb9,Fixed-Dc,1,12965,-0.0007255404583967895,-0.0006694666581993358,0.0,0,0,0,0
0.35,800000,203,7,c2cd7e1fb3b9970cc83a4c994386e8d02554e4cf99d6304e22aabc6479d09bae,dffaf85911370c2eb8cb2c879eae7df67fe3bcdb3c7f9568b7fbe361bb67aeb9,Fixed-Dc,2,12965,-0.0004504742901111358,-0.00037815893980525095,0,0,0,0,0
0.35,800000,203,7,c2cd7e1fb3b9970cc83a4c994386e8d02554e4cf99d6304e22aabc6479d09bae,dffaf85911370c2eb8cb2c879eae7df67fe3bcdb3c7f9568b7fbe361bb67aeb9,Fixed-Dc,3,-100274,0.0011081835877188584,0.0016515491915378155,0,0,0,0,0
0.35,800000,203,7,c2cd7e1fb3b9970cc83a4c994386e8d02554e4cf99d6304e22aabc6479d09bae,dffaf85911370c2eb8cb2c879eae7df67fe3bcdb3c7f9568b7fbe361bb67aeb9,Fixed-Dc,4,12965,-4.737561089851461e-05,-0.00012320623673489628,0,0,0,0,0
0.35,800000,203,7,c2cd7e1fb3b9970cc83a4c994386e8d02554e4cf99d6304e22aabc6479d09bae,dffaf85911370c2eb8cb2c879eae7df67fe3bcdb3c7f9568b7fbe361bb67aeb9,Decoupled,1,0,,,,,,0,0
0.35,800000,203,7,c2cd7e1fb3b9970cc83a4c994386e8d02554e4cf99d6304e22aabc6479d09bae,dffaf85911370c2eb8cb2c879eae7df67fe3bcdb3c7f9568b7fbe361bb67aeb9,Decoupled,2,158953,,,,,,0,0
0.35,800000,203,7,c2cd7e1fb3b9970cc83a4c994386e8d02554e4cf99d6304e22aabc6479d09bae,dffaf85911370c2eb8cb2c879eae7df67fe3bcdb3c7f9568b7fbe361bb67aeb9,Decoupled,3,-113239,,,,,,0,0
0.35,800000,203,7,c2cd7e1fb3b9970cc83a4c994386e8d02554e4cf99d6304e22aabc6479d09bae,dffaf85911370c2eb8cb2c879eae7df67fe3bcdb3c7f9568b7fbe361bb67aeb9,Decoupled,4,0,,,,,,0,0
0.35,800000,203,11,c2cd7e1fb3b9970cc83a4c994386e8d02554e4cf99d6304e22aabc6479d09bae,dffaf85911370c2eb8cb2c879eae7df67fe3bcdb3c7f9568b7fbe361bb67aeb9,No-Dq-R,1,0,0.0,0.0,0.0,0,0,0,0
0.35,800000,203,11,c2cd7e1fb3b9970cc83a4c994386e8d02554e4cf99d6304e22aabc6479d09bae,dffaf85911370c2eb8cb2c879eae7df67fe3bcdb3c7f9568b7fbe361bb67aeb9,No-Dq-R,2,-641047,0.04943487067554109,0.04732471559475415,1.0,1,0,0,0
0.35,800000,203,11,c2cd7e1fb3b9970cc83a4c994386e8d02554e4cf99d6304e22aabc6479d09bae,dffaf85911370c2eb8cb2c879eae7df67fe3bcdb3c7f9568b7fbe361bb67aeb9,No-Dq-R,3,-1713239,0.0638370197862334,0.07231569135853577,0,0,0,0,0
0.35,800000,203,11,c2cd7e1fb3b9970cc83a4c994386e8d02554e4cf99d6304e22aabc6479d09bae,dffaf85911370c2eb8cb2c879eae7df67fe3bcdb3c7f9568b7fbe361bb67aeb9,No-Dq-R,4,-2400000,0.05872356008459795,0.07036168231863998,0,0,0,0,0
0.35,800000,203,11,c2cd7e1fb3b9970cc83a4c994386e8d02554e4cf99d6304e22aabc6479d09bae,dffaf85911370c2eb8cb2c879eae7df67fe3bcdb3c7f9568b7fbe361bb67aeb9,Fixed-Dc,1,12965,-0.0006011415817875898,-0.0006694666581993358,0.0,0,0,0,0
0.35,800000,203,11,c2cd7e1fb3b9970cc83a4c994386e8d02554e4cf99d6304e22aabc6479d09bae,dffaf85911370c2eb8cb2c879eae7df67fe3bcdb3c7f9568b7fbe361bb67aeb9,Fixed-Dc,2,12965,-0.0004504742901111358,-0.00037815893980525095,0,0,0,0,0
0.35,800000,203,11,c2cd7e1fb3b9970cc83a4c994386e8d02554e4cf99d6304e22aabc6479d09bae,dffaf85911370c2eb8cb2c879eae7df67fe3bcdb3c7f9568b7fbe361bb67aeb9,Fixed-Dc,3,-100274,0.001069464842999579,0.0016515491915378155,0,0,0,0,0
0.35,800000,203,11,c2cd7e1fb3b9970cc83a4c994386e8d02554e4cf99d6304e22aabc6479d09bae,dffaf85911370c2eb8cb2c879eae7df67fe3bcdb3c7f9568b7fbe361bb67aeb9,Fixed-Dc,4,12965,-4.737561089851461e-05,-0.00012320623673489628,0,0,0,0,0
0.35,800000,203,11,c2cd7e1fb3b9970cc83a4c994386e8d02554e4cf99d6304e22aabc6479d09bae,dffaf85911370c2eb8cb2c879eae7df67fe3bcdb3c7f9568b7fbe361bb67aeb9,Decoupled,1,0,,,,,,0,0
0.35,800000,203,11,c2cd7e1fb3b9970cc83a4c994386e8d02554e4cf99d6304e22aabc6479d09bae,dffaf85911370c2eb8cb2c879eae7df67fe3bcdb3c7f9568b7fbe361bb67aeb9,Decoupled,2,158953,,,,,,0,0
0.35,800000,203,11,c2cd7e1fb3b9970cc83a4c994386e8d02554e4cf99d6304e22aabc6479d09bae,dffaf85911370c2eb8cb2c879eae7df67fe3bcdb3c7f9568b7fbe361bb67aeb9,Decoupled,3,-113239,,,,,,0,0
0.35,800000,203,11,c2cd7e1fb3b9970cc83a4c994386e8d02554e4cf99d6304e22aabc6479d09bae,dffaf85911370c2eb8cb2c879eae7df67fe3bcdb3c7f9568b7fbe361bb67aeb9,Decoupled,4,0,,,,,,0,0
0.35,2000000,200,7,890b054dd9718e2f7496e0793d481b54e4a979bdf1642f152a56d9c683ea2a2f,dffaf85911370c2eb8cb2c879eae7df67fe3bcdb3c7f9568b7fbe361bb67aeb9,No-Dq-R,1,0,0.0,0.0,0.0,0,0,0,0
0.35,2000000,200,7,890b054dd9718e2f7496e0793d481b54e4a979bdf1642f152a56d9c683ea2a2f,dffaf85911370c2eb8cb2c879eae7df67fe3bcdb3c7f9568b7fbe361bb67aeb9,No-Dq-R,2,0,0.0,0.0,0,0,0,0,0
0.35,2000000,200,7,890b054dd9718e2f7496e0793d481b54e4a979bdf1642f152a56d9c683ea2a2f,dffaf85911370c2eb8cb2c879eae7df67fe3bcdb3c7f9568b7fbe361bb67aeb9,No-Dq-R,3,0,0.0,0.0,0,0,0,0,0
0.35,2000000,200,7,890b054dd9718e2f7496e0793d481b54e4a979bdf1642f152a56d9c683ea2a2f,dffaf85911370c2eb8cb2c879eae7df67fe3bcdb3c7f9568b7fbe361bb67aeb9,No-Dq-R,4,0,0.0,0.0,0,0,0,0,0
0.35,2000000,200,7,890b054dd9718e2f7496e0793d481b54e4a979bdf1642f152a56d9c683ea2a2f,dffaf85911370c2eb8cb2c879eae7df67fe3bcdb3c7f9568b7fbe361bb67aeb9,Fixed-Dc,1,-756620,0.04004582647492394,0.03658770327590988,0.0,0,0,0,0
0.35,2000000,200,7,890b054dd9718e2f7496e0793d481b54e4a979bdf1642f152a56d9c683ea2a2f,dffaf85911370c2eb8cb2c879eae7df67fe3bcdb3c7f9568b7fbe361bb67aeb9,Fixed-Dc,2,12965,-0.00040407010252907494,-0.00032832191038612013,0,0,0,0,0
0.35,2000000,200,7,890b054dd9718e2f7496e0793d481b54e4a979bdf1642f152a56d9c683ea2a2f,dffaf85911370c2eb8cb2c879eae7df67fe3bcdb3c7f9568b7fbe361bb67aeb9,Fixed-Dc,3,12965,-9.085032083888667e-05,-0.0001629537825659222,0,0,0,0,0
0.35,2000000,200,7,890b054dd9718e2f7496e0793d481b54e4a979bdf1642f152a56d9c683ea2a2f,dffaf85911370c2eb8cb2c879eae7df67fe3bcdb3c7f9568b7fbe361bb67aeb9,Fixed-Dc,4,12965,-5.453211370742839e-06,-8.060658095032647e-05,0,0,0,0,0
0.35,2000000,200,7,890b054dd9718e2f7496e0793d481b54e4a979bdf1642f152a56d9c683ea2a2f,dffaf85911370c2eb8cb2c879eae7df67fe3bcdb3c7f9568b7fbe361bb67aeb9,Decoupled,1,0,,,,,,0,0
0.35,2000000,200,7,890b054dd9718e2f7496e0793d481b54e4a979bdf1642f152a56d9c683ea2a2f,dffaf85911370c2eb8cb2c879eae7df67fe3bcdb3c7f9568b7fbe361bb67aeb9,Decoupled,2,0,,,,,,0,0
0.35,2000000,200,7,890b054dd9718e2f7496e0793d481b54e4a979bdf1642f152a56d9c683ea2a2f,dffaf85911370c2eb8cb2c879eae7df67fe3bcdb3c7f9568b7fbe361bb67aeb9,Decoupled,3,0,,,,,,0,0
0.35,2000000,200,7,890b054dd9718e2f7496e0793d481b54e4a979bdf1642f152a56d9c683ea2a2f,dffaf85911370c2eb8cb2c879eae7df67fe3bcdb3c7f9568b7fbe361bb67aeb9,Decoupled,4,0,,,,,,0,0
0.35,2000000,200,11,890b054dd9718e2f7496e0793d481b54e4a979bdf1642f152a56d9c683ea2a2f,dffaf85911370c2eb8cb2c879eae7df67fe3bcdb3c7f9568b7fbe361bb67aeb9,No-Dq-R,1,0,0.0,0.0,0.0,0,0,0,0
0.35,2000000,200,11,890b054dd9718e2f7496e0793d481b54e4a979bdf1642f152a56d9c683ea2a2f,dffaf85911370c2eb8cb2c879eae7df67fe3bcdb3c7f9568b7fbe361bb67aeb9,No-Dq-R,2,0,0.0,0.0,0,0,0,0,0
0.35,2000000,200,11,890b054dd9718e2f7496e0793d481b54e4a979bdf1642f152a56d9c683ea2a2f,dffaf85911370c2eb8cb2c879eae7df67fe3bcdb3c7f9568b7fbe361bb67aeb9,No-Dq-R,3,0,0.0,0.0,0,0,0,0,0
0.35,2000000,200,11,890b054dd9718e2f7496e0793d481b54e4a979bdf1642f152a56d9c683ea2a2f,dffaf85911370c2eb8cb2c879eae7df67fe3bcdb3c7f9568b7fbe361bb67aeb9,No-Dq-R,4,0,0.0,0.0,0,0,0,0,0
0.35,2000000,200,11,890b054dd9718e2f7496e0793d481b54e4a979bdf1642f152a56d9c683ea2a2f,dffaf85911370c2eb8cb2c879eae7df67fe3bcdb3c7f9568b7fbe361bb67aeb9,Fixed-Dc,1,-756620,0.03251081254173238,0.03658770327590988,0.0,0,0,0,0
0.35,2000000,200,11,890b054dd9718e2f7496e0793d481b54e4a979bdf1642f152a56d9c683ea2a2f,dffaf85911370c2eb8cb2c879eae7df67fe3bcdb3c7f9568b7fbe361bb67aeb9,Fixed-Dc,2,12965,-0.00040407010252907494,-0.00032832191038612013,0,0,0,0,0
0.35,2000000,200,11,890b054dd9718e2f7496e0793d481b54e4a979bdf1642f152a56d9c683ea2a2f,dffaf85911370c2eb8cb2c879eae7df67fe3bcdb3c7f9568b7fbe361bb67aeb9,Fixed-Dc,3,12965,-8.721840750941512e-05,-0.0001629537825659222,0,0,0,0,0
0.35,2000000,200,11,890b054dd9718e2f7496e0793d481b54e4a979bdf1642f152a56d9c683ea2a2f,dffaf85911370c2eb8cb2c879eae7df67fe3bcdb3c7f9568b7fbe361bb67aeb9,Fixed-Dc,4,12965,-5.453211370742839e-06,-8.060658095032647e-05,0,0,0,0,0
0.35,2000000,200,11,890b054dd9718e2f7496e0793d481b54e4a979bdf1642f152a56d9c683ea2a2f,dffaf85911370c2eb8cb2c879eae7df67fe3bcdb3c7f9568b7fbe361bb67aeb9,Decoupled,1,0,,,,,,0,0
0.35,2000000,200,11,890b054dd9718e2f7496e0793d481b54e4a979bdf1642f152a56d9c683ea2a2f,dffaf85911370c2eb8cb2c879eae7df67fe3bcdb3c7f9568b7fbe361bb67aeb9,Decoupled,2,0,,,,,,0,0
0.35,2000000,200,11,890b054dd9718e2f7496e0793d481b54e4a979bdf1642f152a56d9c683ea2a2f,dffaf85911370c2eb8cb2c879eae7df67fe3bcdb3c7f9568b7fbe361bb67aeb9,Decoupled,3,0,,,,,,0,0
0.35,2000000,200,11,890b054dd9718e2f7496e0793d481b54e4a979bdf1642f152a56d9c683ea2a2f,dffaf85911370c2eb8cb2c879eae7df67fe3bcdb3c7f9568b7fbe361bb67aeb9,Decoupled,4,0,,,,,,0,0
0.35,2000000,201,7,173693963522f2e6a6c2ede460627540481312644ebd1e6f2e342086c0968d35,dffaf85911370c2eb8cb2c879eae7df67fe3bcdb3c7f9568b7fbe361bb67aeb9,No-Dq-R,1,0,0.0,0.0,0.0,0,0,0,0
0.35,2000000,201,7,173693963522f2e6a6c2ede460627540481312644ebd1e6f2e342086c0968d35,dffaf85911370c2eb8cb2c879eae7df67fe3bcdb3c7f9568b7fbe361bb67aeb9,No-Dq-R,2,0,0.0,0.0,0,0,0,0,0
0.35,2000000,201,7,173693963522f2e6a6c2ede460627540481312644ebd1e6f2e342086c0968d35,dffaf85911370c2eb8cb2c879eae7df67fe3bcdb3c7f9568b7fbe361bb67aeb9,No-Dq-R,3,0,0.0,0.0,0,0,0,0,0
0.35,2000000,201,7,173693963522f2e6a6c2ede460627540481312644ebd1e6f2e342086c0968d35,dffaf85911370c2eb8cb2c879eae7df67fe3bcdb3c7f9568b7fbe361bb67aeb9,No-Dq-R,4,0,0.0,0.0,0,0,0,0,0
0.35,2000000,201,7,173693963522f2e6a6c2ede460627540481312644ebd1e6f2e342086c0968d35,dffaf85911370c2eb8cb2c879eae7df67fe3bcdb3c7f9568b7fbe361bb67aeb9,Fixed-Dc,1,12965,-0.0007255404583967895,-0.0006694666581993358,0.0,0,0,0,0
0.35,2000000,201,7,173693963522f2e6a6c2ede460627540481312644ebd1e6f2e342086c0968d35,dffaf85911370c2eb8cb2c879eae7df67fe3bcdb3c7f9568b7fbe361bb67aeb9,Fixed-Dc,2,12965,-0.00040407010252907494,-0.00032832191038612013,0,0,0,0,0
0.35,2000000,201,7,173693963522f2e6a6c2ede460627540481312644ebd1e6f2e342086c0968d35,dffaf85911370c2eb8cb2c879eae7df67fe3bcdb3c7f9568b7fbe361bb67aeb9,Fixed-Dc,3,12965,-9.085032083888667e-05,-0.0001629537825659222,0,0,0,0,0
0.35,2000000,201,7,173693963522f2e6a6c2ede460627540481312644ebd1e6f2e342086c0968d35,dffaf85911370c2eb8cb2c879eae7df67fe3bcdb3c7f9568b7fbe361bb67aeb9,Fixed-Dc,4,12965,-5.453211370742839e-06,-8.060658095032647e-05,0,0,0,0,0
0.35,2000000,201,7,173693963522f2e6a6c2ede460627540481312644ebd1e6f2e342086c0968d35,dffaf85911370c2eb8cb2c879eae7df67fe3bcdb3c7f9568b7fbe361bb67aeb9,Decoupled,1,0,,,,,,0,0
0.35,2000000,201,7,173693963522f2e6a6c2ede460627540481312644ebd1e6f2e342086c0968d35,dffaf85911370c2eb8cb2c879eae7df67fe3bcdb3c7f9568b7fbe361bb67aeb9,Decoupled,2,0,,,,,,0,0
0.35,2000000,201,7,173693963522f2e6a6c2ede460627540481312644ebd1e6f2e342086c0968d35,dffaf85911370c2eb8cb2c879eae7df67fe3bcdb3c7f9568b7fbe361bb67aeb9,Decoupled,3,0,,,,,,0,0
0.35,2000000,201,7,173693963522f2e6a6c2ede460627540481312644ebd1e6f2e342086c0968d35,dffaf85911370c2eb8cb2c879eae7df67fe3bcdb3c7f9568b7fbe361bb67aeb9,Decoupled,4,0,,,,,,0,0
0.35,2000000,201,11,173693963522f2e6a6c2ede460627540481312644ebd1e6f2e342086c0968d35,dffaf85911370c2eb8cb2c879eae7df67fe3bcdb3c7f9568b7fbe361bb67aeb9,No-Dq-R,1,0,0.0,0.0,0.0,0,0,0,0
0.35,2000000,201,11,173693963522f2e6a6c2ede460627540481312644ebd1e6f2e342086c0968d35,dffaf85911370c2eb8cb2c879eae7df67fe3bcdb3c7f9568b7fbe361bb67aeb9,No-Dq-R,2,0,0.0,0.0,0,0,0,0,0
0.35,2000000,201,11,173693963522f2e6a6c2ede460627540481312644ebd1e6f2e342086c0968d35,dffaf85911370c2eb8cb2c879eae7df67fe3bcdb3c7f9568b7fbe361bb67aeb9,No-Dq-R,3,0,0.0,0.0,0,0,0,0,0
0.35,2000000,201,11,173693963522f2e6a6c2ede460627540481312644ebd1e6f2e342086c0968d35,dffaf85911370c2eb8cb2c879eae7df67fe3bcdb3c7f9568b7fbe361bb67aeb9,No-Dq-R,4,0,0.0,0.0,0,0,0,0,0
0.35,2000000,201,11,173693963522f2e6a6c2ede460627540481312644ebd1e6f2e342086c0968d35,dffaf85911370c2eb8cb2c879eae7df67fe3bcdb3c7f9568b7fbe361bb67aeb9,Fixed-Dc,1,12965,-0.0006011415817875898,-0.0006694666581993358,0.0,0,0,0,0
0.35,2000000,201,11,173693963522f2e6a6c2ede460627540481312644ebd1e6f2e342086c0968d35,dffaf85911370c2eb8cb2c879eae7df67fe3bcdb3c7f9568b7fbe361bb67aeb9,Fixed-Dc,2,12965,-0.00040407010252907494,-0.00032832191038612013,0,0,0,0,0
0.35,2000000,201,11,173693963522f2e6a6c2ede460627540481312644ebd1e6f2e342086c0968d35,dffaf85911370c2eb8cb2c879eae7df67fe3bcdb3c7f9568b7fbe361bb67aeb9,Fixed-Dc,3,12965,-8.721840750941512e-05,-0.0001629537825659222,0,0,0,0,0
0.35,2000000,201,11,173693963522f2e6a6c2ede460627540481312644ebd1e6f2e342086c0968d35,dffaf85911370c2eb8cb2c879eae7df67fe3bcdb3c7f9568b7fbe361bb67aeb9,Fixed-Dc,4,12965,-5.453211370742839e-06,-8.060658095032647e-05,0,0,0,0,0
0.35,2000000,201,11,173693963522f2e6a6c2ede460627540481312644ebd1e6f2e342086c0968d35,dffaf85911370c2eb8cb2c879eae7df67fe3bcdb3c7f9568b7fbe361bb67aeb9,Decoupled,1,0,,,,,,0,0
0.35,2000000,201,11,173693963522f2e6a6c2ede460627540481312644ebd1e6f2e342086c0968d35,dffaf85911370c2eb8cb2c879eae7df67fe3bcdb3c7f9568b7fbe361bb67aeb9,Decoupled,2,0,,,,,,0,0
0.35,2000000,201,11,173693963522f2e6a6c2ede460627540481312644ebd1e6f2e342086c0968d35,dffaf85911370c2eb8cb2c879eae7df67fe3bcdb3c7f9568b7fbe361bb67aeb9,Decoupled,3,0,,,,,,0,0
0.35,2000000,201,11,173693963522f2e6a6c2ede460627540481312644ebd1e6f2e342086c0968d35,dffaf85911370c2eb8cb2c879eae7df67fe3bcdb3c7f9568b7fbe361bb67aeb9,Decoupled,4,0,,,,,,0,0
0.35,2000000,202,7,1ed426533bb91b0f027252bdea7a6e263357f8ec88a7cb8cfdd1afe522d25a5c,dffaf85911370c2eb8cb2c879eae7df67fe3bcdb3c7f9568b7fbe361bb67aeb9,No-Dq-R,1,0,0.0,0.0,0.0,0,0,0,0
0.35,2000000,202,7,1ed426533bb91b0f027252bdea7a6e263357f8ec88a7cb8cfdd1afe522d25a5c,dffaf85911370c2eb8cb2c879eae7df67fe3bcdb3c7f9568b7fbe361bb67aeb9,No-Dq-R,2,0,0.0,0.0,0,0,0,0,0
0.35,2000000,202,7,1ed426533bb91b0f027252bdea7a6e263357f8ec88a7cb8cfdd1afe522d25a5c,dffaf85911370c2eb8cb2c879eae7df67fe3bcdb3c7f9568b7fbe361bb67aeb9,No-Dq-R,3,0,0.0,0.0,0,0,0,0,0
0.35,2000000,202,7,1ed426533bb91b0f027252bdea7a6e263357f8ec88a7cb8cfdd1afe522d25a5c,dffaf85911370c2eb8cb2c879eae7df67fe3bcdb3c7f9568b7fbe361bb67aeb9,No-Dq-R,4,0,0.0,0.0,0,0,0,0,0
0.35,2000000,202,7,1ed426533bb91b0f027252bdea7a6e263357f8ec88a7cb8cfdd1afe522d25a5c,dffaf85911370c2eb8cb2c879eae7df67fe3bcdb3c7f9568b7fbe361bb67aeb9,Fixed-Dc,1,12965,-0.0007255404583967895,-0.0006694666581993358,0.0,0,0,0,0
0.35,2000000,202,7,1ed426533bb91b0f027252bdea7a6e263357f8ec88a7cb8cfdd1afe522d25a5c,dffaf85911370c2eb8cb2c879eae7df67fe3bcdb3c7f9568b7fbe361bb67aeb9,Fixed-Dc,2,-182391,0.00561824740743716,0.0045452701548584495,0,0,0,0,0
0.35,2000000,202,7,1ed426533bb91b0f027252bdea7a6e263357f8ec88a7cb8cfdd1afe522d25a5c,dffaf85911370c2eb8cb2c879eae7df67fe3bcdb3c7f9568b7fbe361bb67aeb9,Fixed-Dc,3,-536677,0.003451726198556604,0.006465532706771582,0,0,0,0,0
0.35,2000000,202,7,1ed426533bb91b0f027252bdea7a6e263357f8ec88a7cb8cfdd1afe522d25a5c,dffaf85911370c2eb8cb2c879eae7df67fe3bcdb3c7f9568b7fbe361bb67aeb9,Fixed-Dc,4,12965,-5.453211370742839e-06,-8.060658095032647e-05,0,0,0,0,0
0.35,2000000,202,7,1ed426533bb91b0f027252bdea7a6e263357f8ec88a7cb8cfdd1afe522d25a5c,dffaf85911370c2eb8cb2c879eae7df67fe3bcdb3c7f9568b7fbe361bb67aeb9,Decoupled,1,0,,,,,,0,0
0.35,2000000,202,7,1ed426533bb91b0f027252bdea7a6e263357f8ec88a7cb8cfdd1afe522d25a5c,dffaf85911370c2eb8cb2c879eae7df67fe3bcdb3c7f9568b7fbe361bb67aeb9,Decoupled,2,0,,,,,,0,0
0.35,2000000,202,7,1ed426533bb91b0f027252bdea7a6e263357f8ec88a7cb8cfdd1afe522d25a5c,dffaf85911370c2eb8cb2c879eae7df67fe3bcdb3c7f9568b7fbe361bb67aeb9,Decoupled,3,0,,,,,,0,0
0.35,2000000,202,7,1ed426533bb91b0f027252bdea7a6e263357f8ec88a7cb8cfdd1afe522d25a5c,dffaf85911370c2eb8cb2c879eae7df67fe3bcdb3c7f9568b7fbe361bb67aeb9,Decoupled,4,0,,,,,,0,0
0.35,2000000,202,11,1ed426533bb91b0f027252bdea7a6e263357f8ec88a7cb8cfdd1afe522d25a5c,dffaf85911370c2eb8cb2c879eae7df67fe3bcdb3c7f9568b7fbe361bb67aeb9,No-Dq-R,1,0,0.0,0.0,0.0,0,0,0,0
0.35,2000000,202,11,1ed426533bb91b0f027252bdea7a6e263357f8ec88a7cb8cfdd1afe522d25a5c,dffaf85911370c2eb8cb2c879eae7df67fe3bcdb3c7f9568b7fbe361bb67aeb9,No-Dq-R,2,0,0.0,0.0,0,0,0,0,0
0.35,2000000,202,11,1ed426533bb91b0f027252bdea7a6e263357f8ec88a7cb8cfdd1afe522d25a5c,dffaf85911370c2eb8cb2c879eae7df67fe3bcdb3c7f9568b7fbe361bb67aeb9,No-Dq-R,3,0,0.0,0.0,0,0,0,0,0
0.35,2000000,202,11,1ed426533bb91b0f027252bdea7a6e263357f8ec88a7cb8cfdd1afe522d25a5c,dffaf85911370c2eb8cb2c879eae7df67fe3bcdb3c7f9568b7fbe361bb67aeb9,No-Dq-R,4,0,0.0,0.0,0,0,0,0,0
0.35,2000000,202,11,1ed426533bb91b0f027252bdea7a6e263357f8ec88a7cb8cfdd1afe522d25a5c,dffaf85911370c2eb8cb2c879eae7df67fe3bcdb3c7f9568b7fbe361bb67aeb9,Fixed-Dc,1,12965,-0.0006011415817875898,-0.0006694666581993358,0.0,0,0,0,0
0.35,2000000,202,11,1ed426533bb91b0f027252bdea7a6e263357f8ec88a7cb8cfdd1afe522d25a5c,dffaf85911370c2eb8cb2c879eae7df67fe3bcdb3c7f9568b7fbe361bb67aeb9,Fixed-Dc,2,-182391,0.00561824740743716,0.0045452701548584495,0,0,0,0,0
0.35,2000000,202,11,1ed426533bb91b0f027252bdea7a6e263357f8ec88a7cb8cfdd1afe522d25a5c,dffaf85911370c2eb8cb2c879eae7df67fe3bcdb3c7f9568b7fbe361bb67aeb9,Fixed-Dc,3,-536677,0.0033093577916110117,0.006465532706771582,0,0,0,0,0
0.35,2000000,202,11,1ed426533bb91b0f027252bdea7a6e263357f8ec88a7cb8cfdd1afe522d25a5c,dffaf85911370c2eb8cb2c879eae7df67fe3bcdb3c7f9568b7fbe361bb67aeb9,Fixed-Dc,4,12965,-5.453211370742839e-06,-8.060658095032647e-05,0,0,0,0,0
0.35,2000000,202,11,1ed426533bb91b0f027252bdea7a6e263357f8ec88a7cb8cfdd1afe522d25a5c,dffaf85911370c2eb8cb2c879eae7df67fe3bcdb3c7f9568b7fbe361bb67aeb9,Decoupled,1,0,,,,,,0,0
0.35,2000000,202,11,1ed426533bb91b0f027252bdea7a6e263357f8ec88a7cb8cfdd1afe522d25a5c,dffaf85911370c2eb8cb2c879eae7df67fe3bcdb3c7f9568b7fbe361bb67aeb9,Decoupled,2,0,,,,,,0,0
0.35,2000000,202,11,1ed426533bb91b0f027252bdea7a6e263357f8ec88a7cb8cfdd1afe522d25a5c,dffaf85911370c2eb8cb2c879eae7df67fe3bcdb3c7f9568b7fbe361bb67aeb9,Decoupled,3,0,,,,,,0,0
0.35,2000000,202,11,1ed426533bb91b0f027252bdea7a6e263357f8ec88a7cb8cfdd1afe522d25a5c,dffaf85911370c2eb8cb2c879eae7df67fe3bcdb3c7f9568b7fbe361bb67aeb9,Decoupled,4,0,,,,,,0,0
0.35,2000000,203,7,023946d813a682e69bcda59349bdd953cefbd6e064e4c98dfb99c1e3783148ae,dffaf85911370c2eb8cb2c879eae7df67fe3bcdb3c7f9568b7fbe361bb67aeb9,No-Dq-R,1,0,0.0,0.0,0.0,0,0,0,0
0.35,2000000,203,7,023946d813a682e69bcda59349bdd953cefbd6e064e4c98dfb99c1e3783148ae,dffaf85911370c2eb8cb2c879eae7df67fe3bcdb3c7f9568b7fbe361bb67aeb9,No-Dq-R,2,0,0.0,0.0,0,0,0,0,0
0.35,2000000,203,7,023946d813a682e69bcda59349bdd953cefbd6e064e4c98dfb99c1e3783148ae,dffaf85911370c2eb8cb2c879eae7df67fe3bcdb3c7f9568b7fbe361bb67aeb9,No-Dq-R,3,0,0.0,0.0,0,0,0,0,0
0.35,2000000,203,7,023946d813a682e69bcda59349bdd953cefbd6e064e4c98dfb99c1e3783148ae,dffaf85911370c2eb8cb2c879eae7df67fe3bcdb3c7f9568b7fbe361bb67aeb9,No-Dq-R,4,0,0.0,0.0,0,0,0,0,0
0.35,2000000,203,7,023946d813a682e69bcda59349bdd953cefbd6e064e4c98dfb99c1e3783148ae,dffaf85911370c2eb8cb2c879eae7df67fe3bcdb3c7f9568b7fbe361bb67aeb9,Fixed-Dc,1,12965,-0.0007255404583967895,-0.0006694666581993358,0.0,0,0,0,0
0.35,2000000,203,7,023946d813a682e69bcda59349bdd953cefbd6e064e4c98dfb99c1e3783148ae,dffaf85911370c2eb8cb2c879eae7df67fe3bcdb3c7f9568b7fbe361bb67aeb9,Fixed-Dc,2,12965,-0.00040407010252907494,-0.00032832191038612013,0,0,0,0,0
0.35,2000000,203,7,023946d813a682e69bcda59349bdd953cefbd6e064e4c98dfb99c1e3783148ae,dffaf85911370c2eb8cb2c879eae7df67fe3bcdb3c7f9568b7fbe361bb67aeb9,Fixed-Dc,3,12965,-9.085032083888667e-05,-0.0001629537825659222,0,0,0,0,0
0.35,2000000,203,7,023946d813a682e69bcda59349bdd953cefbd6e064e4c98dfb99c1e3783148ae,dffaf85911370c2eb8cb2c879eae7df67fe3bcdb3c7f9568b7fbe361bb67aeb9,Fixed-Dc,4,12965,-5.453211370742839e-06,-8.060658095032647e-05,0,0,0,0,0
0.35,2000000,203,7,023946d813a682e69bcda59349bdd953cefbd6e064e4c98dfb99c1e3783148ae,dffaf85911370c2eb8cb2c879eae7df67fe3bcdb3c7f9568b7fbe361bb67aeb9,Decoupled,1,0,,,,,,0,0
0.35,2000000,203,7,023946d813a682e69bcda59349bdd953cefbd6e064e4c98dfb99c1e3783148ae,dffaf85911370c2eb8cb2c879eae7df67fe3bcdb3c7f9568b7fbe361bb67aeb9,Decoupled,2,0,,,,,,0,0
0.35,2000000,203,7,023946d813a682e69bcda59349bdd953cefbd6e064e4c98dfb99c1e3783148ae,dffaf85911370c2eb8cb2c879eae7df67fe3bcdb3c7f9568b7fbe361bb67aeb9,Decoupled,3,0,,,,,,0,0
0.35,2000000,203,7,023946d813a682e69bcda59349bdd953cefbd6e064e4c98dfb99c1e3783148ae,dffaf85911370c2eb8cb2c879eae7df67fe3bcdb3c7f9568b7fbe361bb67aeb9,Decoupled,4,0,,,,,,0,0
0.35,2000000,203,11,023946d813a682e69bcda59349bdd953cefbd6e064e4c98dfb99c1e3783148ae,dffaf85911370c2eb8cb2c879eae7df67fe3bcdb3c7f9568b7fbe361bb67aeb9,No-Dq-R,1,0,0.0,0.0,0.0,0,0,0,0
0.35,2000000,203,11,023946d813a682e69bcda59349bdd953cefbd6e064e4c98dfb99c1e3783148ae,dffaf85911370c2eb8cb2c879eae7df67fe3bcdb3c7f9568b7fbe361bb67aeb9,No-Dq-R,2,0,0.0,0.0,0,0,0,0,0
0.35,2000000,203,11,023946d813a682e69bcda59349bdd953cefbd6e064e4c98dfb99c1e3783148ae,dffaf85911370c2eb8cb2c879eae7df67fe3bcdb3c7f9568b7fbe361bb67aeb9,No-Dq-R,3,0,0.0,0.0,0,0,0,0,0
0.35,2000000,203,11,023946d813a682e69bcda59349bdd953cefbd6e064e4c98dfb99c1e3783148ae,dffaf85911370c2eb8cb2c879eae7df67fe3bcdb3c7f9568b7fbe361bb67aeb9,No-Dq-R,4,0,0.0,0.0,0,0,0,0,0
0.35,2000000,203,11,023946d813a682e69bcda59349bdd953cefbd6e064e4c98dfb99c1e3783148ae,dffaf85911370c2eb8cb2c879eae7df67fe3bcdb3c7f9568b7fbe361bb67aeb9,Fixed-Dc,1,12965,-0.0006011415817875898,-0.0006694666581993358,0.0,0,0,0,0
0.35,2000000,203,11,023946d813a682e69bcda59349bdd953cefbd6e064e4c98dfb99c1e3783148ae,dffaf85911370c2eb8cb2c879eae7df67fe3bcdb3c7f9568b7fbe361bb67aeb9,Fixed-Dc,2,12965,-0.00040407010252907494,-0.00032832191038612013,0,0,0,0,0
0.35,2000000,203,11,023946d813a682e69bcda59349bdd953cefbd6e064e4c98dfb99c1e3783148ae,dffaf85911370c2eb8cb2c879eae7df67fe3bcdb3c7f9568b7fbe361bb67aeb9,Fixed-Dc,3,12965,-8.721840750941512e-05,-0.0001629537825659222,0,0,0,0,0
0.35,2000000,203,11,023946d813a682e69bcda59349bdd953cefbd6e064e4c98dfb99c1e3783148ae,dffaf85911370c2eb8cb2c879eae7df67fe3bcdb3c7f9568b7fbe361bb67aeb9,Fixed-Dc,4,12965,-5.453211370742839e-06,-8.060658095032647e-05,0,0,0,0,0
0.35,2000000,203,11,023946d813a682e69bcda59349bdd953cefbd6e064e4c98dfb99c1e3783148ae,dffaf85911370c2eb8cb2c879eae7df67fe3bcdb3c7f9568b7fbe361bb67aeb9,Decoupled,1,0,,,,,,0,0
0.35,2000000,203,11,023946d813a682e69bcda59349bdd953cefbd6e064e4c98dfb99c1e3783148ae,dffaf85911370c2eb8cb2c879eae7df67fe3bcdb3c7f9568b7fbe361bb67aeb9,Decoupled,2,0,,,,,,0,0
0.35,2000000,203,11,023946d813a682e69bcda59349bdd953cefbd6e064e4c98dfb99c1e3783148ae,dffaf85911370c2eb8cb2c879eae7df67fe3bcdb3c7f9568b7fbe361bb67aeb9,Decoupled,3,0,,,,,,0,0
0.35,2000000,203,11,023946d813a682e69bcda59349bdd953cefbd6e064e4c98dfb99c1e3783148ae,dffaf85911370c2eb8cb2c879eae7df67fe3bcdb3c7f9568b7fbe361bb67aeb9,Decoupled,4,0,,,,,,0,0
0.7,800000,200,7,cbb701ca368c2d4ca1a6665004c590b6c783a65eb6d331438b5f2fab013363d9,dffaf85911370c2eb8cb2c879eae7df67fe3bcdb3c7f9568b7fbe361bb67aeb9,No-Dq-R,1,0,0.0,0.0,0.0,0,0,0,0
0.7,800000,200,7,cbb701ca368c2d4ca1a6665004c590b6c783a65eb6d331438b5f2fab013363d9,dffaf85911370c2eb8cb2c879eae7df67fe3bcdb3c7f9568b7fbe361bb67aeb9,No-Dq-R,2,-1051078,0.06491375213850559,0.060590450842783306,1.0,1,0,0,0
0.7,800000,200,7,cbb701ca368c2d4ca1a6665004c590b6c783a65eb6d331438b5f2fab013363d9,dffaf85911370c2eb8cb2c879eae7df67fe3bcdb3c7f9568b7fbe361bb67aeb9,No-Dq-R,3,-1348922,0.06092287530456736,0.06326843344752975,0,0,0,0,0
0.7,800000,200,7,cbb701ca368c2d4ca1a6665004c590b6c783a65eb6d331438b5f2fab013363d9,dffaf85911370c2eb8cb2c879eae7df67fe3bcdb3c7f9568b7fbe361bb67aeb9,No-Dq-R,4,-2354286,0.05107468979957974,0.06251419106738126,0,0,0,0,0
0.7,800000,200,7,cbb701ca368c2d4ca1a6665004c590b6c783a65eb6d331438b5f2fab013363d9,dffaf85911370c2eb8cb2c879eae7df67fe3bcdb3c7f9568b7fbe361bb67aeb9,Fixed-Dc,1,-432983,0.022687611739879543,0.020690146606210713,0.0,0,0,0,0
0.7,800000,200,7,cbb701ca368c2d4ca1a6665004c590b6c783a65eb6d331438b5f2fab013363d9,dffaf85911370c2eb8cb2c879eae7df67fe3bcdb3c7f9568b7fbe361bb67aeb9,Fixed-Dc,2,-10126,0.00034139057057003264,0.0002838184890747164,0,0,0,0,0
0.7,800000,200,7,cbb701ca368c2d4ca1a6665004c590b6c783a65eb6d331438b5f2fab013363d9,dffaf85911370c2eb8cb2c879eae7df67fe3bcdb3c7f9568b7fbe361bb67aeb9,Fixed-Dc,3,240952,-0.0026235085104842626,-0.0039326975043915136,0,0,0,0,0
0.7,800000,200,7,cbb701ca368c2d4ca1a6665004c590b6c783a65eb6d331438b5f2fab013363d9,dffaf85911370c2eb8cb2c879eae7df67fe3bcdb3c7f9568b7fbe361bb67aeb9,Fixed-Dc,4,-341555,0.0010395272783967902,0.00305293377618715,0,0,0,0,0
0.7,800000,200,7,cbb701ca368c2d4ca1a6665004c590b6c783a65eb6d331438b5f2fab013363d9,dffaf85911370c2eb8cb2c879eae7df67fe3bcdb3c7f9568b7fbe361bb67aeb9,Decoupled,1,0,,,,,,0,0
0.7,800000,200,7,cbb701ca368c2d4ca1a6665004c590b6c783a65eb6d331438b5f2fab013363d9,dffaf85911370c2eb8cb2c879eae7df67fe3bcdb3c7f9568b7fbe361bb67aeb9,Decoupled,2,-251078,,,,,,0,0
0.7,800000,200,7,cbb701ca368c2d4ca1a6665004c590b6c783a65eb6d331438b5f2fab013363d9,dffaf85911370c2eb8cb2c879eae7df67fe3bcdb3c7f9568b7fbe361bb67aeb9,Decoupled,3,251078,,,,,,0,0
0.7,800000,200,7,cbb701ca368c2d4ca1a6665004c590b6c783a65eb6d331438b5f2fab013363d9,dffaf85911370c2eb8cb2c879eae7df67fe3bcdb3c7f9568b7fbe361bb67aeb9,Decoupled,4,45714,,,,,,0,0
0.7,800000,200,11,cbb701ca368c2d4ca1a6665004c590b6c783a65eb6d331438b5f2fab013363d9,dffaf85911370c2eb8cb2c879eae7df67fe3bcdb3c7f9568b7fbe361bb67aeb9,No-Dq-R,1,0,0.0,0.0,0.0,0,0,0,0
0.7,800000,200,11,cbb701ca368c2d4ca1a6665004c590b6c783a65eb6d331438b5f2fab013363d9,dffaf85911370c2eb8cb2c879eae7df67fe3bcdb3c7f9568b7fbe361bb67aeb9,No-Dq-R,2,-1051078,0.06491375213850559,0.060590450842783306,1.0,1,0,0,0
0.7,800000,200,11,cbb701ca368c2d4ca1a6665004c590b6c783a65eb6d331438b5f2fab013363d9,dffaf85911370c2eb8cb2c879eae7df67fe3bcdb3c7f9568b7fbe361bb67aeb9,No-Dq-R,3,-1348922,0.05685435516745618,0.06326843344752975,0,0,0,0,0
0.7,800000,200,11,cbb701ca368c2d4ca1a6665004c590b6c783a65eb6d331438b5f2fab013363d9,dffaf85911370c2eb8cb2c879eae7df67fe3bcdb3c7f9568b7fbe361bb67aeb9,No-Dq-R,4,-2354286,0.05107468979957974,0.06251419106738126,0,0,0,0,0
0.7,800000,200,11,cbb701ca368c2d4ca1a6665004c590b6c783a65eb6d331438b5f2fab013363d9,dffaf85911370c2eb8cb2c879eae7df67fe3bcdb3c7f9568b7fbe361bb67aeb9,Fixed-Dc,1,-432983,0.018348189433204043,0.020690146606210713,0.0,0,0,0,0
0.7,800000,200,11,cbb701ca368c2d4ca1a6665004c590b6c783a65eb6d331438b5f2fab013363d9,dffaf85911370c2eb8cb2c879eae7df67fe3bcdb3c7f9568b7fbe361bb67aeb9,Fixed-Dc,2,-10126,0.00034139057057003264,0.0002838184890747164,0,0,0,0,0
0.7,800000,200,11,cbb701ca368c2d4ca1a6665004c590b6c783a65eb6d331438b5f2fab013363d9,dffaf85911370c2eb8cb2c879eae7df67fe3bcdb3c7f9568b7fbe361bb67aeb9,Fixed-Dc,3,240952,-0.0025315239860609906,-0.0039326975043915136,0,0,0,0,0
0.7,800000,200,11,cbb701ca368c2d4ca1a6665004c590b6c783a65eb6d331438b5f2fab013363d9,dffaf85911370c2eb8cb2c879eae7df67fe3bcdb3c7f9568b7fbe361bb67aeb9,Fixed-Dc,4,-341555,0.0010395272783967902,0.00305293377618715,0,0,0,0,0
0.7,800000,200,11,cbb701ca368c2d4ca1a6665004c590b6c783a65eb6d331438b5f2fab013363d9,dffaf85911370c2eb8cb2c879eae7df67fe3bcdb3c7f9568b7fbe361bb67aeb9,Decoupled,1,0,,,,,,0,0
0.7,800000,200,11,cbb701ca368c2d4ca1a6665004c590b6c783a65eb6d331438b5f2fab013363d9,dffaf85911370c2eb8cb2c879eae7df67fe3bcdb3c7f9568b7fbe361bb67aeb9,Decoupled,2,-251078,,,,,,0,0
0.7,800000,200,11,cbb701ca368c2d4ca1a6665004c590b6c783a65eb6d331438b5f2fab013363d9,dffaf85911370c2eb8cb2c879eae7df67fe3bcdb3c7f9568b7fbe361bb67aeb9,Decoupled,3,251078,,,,,,0,0
0.7,800000,200,11,cbb701ca368c2d4ca1a6665004c590b6c783a65eb6d331438b5f2fab013363d9,dffaf85911370c2eb8cb2c879eae7df67fe3bcdb3c7f9568b7fbe361bb67aeb9,Decoupled,4,45714,,,,,,0,0
0.7,800000,201,7,350feb741d314c38e0ed4ce6ebfad58758af6cf1697df70595339c157e59f2eb,dffaf85911370c2eb8cb2c879eae7df67fe3bcdb3c7f9568b7fbe361bb67aeb9,No-Dq-R,1,0,0.0,0.0,0.0,0,0,0,0
0.7,800000,201,7,350feb741d314c38e0ed4ce6ebfad58758af6cf1697df70595339c157e59f2eb,dffaf85911370c2eb8cb2c879eae7df67fe3bcdb3c7f9568b7fbe361bb67aeb9,No-Dq-R,2,-1089143,0.06612140571385,0.061576231823226246,1.0,1,0,0,0
0.7,800000,201,7,350feb741d314c38e0ed4ce6ebfad58758af6cf1697df70595339c157e59f2eb,dffaf85911370c2eb8cb2c879eae7df67fe3bcdb3c7f9568b7fbe361bb67aeb9,No-Dq-R,3,-1303848,0.05937313201917144,0.06201083893236131,0,0,0,0,0
0.7,800000,201,7,350feb741d314c38e0ed4ce6ebfad58758af6cf1697df70595339c157e59f2eb,dffaf85911370c2eb8cb2c879eae7df67fe3bcdb3c7f9568b7fbe361bb67aeb9,No-Dq-R,4,-2354286,0.05056933944376624,0.0620123620761322,0,0,0,0,0
0.7,800000,201,7,350feb741d314c38e0ed4ce6ebfad58758af6cf1697df70595339c157e59f2eb,dffaf85911370c2eb8cb2c879eae7df67fe3bcdb3c7f9568b7fbe361bb67aeb9,Fixed-Dc,1,-478057,0.024968825591264787,0.022756887960736494,0.0,0,0,0,0
0.7,800000,201,7,350feb741d314c38e0ed4ce6ebfad58758af6cf1697df70595339c157e59f2eb,dffaf85911370c2eb8cb2c879eae7df67fe3bcdb3c7f9568b7fbe361bb67aeb9,Fixed-Dc,2,-55200,0.0018558017125305803,0.0015414130042431529,0,0,0,0,0
0.7,800000,201,7,350feb741d314c38e0ed4ce6ebfad58758af6cf1697df70595339c157e59f2eb,dffaf85911370c2eb8cb2c879eae7df67fe3bcdb3c7f9568b7fbe361bb67aeb9,Fixed-Dc,3,240952,-0.0026235085104842626,-0.0039326975043915136,0,0,0,0,0
0.7,800000,201,7,350feb741d314c38e0ed4ce6ebfad58758af6cf1697df70595339c157e59f2eb,dffaf85911370c2eb8cb2c879eae7df67fe3bcdb3c7f9568b7fbe361bb67aeb9,Fixed-Dc,4,-386629,0.0011642119664175832,0.003444223257299539,0,0,0,0,0
0.7,800000,201,7,350feb741d314c38e0ed4ce6ebfad58758af6cf1697df70595339c157e59f2eb,dffaf85911370c2eb8cb2c879eae7df67fe3bcdb3c7f9568b7fbe361bb67aeb9,Decoupled,1,0,,,,,,0,0
0.7,800000,201,7,350feb741d314c38e0ed4ce6ebfad58758af6cf1697df70595339c157e59f2eb,dffaf85911370c2eb8cb2c879eae7df67fe3bcdb3c7f9568b7fbe361bb67aeb9,Decoupled,2,-289143,,,,,,0,0
0.7,800000,201,7,350feb741d314c38e0ed4ce6ebfad58758af6cf1697df70595339c157e59f2eb,dffaf85911370c2eb8cb2c879eae7df67fe3bcdb3c7f9568b7fbe361bb67aeb9,Decoupled,3,296152,,,,,,0,0
0.7,800000,201,7,350feb741d314c38e0ed4ce6ebfad58758af6cf1697df70595339c157e59f2eb,dffaf85911370c2eb8cb2c879eae7df67fe3bcdb3c7f9568b7fbe361bb67aeb9,Decoupled,4,45714,,,,,,0,1
0.7,800000,201,11,350feb741d314c38e0ed4ce6ebfad58758af6cf1697df70595339c157e59f2eb,dffaf85911370c2eb8cb2c879eae7df67fe3bcdb3c7f9568b7fbe361bb67aeb9,No-Dq-R,1,0,0.0,0.0,0.0,0,0,0,0
0.7,800000,201,11,350feb741d314c38e0ed4ce6ebfad58758af6cf1697df70595339c157e59f2eb,dffaf85911370c2eb8cb2c879eae7df67fe3bcdb3c7f9568b7fbe361bb67aeb9,No-Dq-R,2,-1089143,0.06612140571385,0.061576231823226246,1.0,1,0,0,0
0.7,800000,201,11,350feb741d314c38e0ed4ce6ebfad58758af6cf1697df70595339c157e59f2eb,dffaf85911370c2eb8cb2c879eae7df67fe3bcdb3c7f9568b7fbe361bb67aeb9,No-Dq-R,3,-1303848,0.05585106973188958,0.06201083893236131,0,0,0,0,0
0.7,800000,201,11,350feb741d314c38e0ed4ce6ebfad58758af6cf1697df70595339c157e59f2eb,dffaf85911370c2eb8cb2c879eae7df67fe3bcdb3c7f9568b7fbe361bb67aeb9,No-Dq-R,4,-2354286,0.05056933944376624,0.0620123620761322,0,0,0,0,0
0.7,800000,201,11,350feb741d314c38e0ed4ce6ebfad58758af6cf1697df70595339c157e59f2eb,dffaf85911370c2eb8cb2c879eae7df67fe3bcdb3c7f9568b7fbe361bb67aeb9,Fixed-Dc,1,-478057,0.020167962912442938,0.022756887960736494,0.0,0,0,0,0
0.7,800000,201,11,350feb741d314c38e0ed4ce6ebfad58758af6cf1697df70595339c157e59f2eb,dffaf85911370c2eb8cb2c879eae7df67fe3bcdb3c7f9568b7fbe361bb67aeb9,Fixed-Dc,2,-55200,0.0018558017125305803,0.0015414130042431529,0,0,0,0,0
0.7,800000,201,11,350feb741d314c38e0ed4ce6ebfad58758af6cf1697df70595339c157e59f2eb,dffaf85911370c2eb8cb2c879eae7df67fe3bcdb3c7f9568b7fbe361bb67aeb9,Fixed-Dc,3,240952,-0.0025315239860609906,-0.0039326975043915136,0,0,0,0,0
0.7,800000,201,11,350feb741d314c38e0ed4ce6ebfad58758af6cf1697df70595339c157e59f2eb,dffaf85911370c2eb8cb2c879eae7df67fe3bcdb3c7f9568b7fbe361bb67aeb9,Fixed-Dc,4,-386629,0.0011642119664175832,0.003444223257299539,0,0,0,0,0
0.7,800000,201,11,350feb741d314c38e0ed4ce6ebfad58758af6cf1697df70595339c157e59f2eb,dffaf85911370c2eb8cb2c879eae7df67fe3bcdb3c7f9568b7fbe361bb67aeb9,Decoupled,1,0,,,,,,0,0
0.7,800000,201,11,350feb741d314c38e0ed4ce6ebfad58758af6cf1697df70595339c157e59f2eb,dffaf85911370c2eb8cb2c879eae7df67fe3bcdb3c7f9568b7fbe361bb67aeb9,Decoupled,2,-289143,,,,,,0,0
0.7,800000,201,11,350feb741d314c38e0ed4ce6ebfad58758af6cf1697df70595339c157e59f2eb,dffaf85911370c2eb8cb2c879eae7df67fe3bcdb3c7f9568b7fbe361bb67aeb9,Decoupled,3,296152,,,,,,0,0
0.7,800000,201,11,350feb741d314c38e0ed4ce6ebfad58758af6cf1697df70595339c157e59f2eb,dffaf85911370c2eb8cb2c879eae7df67fe3bcdb3c7f9568b7fbe361bb67aeb9,Decoupled,4,45714,,,,,,0,1
0.7,800000,202,7,903b00ed5bf6fa56201d5f3d3e96d2b7f1efb996ef31ac0cdcc43895ed944290,dffaf85911370c2eb8cb2c879eae7df67fe3bcdb3c7f9568b7fbe361bb67aeb9,No-Dq-R,1,0,0.0,0.0,0.0,0,0,0,0
0.7,800000,202,7,903b00ed5bf6fa56201d5f3d3e96d2b7f1efb996ef31ac0cdcc43895ed944290,dffaf85911370c2eb8cb2c879eae7df67fe3bcdb3c7f9568b7fbe361bb67aeb9,No-Dq-R,2,-213179,0.031626926475362804,0.03173479823476988,0.7295145415448698,1,0,0,0
0.7,800000,202,7,903b00ed5bf6fa56201d5f3d3e96d2b7f1efb996ef31ac0cdcc43895ed944290,dffaf85911370c2eb8cb2c879eae7df67fe3bcdb3c7f9568b7fbe361bb67aeb9,No-Dq-R,3,-2141107,0.07538568590080796,0.07907456522884926,0,0,0,0,0
0.7,800000,202,7,903b00ed5bf6fa56201d5f3d3e96d2b7f1efb996ef31ac0cdcc43895ed944290,dffaf85911370c2eb8cb2c879eae7df67fe3bcdb3c7f9568b7fbe361bb67aeb9,No-Dq-R,4,-2354286,0.05652128368032677,0.0679136556286219,0,0,0,0,0
0.7,800000,202,7,903b00ed5bf6fa56201d5f3d3e96d2b7f1efb996ef31ac0cdcc43895ed944290,dffaf85911370c2eb8cb2c879eae7df67fe3bcdb3c7f9568b7fbe361bb67aeb9,Fixed-Dc,1,31274,-0.0016947367145800918,-0.0015549994786493437,0.0,0,0,0,0
0.7,800000,202,7,903b00ed5bf6fa56201d5f3d3e96d2b7f1efb996ef31ac0cdcc43895ed944290,dffaf85911370c2eb8cb2c879eae7df67fe3bcdb3c7f9568b7fbe361bb67aeb9,Fixed-Dc,2,240952,-0.00825285050914304,-0.006896418471518673,0,0,0,0,0
0.7,800000,202,7,903b00ed5bf6fa56201d5f3d3e96d2b7f1efb996ef31ac0cdcc43895ed944290,dffaf85911370c2eb8cb2c879eae7df67fe3bcdb3c7f9568b7fbe361bb67aeb9,Fixed-Dc,3,-300155,0.003042312145823234,0.0046931973163346075,0,0,0,0,0
0.7,800000,202,7,903b00ed5bf6fa56201d5f3d3e96d2b7f1efb996ef31ac0cdcc43895ed944290,dffaf85911370c2eb8cb2c879eae7df67fe3bcdb3c7f9568b7fbe361bb67aeb9,Fixed-Dc,4,122702,-0.0004156187471161532,-0.0011357967145609327,0,0,0,0,0
0.7,800000,202,7,903b00ed5bf6fa56201d5f3d3e96d2b7f1efb996ef31ac0cdcc43895ed944290,dffaf85911370c2eb8cb2c879eae7df67fe3bcdb3c7f9568b7fbe361bb67aeb9,Decoupled,1,0,,,,,,0,0
0.7,800000,202,7,903b00ed5bf6fa56201d5f3d3e96d2b7f1efb996ef31ac0cdcc43895ed944290,dffaf85911370c2eb8cb2c879eae7df67fe3bcdb3c7f9568b7fbe361bb67aeb9,Decoupled,2,586821,,,,,,0,0
0.7,800000,202,7,903b00ed5bf6fa56201d5f3d3e96d2b7f1efb996ef31ac0cdcc43895ed944290,dffaf85911370c2eb8cb2c879eae7df67fe3bcdb3c7f9568b7fbe361bb67aeb9,Decoupled,3,-541107,,,,,,0,0
0.7,800000,202,7,903b00ed5bf6fa56201d5f3d3e96d2b7f1efb996ef31ac0cdcc43895ed944290,dffaf85911370c2eb8cb2c879eae7df67fe3bcdb3c7f9568b7fbe361bb67aeb9,Decoupled,4,45714,,,,,,0,0
0.7,800000,202,11,903b00ed5bf6fa56201d5f3d3e96d2b7f1efb996ef31ac0cdcc43895ed944290,dffaf85911370c2eb8cb2c879eae7df67fe3bcdb3c7f9568b7fbe361bb67aeb9,No-Dq-R,1,0,0.0,0.0,0.0,0,0,0,0
0.7,800000,202,11,903b00ed5bf6fa56201d5f3d3e96d2b7f1efb996ef31ac0cdcc43895ed944290,dffaf85911370c2eb8cb2c879eae7df67fe3bcdb3c7f9568b7fbe361bb67aeb9,No-Dq-R,2,-213179,0.031626926475362804,0.03173479823476988,0.7295145415448698,1,0,0,0
0.7,800000,202,11,903b00ed5bf6fa56201d5f3d3e96d2b7f1efb996ef31ac0cdcc43895ed944290,dffaf85911370c2eb8cb2c879eae7df67fe3bcdb3c7f9568b7fbe361bb67aeb9,No-Dq-R,3,-2141107,0.06809249109119364,0.07907456522884926,0,0,0,0,0
0.7,800000,202,11,903b00ed5bf6fa56201d5f3d3e96d2b7f1efb996ef31ac0cdcc43895ed944290,dffaf85911370c2eb8cb2c879eae7df67fe3bcdb3c7f9568b7fbe361bb67aeb9,No-Dq-R,4,-2354286,0.05652128368032677,0.0679136556286219,0,0,0,0,0
0.7,800000,202,11,903b00ed5bf6fa56201d5f3d3e96d2b7f1efb996ef31ac0cdcc43895ed944290,dffaf85911370c2eb8cb2c879eae7df67fe3bcdb3c7f9568b7fbe361bb67aeb9,Fixed-Dc,1,31274,-0.0013880348273890286,-0.0015549994786493437,0.0,0,0,0,0
0.7,800000,202,11,903b00ed5bf6fa56201d5f3d3e96d2b7f1efb996ef31ac0cdcc43895ed944290,dffaf85911370c2eb8cb2c879eae7df67fe3bcdb3c7f9568b7fbe361bb67aeb9,Fixed-Dc,2,240952,-0.00825285050914304,-0.006896418471518673,0,0,0,0,0
0.7,800000,202,11,903b00ed5bf6fa56201d5f3d3e96d2b7f1efb996ef31ac0cdcc43895ed944290,dffaf85911370c2eb8cb2c879eae7df67fe3bcdb3c7f9568b7fbe361bb67aeb9,Fixed-Dc,3,-300155,0.0029337563482903506,0.0046931973163346075,0,0,0,0,0
0.7,800000,202,11,903b00ed5bf6fa56201d5f3d3e96d2b7f1efb996ef31ac0cdcc43895ed944290,dffaf85911370c2eb8cb2c879eae7df67fe3bcdb3c7f9568b7fbe361bb67aeb9,Fixed-Dc,4,122702,-0.0004156187471161532,-0.0011357967145609327,0,0,0,0,0
0.7,800000,202,11,903b00ed5bf6fa56201d5f3d3e96d2b7f1efb996ef31ac0cdcc43895ed944290,dffaf85911370c2eb8cb2c879eae7df67fe3bcdb3c7f9568b7fbe361bb67aeb9,Decoupled,1,0,,,,,,0,0
0.7,800000,202,11,903b00ed5bf6fa56201d5f3d3e96d2b7f1efb996ef31ac0cdcc43895ed944290,dffaf85911370c2eb8cb2c879eae7df67fe3bcdb3c7f9568b7fbe361bb67aeb9,Decoupled,2,586821,,,,,,0,0
0.7,800000,202,11,903b00ed5bf6fa56201d5f3d3e96d2b7f1efb996ef31ac0cdcc43895ed944290,dffaf85911370c2eb8cb2c879eae7df67fe3bcdb3c7f9568b7fbe361bb67aeb9,Decoupled,3,-541107,,,,,,0,0
0.7,800000,202,11,903b00ed5bf6fa56201d5f3d3e96d2b7f1efb996ef31ac0cdcc43895ed944290,dffaf85911370c2eb8cb2c879eae7df67fe3bcdb3c7f9568b7fbe361bb67aeb9,Decoupled,4,45714,,,,,,0,0
0.7,800000,203,7,31d59c330b7f03099ec5523a24a9f30ee417f88b6c61b8192b0c88b689899275,dffaf85911370c2eb8cb2c879eae7df67fe3bcdb3c7f9568b7fbe361bb67aeb9,No-Dq-R,1,0,0.0,0.0,0.0,0,0,0,0
0.7,800000,203,7,31d59c330b7f03099ec5523a24a9f30ee417f88b6c61b8192b0c88b689899275,dffaf85911370c2eb8cb2c879eae7df67fe3bcdb3c7f9568b7fbe361bb67aeb9,No-Dq-R,2,-1089143,0.06561561409949512,0.06103487218143233,1.0,1,0,0,0
0.7,800000,203,7,31d59c330b7f03099ec5523a24a9f30ee417f88b6c61b8192b0c88b689899275,dffaf85911370c2eb8cb2c879eae7df67fe3bcdb3c7f9568b7fbe361bb67aeb9,No-Dq-R,3,-1254238,0.05767760081952067,0.06063751261347633,0,0,0,0,0
0.7,800000,203,7,31d59c330b7f03099ec5523a24a9f30ee417f88b6c61b8192b0c88b689899275,dffaf85911370c2eb8cb2c879eae7df67fe3bcdb3c7f9568b7fbe361bb67aeb9,No-Dq-R,4,-2354286,0.05001777418073061,0.06146446009895756,0.0,0,0,1,0
0.7,800000,203,7,31d59c330b7f03099ec5523a24a9f30ee417f88b6c61b8192b0c88b689899275,dffaf85911370c2eb8cb2c879eae7df67fe3bcdb3c7f9568b7fbe361bb67aeb9,Fixed-Dc,1,-527667,0.027462602984171358,0.02501322972992992,0.0,0,0,0,0
0.7,800000,203,7,31d59c330b7f03099ec5523a24a9f30ee417f88b6c61b8192b0c88b689899275,dffaf85911370c2eb8cb2c879eae7df67fe3bcdb3c7f9568b7fbe361bb67aeb9,Fixed-Dc,2,-104810,0.0035128115755096445,0.002914739323128135,0,0,0,0,0
0.7,800000,203,7,31d59c330b7f03099ec5523a24a9f30ee417f88b6c61b8192b0c88b689899275,dffaf85911370c2eb8cb2c879eae7df67fe3bcdb3c7f9568b7fbe361bb67aeb9,Fixed-Dc,3,240952,-0.0026235085104842626,-0.0039326975043915136,0,0,0,0,0
0.7,800000,203,7,31d59c330b7f03099ec5523a24a9f30ee417f88b6c61b8192b0c88b689899275,dffaf85911370c2eb8cb2c879eae7df67fe3bcdb3c7f9568b7fbe361bb67aeb9,Fixed-Dc,4,-436239,0.0012981661731962246,0.0038718422221389326,0.0,0,0,1,0
0.7,800000,203,7,31d59c330b7f03099ec5523a24a9f30ee417f88b6c61b8192b0c88b689899275,dffaf85911370c2eb8cb2c879eae7df67fe3bcdb3c7f9568b7fbe361bb67aeb9,Decoupled,1,0,,,,,,0,0
0.7,800000,203,7,31d59c330b7f03099ec5523a24a9f30ee417f88b6c61b8192b0c88b689899275,dffaf85911370c2eb8cb2c879eae7df67fe3bcdb3c7f9568b7fbe361bb67aeb9,Decoupled,2,-289143,,,,,,0,0
0.7,800000,203,7,31d59c330b7f03099ec5523a24a9f30ee417f88b6c61b8192b0c88b689899275,dffaf85911370c2eb8cb2c879eae7df67fe3bcdb3c7f9568b7fbe361bb67aeb9,Decoupled,3,345762,,,,,,0,0
0.7,800000,203,7,31d59c330b7f03099ec5523a24a9f30ee417f88b6c61b8192b0c88b689899275,dffaf85911370c2eb8cb2c879eae7df67fe3bcdb3c7f9568b7fbe361bb67aeb9,Decoupled,4,45714,,,,,,0,0
0.7,800000,203,11,31d59c330b7f03099ec5523a24a9f30ee417f88b6c61b8192b0c88b689899275,dffaf85911370c2eb8cb2c879eae7df67fe3bcdb3c7f9568b7fbe361bb67aeb9,No-Dq-R,1,0,0.0,0.0,0.0,0,0,0,0
0.7,800000,203,11,31d59c330b7f03099ec5523a24a9f30ee417f88b6c61b8192b0c88b689899275,dffaf85911370c2eb8cb2c879eae7df67fe3bcdb3c7f9568b7fbe361bb67aeb9,No-Dq-R,2,-1089143,0.06561561409949512,0.06103487218143233,1.0,1,0,0,0
0.7,800000,203,11,31d59c330b7f03099ec5523a24a9f30ee417f88b6c61b8192b0c88b689899275,dffaf85911370c2eb8cb2c879eae7df67fe3bcdb3c7f9568b7fbe361bb67aeb9,No-Dq-R,3,-1254238,0.05475821361032529,0.06063751261347633,0,0,0,0,0
0.7,800000,203,11,31d59c330b7f03099ec5523a24a9f30ee417f88b6c61b8192b0c88b689899275,dffaf85911370c2eb8cb2c879eae7df67fe3bcdb3c7f9568b7fbe361bb67aeb9,No-Dq-R,4,-2354286,0.05001777418073061,0.06146446009895756,0.0,0,0,1,0
0.7,800000,203,11,31d59c330b7f03099ec5523a24a9f30ee417f88b6c61b8192b0c88b689899275,dffaf85911370c2eb8cb2c879eae7df67fe3bcdb3c7f9568b7fbe361bb67aeb9,Fixed-Dc,1,-527667,0.022151812398814474,0.02501322972992992,0.0,0,0,0,0
0.7,800000,203,11,31d59c330b7f03099ec5523a24a9f30ee417f88b6c61b8192b0c88b689899275,dffaf85911370c2eb8cb2c879eae7df67fe3bcdb3c7f9568b7fbe361bb67aeb9,Fixed-Dc,2,-104810,0.0035128115755096445,0.002914739323128135,0,0,0,0,0
0.7,800000,203,11,31d59c330b7f03099ec5523a24a9f30ee417f88b6c61b8192b0c88b689899275,dffaf85911370c2eb8cb2c879eae7df67fe3bcdb3c7f9568b7fbe361bb67aeb9,Fixed-Dc,3,240952,-0.0025315239860609906,-0.0039326975043915136,0,0,0,0,0
0.7,800000,203,11,31d59c330b7f03099ec5523a24a9f30ee417f88b6c61b8192b0c88b689899275,dffaf85911370c2eb8cb2c879eae7df67fe3bcdb3c7f9568b7fbe361bb67aeb9,Fixed-Dc,4,-436239,0.0012981661731962246,0.0038718422221389326,0.0,0,0,1,0
0.7,800000,203,11,31d59c330b7f03099ec5523a24a9f30ee417f88b6c61b8192b0c88b689899275,dffaf85911370c2eb8cb2c879eae7df67fe3bcdb3c7f9568b7fbe361bb67aeb9,Decoupled,1,0,,,,,,0,0
0.7,800000,203,11,31d59c330b7f03099ec5523a24a9f30ee417f88b6c61b8192b0c88b689899275,dffaf85911370c2eb8cb2c879eae7df67fe3bcdb3c7f9568b7fbe361bb67aeb9,Decoupled,2,-289143,,,,,,0,0
0.7,800000,203,11,31d59c330b7f03099ec5523a24a9f30ee417f88b6c61b8192b0c88b689899275,dffaf85911370c2eb8cb2c879eae7df67fe3bcdb3c7f9568b7fbe361bb67aeb9,Decoupled,3,345762,,,,,,0,0
0.7,800000,203,11,31d59c330b7f03099ec5523a24a9f30ee417f88b6c61b8192b0c88b689899275,dffaf85911370c2eb8cb2c879eae7df67fe3bcdb3c7f9568b7fbe361bb67aeb9,Decoupled,4,45714,,,,,,0,0
0.7,2000000,200,7,204863c2c64dee1b408e54fe33833ed6ce2f6d4deda7e9a15b6b8020613d9669,dffaf85911370c2eb8cb2c879eae7df67fe3bcdb3c7f9568b7fbe361bb67aeb9,No-Dq-R,1,0,0.0,0.0,0.0,0,0,0,0
0.7,2000000,200,7,204863c2c64dee1b408e54fe33833ed6ce2f6d4deda7e9a15b6b8020613d9669,dffaf85911370c2eb8cb2c879eae7df67fe3bcdb3c7f9568b7fbe361bb67aeb9,No-Dq-R,2,0,0.0,0.0,0,0,0,0,0
0.7,2000000,200,7,204863c2c64dee1b408e54fe33833ed6ce2f6d4deda7e9a15b6b8020613d9669,dffaf85911370c2eb8cb2c879eae7df67fe3bcdb3c7f9568b7fbe361bb67aeb9,No-Dq-R,3,0,0.0,0.0,0,0,0,0,0
0.7,2000000,200,7,204863c2c64dee1b408e54fe33833ed6ce2f6d4deda7e9a15b6b8020613d9669,dffaf85911370c2eb8cb2c879eae7df67fe3bcdb3c7f9568b7fbe361bb67aeb9,No-Dq-R,4,0,0.0,0.0,0,0,0,0,0
0.7,2000000,200,7,204863c2c64dee1b408e54fe33833ed6ce2f6d4deda7e9a15b6b8020613d9669,dffaf85911370c2eb8cb2c879eae7df67fe3bcdb3c7f9568b7fbe361bb67aeb9,Fixed-Dc,1,-432983,0.022687611739879543,0.020690146606210713,0.0,0,0,0,0
0.7,2000000,200,7,204863c2c64dee1b408e54fe33833ed6ce2f6d4deda7e9a15b6b8020613d9669,dffaf85911370c2eb8cb2c879eae7df67fe3bcdb3c7f9568b7fbe361bb67aeb9,Fixed-Dc,2,240952,-0.007407788437057028,-0.005988717553647271,0,0,0,0,0
0.7,2000000,200,7,204863c2c64dee1b408e54fe33833ed6ce2f6d4deda7e9a15b6b8020613d9669,dffaf85911370c2eb8cb2c879eae7df67fe3bcdb3c7f9568b7fbe361bb67aeb9,Fixed-Dc,3,35588,-0.00023301112874252183,-0.00043248192465783486,0,0,0,0,0
0.7,2000000,200,7,204863c2c64dee1b408e54fe33833ed6ce2f6d4deda7e9a15b6b8020613d9669,dffaf85911370c2eb8cb2c879eae7df67fe3bcdb3c7f9568b7fbe361bb67aeb9,Fixed-Dc,4,-318698,1.3603934358952241e-05,0.001870517412694006,0,0,0,0,0
0.7,2000000,200,7,204863c2c64dee1b408e54fe33833ed6ce2f6d4deda7e9a15b6b8020613d9669,dffaf85911370c2eb8cb2c879eae7df67fe3bcdb3c7f9568b7fbe361bb67aeb9,Decoupled,1,0,,,,,,0,0
0.7,2000000,200,7,204863c2c64dee1b408e54fe33833ed6ce2f6d4deda7e9a15b6b8020613d9669,dffaf85911370c2eb8cb2c879eae7df67fe3bcdb3c7f9568b7fbe361bb67aeb9,Decoupled,2,0,,,,,,0,0
0.7,2000000,200,7,204863c2c64dee1b408e54fe33833ed6ce2f6d4deda7e9a15b6b8020613d9669,dffaf85911370c2eb8cb2c879eae7df67fe3bcdb3c7f9568b7fbe361bb67aeb9,Decoupled,3,0,,,,,,0,0
0.7,2000000,200,7,204863c2c64dee1b408e54fe33833ed6ce2f6d4deda7e9a15b6b8020613d9669,dffaf85911370c2eb8cb2c879eae7df67fe3bcdb3c7f9568b7fbe361bb67aeb9,Decoupled,4,0,,,,,,0,0
0.7,2000000,200,11,204863c2c64dee1b408e54fe33833ed6ce2f6d4deda7e9a15b6b8020613d9669,dffaf85911370c2eb8cb2c879eae7df67fe3bcdb3c7f9568b7fbe361bb67aeb9,No-Dq-R,1,0,0.0,0.0,0.0,0,0,0,0
0.7,2000000,200,11,204863c2c64dee1b408e54fe33833ed6ce2f6d4deda7e9a15b6b8020613d9669,dffaf85911370c2eb8cb2c879eae7df67fe3bcdb3c7f9568b7fbe361bb67aeb9,No-Dq-R,2,0,0.0,0.0,0,0,0,0,0
0.7,2000000,200,11,204863c2c64dee1b408e54fe33833ed6ce2f6d4deda7e9a15b6b8020613d9669,dffaf85911370c2eb8cb2c879eae7df67fe3bcdb3c7f9568b7fbe361bb67aeb9,No-Dq-R,3,0,0.0,0.0,0,0,0,0,0
0.7,2000000,200,11,204863c2c64dee1b408e54fe33833ed6ce2f6d4deda7e9a15b6b8020613d9669,dffaf85911370c2eb8cb2c879eae7df67fe3bcdb3c7f9568b7fbe361bb67aeb9,No-Dq-R,4,0,0.0,0.0,0,0,0,0,0
0.7,2000000,200,11,204863c2c64dee1b408e54fe33833ed6ce2f6d4deda7e9a15b6b8020613d9669,dffaf85911370c2eb8cb2c879eae7df67fe3bcdb3c7f9568b7fbe361bb67aeb9,Fixed-Dc,1,-432983,0.018348189433204043,0.020690146606210713,0.0,0,0,0,0
0.7,2000000,200,11,204863c2c64dee1b408e54fe33833ed6ce2f6d4deda7e9a15b6b8020613d9669,dffaf85911370c2eb8cb2c879eae7df67fe3bcdb3c7f9568b7fbe361bb67aeb9,Fixed-Dc,2,240952,-0.007407788437057028,-0.005988717553647271,0,0,0,0,0
0.7,2000000,200,11,204863c2c64dee1b408e54fe33833ed6ce2f6d4deda7e9a15b6b8020613d9669,dffaf85911370c2eb8cb2c879eae7df67fe3bcdb3c7f9568b7fbe361bb67aeb9,Fixed-Dc,3,35588,-0.00022346456366972856,-0.00043248192465783486,0,0,0,0,0
0.7,2000000,200,11,204863c2c64dee1b408e54fe33833ed6ce2f6d4deda7e9a15b6b8020613d9669,dffaf85911370c2eb8cb2c879eae7df67fe3bcdb3c7f9568b7fbe361bb67aeb9,Fixed-Dc,4,-318698,1.3603934358952241e-05,0.001870517412694006,0,0,0,0,0
0.7,2000000,200,11,204863c2c64dee1b408e54fe33833ed6ce2f6d4deda7e9a15b6b8020613d9669,dffaf85911370c2eb8cb2c879eae7df67fe3bcdb3c7f9568b7fbe361bb67aeb9,Decoupled,1,0,,,,,,0,0
0.7,2000000,200,11,204863c2c64dee1b408e54fe33833ed6ce2f6d4deda7e9a15b6b8020613d9669,dffaf85911370c2eb8cb2c879eae7df67fe3bcdb3c7f9568b7fbe361bb67aeb9,Decoupled,2,0,,,,,,0,0
0.7,2000000,200,11,204863c2c64dee1b408e54fe33833ed6ce2f6d4deda7e9a15b6b8020613d9669,dffaf85911370c2eb8cb2c879eae7df67fe3bcdb3c7f9568b7fbe361bb67aeb9,Decoupled,3,0,,,,,,0,0
0.7,2000000,200,11,204863c2c64dee1b408e54fe33833ed6ce2f6d4deda7e9a15b6b8020613d9669,dffaf85911370c2eb8cb2c879eae7df67fe3bcdb3c7f9568b7fbe361bb67aeb9,Decoupled,4,0,,,,,,0,0
0.7,2000000,201,7,5dc006863aba4916ec7736aaaa3ebc5b042d7cdc6679741213e891e375729906,dffaf85911370c2eb8cb2c879eae7df67fe3bcdb3c7f9568b7fbe361bb67aeb9,No-Dq-R,1,0,0.0,0.0,0.0,0,0,0,0
0.7,2000000,201,7,5dc006863aba4916ec7736aaaa3ebc5b042d7cdc6679741213e891e375729906,dffaf85911370c2eb8cb2c879eae7df67fe3bcdb3c7f9568b7fbe361bb67aeb9,No-Dq-R,2,0,0.0,0.0,0,0,0,0,0
0.7,2000000,201,7,5dc006863aba4916ec7736aaaa3ebc5b042d7cdc6679741213e891e375729906,dffaf85911370c2eb8cb2c879eae7df67fe3bcdb3c7f9568b7fbe361bb67aeb9,No-Dq-R,3,0,0.0,0.0,0,0,0,0,0
0.7,2000000,201,7,5dc006863aba4916ec7736aaaa3ebc5b042d7cdc6679741213e891e375729906,dffaf85911370c2eb8cb2c879eae7df67fe3bcdb3c7f9568b7fbe361bb67aeb9,No-Dq-R,4,0,0.0,0.0,0,0,0,0,0
0.7,2000000,201,7,5dc006863aba4916ec7736aaaa3ebc5b042d7cdc6679741213e891e375729906,dffaf85911370c2eb8cb2c879eae7df67fe3bcdb3c7f9568b7fbe361bb67aeb9,Fixed-Dc,1,-478057,0.024968825591264787,0.022756887960736494,0.0,0,0,0,0
0.7,2000000,201,7,5dc006863aba4916ec7736aaaa3ebc5b042d7cdc6679741213e891e375729906,dffaf85911370c2eb8cb2c879eae7df67fe3bcdb3c7f9568b7fbe361bb67aeb9,Fixed-Dc,2,240952,-0.007407788437057028,-0.005988717553647271,0,0,0,0,0
0.7,2000000,201,7,5dc006863aba4916ec7736aaaa3ebc5b042d7cdc6679741213e891e375729906,dffaf85911370c2eb8cb2c879eae7df67fe3bcdb3c7f9568b7fbe361bb67aeb9,Fixed-Dc,3,-9486,6.166519258765657e-05,0.0001148759658995413,0,0,0,0,0
0.7,2000000,201,7,5dc006863aba4916ec7736aaaa3ebc5b042d7cdc6679741213e891e375729906,dffaf85911370c2eb8cb2c879eae7df67fe3bcdb3c7f9568b7fbe361bb67aeb9,Fixed-Dc,4,-363772,8.041722499185777e-06,0.00212813353753849,0,0,0,0,0
0.7,2000000,201,7,5dc006863aba4916ec7736aaaa3ebc5b042d7cdc6679741213e891e375729906,dffaf85911370c2eb8cb2c879eae7df67fe3bcdb3c7f9568b7fbe361bb67aeb9,Decoupled,1,0,,,,,,0,0
0.7,2000000,201,7,5dc006863aba4916ec7736aaaa3ebc5b042d7cdc6679741213e891e375729906,dffaf85911370c2eb8cb2c879eae7df67fe3bcdb3c7f9568b7fbe361bb67aeb9,Decoupled,2,0,,,,,,0,0
0.7,2000000,201,7,5dc006863aba4916ec7736aaaa3ebc5b042d7cdc6679741213e891e375729906,dffaf85911370c2eb8cb2c879eae7df67fe3bcdb3c7f9568b7fbe361bb67aeb9,Decoupled,3,0,,,,,,0,0
0.7,2000000,201,7,5dc006863aba4916ec7736aaaa3ebc5b042d7cdc6679741213e891e375729906,dffaf85911370c2eb8cb2c879eae7df67fe3bcdb3c7f9568b7fbe361bb67aeb9,Decoupled,4,0,,,,,,0,0
0.7,2000000,201,11,5dc006863aba4916ec7736aaaa3ebc5b042d7cdc6679741213e891e375729906,dffaf85911370c2eb8cb2c879eae7df67fe3bcdb3c7f9568b7fbe361bb67aeb9,No-Dq-R,1,0,0.0,0.0,0.0,0,0,0,0
0.7,2000000,201,11,5dc006863aba4916ec7736aaaa3ebc5b042d7cdc6679741213e891e375729906,dffaf85911370c2eb8cb2c879eae7df67fe3bcdb3c7f9568b7fbe361bb67aeb9,No-Dq-R,2,0,0.0,0.0,0,0,0,0,0
0.7,2000000,201,11,5dc006863aba4916ec7736aaaa3ebc5b042d7cdc6679741213e891e375729906,dffaf85911370c2eb8cb2c879eae7df67fe3bcdb3c7f9568b7fbe361bb67aeb9,No-Dq-R,3,0,0.0,0.0,0,0,0,0,0
0.7,2000000,201,11,5dc006863aba4916ec7736aaaa3ebc5b042d7cdc6679741213e891e375729906,dffaf85911370c2eb8cb2c879eae7df67fe3bcdb3c7f9568b7fbe361bb67aeb9,No-Dq-R,4,0,0.0,0.0,0,0,0,0,0
0.7,2000000,201,11,5dc006863aba4916ec7736aaaa3ebc5b042d7cdc6679741213e891e375729906,dffaf85911370c2eb8cb2c879eae7df67fe3bcdb3c7f9568b7fbe361bb67aeb9,Fixed-Dc,1,-478057,0.020167962912442938,0.022756887960736494,0.0,0,0,0,0
0.7,2000000,201,11,5dc006863aba4916ec7736aaaa3ebc5b042d7cdc6679741213e891e375729906,dffaf85911370c2eb8cb2c879eae7df67fe3bcdb3c7f9568b7fbe361bb67aeb9,Fixed-Dc,2,240952,-0.007407788437057028,-0.005988717553647271,0,0,0,0,0
0.7,2000000,201,11,5dc006863aba4916ec7736aaaa3ebc5b042d7cdc6679741213e891e375729906,dffaf85911370c2eb8cb2c879eae7df67fe3bcdb3c7f9568b7fbe361bb67aeb9,Fixed-Dc,3,-9486,5.913199955381865e-05,0.0001148759658995413,0,0,0,0,0
0.7,2000000,201,11,5dc006863aba4916ec7736aaaa3ebc5b042d7cdc6679741213e891e375729906,dffaf85911370c2eb8cb2c879eae7df67fe3bcdb3c7f9568b7fbe361bb67aeb9,Fixed-Dc,4,-363772,8.041722499185777e-06,0.00212813353753849,0,0,0,0,0
0.7,2000000,201,11,5dc006863aba4916ec7736aaaa3ebc5b042d7cdc6679741213e891e375729906,dffaf85911370c2eb8cb2c879eae7df67fe3bcdb3c7f9568b7fbe361bb67aeb9,Decoupled,1,0,,,,,,0,0
0.7,2000000,201,11,5dc006863aba4916ec7736aaaa3ebc5b042d7cdc6679741213e891e375729906,dffaf85911370c2eb8cb2c879eae7df67fe3bcdb3c7f9568b7fbe361bb67aeb9,Decoupled,2,0,,,,,,0,0
0.7,2000000,201,11,5dc006863aba4916ec7736aaaa3ebc5b042d7cdc6679741213e891e375729906,dffaf85911370c2eb8cb2c879eae7df67fe3bcdb3c7f9568b7fbe361bb67aeb9,Decoupled,3,0,,,,,,0,0
0.7,2000000,201,11,5dc006863aba4916ec7736aaaa3ebc5b042d7cdc6679741213e891e375729906,dffaf85911370c2eb8cb2c879eae7df67fe3bcdb3c7f9568b7fbe361bb67aeb9,Decoupled,4,0,,,,,,0,0
0.7,2000000,202,7,eb92bace43ec454a9fbb89249169fc4e5454418f21d5fa13fe9a394f8f43f35b,dffaf85911370c2eb8cb2c879eae7df67fe3bcdb3c7f9568b7fbe361bb67aeb9,No-Dq-R,1,0,0.0,0.0,0.0,0,0,0,0
0.7,2000000,202,7,eb92bace43ec454a9fbb89249169fc4e5454418f21d5fa13fe9a394f8f43f35b,dffaf85911370c2eb8cb2c879eae7df67fe3bcdb3c7f9568b7fbe361bb67aeb9,No-Dq-R,2,0,0.0,0.0,0,0,0,0,0
0.7,2000000,202,7,eb92bace43ec454a9fbb89249169fc4e5454418f21d5fa13fe9a394f8f43f35b,dffaf85911370c2eb8cb2c879eae7df67fe3bcdb3c7f9568b7fbe361bb67aeb9,No-Dq-R,3,0,0.0,0.0,0,0,0,0,0
0.7,2000000,202,7,eb92bace43ec454a9fbb89249169fc4e5454418f21d5fa13fe9a394f8f43f35b,dffaf85911370c2eb8cb2c879eae7df67fe3bcdb3c7f9568b7fbe361bb67aeb9,No-Dq-R,4,0,0.0,0.0,0,0,0,0,0
0.7,2000000,202,7,eb92bace43ec454a9fbb89249169fc4e5454418f21d5fa13fe9a394f8f43f35b,dffaf85911370c2eb8cb2c879eae7df67fe3bcdb3c7f9568b7fbe361bb67aeb9,Fixed-Dc,1,31274,-0.0016947367145800918,-0.0015549994786493437,0.0,0,0,0,0
0.7,2000000,202,7,eb92bace43ec454a9fbb89249169fc4e5454418f21d5fa13fe9a394f8f43f35b,dffaf85911370c2eb8cb2c879eae7df67fe3bcdb3c7f9568b7fbe361bb67aeb9,Fixed-Dc,2,-323012,0.009603914771944666,0.007665434667199267,0,0,0,0,0
0.7,2000000,202,7,eb92bace43ec454a9fbb89249169fc4e5454418f21d5fa13fe9a394f8f43f35b,dffaf85911370c2eb8cb2c879eae7df67fe3bcdb3c7f9568b7fbe361bb67aeb9,Fixed-Dc,3,240952,-0.0016298116372193139,-0.002975411927646554,0,0,0,0,0
0.7,2000000,202,7,eb92bace43ec454a9fbb89249169fc4e5454418f21d5fa13fe9a394f8f43f35b,dffaf85911370c2eb8cb2c879eae7df67fe3bcdb3c7f9568b7fbe361bb67aeb9,Fixed-Dc,4,145559,-3.8105939106969355e-05,-0.0008837453054565958,0,0,0,0,0
0.7,2000000,202,7,eb92bace43ec454a9fbb89249169fc4e5454418f21d5fa13fe9a394f8f43f35b,dffaf85911370c2eb8cb2c879eae7df67fe3bcdb3c7f9568b7fbe361bb67aeb9,Decoupled,1,0,,,,,,0,0
0.7,2000000,202,7,eb92bace43ec454a9fbb89249169fc4e5454418f21d5fa13fe9a394f8f43f35b,dffaf85911370c2eb8cb2c879eae7df67fe3bcdb3c7f9568b7fbe361bb67aeb9,Decoupled,2,0,,,,,,0,0
0.7,2000000,202,7,eb92bace43ec454a9fbb89249169fc4e5454418f21d5fa13fe9a394f8f43f35b,dffaf85911370c2eb8cb2c879eae7df67fe3bcdb3c7f9568b7fbe361bb67aeb9,Decoupled,3,0,,,,,,0,0
0.7,2000000,202,7,eb92bace43ec454a9fbb89249169fc4e5454418f21d5fa13fe9a394f8f43f35b,dffaf85911370c2eb8cb2c879eae7df67fe3bcdb3c7f9568b7fbe361bb67aeb9,Decoupled,4,0,,,,,,0,0
0.7,2000000,202,11,eb92bace43ec454a9fbb89249169fc4e5454418f21d5fa13fe9a394f8f43f35b,dffaf85911370c2eb8cb2c879eae7df67fe3bcdb3c7f9568b7fbe361bb67aeb9,No-Dq-R,1,0,0.0,0.0,0.0,0,0,0,0
0.7,2000000,202,11,eb92bace43ec454a9fbb89249169fc4e5454418f21d5fa13fe9a394f8f43f35b,dffaf85911370c2eb8cb2c879eae7df67fe3bcdb3c7f9568b7fbe361bb67aeb9,No-Dq-R,2,0,0.0,0.0,0,0,0,0,0
0.7,2000000,202,11,eb92bace43ec454a9fbb89249169fc4e5454418f21d5fa13fe9a394f8f43f35b,dffaf85911370c2eb8cb2c879eae7df67fe3bcdb3c7f9568b7fbe361bb67aeb9,No-Dq-R,3,0,0.0,0.0,0,0,0,0,0
0.7,2000000,202,11,eb92bace43ec454a9fbb89249169fc4e5454418f21d5fa13fe9a394f8f43f35b,dffaf85911370c2eb8cb2c879eae7df67fe3bcdb3c7f9568b7fbe361bb67aeb9,No-Dq-R,4,0,0.0,0.0,0,0,0,0,0
0.7,2000000,202,11,eb92bace43ec454a9fbb89249169fc4e5454418f21d5fa13fe9a394f8f43f35b,dffaf85911370c2eb8cb2c879eae7df67fe3bcdb3c7f9568b7fbe361bb67aeb9,Fixed-Dc,1,31274,-0.0013880348273890286,-0.0015549994786493437,0.0,0,0,0,0
0.7,2000000,202,11,eb92bace43ec454a9fbb89249169fc4e5454418f21d5fa13fe9a394f8f43f35b,dffaf85911370c2eb8cb2c879eae7df67fe3bcdb3c7f9568b7fbe361bb67aeb9,Fixed-Dc,2,-323012,0.009603914771944666,0.007665434667199267,0,0,0,0,0
0.7,2000000,202,11,eb92bace43ec454a9fbb89249169fc4e5454418f21d5fa13fe9a394f8f43f35b,dffaf85911370c2eb8cb2c879eae7df67fe3bcdb3c7f9568b7fbe361bb67aeb9,Fixed-Dc,3,240952,-0.0015638283356767535,-0.002975411927646554,0,0,0,0,0
0.7,2000000,202,11,eb92bace43ec454a9fbb89249169fc4e5454418f21d5fa13fe9a394f8f43f35b,dffaf85911370c2eb8cb2c879eae7df67fe3bcdb3c7f9568b7fbe361bb67aeb9,Fixed-Dc,4,145559,-3.8105939106969355e-05,-0.0008837453054565958,0,0,0,0,0
0.7,2000000,202,11,eb92bace43ec454a9fbb89249169fc4e5454418f21d5fa13fe9a394f8f43f35b,dffaf85911370c2eb8cb2c879eae7df67fe3bcdb3c7f9568b7fbe361bb67aeb9,Decoupled,1,0,,,,,,0,0
0.7,2000000,202,11,eb92bace43ec454a9fbb89249169fc4e5454418f21d5fa13fe9a394f8f43f35b,dffaf85911370c2eb8cb2c879eae7df67fe3bcdb3c7f9568b7fbe361bb67aeb9,Decoupled,2,0,,,,,,0,0
0.7,2000000,202,11,eb92bace43ec454a9fbb89249169fc4e5454418f21d5fa13fe9a394f8f43f35b,dffaf85911370c2eb8cb2c879eae7df67fe3bcdb3c7f9568b7fbe361bb67aeb9,Decoupled,3,0,,,,,,0,0
0.7,2000000,202,11,eb92bace43ec454a9fbb89249169fc4e5454418f21d5fa13fe9a394f8f43f35b,dffaf85911370c2eb8cb2c879eae7df67fe3bcdb3c7f9568b7fbe361bb67aeb9,Decoupled,4,0,,,,,,0,0
0.7,2000000,203,7,f60a84d8a7486f4445626913ccd3d8b3ef55eca516275f1b0e06fe0cb6b57407,dffaf85911370c2eb8cb2c879eae7df67fe3bcdb3c7f9568b7fbe361bb67aeb9,No-Dq-R,1,0,0.0,0.0,0.0,0,0,0,0
0.7,2000000,203,7,f60a84d8a7486f4445626913ccd3d8b3ef55eca516275f1b0e06fe0cb6b57407,dffaf85911370c2eb8cb2c879eae7df67fe3bcdb3c7f9568b7fbe361bb67aeb9,No-Dq-R,2,0,0.0,0.0,0,0,0,0,0
0.7,2000000,203,7,f60a84d8a7486f4445626913ccd3d8b3ef55eca516275f1b0e06fe0cb6b57407,dffaf85911370c2eb8cb2c879eae7df67fe3bcdb3c7f9568b7fbe361bb67aeb9,No-Dq-R,3,0,0.0,0.0,0,0,0,0,0
0.7,2000000,203,7,f60a84d8a7486f4445626913ccd3d8b3ef55eca516275f1b0e06fe0cb6b57407,dffaf85911370c2eb8cb2c879eae7df67fe3bcdb3c7f9568b7fbe361bb67aeb9,No-Dq-R,4,0,0.0,0.0,0,0,0,0,0
0.7,2000000,203,7,f60a84d8a7486f4445626913ccd3d8b3ef55eca516275f1b0e06fe0cb6b57407,dffaf85911370c2eb8cb2c879eae7df67fe3bcdb3c7f9568b7fbe361bb67aeb9,Fixed-Dc,1,-527667,0.027462602984171358,0.02501322972992992,0.0,0,0,0,0
0.7,2000000,203,7,f60a84d8a7486f4445626913ccd3d8b3ef55eca516275f1b0e06fe0cb6b57407,dffaf85911370c2eb8cb2c879eae7df67fe3bcdb3c7f9568b7fbe361bb67aeb9,Fixed-Dc,2,240952,-0.007407788437057028,-0.005988717553647271,0,0,0,0,0
0.7,2000000,203,7,f60a84d8a7486f4445626913ccd3d8b3ef55eca516275f1b0e06fe0cb6b57407,dffaf85911370c2eb8cb2c879eae7df67fe3bcdb3c7f9568b7fbe361bb67aeb9,Fixed-Dc,3,-59096,0.0003811355070028055,0.0007129123875731502,0,0,0,0,0
0.7,2000000,203,7,f60a84d8a7486f4445626913ccd3d8b3ef55eca516275f1b0e06fe0cb6b57407,dffaf85911370c2eb8cb2c879eae7df67fe3bcdb3c7f9568b7fbe361bb67aeb9,Fixed-Dc,4,-413382,-1.6764651172840317e-07,0.0024097346271720332,0,0,0,0,0
0.7,2000000,203,7,f60a84d8a7486f4445626913ccd3d8b3ef55eca516275f1b0e06fe0cb6b57407,dffaf85911370c2eb8cb2c879eae7df67fe3bcdb3c7f9568b7fbe361bb67aeb9,Decoupled,1,0,,,,,,0,0
0.7,2000000,203,7,f60a84d8a7486f4445626913ccd3d8b3ef55eca516275f1b0e06fe0cb6b57407,dffaf85911370c2eb8cb2c879eae7df67fe3bcdb3c7f9568b7fbe361bb67aeb9,Decoupled,2,0,,,,,,0,0
0.7,2000000,203,7,f60a84d8a7486f4445626913ccd3d8b3ef55eca516275f1b0e06fe0cb6b57407,dffaf85911370c2eb8cb2c879eae7df67fe3bcdb3c7f9568b7fbe361bb67aeb9,Decoupled,3,0,,,,,,0,0
0.7,2000000,203,7,f60a84d8a7486f4445626913ccd3d8b3ef55eca516275f1b0e06fe0cb6b57407,dffaf85911370c2eb8cb2c879eae7df67fe3bcdb3c7f9568b7fbe361bb67aeb9,Decoupled,4,0,,,,,,0,0
0.7,2000000,203,11,f60a84d8a7486f4445626913ccd3d8b3ef55eca516275f1b0e06fe0cb6b57407,dffaf85911370c2eb8cb2c879eae7df67fe3bcdb3c7f9568b7fbe361bb67aeb9,No-Dq-R,1,0,0.0,0.0,0.0,0,0,0,0
0.7,2000000,203,11,f60a84d8a7486f4445626913ccd3d8b3ef55eca516275f1b0e06fe0cb6b57407,dffaf85911370c2eb8cb2c879eae7df67fe3bcdb3c7f9568b7fbe361bb67aeb9,No-Dq-R,2,0,0.0,0.0,0,0,0,0,0
0.7,2000000,203,11,f60a84d8a7486f4445626913ccd3d8b3ef55eca516275f1b0e06fe0cb6b57407,dffaf85911370c2eb8cb2c879eae7df67fe3bcdb3c7f9568b7fbe361bb67aeb9,No-Dq-R,3,0,0.0,0.0,0,0,0,0,0
0.7,2000000,203,11,f60a84d8a7486f4445626913ccd3d8b3ef55eca516275f1b0e06fe0cb6b57407,dffaf85911370c2eb8cb2c879eae7df67fe3bcdb3c7f9568b7fbe361bb67aeb9,No-Dq-R,4,0,0.0,0.0,0,0,0,0,0
0.7,2000000,203,11,f60a84d8a7486f4445626913ccd3d8b3ef55eca516275f1b0e06fe0cb6b57407,dffaf85911370c2eb8cb2c879eae7df67fe3bcdb3c7f9568b7fbe361bb67aeb9,Fixed-Dc,1,-527667,0.022151812398814474,0.02501322972992992,0.0,0,0,0,0
0.7,2000000,203,11,f60a84d8a7486f4445626913ccd3d8b3ef55eca516275f1b0e06fe0cb6b57407,dffaf85911370c2eb8cb2c879eae7df67fe3bcdb3c7f9568b7fbe361bb67aeb9,Fixed-Dc,2,240952,-0.007407788437057028,-0.005988717553647271,0,0,0,0,0
0.7,2000000,203,11,f60a84d8a7486f4445626913ccd3d8b3ef55eca516275f1b0e06fe0cb6b57407,dffaf85911370c2eb8cb2c879eae7df67fe3bcdb3c7f9568b7fbe361bb67aeb9,Fixed-Dc,3,-59096,0.00036543219793033765,0.0007129123875731502,0,0,0,0,0
0.7,2000000,203,11,f60a84d8a7486f4445626913ccd3d8b3ef55eca516275f1b0e06fe0cb6b57407,dffaf85911370c2eb8cb2c879eae7df67fe3bcdb3c7f9568b7fbe361bb67aeb9,Fixed-Dc,4,-413382,-1.6764651172840317e-07,0.0024097346271720332,0,0,0,0,0
0.7,2000000,203,11,f60a84d8a7486f4445626913ccd3d8b3ef55eca516275f1b0e06fe0cb6b57407,dffaf85911370c2eb8cb2c879eae7df67fe3bcdb3c7f9568b7fbe361bb67aeb9,Decoupled,1,0,,,,,,0,0
0.7,2000000,203,11,f60a84d8a7486f4445626913ccd3d8b3ef55eca516275f1b0e06fe0cb6b57407,dffaf85911370c2eb8cb2c879eae7df67fe3bcdb3c7f9568b7fbe361bb67aeb9,Decoupled,2,0,,,,,,0,0
0.7,2000000,203,11,f60a84d8a7486f4445626913ccd3d8b3ef55eca516275f1b0e06fe0cb6b57407,dffaf85911370c2eb8cb2c879eae7df67fe3bcdb3c7f9568b7fbe361bb67aeb9,Decoupled,3,0,,,,,,0,0
0.7,2000000,203,11,f60a84d8a7486f4445626913ccd3d8b3ef55eca516275f1b0e06fe0cb6b57407,dffaf85911370c2eb8cb2c879eae7df67fe3bcdb3c7f9568b7fbe361bb67aeb9,Decoupled,4,0,,,,,,0,0
