classical_load,request_interval_ns,traffic_seed,quantum_seed,workload_sha256,calibration_sha256,model,session_id,delta_latency_ns,delta_fidelity,delta_expected_fidelity,delta_success_probability,false_feasible,false_infeasible,false_deadline_feasible,false_deadline_infeasible
0.0,800000,200,7,a78e0ee50a172b2c6b1f04418ba3daa27c607da5188b601b38e17fe0bdecd3f4,80cce931ca0c57cdb34a9b445c689d15121b05689f6cd8e443e4e54204a78023,No-Dq-R,1,0,0.0,0.0,0.0,0,0,0,0
0.0,800000,200,7,a78e0ee50a172b2c6b1f04418ba3daa27c607da5188b601b38e17fe0bdecd3f4,80cce931ca0c57cdb34a9b445c689d15121b05689f6cd8e443e4e54204a78023,No-Dq-R,2,-800000,0.049612584460204445,0.047663681628712706,0.9999999999999994,1,0,0,0
0.0,800000,200,7,a78e0ee50a172b2c6b1f04418ba3daa27c607da5188b601b38e17fe0bdecd3f4,80cce931ca0c57cdb34a9b445c689d15121b05689f6cd8e443e4e54204a78023,No-Dq-R,3,-1600000,0.06912469436576968,0.06311589691596853,0,0,0,0,0
0.0,800000,200,7,a78e0ee50a172b2c6b1f04418ba3daa27c607da5188b601b38e17fe0bdecd3f4,80cce931ca0c57cdb34a9b445c689d15121b05689f6cd8e443e4e54204a78023,No-Dq-R,4,-2400000,0.05421404102665128,0.06331014280973901,0,0,0,0,0
0.0,800000,200,7,a78e0ee50a172b2c6b1f04418ba3daa27c607da5188b601b38e17fe0bdecd3f4,80cce931ca0c57cdb34a9b445c689d15121b05689f6cd8e443e4e54204a78023,Fixed-Dc,1,0,0.0,0.0,0.0,0,0,0,0
0.0,800000,200,7,a78e0ee50a172b2c6b1f04418ba3daa27c607da5188b601b38e17fe0bdecd3f4,80cce931ca0c57cdb34a9b445c689d15121b05689f6cd8e443e4e54204a78023,Fixed-Dc,2,0,0.0,0.0,0,0,0,0,0
0.0,800000,200,7,a78e0ee50a172b2c6b1f04418ba3daa27c607da5188b601b38e17fe0bdecd3f4,80cce931ca0c57cdb34a9b445c689d15121b05689f6cd8e443e4e54204a78023,Fixed-Dc,3,0,0.0,0.0,0,0,0,0,0
0.0,800000,200,7,a78e0ee50a172b2c6b1f04418ba3daa27c607da5188b601b38e17fe0bdecd3f4,80cce931ca0c57cdb34a9b445c689d15121b05689f6cd8e443e4e54204a78023,Fixed-Dc,4,0,0.0,0.0,0,0,0,0,0
0.0,800000,200,7,a78e0ee50a172b2c6b1f04418ba3daa27c607da5188b601b38e17fe0bdecd3f4,80cce931ca0c57cdb34a9b445c689d15121b05689f6cd8e443e4e54204a78023,Decoupled,1,0,,,,,,0,0
0.0,800000,200,7,a78e0ee50a172b2c6b1f04418ba3daa27c607da5188b601b38e17fe0bdecd3f4,80cce931ca0c57cdb34a9b445c689d15121b05689f6cd8e443e4e54204a78023,Decoupled,2,0,,,,,,0,0
0.0,800000,200,7,a78e0ee50a172b2c6b1f04418ba3daa27c607da5188b601b38e17fe0bdecd3f4,80cce931ca0c57cdb34a9b445c689d15121b05689f6cd8e443e4e54204a78023,Decoupled,3,0,,,,,,0,0
0.0,800000,200,7,a78e0ee50a172b2c6b1f04418ba3daa27c607da5188b601b38e17fe0bdecd3f4,80cce931ca0c57cdb34a9b445c689d15121b05689f6cd8e443e4e54204a78023,Decoupled,4,0,,,,,,0,0
0.0,800000,200,11,a78e0ee50a172b2c6b1f04418ba3daa27c607da5188b601b38e17fe0bdecd3f4,80cce931ca0c57cdb34a9b445c689d15121b05689f6cd8e443e4e54204a78023,No-Dq-R,1,0,0.0,0.0,0.0,0,0,0,0
0.0,800000,200,11,a78e0ee50a172b2c6b1f04418ba3daa27c607da5188b601b38e17fe0bdecd3f4,80cce931ca0c57cdb34a9b445c689d15121b05689f6cd8e443e4e54204a78023,No-Dq-R,2,-800000,0.049612584460204445,0.047663681628712706,0.9999999999999994,1,0,0,0
0.0,800000,200,11,a78e0ee50a172b2c6b1f04418ba3daa27c607da5188b601b38e17fe0bdecd3f4,80cce931ca0c57cdb34a9b445c689d15121b05689f6cd8e443e4e54204a78023,No-Dq-R,3,-1600000,0.05797731082766472,0.06311589691596853,0,0,0,0,0
0.0,800000,200,11,a78e0ee50a172b2c6b1f04418ba3daa27c607da5188b601b38e17fe0bdecd3f4,80cce931ca0c57cdb34a9b445c689d15121b05689f6cd8e443e4e54204a78023,No-Dq-R,4,-2400000,0.05421404102665128,0.06331014280973901,0,0,0,0,0
0.0,800000,200,11,a78e0ee50a172b2c6b1f04418ba3daa27c607da5188b601b38e17fe0bdecd3f4,80cce931ca0c57cdb34a9b445c689d15121b05689f6cd8e443e4e54204a78023,Fixed-Dc,1,0,0.0,0.0,0.0,0,0,0,0
0.0,800000,200,11,a78e0ee50a172b2c6b1f04418ba3daa27c607da5188b601b38e17fe0bdecd3f4,80cce931ca0c57cdb34a9b445c689d15121b05689f6cd8e443e4e54204a78023,Fixed-Dc,2,0,0.0,0.0,0,0,0,0,0
0.0,800000,200,11,a78e0ee50a172b2c6b1f04418ba3daa27c607da5188b601b38e17fe0bdecd3f4,80cce931ca0c57cdb34a9b445c689d15121b05689f6cd8e443e4e54204a78023,Fixed-Dc,3,0,0.0,0.0,0,0,0,0,0
0.0,800000,200,11,a78e0ee50a172b2c6b1f04418ba3daa27c607da5188b601b38e17fe0bdecd3f4,80cce931ca0c57cdb34a9b445c689d15121b05689f6cd8e443e4e54204a78023,Fixed-Dc,4,0,0.0,0.0,0,0,0,0,0
0.0,800000,200,11,a78e0ee50a172b2c6b1f04418ba3daa27c607da5188b601b38e17fe0bdecd3f4,80cce931ca0c57cdb34a9b445c689d15121b05689f6cd8e443e4e54204a78023,Decoupled,1,0,,,,,,0,0
0.0,800000,200,11,a78e0ee50a172b2c6b1f04418ba3daa27c607da5188b601b38e17fe0bdecd3f4,80cce931ca0c57cdb34a9b445c689d15121b05689f6cd8e443e4e54204a78023,Decoupled,2,0,,,,,,0,0
0.0,800000,200,11,a78e0ee50a172b2c6b1f04418ba3daa27c607da5188b601b38e17fe0bdecd3f4,80cce931ca0c57cdb34a9b445c689d15121b05689f6cd8e443e4e54204a78023,Decoupled,3,0,,,,,,0,0
0.0,800000,200,11,a78e0ee50a172b2c6b1f04418ba3daa27c607da5188b601b38e17fe0bdecd3f4,80cce931ca0c57cdb34a9b445c689d15121b05689f6cd8e443e4e54204a78023,Decoupled,4,0,,,,,,0,0
0.0,800000,201,7,04e061c09392cab7846a0c0d7fc5351cd1c7181ef83924e78c055f814165c185,80cce931ca0c57cdb34a9b445c689d15121b05689f6cd8e443e4e54204a78023,No-Dq-R,1,0,0.0,0.0,0.0,0,0,0,0
0.0,800000,201,7,04e061c09392cab7846a0c0d7fc5351cd1c7181ef83924e78c055f814165c185,80cce931ca0c57cdb34a9b445c689d15121b05689f6cd8e443e4e54204a78023,No-Dq-R,2,-800000,0.049612584460204445,0.047663681628712706,0.9999999999999994,1,0,0,0
0.0,800000,201,7,04e061c09392cab7846a0c0d7fc5351cd1c7181ef83924e78c055f814165c185,80cce931ca0c57cdb34a9b445c689d15121b05689f6cd8e443e4e54204a78023,No-Dq-R,3,-1600000,0.06912469436576968,0.06311589691596853,0,0,0,0,0
0.0,800000,201,7,04e061c09392cab7846a0c0d7fc5351cd1c7181ef83924e78c055f814165c185,80cce931ca0c57cdb34a9b445c689d15121b05689f6cd8e443e4e54204a78023,No-Dq-R,4,-2400000,0.05421404102665128,0.06331014280973901,0,0,0,0,0
0.0,800000,201,7,04e061c09392cab7846a0c0d7fc5351cd1c7181ef83924e78c055f814165c185,80cce931ca0c57cdb34a9b445c689d15121b05689f6cd8e443e4e54204a78023,Fixed-Dc,1,0,0.0,0.0,0.0,0,0,0,0
0.0,800000,201,7,04e061c09392cab7846a0c0d7fc5351cd1c7181ef83924e78c055f814165c185,80cce931ca0c57cdb34a9b445c689d15121b05689f6cd8e443e4e54204a78023,Fixed-Dc,2,0,0.0,0.0,0,0,0,0,0
0.0,800000,201,7,04e061c09392cab7846a0c0d7fc5351cd1c7181ef83924e78c055f814165c185,80cce931ca0c57cdb34a9b445c689d15121b05689f6cd8e443e4e54204a78023,Fixed-Dc,3,0,0.0,0.0,0,0,0,0,0
0.0,800000,201,7,04e061c09392cab7846a0c0d7fc5351cd1c7181ef83924e78c055f814165c185,80cce931ca0c57cdb34a9b445c689d15121b05689f6cd8e443e4e54204a78023,Fixed-Dc,4,0,0.0,0.0,0,0,0,0,0
0.0,800000,201,7,04e061c09392cab7846a0c0d7fc5351cd1c7181ef83924e78c055f814165c185,80cce931ca0c57cdb34a9b445c689d15121b05689f6cd8e443e4e54204a78023,Decoupled,1,0,,,,,,0,0
0.0,800000,201,7,04e061c09392cab7846a0c0d7fc5351cd1c7181ef83924e78c055f814165c185,80cce931ca0c57cdb34a9b445c689d15121b05689f6cd8e443e4e54204a78023,Decoupled,2,0,,,,,,0,0
0.0,800000,201,7,04e061c09392cab7846a0c0d7fc5351cd1c7181ef83924e78c055f814165c185,80cce931ca0c57cdb34a9b445c689d15121b05689f6cd8e443e4e54204a78023,Decoupled,3,0,,,,,,0,0
0.0,800000,201,7,04e061c09392cab7846a0c0d7fc5351cd1c7181ef83924e78c055f814165c185,80cce931ca0c57cdb34a9b445c689d15121b05689f6cd8e443e4e54204a78023,Decoupled,4,0,,,,,,0,0
0.0,800000,201,11,04e061c09392cab7846a0c0d7fc5351cd1c7181ef83924e78c055f814165c185,80cce931ca0c57cdb34a9b445c689d15121b05689f6cd8e443e4e54204a78023,No-Dq-R,1,0,0.0,0.0,0.0,0,0,0,0
0.0,800000,201,11,04e061c09392cab7846a0c0d7fc5351cd1c7181ef83924e78c055f814165c185,80cce931ca0c57cdb34a9b445c689d15121b05689f6cd8e443e4e54204a78023,No-Dq-R,2,-800000,0.049612584460204445,0.047663681628712706,0.9999999999999994,1,0,0,0
0.0,800000,201,11,04e061c09392cab7846a0c0d7fc5351cd1c7181ef83924e78c055f814165c185,80cce931ca0c57cdb34a9b445c689d15121b05689f6cd8e443e4e54204a78023,No-Dq-R,3,-1600000,0.05797731082766472,0.06311589691596853,0,0,0,0,0
0.0,800000,201,11,04e061c09392cab7846a0c0d7fc5351cd1c7181ef83924e78c055f814165c185,80cce931ca0c57cdb34a9b445c689d15121b05689f6cd8e443e4e54204a78023,No-Dq-R,4,-2400000,0.05421404102665128,0.06331014280973901,0,0,0,0,0
0.0,800000,201,11,04e061c09392cab7846a0c0d7fc5351cd1c7181ef83924e78c055f814165c185,80cce931ca0c57cdb34a9b445c689d15121b05689f6cd8e443e4e54204a78023,Fixed-Dc,1,0,0.0,0.0,0.0,0,0,0,0
0.0,800000,201,11,04e061c09392cab7846a0c0d7fc5351cd1c7181ef83924e78c055f814165c185,80cce931ca0c57cdb34a9b445c689d15121b05689f6cd8e443e4e54204a78023,Fixed-Dc,2,0,0.0,0.0,0,0,0,0,0
0.0,800000,201,11,04e061c09392cab7846a0c0d7fc5351cd1c7181ef83924e78c055f814165c185,80cce931ca0c57cdb34a9b445c689d15121b05689f6cd8e443e4e54204a78023,Fixed-Dc,3,0,0.0,0.0,0,0,0,0,0
0.0,800000,201,11,04e061c09392cab7846a0c0d7fc5351cd1c7181ef83924e78c055f814165c185,80cce931ca0c57cdb34a9b445c689d15121b05689f6cd8e443e4e54204a78023,Fixed-Dc,4,0,0.0,0.0,0,0,0,0,0
0.0,800000,201,11,04e061c09392cab7846a0c0d7fc5351cd1c7181ef83924e78c055f814165c185,80cce931ca0c57cdb34a9b445c689d15121b05689f6cd8e443e4e54204a78023,Decoupled,1,0,,,,,,0,0
0.0,800000,201,11,04e061c09392cab7846a0c0d7fc5351cd1c7181ef83924e78c055f814165c185,80cce931ca0c57cdb34a9b445c689d15121b05689f6cd8e443e4e54204a78023,Decoupled,2,0,,,,,,0,0
0.0,800000,201,11,04e061c09392cab7846a0c0d7fc5351cd1c7181ef83924e78c055f814165c185,80cce931ca0c57cdb34a9b445c689d15121b05689f6cd8e443e4e54204a78023,Decoupled,3,0,,,,,,0,0
0.0,800000,201,11,04e061c09392cab7846a0c0d7fc5351cd1c7181ef83924e78c055f814165c185,80cce931ca0c57cdb34a9b445c689d15121b05689f6cd8e443e4e54204a78023,Decoupled,4,0,,,,,,0,0
0.0,800000,202,7,78a2bb10e47d88660a16d6aae3c4e367bc65a4a467d818866e28324ee25ba0e5,80cce931ca0c57cdb34a9b445c689d15121b05689f6cd8e443e4e54204a78023,No-Dq-R,1,0,0.0,0.0,0.0,0,0,0,0
0.0,800000,202,7,78a2bb10e47d88660a16d6aae3c4e367bc65a4a467d818866e28324ee25ba0e5,80cce931ca0c57cdb34a9b445c689d15121b05689f6cd8e443e4e54204a78023,No-Dq-R,2,-800000,0.049612584460204445,0.047663681628712706,0.9999999999999994,1,0,0,0
0.0,800000,202,7,78a2bb10e47d88660a16d6aae3c4e367bc65a4a467d818866e28324ee25ba0e5,80cce931ca0c57cdb34a9b445c689d15121b05689f6cd8e443e4e54204a78023,No-Dq-R,3,-1600000,0.06912469436576968,0.06311589691596853,0,0,0,0,0
0.0,800000,202,7,78a2bb10e47d88660a16d6aae3c4e367bc65a4a467d818866e28324ee25ba0e5,80cce931ca0c57cdb34a9b445c689d15121b05689f6cd8e443e4e54204a78023,No-Dq-R,4,-2400000,0.05421404102665128,0.06331014280973901,0,0,0,0,0
0.0,800000,202,7,78a2bb10e47d88660a16d6aae3c4e367bc65a4a467d818866e28324ee25ba0e5,80cce931ca0c57cdb34a9b445c689d15121b05689f6cd8e443e4e54204a78023,Fixed-Dc,1,0,0.0,0.0,0.0,0,0,0,0
0.0,800000,202,7,78a2bb10e47d88660a16d6aae3c4e367bc65a4a467d818866e28324ee25ba0e5,80cce931ca0c57cdb34a9b445c689d15121b05689f6cd8e443e4e54204a78023,Fixed-Dc,2,0,0.0,0.0,0,0,0,0,0
0.0,800000,202,7,78a2bb10e47d88660a16d6aae3c4e367bc65a4a467d818866e28324ee25ba0e5,80cce931ca0c57cdb34a9b445c689d15121b05689f6cd8e443e4e54204a78023,Fixed-Dc,3,0,0.0,0.0,0,0,0,0,0
0.0,800000,202,7,78a2bb10e47d88660a16d6aae3c4e367bc65a4a467d818866e28324ee25ba0e5,80cce931ca0c57cdb34a9b445c689d15121b05689f6cd8e443e4e54204a78023,Fixed-Dc,4,0,0.0,0.0,0,0,0,0,0
0.0,800000,202,7,78a2bb10e47d88660a16d6aae3c4e367bc65a4a467d818866e28324ee25ba0e5,80cce931ca0c57cdb34a9b445c689d15121b05689f6cd8e443e4e54204a78023,Decoupled,1,0,,,,,,0,0
0.0,800000,202,7,78a2bb10e47d88660a16d6aae3c4e367bc65a4a467d818866e28324ee25ba0e5,80cce931ca0c57cdb34a9b445c689d15121b05689f6cd8e443e4e54204a78023,Decoupled,2,0,,,,,,0,0
0.0,800000,202,7,78a2bb10e47d88660a16d6aae3c4e367bc65a4a467d818866e28324ee25ba0e5,80cce931ca0c57cdb34a9b445c689d15121b05689f6cd8e443e4e54204a78023,Decoupled,3,0,,,,,,0,0
0.0,800000,202,7,78a2bb10e47d88660a16d6aae3c4e367bc65a4a467d818866e28324ee25ba0e5,80cce931ca0c57cdb34a9b445c689d15121b05689f6cd8e443e4e54204a78023,Decoupled,4,0,,,,,,0,0
0.0,800000,202,11,78a2bb10e47d88660a16d6aae3c4e367bc65a4a467d818866e28324ee25ba0e5,80cce931ca0c57cdb34a9b445c689d15121b05689f6cd8e443e4e54204a78023,No-Dq-R,1,0,0.0,0.0,0.0,0,0,0,0
0.0,800000,202,11,78a2bb10e47d88660a16d6aae3c4e367bc65a4a467d818866e28324ee25ba0e5,80cce931ca0c57cdb34a9b445c689d15121b05689f6cd8e443e4e54204a78023,No-Dq-R,2,-800000,0.049612584460204445,0.047663681628712706,0.9999999999999994,1,0,0,0
0.0,800000,202,11,78a2bb10e47d88660a16d6aae3c4e367bc65a4a467d818866e28324ee25ba0e5,80cce931ca0c57cdb34a9b445c689d15121b05689f6cd8e443e4e54204a78023,No-Dq-R,3,-1600000,0.05797731082766472,0.06311589691596853,0,0,0,0,0
0.0,800000,202,11,78a2bb10e47d88660a16d6aae3c4e367bc65a4a467d818866e28324ee25ba0e5,80cce931ca0c57cdb34a9b445c689d15121b05689f6cd8e443e4e54204a78023,No-Dq-R,4,-2400000,0.05421404102665128,0.06331014280973901,0,0,0,0,0
0.0,800000,202,11,78a2bb10e47d88660a16d6aae3c4e367bc65a4a467d818866e28324ee25ba0e5,80cce931ca0c57cdb34a9b445c689d15121b05689f6cd8e443e4e54204a78023,Fixed-Dc,1,0,0.0,0.0,0.0,0,0,0,0
0.0,800000,202,11,78a2bb10e47d88660a16d6aae3c4e367bc65a4a467d818866e28324ee25ba0e5,80cce931ca0c57cdb34a9b445c689d15121b05689f6cd8e443e4e54204a78023,Fixed-Dc,2,0,0.0,0.0,0,0,0,0,0
0.0,800000,202,11,78a2bb10e47d88660a16d6aae3c4e367bc65a4a467d818866e28324ee25ba0e5,80cce931ca0c57cdb34a9b445c689d15121b05689f6cd8e443e4e54204a78023,Fixed-Dc,3,0,0.0,0.0,0,0,0,0,0
0.0,800000,202,11,78a2bb10e47d88660a16d6aae3c4e367bc65a4a467d818866e28324ee25ba0e5,80cce931ca0c57cdb34a9b445c689d15121b05689f6cd8e443e4e54204a78023,Fixed-Dc,4,0,0.0,0.0,0,0,0,0,0
0.0,800000,202,11,78a2bb10e47d88660a16d6aae3c4e367bc65a4a467d818866e28324ee25ba0e5,80cce931ca0c57cdb34a9b445c689d15121b05689f6cd8e443e4e54204a78023,Decoupled,1,0,,,,,,0,0
0.0,800000,202,11,78a2bb10e47d88660a16d6aae3c4e367bc65a4a467d818866e28324ee25ba0e5,80cce931ca0c57cdb34a9b445c689d15121b05689f6cd8e443e4e54204a78023,Decoupled,2,0,,,,,,0,0
0.0,800000,202,11,78a2bb10e47d88660a16d6aae3c4e367bc65a4a467d818866e28324ee25ba0e5,80cce931ca0c57cdb34a9b445c689d15121b05689f6cd8e443e4e54204a78023,Decoupled,3,0,,,,,,0,0
0.0,800000,202,11,78a2bb10e47d88660a16d6aae3c4e367bc65a4a467d818866e28324ee25ba0e5,80cce931ca0c57cdb34a9b445c689d15121b05689f6cd8e443e4e54204a78023,Decoupled,4,0,,,,,,0,0
0.0,800000,203,7,5b50e38d4ae7a2d18ca8d972db04ebf55755baf6f4d872bdca289ed0c9c5cdb2,80cce931ca0c57cdb34a9b445c689d15121b05689f6cd8e443e4e54204a78023,No-Dq-R,1,0,0.0,0.0,0.0,0,0,0,0
0.0,800000,203,7,5b50e38d4ae7a2d18ca8d972db04ebf55755baf6f4d872bdca289ed0c9c5cdb2,80cce931ca0c57cdb34a9b445c689d15121b05689f6cd8e443e4e54204a78023,No-Dq-R,2,-800000,0.049612584460204445,0.047663681628712706,0.9999999999999994,1,0,0,0
0.0,800000,203,7,5b50e38d4ae7a2d18ca8d972db04ebf55755baf6f4d872bdca289ed0c9c5cdb2,80cce931ca0c57cdb34a9b445c689d15121b05689f6cd8e443e4e54204a78023,No-Dq-R,3,-1600000,0.06912469436576968,0.06311589691596853,0,0,0,0,0
0.0,800000,203,7,5b50e38d4ae7a2d18ca8d972db04ebf55755baf6f4d872bdca289ed0c9c5cdb2,80cce931ca0c57cdb34a9b445c689d15121b05689f6cd8e443e4e54204a78023,No-Dq-R,4,-2400000,0.05421404102665128,0.06331014280973901,0,0,0,0,0
0.0,800000,203,7,5b50e38d4ae7a2d18ca8d972db04ebf55755baf6f4d872bdca289ed0c9c5cdb2,80cce931ca0c57cdb34a9b445c689d15121b05689f6cd8e443e4e54204a78023,Fixed-Dc,1,0,0.0,0.0,0.0,0,0,0,0
0.0,800000,203,7,5b50e38d4ae7a2d18ca8d972db04ebf55755baf6f4d872bdca289ed0c9c5cdb2,80cce931ca0c57cdb34a9b445c689d15121b05689f6cd8e443e4e54204a78023,Fixed-Dc,2,0,0.0,0.0,0,0,0,0,0
0.0,800000,203,7,5b50e38d4ae7a2d18ca8d972db04ebf55755baf6f4d872bdca289ed0c9c5cdb2,80cce931ca0c57cdb34a9b445c689d15121b05689f6cd8e443e4e54204a78023,Fixed-Dc,3,0,0.0,0.0,0,0,0,0,0
0.0,800000,203,7,5b50e38d4ae7a2d18ca8d972db04ebf55755baf6f4d872bdca289ed0c9c5cdb2,80cce931ca0c57cdb34a9b445c689d15121b05689f6cd8e443e4e54204a78023,Fixed-Dc,4,0,0.0,0.0,0,0,0,0,0
0.0,800000,203,7,5b50e38d4ae7a2d18ca8d972db04ebf55755baf6f4d872bdca289ed0c9c5cdb2,80cce931ca0c57cdb34a9b445c689d15121b05689f6cd8e443e4e54204a78023,Decoupled,1,0,,,,,,0,0
0.0,800000,203,7,5b50e38d4ae7a2d18ca8d972db04ebf55755baf6f4d872bdca289ed0c9c5cdb2,80cce931ca0c57cdb34a9b445c689d15121b05689f6cd8e443e4e54204a78023,Decoupled,2,0,,,,,,0,0
0.0,800000,203,7,5b50e38d4ae7a2d18ca8d972db04ebf55755baf6f4d872bdca289ed0c9c5cdb2,80cce931ca0c57cdb34a9b445c689d15121b05689f6cd8e443e4e54204a78023,Decoupled,3,0,,,,,,0,0
0.0,800000,203,7,5b50e38d4ae7a2d18ca8d972db04ebf55755baf6f4d872bdca289ed0c9c5cdb2,80cce931ca0c57cdb34a9b445c689d15121b05689f6cd8e443e4e54204a78023,Decoupled,4,0,,,,,,0,0
0.0,800000,203,11,5b50e38d4ae7a2d18ca8d972db04ebf55755baf6f4d872bdca289ed0c9c5cdb2,80cce931ca0c57cdb34a9b445c689d15121b05689f6cd8e443e4e54204a78023,No-Dq-R,1,0,0.0,0.0,0.0,0,0,0,0
0.0,800000,203,11,5b50e38d4ae7a2d18ca8d972db04ebf55755baf6f4d872bdca289ed0c9c5cdb2,80cce931ca0c57cdb34a9b445c689d15121b05689f6cd8e443e4e54204a78023,No-Dq-R,2,-800000,0.049612584460204445,0.047663681628712706,0.9999999999999994,1,0,0,0
0.0,800000,203,11,5b50e38d4ae7a2d18ca8d972db04ebf55755baf6f4d872bdca289ed0c9c5cdb2,80cce931ca0c57cdb34a9b445c689d15121b05689f6cd8e443e4e54204a78023,No-Dq-R,3,-1600000,0.05797731082766472,0.06311589691596853,0,0,0,0,0
0.0,800000,203,11,5b50e38d4ae7a2d18ca8d972db04ebf55755baf6f4d872bdca289ed0c9c5cdb2,80cce931ca0c57cdb34a9b445c689d15121b05689f6cd8e443e4e54204a78023,No-Dq-R,4,-2400000,0.05421404102665128,0.06331014280973901,0,0,0,0,0
0.0,800000,203,11,5b50e38d4ae7a2d18ca8d972db04ebf55755baf6f4d872bdca289ed0c9c5cdb2,80cce931ca0c57cdb34a9b445c689d15121b05689f6cd8e443e4e54204a78023,Fixed-Dc,1,0,0.0,0.0,0.0,0,0,0,0
0.0,800000,203,11,5b50e38d4ae7a2d18ca8d972db04ebf55755baf6f4d872bdca289ed0c9c5cdb2,80cce931ca0c57cdb34a9b445c689d15121b05689f6cd8e443e4e54204a78023,Fixed-Dc,2,0,0.0,0.0,0,0,0,0,0
0.0,800000,203,11,5b50e38d4ae7a2d18ca8d972db04ebf55755baf6f4d872bdca289ed0c9c5cdb2,80cce931ca0c57cdb34a9b445c689d15121b05689f6cd8e443e4e54204a78023,Fixed-Dc,3,0,0.0,0.0,0,0,0,0,0
0.0,800000,203,11,5b50e38d4ae7a2d18ca8d972db04ebf55755baf6f4d872bdca289ed0c9c5cdb2,80cce931ca0c57cdb34a9b445c689d15121b05689f6cd8e443e4e54204a78023,Fixed-Dc,4,0,0.0,0.0,0,0,0,0,0
0.0,800000,203,11,5b50e38d4ae7a2d18ca8d972db04ebf55755baf6f4d872bdca289ed0c9c5cdb2,80cce931ca0c57cdb34a9b445c689d15121b05689f6cd8e443e4e54204a78023,Decoupled,1,0,,,,,,0,0
0.0,800000,203,11,5b50e38d4ae7a2d18ca8d972db04ebf55755baf6f4d872bdca289ed0c9c5cdb2,80cce931ca0c57cdb34a9b445c689d15121b05689f6cd8e443e4e54204a78023,Decoupled,2,0,,,,,,0,0
0.0,800000,203,11,5b50e38d4ae7a2d18ca8d972db04ebf55755baf6f4d872bdca289ed0c9c5cdb2,80cce931ca0c57cdb34a9b445c689d15121b05689f6cd8e443e4e54204a78023,Decoupled,3,0,,,,,,0,0
0.0,800000,203,11,5b50e38d4ae7a2d18ca8d972db04ebf55755baf6f4d872bdca289ed0c9c5cdb2,80cce931ca0c57cdb34a9b445c689d15121b05689f6cd8e443e4e54204a78023,Decoupled,4,0,,,,,,0,0
0.0,2000000,200,7,583ea3233c131fea31b74f392b129a08adcff97853872b11a9f58c964c880fad,80cce931ca0c57cdb34a9b445c689d15121b05689f6cd8e443e4e54204a78023,No-Dq-R,1,0,0.0,0.0,0.0,0,0,0,0
0.0,2000000,200,7,583ea3233c131fea31b74f392b129a08adcff97853872b11a9f58c964c880fad,80cce931ca0c57cdb34a9b445c689d15121b05689f6cd8e443e4e54204a78023,No-Dq-R,2,0,0.0,0.0,0,0,0,0,0
0.0,2000000,200,7,583ea3233c131fea31b74f392b129a08adcff97853872b11a9f58c964c880fad,80cce931ca0c57cdb34a9b445c689d15121b05689f6cd8e443e4e54204a78023,No-Dq-R,3,0,0.0,0.0,0,0,0,0,0
0.0,2000000,200,7,583ea3233c131fea31b74f392b129a08adcff97853872b11a9f58c964c880fad,80cce931ca0c57cdb34a9b445c689d15121b05689f6cd8e443e4e54204a78023,No-Dq-R,4,0,0.0,0.0,0,0,0,0,0
0.0,2000000,200,7,583ea3233c131fea31b74f392b129a08adcff97853872b11a9f58c964c880fad,80cce931ca0c57cdb34a9b445c689d15121b05689f6cd8e443e4e54204a78023,Fixed-Dc,1,0,0.0,0.0,0.0,0,0,0,0
0.0,2000000,200,7,583ea3233c131fea31b74f392b129a08adcff97853872b11a9f58c964c880fad,80cce931ca0c57cdb34a9b445c689d15121b05689f6cd8e443e4e54204a78023,Fixed-Dc,2,0,0.0,0.0,0,0,0,0,0
0.0,2000000,200,7,583ea3233c131fea31b74f392b129a08adcff97853872b11a9f58c964c880fad,80cce931ca0c57cdb34a9b445c689d15121b05689f6cd8e443e4e54204a78023,Fixed-Dc,3,0,0.0,0.0,0,0,0,0,0
0.0,2000000,200,7,583ea3233c131fea31b74f392b129a08adcff97853872b11a9f58c964c880fad,80cce931ca0c57cdb34a9b445c689d15121b05689f6cd8e443e4e54204a78023,Fixed-Dc,4,0,0.0,0.0,0,0,0,0,0
0.0,2000000,200,7,583ea3233c131fea31b74f392b129a08adcff97853872b11a9f58c964c880fad,80cce931ca0c57cdb34a9b445c689d15121b05689f6cd8e443e4e54204a78023,Decoupled,1,0,,,,,,0,0
0.0,2000000,200,7,583ea3233c131fea31b74f392b129a08adcff97853872b11a9f58c964c880fad,80cce931ca0c57cdb34a9b445c689d15121b05689f6cd8e443e4e54204a78023,Decoupled,2,0,,,,,,0,0
0.0,2000000,200,7,583ea3233c131fea31b74f392b129a08adcff97853872b11a9f58c964c880fad,80cce931ca0c57cdb34a9b445c689d15121b05689f6cd8e443e4e54204a78023,Decoupled,3,0,,,,,,0,0
0.0,2000000,200,7,583ea3233c131fea31b74f392b129a08adcff97853872b11a9f58c964c880fad,80cce931ca0c57cdb34a9b445c689d15121b05689f6cd8e443e4e54204a78023,Decoupled,4,0,,,,,,0,0
0.0,2000000,200,11,583ea3233c131fea31b74f392b129a08adcff97853872b11a9f58c964c880fad,80cce931ca0c57cdb34a9b445c689d15121b05689f6cd8e443e4e54204a78023,No-Dq-R,1,0,0.0,0.0,0.0,0,0,0,0
0.0,2000000,200,11,583ea3233c131fea31b74f392b129a08adcff97853872b11a9f58c964c880fad,80cce931ca0c57cdb34a9b445c689d15121b05689f6cd8e443e4e54204a78023,No-Dq-R,2,0,0.0,0.0,0,0,0,0,0
0.0,2000000,200,11,583ea3233c131fea31b74f392b129a08adcff97853872b11a9f58c964c880fad,80cce931ca0c57cdb34a9b445c689d15121b05689f6cd8e443e4e54204a78023,No-Dq-R,3,0,0.0,0.0,0,0,0,0,0
0.0,2000000,200,11,583ea3233c131fea31b74f392b129a08adcff97853872b11a9f58c964c880fad,80cce931ca0c57cdb34a9b445c689d15121b05689f6cd8e443e4e54204a78023,No-Dq-R,4,0,0.0,0.0,0,0,0,0,0
0.0,2000000,200,11,583ea3233c131fea31b74f392b129a08adcff97853872b11a9f58c964c880fad,80cce931ca0c57cdb34a9b445c689d15121b05689f6cd8e443e4e54204a78023,Fixed-Dc,1,0,0.0,0.0,0.0,0,0,0,0
0.0,2000000,200,11,583ea3233c131fea31b74f392b129a08adcff97853872b11a9f58c964c880fad,80cce931ca0c57cdb34a9b445c689d15121b05689f6cd8e443e4e54204a78023,Fixed-Dc,2,0,0.0,0.0,0,0,0,0,0
0.0,2000000,200,11,583ea3233c131fea31b74f392b129a08adcff97853872b11a9f58c964c880fad,80cce931ca0c57cdb34a9b445c689d15121b05689f6cd8e443e4e54204a78023,Fixed-Dc,3,0,0.0,0.0,0,0,0,0,0
0.0,2000000,200,11,583ea3233c131fea31b74f392b129a08adcff97853872b11a9f58c964c880fad,80cce931ca0c57cdb34a9b445c689d15121b05689f6cd8e443e4e54204a78023,Fixed-Dc,4,0,0.0,0.0,0,0,0,0,0
0.0,2000000,200,11,583ea3233c131fea31b74f392b129a08adcff97853872b11a9f58c964c880fad,80cce931ca0c57cdb34a9b445c689d15121b05689f6cd8e443e4e54204a78023,Decoupled,1,0,,,,,,0,0
0.0,2000000,200,11,583ea3233c131fea31b74f392b129a08adcff97853872b11a9f58c964c880fad,80cce931ca0c57cdb34a9b445c689d15121b05689f6cd8e443e4e54204a78023,Decoupled,2,0,,,,,,0,0
0.0,2000000,200,11,583ea3233c131fea31b74f392b129a08adcff97853872b11a9f58c964c880fad,80cce931ca0c57cdb34a9b445c689d15121b05689f6cd8e443e4e54204a78023,Decoupled,3,0,,,,,,0,0
0.0,2000000,200,11,583ea3233c131fea31b74f392b129a08adcff97853872b11a9f58c964c880fad,80cce931ca0c57cdb34a9b445c689d15121b05689f6cd8e443e4e54204a78023,Decoupled,4,0,,,,,,0,0
0.0,2000000,201,7,f491d998dbfcd9092a6d09e11d92265c23be85bd1991f87c54d76eb820451fae,80cce931ca0c57cdb34a9b445c689d15121b05689f6cd8e443e4e54204a78023,No-Dq-R,1,0,0.0,0.0,0.0,0,0,0,0
0.0,2000000,201,7,f491d998dbfcd9092a6d09e11d92265c23be85bd1991f87c54d76eb820451fae,80cce931ca0c57cdb34a9b445c689d15121b05689f6cd8e443e4e54204a78023,No-Dq-R,2,0,0.0,0.0,0,0,0,0,0
0.0,2000000,201,7,f491d998dbfcd9092a6d09e11d92265c23be85bd1991f87c54d76eb820451fae,80cce931ca0c57cdb34a9b445c689d15121b05689f6cd8e443e4e54204a78023,No-Dq-R,3,0,0.0,0.0,0,0,0,0,0
0.0,2000000,201,7,f491d998dbfcd9092a6d09e11d92265c23be85bd1991f87c54d76eb820451fae,80cce931ca0c57cdb34a9b445c689d15121b05689f6cd8e443e4e54204a78023,No-Dq-R,4,0,0.0,0.0,0,0,0,0,0
0.0,2000000,201,7,f491d998dbfcd9092a6d09e11d92265c23be85bd1991f87c54d76eb820451fae,80cce931ca0c57cdb34a9b445c689d15121b05689f6cd8e443e4e54204a78023,Fixed-Dc,1,0,0.0,0.0,0.0,0,0,0,0
0.0,2000000,201,7,f491d998dbfcd9092a6d09e11d92265c23be85bd1991f87c54d76eb820451fae,80cce931ca0c57cdb34a9b445c689d15121b05689f6cd8e443e4e54204a78023,Fixed-Dc,2,0,0.0,0.0,0,0,0,0,0
0.0,2000000,201,7,f491d998dbfcd9092a6d09e11d92265c23be85bd1991f87c54d76eb820451fae,80cce931ca0c57cdb34a9b445c689d15121b05689f6cd8e443e4e54204a78023,Fixed-Dc,3,0,0.0,0.0,0,0,0,0,0
0.0,2000000,201,7,f491d998dbfcd9092a6d09e11d92265c23be85bd1991f87c54d76eb820451fae,80cce931ca0c57cdb34a9b445c689d15121b05689f6cd8e443e4e54204a78023,Fixed-Dc,4,0,0.0,0.0,0,0,0,0,0
0.0,2000000,201,7,f491d998dbfcd9092a6d09e11d92265c23be85bd1991f87c54d76eb820451fae,80cce931ca0c57cdb34a9b445c689d15121b05689f6cd8e443e4e54204a78023,Decoupled,1,0,,,,,,0,0
0.0,2000000,201,7,f491d998dbfcd9092a6d09e11d92265c23be85bd1991f87c54d76eb820451fae,80cce931ca0c57cdb34a9b445c689d15121b05689f6cd8e443e4e54204a78023,Decoupled,2,0,,,,,,0,0
0.0,2000000,201,7,f491d998dbfcd9092a6d09e11d92265c23be85bd1991f87c54d76eb820451fae,80cce931ca0c57cdb34a9b445c689d15121b05689f6cd8e443e4e54204a78023,Decoupled,3,0,,,,,,0,0
0.0,2000000,201,7,f491d998dbfcd9092a6d09e11d92265c23be85bd1991f87c54d76eb820451fae,80cce931ca0c57cdb34a9b445c689d15121b05689f6cd8e443e4e54204a78023,Decoupled,4,0,,,,,,0,0
0.0,2000000,201,11,f491d998dbfcd9092a6d09e11d92265c23be85bd1991f87c54d76eb820451fae,80cce931ca0c57cdb34a9b445c689d15121b05689f6cd8e443e4e54204a78023,No-Dq-R,1,0,0.0,0.0,0.0,0,0,0,0
0.0,2000000,201,11,f491d998dbfcd9092a6d09e11d92265c23be85bd1991f87c54d76eb820451fae,80cce931ca0c57cdb34a9b445c689d15121b05689f6cd8e443e4e54204a78023,No-Dq-R,2,0,0.0,0.0,0,0,0,0,0
0.0,2000000,201,11,f491d998dbfcd9092a6d09e11d92265c23be85bd1991f87c54d76eb820451fae,80cce931ca0c57cdb34a9b445c689d15121b05689f6cd8e443e4e54204a78023,No-Dq-R,3,0,0.0,0.0,0,0,0,0,0
0.0,2000000,201,11,f491d998dbfcd9092a6d09e11d92265c23be85bd1991f87c54d76eb820451fae,80cce931ca0c57cdb34a9b445c689d15121b05689f6cd8e443e4e54204a78023,No-Dq-R,4,0,0.0,0.0,0,0,0,0,0
0.0,2000000,201,11,f491d998dbfcd9092a6d09e11d92265c23be85bd1991f87c54d76eb820451fae,80cce931ca0c57cdb34a9b445c689d15121b05689f6cd8e443e4e54204a78023,Fixed-Dc,1,0,0.0,0.0,0.0,0,0,0,0
0.0,2000000,201,11,f491d998dbfcd9092a6d09e11d92265c23be85bd1991f87c54d76eb820451fae,80cce931ca0c57cdb34a9b445c689d15121b05689f6cd8e443e4e54204a78023,Fixed-Dc,2,0,0.0,0.0,0,0,0,0,0
0.0,2000000,201,11,f491d998dbfcd9092a6d09e11d92265c23be85bd1991f87c54d76eb820451fae,80cce931ca0c57cdb34a9b445c689d15121b05689f6cd8e443e4e54204a78023,Fixed-Dc,3,0,0.0,0.0,0,0,0,0,0
0.0,2000000,201,11,f491d998dbfcd9092a6d09e11d92265c23be85bd1991f87c54d76eb820451fae,80cce931ca0c57cdb34a9b445c689d15121b05689f6cd8e443e4e54204a78023,Fixed-Dc,4,0,0.0,0.0,0,0,0,0,0
0.0,2000000,201,11,f491d998dbfcd9092a6d09e11d92265c23be85bd1991f87c54d76eb820451fae,80cce931ca0c57cdb34a9b445c689d15121b05689f6cd8e443e4e54204a78023,Decoupled,1,0,,,,,,0,0
0.0,2000000,201,11,f491d998dbfcd9092a6d09e11d92265c23be85bd1991f87c54d76eb820451fae,80cce931ca0c57cdb34a9b445c689d15121b05689f6cd8e443e4e54204a78023,Decoupled,2,0,,,,,,0,0
0.0,2000000,201,11,f491d998dbfcd9092a6d09e11d92265c23be85bd1991f87c54d76eb820451fae,80cce931ca0c57cdb34a9b445c689d15121b05689f6cd8e443e4e54204a78023,Decoupled,3,0,,,,,,0,0
0.0,2000000,201,11,f491d998dbfcd9092a6d09e11d92265c23be85bd1991f87c54d76eb820451fae,80cce931ca0c57cdb34a9b445c689d15121b05689f6cd8e443e4e54204a78023,Decoupled,4,0,,,,,,0,0
0.0,2000000,202,7,f2e283446a3e21ab64d42d84304621fb5726ba5c363ec8ad5488a5b1dd02d06a,80cce931ca0c57cdb34a9b445c689d15121b05689f6cd8e443e4e54204a78023,No-Dq-R,1,0,0.0,0.0,0.0,0,0,0,0
0.0,2000000,202,7,f2e283446a3e21ab64d42d84304621fb5726ba5c363ec8ad5488a5b1dd02d06a,80cce931ca0c57cdb34a9b445c689d15121b05689f6cd8e443e4e54204a78023,No-Dq-R,2,0,0.0,0.0,0,0,0,0,0
0.0,2000000,202,7,f2e283446a3e21ab64d42d84304621fb5726ba5c363ec8ad5488a5b1dd02d06a,80cce931ca0c57cdb34a9b445c689d15121b05689f6cd8e443e4e54204a78023,No-Dq-R,3,0,0.0,0.0,0,0,0,0,0
0.0,2000000,202,7,f2e283446a3e21ab64d42d84304621fb5726ba5c363ec8ad5488a5b1dd02d06a,80cce931ca0c57cdb34a9b445c689d15121b05689f6cd8e443e4e54204a78023,No-Dq-R,4,0,0.0,0.0,0,0,0,0,0
0.0,2000000,202,7,f2e283446a3e21ab64d42d84304621fb5726ba5c363ec8ad5488a5b1dd02d06a,80cce931ca0c57cdb34a9b445c689d15121b05689f6cd8e443e4e54204a78023,Fixed-Dc,1,0,0.0,0.0,0.0,0,0,0,0
0.0,2000000,202,7,f2e283446a3e21ab64d42d84304621fb5726ba5c363ec8ad5488a5b1dd02d06a,80cce931ca0c57cdb34a9b445c689d15121b05689f6cd8e443e4e54204a78023,Fixed-Dc,2,0,0.0,0.0,0,0,0,0,0
0.0,2000000,202,7,f2e283446a3e21ab64d42d84304621fb5726ba5c363ec8ad5488a5b1dd02d06a,80cce931ca0c57cdb34a9b445c689d15121b05689f6cd8e443e4e54204a78023,Fixed-Dc,3,0,0.0,0.0,0,0,0,0,0
0.0,2000000,202,7,f2e283446a3e21ab64d42d84304621fb5726ba5c363ec8ad5488a5b1dd02d06a,80cce931ca0c57cdb34a9b445c689d15121b05689f6cd8e443e4e54204a78023,Fixed-Dc,4,0,0.0,0.0,0,0,0,0,0
0.0,2000000,202,7,f2e283446a3e21ab64d42d84304621fb5726ba5c363ec8ad5488a5b1dd02d06a,80cce931ca0c57cdb34a9b445c689d15121b05689f6cd8e443e4e54204a78023,Decoupled,1,0,,,,,,0,0
0.0,2000000,202,7,f2e283446a3e21ab64d42d84304621fb5726ba5c363ec8ad5488a5b1dd02d06a,80cce931ca0c57cdb34a9b445c689d15121b05689f6cd8e443e4e54204a78023,Decoupled,2,0,,,,,,0,0
0.0,2000000,202,7,f2e283446a3e21ab64d42d84304621fb5726ba5c363ec8ad5488a5b1dd02d06a,80cce931ca0c57cdb34a9b445c689d15121b05689f6cd8e443e4e54204a78023,Decoupled,3,0,,,,,,0,0
0.0,2000000,202,7,f2e283446a3e21ab64d42d84304621fb5726ba5c363ec8ad5488a5b1dd02d06a,80cce931ca0c57cdb34a9b445c689d15121b05689f6cd8e443e4e54204a78023,Decoupled,4,0,,,,,,0,0
0.0,2000000,202,11,f2e283446a3e21ab64d42d84304621fb5726ba5c363ec8ad5488a5b1dd02d06a,80cce931ca0c57cdb34a9b445c689d15121b05689f6cd8e443e4e54204a78023,No-Dq-R,1,0,0.0,0.0,0.0,0,0,0,0
0.0,2000000,202,11,f2e283446a3e21ab64d42d84304621fb5726ba5c363ec8ad5488a5b1dd02d06a,80cce931ca0c57cdb34a9b445c689d15121b05689f6cd8e443e4e54204a78023,No-Dq-R,2,0,0.0,0.0,0,0,0,0,0
0.0,2000000,202,11,f2e283446a3e21ab64d42d84304621fb5726ba5c363ec8ad5488a5b1dd02d06a,80cce931ca0c57cdb34a9b445c689d15121b05689f6cd8e443e4e54204a78023,No-Dq-R,3,0,0.0,0.0,0,0,0,0,0
0.0,2000000,202,11,f2e283446a3e21ab64d42d84304621fb5726ba5c363ec8ad5488a5b1dd02d06a,80cce931ca0c57cdb34a9b445c689d15121b05689f6cd8e443e4e54204a78023,No-Dq-R,4,0,0.0,0.0,0,0,0,0,0
0.0,2000000,202,11,f2e283446a3e21ab64d42d84304621fb5726ba5c363ec8ad5488a5b1dd02d06a,80cce931ca0c57cdb34a9b445c689d15121b05689f6cd8e443e4e54204a78023,Fixed-Dc,1,0,0.0,0.0,0.0,0,0,0,0
0.0,2000000,202,11,f2e283446a3e21ab64d42d84304621fb5726ba5c363ec8ad5488a5b1dd02d06a,80cce931ca0c57cdb34a9b445c689d15121b05689f6cd8e443e4e54204a78023,Fixed-Dc,2,0,0.0,0.0,0,0,0,0,0
0.0,2000000,202,11,f2e283446a3e21ab64d42d84304621fb5726ba5c363ec8ad5488a5b1dd02d06a,80cce931ca0c57cdb34a9b445c689d15121b05689f6cd8e443e4e54204a78023,Fixed-Dc,3,0,0.0,0.0,0,0,0,0,0
0.0,2000000,202,11,f2e283446a3e21ab64d42d84304621fb5726ba5c363ec8ad5488a5b1dd02d06a,80cce931ca0c57cdb34a9b445c689d15121b05689f6cd8e443e4e54204a78023,Fixed-Dc,4,0,0.0,0.0,0,0,0,0,0
0.0,2000000,202,11,f2e283446a3e21ab64d42d84304621fb5726ba5c363ec8ad5488a5b1dd02d06a,80cce931ca0c57cdb34a9b445c689d15121b05689f6cd8e443e4e54204a78023,Decoupled,1,0,,,,,,0,0
0.0,2000000,202,11,f2e283446a3e21ab64d42d84304621fb5726ba5c363ec8ad5488a5b1dd02d06a,80cce931ca0c57cdb34a9b445c689d15121b05689f6cd8e443e4e54204a78023,Decoupled,2,0,,,,,,0,0
0.0,2000000,202,11,f2e283446a3e21ab64d42d84304621fb5726ba5c363ec8ad5488a5b1dd02d06a,80cce931ca0c57cdb34a9b445c689d15121b05689f6cd8e443e4e54204a78023,Decoupled,3,0,,,,,,0,0
0.0,2000000,202,11,f2e283446a3e21ab64d42d84304621fb5726ba5c363ec8ad5488a5b1dd02d06a,80cce931ca0c57cdb34a9b445c689d15121b05689f6cd8e443e4e54204a78023,Decoupled,4,0,,,,,,0,0
0.0,2000000,203,7,47d589ccfbe5b37d2f593440adeaabaf9815111822174b4561286c04f9fef1b6,80cce931ca0c57cdb34a9b445c689d15121b05689f6cd8e443e4e54204a78023,No-Dq-R,1,0,0.0,0.0,0.0,0,0,0,0
0.0,2000000,203,7,47d589ccfbe5b37d2f593440adeaabaf9815111822174b4561286c04f9fef1b6,80cce931ca0c57cdb34a9b445c689d15121b05689f6cd8e443e4e54204a78023,No-Dq-R,2,0,0.0,0.0,0,0,0,0,0
0.0,2000000,203,7,47d589ccfbe5b37d2f593440adeaabaf9815111822174b4561286c04f9fef1b6,80cce931ca0c57cdb34a9b445c689d15121b05689f6cd8e443e4e54204a78023,No-Dq-R,3,0,0.0,0.0,0,0,0,0,0
0.0,2000000,203,7,47d589ccfbe5b37d2f593440adeaabaf9815111822174b4561286c04f9fef1b6,80cce931ca0c57cdb34a9b445c689d15121b05689f6cd8e443e4e54204a78023,No-Dq-R,4,0,0.0,0.0,0,0,0,0,0
0.0,2000000,203,7,47d589ccfbe5b37d2f593440adeaabaf9815111822174b4561286c04f9fef1b6,80cce931ca0c57cdb34a9b445c689d15121b05689f6cd8e443e4e54204a78023,Fixed-Dc,1,0,0.0,0.0,0.0,0,0,0,0
0.0,2000000,203,7,47d589ccfbe5b37d2f593440adeaabaf9815111822174b4561286c04f9fef1b6,80cce931ca0c57cdb34a9b445c689d15121b05689f6cd8e443e4e54204a78023,Fixed-Dc,2,0,0.0,0.0,0,0,0,0,0
0.0,2000000,203,7,47d589ccfbe5b37d2f593440adeaabaf9815111822174b4561286c04f9fef1b6,80cce931ca0c57cdb34a9b445c689d15121b05689f6cd8e443e4e54204a78023,Fixed-Dc,3,0,0.0,0.0,0,0,0,0,0
0.0,2000000,203,7,47d589ccfbe5b37d2f593440adeaabaf9815111822174b4561286c04f9fef1b6,80cce931ca0c57cdb34a9b445c689d15121b05689f6cd8e443e4e54204a78023,Fixed-Dc,4,0,0.0,0.0,0,0,0,0,0
0.0,2000000,203,7,47d589ccfbe5b37d2f593440adeaabaf9815111822174b4561286c04f9fef1b6,80cce931ca0c57cdb34a9b445c689d15121b05689f6cd8e443e4e54204a78023,Decoupled,1,0,,,,,,0,0
0.0,2000000,203,7,47d589ccfbe5b37d2f593440adeaabaf9815111822174b4561286c04f9fef1b6,80cce931ca0c57cdb34a9b445c689d15121b05689f6cd8e443e4e54204a78023,Decoupled,2,0,,,,,,0,0
0.0,2000000,203,7,47d589ccfbe5b37d2f593440adeaabaf9815111822174b4561286c04f9fef1b6,80cce931ca0c57cdb34a9b445c689d15121b05689f6cd8e443e4e54204a78023,Decoupled,3,0,,,,,,0,0
0.0,2000000,203,7,47d589ccfbe5b37d2f593440adeaabaf9815111822174b4561286c04f9fef1b6,80cce931ca0c57cdb34a9b445c689d15121b05689f6cd8e443e4e54204a78023,Decoupled,4,0,,,,,,0,0
0.0,2000000,203,11,47d589ccfbe5b37d2f593440adeaabaf9815111822174b4561286c04f9fef1b6,80cce931ca0c57cdb34a9b445c689d15121b05689f6cd8e443e4e54204a78023,No-Dq-R,1,0,0.0,0.0,0.0,0,0,0,0
0.0,2000000,203,11,47d589ccfbe5b37d2f593440adeaabaf9815111822174b4561286c04f9fef1b6,80cce931ca0c57cdb34a9b445c689d15121b05689f6cd8e443e4e54204a78023,No-Dq-R,2,0,0.0,0.0,0,0,0,0,0
0.0,2000000,203,11,47d589ccfbe5b37d2f593440adeaabaf9815111822174b4561286c04f9fef1b6,80cce931ca0c57cdb34a9b445c689d15121b05689f6cd8e443e4e54204a78023,No-Dq-R,3,0,0.0,0.0,0,0,0,0,0
0.0,2000000,203,11,47d589ccfbe5b37d2f593440adeaabaf9815111822174b4561286c04f9fef1b6,80cce931ca0c57cdb34a9b445c689d15121b05689f6cd8e443e4e54204a78023,No-Dq-R,4,0,0.0,0.0,0,0,0,0,0
0.0,2000000,203,11,47d589ccfbe5b37d2f593440adeaabaf9815111822174b4561286c04f9fef1b6,80cce931ca0c57cdb34a9b445c689d15121b05689f6cd8e443e4e54204a78023,Fixed-Dc,1,0,0.0,0.0,0.0,0,0,0,0
0.0,2000000,203,11,47d589ccfbe5b37d2f593440adeaabaf9815111822174b4561286c04f9fef1b6,80cce931ca0c57cdb34a9b445c689d15121b05689f6cd8e443e4e54204a78023,Fixed-Dc,2,0,0.0,0.0,0,0,0,0,0
0.0,2000000,203,11,47d589ccfbe5b37d2f593440adeaabaf9815111822174b4561286c04f9fef1b6,80cce931ca0c57cdb34a9b445c689d15121b05689f6cd8e443e4e54204a78023,Fixed-Dc,3,0,0.0,0.0,0,0,0,0,0
0.0,2000000,203,11,47d589ccfbe5b37d2f593440adeaabaf9815111822174b4561286c04f9fef1b6,80cce931ca0c57cdb34a9b445c689d15121b05689f6cd8e443e4e54204a78023,Fixed-Dc,4,0,0.0,0.0,0,0,0,0,0
0.0,2000000,203,11,47d589ccfbe5b37d2f593440adeaabaf9815111822174b4561286c04f9fef1b6,80cce931ca0c57cdb34a9b445c689d15121b05689f6cd8e443e4e54204a78023,Decoupled,1,0,,,,,,0,0
0.0,2000000,203,11,47d589ccfbe5b37d2f593440adeaabaf9815111822174b4561286c04f9fef1b6,80cce931ca0c57cdb34a9b445c689d15121b05689f6cd8e443e4e54204a78023,Decoupled,2,0,,,,,,0,0
0.0,2000000,203,11,47d589ccfbe5b37d2f593440adeaabaf9815111822174b4561286c04f9fef1b6,80cce931ca0c57cdb34a9b445c689d15121b05689f6cd8e443e4e54204a78023,Decoupled,3,0,,,,,,0,0
0.0,2000000,203,11,47d589ccfbe5b37d2f593440adeaabaf9815111822174b4561286c04f9fef1b6,80cce931ca0c57cdb34a9b445c689d15121b05689f6cd8e443e4e54204a78023,Decoupled,4,0,,,,,,0,0
0.35,800000,200,7,f7487fbf9882c7e3d54a2a50a76676aef867ec9bf59260efed9dc531f8a3f697,80cce931ca0c57cdb34a9b445c689d15121b05689f6cd8e443e4e54204a78023,No-Dq-R,1,0,0.0,0.0,0.0,0,0,0,0
0.35,800000,200,7,f7487fbf9882c7e3d54a2a50a76676aef867ec9bf59260efed9dc531f8a3f697,80cce931ca0c57cdb34a9b445c689d15121b05689f6cd8e443e4e54204a78023,No-Dq-R,2,-742415,0.047385201778779806,0.045695447435888714,0.5122203447849208,0,0,0,0
0.35,800000,200,7,f7487fbf9882c7e3d54a2a50a76676aef867ec9bf59260efed9dc531f8a3f697,80cce931ca0c57cdb34a9b445c689d15121b05689f6cd8e443e4e54204a78023,No-Dq-R,3,-1600000,0.06912469436576968,0.06311589691596853,0,0,0,0,0
0.35,800000,200,7,f7487fbf9882c7e3d54a2a50a76676aef867ec9bf59260efed9dc531f8a3f697,80cce931ca0c57cdb34a9b445c689d15121b05689f6cd8e443e4e54204a78023,No-Dq-R,4,-2354286,0.04626309113765792,0.05543184504651544,0.0,0,0,1,0
0.35,800000,200,7,f7487fbf9882c7e3d54a2a50a76676aef867ec9bf59260efed9dc531f8a3f697,80cce931ca0c57cdb34a9b445c689d15121b05689f6cd8e443e4e54204a78023,Fixed-Dc,1,-756620,0.03534610758176904,0.03236729346917555,0.0,0,0,0,0
0.35,800000,200,7,f7487fbf9882c7e3d54a2a50a76676aef867ec9bf59260efed9dc531f8a3f697,80cce931ca0c57cdb34a9b445c689d15121b05689f6cd8e443e4e54204a78023,Fixed-Dc,2,12965,-0.0004022436652736383,-0.0003353217229670191,0,0,0,0,0
0.35,800000,200,7,f7487fbf9882c7e3d54a2a50a76676aef867ec9bf59260efed9dc531f8a3f697,80cce931ca0c57cdb34a9b445c689d15121b05689f6cd8e443e4e54204a78023,Fixed-Dc,3,12965,-0.00027226355259524215,-0.00019195251098830246,0,0,0,0,0
0.35,800000,200,7,f7487fbf9882c7e3d54a2a50a76676aef867ec9bf59260efed9dc531f8a3f697,80cce931ca0c57cdb34a9b445c689d15121b05689f6cd8e443e4e54204a78023,Fixed-Dc,4,-665192,0.0015580032545224887,0.005396903739558534,0.0,0,0,1,0
0.35,800000,200,7,f7487fbf9882c7e3d54a2a50a76676aef867ec9bf59260efed9dc531f8a3f697,80cce931ca0c57cdb34a9b445c689d15121b05689f6cd8e443e4e54204a78023,Decoupled,1,0,,,,,,0,0
0.35,800000,200,7,f7487fbf9882c7e3d54a2a50a76676aef867ec9bf59260efed9dc531f8a3f697,80cce931ca0c57cdb34a9b445c689d15121b05689f6cd8e443e4e54204a78023,Decoupled,2,57585,,,,,,0,0
0.35,800000,200,7,f7487fbf9882c7e3d54a2a50a76676aef867ec9bf59260efed9dc531f8a3f697,80cce931ca0c57cdb34a9b445c689d15121b05689f6cd8e443e4e54204a78023,Decoupled,3,0,,,,,,0,0
0.35,800000,200,7,f7487fbf9882c7e3d54a2a50a76676aef867ec9bf59260efed9dc531f8a3f697,80cce931ca0c57cdb34a9b445c689d15121b05689f6cd8e443e4e54204a78023,Decoupled,4,45714,,,,,,0,0
0.35,800000,200,11,f7487fbf9882c7e3d54a2a50a76676aef867ec9bf59260efed9dc531f8a3f697,80cce931ca0c57cdb34a9b445c689d15121b05689f6cd8e443e4e54204a78023,No-Dq-R,1,0,0.0,0.0,0.0,0,0,0,0
0.35,800000,200,11,f7487fbf9882c7e3d54a2a50a76676aef867ec9bf59260efed9dc531f8a3f697,80cce931ca0c57cdb34a9b445c689d15121b05689f6cd8e443e4e54204a78023,No-Dq-R,2,-742415,0.047385201778779806,0.045695447435888714,0.5122203447849208,0,0,0,0
0.35,800000,200,11,f7487fbf9882c7e3d54a2a50a76676aef867ec9bf59260efed9dc531f8a3f697,80cce931ca0c57cdb34a9b445c689d15121b05689f6cd8e443e4e54204a78023,No-Dq-R,3,-1600000,0.05797731082766472,0.06311589691596853,0,0,0,0,0
0.35,800000,200,11,f7487fbf9882c7e3d54a2a50a76676aef867ec9bf59260efed9dc531f8a3f697,80cce931ca0c57cdb34a9b445c689d15121b05689f6cd8e443e4e54204a78023,No-Dq-R,4,-2354286,0.04626309113765792,0.05543184504651544,0.0,0,0,1,0
0.35,800000,200,11,f7487fbf9882c7e3d54a2a50a76676aef867ec9bf59260efed9dc531f8a3f697,80cce931ca0c57cdb34a9b445c689d15121b05689f6cd8e443e4e54204a78023,Fixed-Dc,1,-756620,0.029475717601629037,0.03236729346917555,0.0,0,0,0,0
0.35,800000,200,11,f7487fbf9882c7e3d54a2a50a76676aef867ec9bf59260efed9dc531f8a3f697,80cce931ca0c57cdb34a9b445c689d15121b05689f6cd8e443e4e54204a78023,Fixed-Dc,2,12965,-0.0004022436652736383,-0.0003353217229670191,0,0,0,0,0
0.35,800000,200,11,f7487fbf9882c7e3d54a2a50a76676aef867ec9bf59260efed9dc531f8a3f697,80cce931ca0c57cdb34a9b445c689d15121b05689f6cd8e443e4e54204a78023,Fixed-Dc,3,12965,-0.00012121368546541555,-0.00019195251098830246,0,0,0,0,0
0.35,800000,200,11,f7487fbf9882c7e3d54a2a50a76676aef867ec9bf59260efed9dc531f8a3f697,80cce931ca0c57cdb34a9b445c689d15121b05689f6cd8e443e4e54204a78023,Fixed-Dc,4,-665192,0.0015580032545224887,0.005396903739558534,0.0,0,0,1,0
0.35,800000,200,11,f7487fbf9882c7e3d54a2a50a76676aef867ec9bf59260efed9dc531f8a3f697,80cce931ca0c57cdb34a9b445c689d15121b05689f6cd8e443e4e54204a78023,Decoupled,1,0,,,,,,0,0
0.35,800000,200,11,f7487fbf9882c7e3d54a2a50a76676aef867ec9bf59260efed9dc531f8a3f697,80cce931ca0c57cdb34a9b445c689d15121b05689f6cd8e443e4e54204a78023,Decoupled,2,57585,,,,,,0,0
0.35,800000,200,11,f7487fbf9882c7e3d54a2a50a76676aef867ec9bf59260efed9dc531f8a3f697,80cce931ca0c57cdb34a9b445c689d15121b05689f6cd8e443e4e54204a78023,Decoupled,3,0,,,,,,0,0
0.35,800000,200,11,f7487fbf9882c7e3d54a2a50a76676aef867ec9bf59260efed9dc531f8a3f697,80cce931ca0c57cdb34a9b445c689d15121b05689f6cd8e443e4e54204a78023,Decoupled,4,45714,,,,,,0,0
0.35,800000,201,7,32885ad5383bf9decb150befd1dace82ceced693112c7d9d871084bf6d62f1d2,80cce931ca0c57cdb34a9b445c689d15121b05689f6cd8e443e4e54204a78023,No-Dq-R,1,0,0.0,0.0,0.0,0,0,0,0
0.35,800000,201,7,32885ad5383bf9decb150befd1dace82ceced693112c7d9d871084bf6d62f1d2,80cce931ca0c57cdb34a9b445c689d15121b05689f6cd8e443e4e54204a78023,No-Dq-R,2,-688000,0.04529600987672988,0.04385281926423246,0,0,0,0,0
0.35,800000,201,7,32885ad5383bf9decb150befd1dace82ceced693112c7d9d871084bf6d62f1d2,80cce931ca0c57cdb34a9b445c689d15121b05689f6cd8e443e4e54204a78023,No-Dq-R,3,-1614019,0.069419077214814,0.06332343750035901,0,0,0,0,0
0.35,800000,201,7,32885ad5383bf9decb150befd1dace82ceced693112c7d9d871084bf6d62f1d2,80cce931ca0c57cdb34a9b445c689d15121b05689f6cd8e443e4e54204a78023,No-Dq-R,4,-2354286,0.04535697239382497,0.05456148750445944,0.0,0,0,1,0
0.35,800000,201,7,32885ad5383bf9decb150befd1dace82ceced693112c7d9d871084bf6d62f1d2,80cce931ca0c57cdb34a9b445c689d15121b05689f6cd8e443e4e54204a78023,Fixed-Dc,1,12965,-0.0006394031017732393,-0.000591603153459408,0.0,0,0,0,0
0.35,800000,201,7,32885ad5383bf9decb150befd1dace82ceced693112c7d9d871084bf6d62f1d2,80cce931ca0c57cdb34a9b445c689d15121b05689f6cd8e443e4e54204a78023,Fixed-Dc,2,12965,-0.0004022436652736383,-0.0003353217229670191,0,0,0,0,0
0.35,800000,201,7,32885ad5383bf9decb150befd1dace82ceced693112c7d9d871084bf6d62f1d2,80cce931ca0c57cdb34a9b445c689d15121b05689f6cd8e443e4e54204a78023,Fixed-Dc,3,-1054,2.211929644907462e-05,1.5588073402184044e-05,0,0,0,0,0
0.35,800000,201,7,32885ad5383bf9decb150befd1dace82ceced693112c7d9d871084bf6d62f1d2,80cce931ca0c57cdb34a9b445c689d15121b05689f6cd8e443e4e54204a78023,Fixed-Dc,4,-755340,0.0017254282005360055,0.0060895931484484245,0.0,0,0,1,0
0.35,800000,201,7,32885ad5383bf9decb150befd1dace82ceced693112c7d9d871084bf6d62f1d2,80cce931ca0c57cdb34a9b445c689d15121b05689f6cd8e443e4e54204a78023,Decoupled,1,0,,,,,,0,0
0.35,800000,201,7,32885ad5383bf9decb150befd1dace82ceced693112c7d9d871084bf6d62f1d2,80cce931ca0c57cdb34a9b445c689d15121b05689f6cd8e443e4e54204a78023,Decoupled,2,112000,,,,,,0,0
0.35,800000,201,7,32885ad5383bf9decb150befd1dace82ceced693112c7d9d871084bf6d62f1d2,80cce931ca0c57cdb34a9b445c689d15121b05689f6cd8e443e4e54204a78023,Decoupled,3,-14019,,,,,,0,0
0.35,800000,201,7,32885ad5383bf9decb150befd1dace82ceced693112c7d9d871084bf6d62f1d2,80cce931ca0c57cdb34a9b445c689d15121b05689f6cd8e443e4e54204a78023,Decoupled,4,45714,,,,,,0,0
0.35,800000,201,11,32885ad5383bf9decb150befd1dace82ceced693112c7d9d871084bf6d62f1d2,80cce931ca0c57cdb34a9b445c689d15121b05689f6cd8e443e4e54204a78023,No-Dq-R,1,0,0.0,0.0,0.0,0,0,0,0
0.35,800000,201,11,32885ad5383bf9decb150befd1dace82ceced693112c7d9d871084bf6d62f1d2,80cce931ca0c57cdb34a9b445c689d15121b05689f6cd8e443e4e54204a78023,No-Dq-R,2,-688000,0.04529600987672988,0.04385281926423246,0,0,0,0,0
0.35,800000,201,11,32885ad5383bf9decb150befd1dace82ceced693112c7d9d871084bf6d62f1d2,80cce931ca0c57cdb34a9b445c689d15121b05689f6cd8e443e4e54204a78023,No-Dq-R,3,-1614019,0.05810835981532775,0.06332343750035901,0,0,0,0,0
0.35,800000,201,11,32885ad5383bf9decb150befd1dace82ceced693112c7d9d871084bf6d62f1d2,80cce931ca0c57cdb34a9b445c689d15121b05689f6cd8e443e4e54204a78023,No-Dq-R,4,-2354286,0.04535697239382497,0.05456148750445944,0.0,0,0,1,0
0.35,800000,201,11,32885ad5383bf9decb150befd1dace82ceced693112c7d9d871084bf6d62f1d2,80cce931ca0c57cdb34a9b445c689d15121b05689f6cd8e443e4e54204a78023,Fixed-Dc,1,12965,-0.0005452030855833678,-0.000591603153459408,0.0,0,0,0,0
0.35,800000,201,11,32885ad5383bf9decb150befd1dace82ceced693112c7d9d871084bf6d62f1d2,80cce931ca0c57cdb34a9b445c689d15121b05689f6cd8e443e4e54204a78023,Fixed-Dc,2,12965,-0.0004022436652736383,-0.0003353217229670191,0,0,0,0,0
0.35,800000,201,11,32885ad5383bf9decb150befd1dace82ceced693112c7d9d871084bf6d62f1d2,80cce931ca0c57cdb34a9b445c689d15121b05689f6cd8e443e4e54204a78023,Fixed-Dc,3,-1054,9.83530219761386e-06,1.5588073402184044e-05,0,0,0,0,0
0.35,800000,201,11,32885ad5383bf9decb150befd1dace82ceced693112c7d9d871084bf6d62f1d2,80cce931ca0c57cdb34a9b445c689d15121b05689f6cd8e443e4e54204a78023,Fixed-Dc,4,-755340,0.0017254282005360055,0.0060895931484484245,0.0,0,0,1,0
0.35,800000,201,11,32885ad5383bf9decb150befd1dace82ceced693112c7d9d871084bf6d62f1d2,80cce931ca0c57cdb34a9b445c689d15121b05689f6cd8e443e4e54204a78023,Decoupled,1,0,,,,,,0,0
0.35,800000,201,11,32885ad5383bf9decb150befd1dace82ceced693112c7d9d871084bf6d62f1d2,80cce931ca0c57cdb34a9b445c689d15121b05689f6cd8e443e4e54204a78023,Decoupled,2,112000,,,,,,0,0
0.35,800000,201,11,32885ad5383bf9decb150befd1dace82ceced693112c7d9d871084bf6d62f1d2,80cce931ca0c57cdb34a9b445c689d15121b05689f6cd8e443e4e54204a78023,Decoupled,3,-14019,,,,,,0,0
0.35,800000,201,11,32885ad5383bf9decb150befd1dace82ceced693112c7d9d871084bf6d62f1d2,80cce931ca0c57cdb34a9b445c689d15121b05689f6cd8e443e4e54204a78023,Decoupled,4,45714,,,,,,0,0
0.35,800000,202,7,05567d7cec810dfbb71c51155eadbb8a997876f65076609e75bdf9cc96cb1b3c,80cce931ca0c57cdb34a9b445c689d15121b05689f6cd8e443e4e54204a78023,No-Dq-R,1,0,0.0,0.0,0.0,0,0,0,0
0.35,800000,202,7,05567d7cec810dfbb71c51155eadbb8a997876f65076609e75bdf9cc96cb1b3c,80cce931ca0c57cdb34a9b445c689d15121b05689f6cd8e443e4e54204a78023,No-Dq-R,2,-1395356,0.06745559273359358,0.062357323061848824,0.9999999999999994,1,0,0,0
0.35,800000,202,7,05567d7cec810dfbb71c51155eadbb8a997876f65076609e75bdf9cc96cb1b3c,80cce931ca0c57cdb34a9b445c689d15121b05689f6cd8e443e4e54204a78023,No-Dq-R,3,-1004644,0.051281686092380596,0.04842225548283241,0,0,0,0,0
0.35,800000,202,7,05567d7cec810dfbb71c51155eadbb8a997876f65076609e75bdf9cc96cb1b3c,80cce931ca0c57cdb34a9b445c689d15121b05689f6cd8e443e4e54204a78023,No-Dq-R,4,-2400000,0.05421404102665128,0.06331014280973901,0,0,0,0,0
0.35,800000,202,7,05567d7cec810dfbb71c51155eadbb8a997876f65076609e75bdf9cc96cb1b3c,80cce931ca0c57cdb34a9b445c689d15121b05689f6cd8e443e4e54204a78023,Fixed-Dc,1,12965,-0.0006394031017732393,-0.000591603153459408,0.0,0,0,0,0
0.35,800000,202,7,05567d7cec810dfbb71c51155eadbb8a997876f65076609e75bdf9cc96cb1b3c,80cce931ca0c57cdb34a9b445c689d15121b05689f6cd8e443e4e54204a78023,Fixed-Dc,2,-582391,0.0174407646081155,0.014358319710169098,0,0,0,0,0
0.35,800000,202,7,05567d7cec810dfbb71c51155eadbb8a997876f65076609e75bdf9cc96cb1b3c,80cce931ca0c57cdb34a9b445c689d15121b05689f6cd8e443e4e54204a78023,Fixed-Dc,3,12965,-0.00027226355259524215,-0.00019195251098830246,0,0,0,0,0
0.35,800000,202,7,05567d7cec810dfbb71c51155eadbb8a997876f65076609e75bdf9cc96cb1b3c,80cce931ca0c57cdb34a9b445c689d15121b05689f6cd8e443e4e54204a78023,Fixed-Dc,4,12965,-3.628976974440201e-05,-0.00011041375565751244,0,0,0,0,0
0.35,800000,202,7,05567d7cec810dfbb71c51155eadbb8a997876f65076609e75bdf9cc96cb1b3c,80cce931ca0c57cdb34a9b445c689d15121b05689f6cd8e443e4e54204a78023,Decoupled,1,0,,,,,,0,0
0.35,800000,202,7,05567d7cec810dfbb71c51155eadbb8a997876f65076609e75bdf9cc96cb1b3c,80cce931ca0c57cdb34a9b445c689d15121b05689f6cd8e443e4e54204a78023,Decoupled,2,-595356,,,,,,0,0
0.35,800000,202,7,05567d7cec810dfbb71c51155eadbb8a997876f65076609e75bdf9cc96cb1b3c,80cce931ca0c57cdb34a9b445c689d15121b05689f6cd8e443e4e54204a78023,Decoupled,3,595356,,,,,,0,0
0.35,800000,202,7,05567d7cec810dfbb71c51155eadbb8a997876f65076609e75bdf9cc96cb1b3c,80cce931ca0c57cdb34a9b445c689d15121b05689f6cd8e443e4e54204a78023,Decoupled,4,0,,,,,,0,0
0.35,800000,202,11,05567d7cec810dfbb71c51155eadbb8a997876f65076609e75bdf9cc96cb1b3c,80cce931ca0c57cdb34a9b445c689d15121b05689f6cd8e443e4e54204a78023,No-Dq-R,1,0,0.0,0.0,0.0,0,0,0,0
0.35,800000,202,11,05567d7cec810dfbb71c51155eadbb8a997876f65076609e75bdf9cc96cb1b3c,80cce931ca0c57cdb34a9b445c689d15121b05689f6cd8e443e4e54204a78023,No-Dq-R,2,-1395356,0.06745559273359358,0.062357323061848824,0.9999999999999994,1,0,0,0
0.35,800000,202,11,05567d7cec810dfbb71c51155eadbb8a997876f65076609e75bdf9cc96cb1b3c,80cce931ca0c57cdb34a9b445c689d15121b05689f6cd8e443e4e54204a78023,No-Dq-R,3,-1004644,0.04621487544687514,0.04842225548283241,0,0,0,0,0
0.35,800000,202,11,05567d7cec810dfbb71c51155eadbb8a997876f65076609e75bdf9cc96cb1b3c,80cce931ca0c57cdb34a9b445c689d15121b05689f6cd8e443e4e54204a78023,No-Dq-R,4,-2400000,0.05421404102665128,0.06331014280973901,0,0,0,0,0
0.35,800000,202,11,05567d7cec810dfbb71c51155eadbb8a997876f65076609e75bdf9cc96cb1b3c,80cce931ca0c57cdb34a9b445c689d15121b05689f6cd8e443e4e54204a78023,Fixed-Dc,1,12965,-0.0005452030855833678,-0.000591603153459408,0.0,0,0,0,0
0.35,800000,202,11,05567d7cec810dfbb71c51155eadbb8a997876f65076609e75bdf9cc96cb1b3c,80cce931ca0c57cdb34a9b445c689d15121b05689f6cd8e443e4e54204a78023,Fixed-Dc,2,-582391,0.0174407646081155,0.014358319710169098,0,0,0,0,0
0.35,800000,202,11,05567d7cec810dfbb71c51155eadbb8a997876f65076609e75bdf9cc96cb1b3c,80cce931ca0c57cdb34a9b445c689d15121b05689f6cd8e443e4e54204a78023,Fixed-Dc,3,12965,-0.00012121368546541555,-0.00019195251098830246,0,0,0,0,0
0.35,800000,202,11,05567d7cec810dfbb71c51155eadbb8a997876f65076609e75bdf9cc96cb1b3c,80cce931ca0c57cdb34a9b445c689d15121b05689f6cd8e443e4e54204a78023,Fixed-Dc,4,12965,-3.628976974440201e-05,-0.00011041375565751244,0,0,0,0,0
0.35,800000,202,11,05567d7cec810dfbb71c51155eadbb8a997876f65076609e75bdf9cc96cb1b3c,80cce931ca0c57cdb34a9b445c689d15121b05689f6cd8e443e4e54204a78023,Decoupled,1,0,,,,,,0,0
0.35,800000,202,11,05567d7cec810dfbb71c51155eadbb8a997876f65076609e75bdf9cc96cb1b3c,80cce931ca0c57cdb34a9b445c689d15121b05689f6cd8e443e4e54204a78023,Decoupled,2,-595356,,,,,,0,0
0.35,800000,202,11,05567d7cec810dfbb71c51155eadbb8a997876f65076609e75bdf9cc96cb1b3c,80cce931ca0c57cdb34a9b445c689d15121b05689f6cd8e443e4e54204a78023,Decoupled,3,595356,,,,,,0,0
0.35,800000,202,11,05567d7cec810dfbb71c51155eadbb8a997876f65076609e75bdf9cc96cb1b3c,80cce931ca0c57cdb34a9b445c689d15121b05689f6cd8e443e4e54204a78023,Decoupled,4,0,,,,,,0,0
0.35,800000,203,7,58878c0d303d6045c526f7c4448bfbebbe6506c0e4ac957b85b67876c0e28d5c,80cce931ca0c57cdb34a9b445c689d15121b05689f6cd8e443e4e54204a78023,No-Dq-R,1,0,0.0,0.0,0.0,0,0,0,0
0.35,800000,203,7,58878c0d303d6045c526f7c4448bfbebbe6506c0e4ac957b85b67876c0e28d5c,80cce931ca0c57cdb34a9b445c689d15121b05689f6cd8e443e4e54204a78023,No-Dq-R,2,-641047,0.0435053576095199,0.04227621988110919,0,0,0,0,0
0.35,800000,203,7,58878c0d303d6045c526f7c4448bfbebbe6506c0e4ac957b85b67876c0e28d5c,80cce931ca0c57cdb34a9b445c689d15121b05689f6cd8e443e4e54204a78023,No-Dq-R,3,-1713239,0.0714915550400303,0.0647795702891687,0,0,0,0,0
0.35,800000,203,7,58878c0d303d6045c526f7c4448bfbebbe6506c0e4ac957b85b67876c0e28d5c,80cce931ca0c57cdb34a9b445c689d15121b05689f6cd8e443e4e54204a78023,No-Dq-R,4,-2400000,0.05421404102665128,0.06331014280973901,0,0,0,0,0
0.35,800000,203,7,58878c0d303d6045c526f7c4448bfbebbe6506c0e4ac957b85b67876c0e28d5c,80cce931ca0c57cdb34a9b445c689d15121b05689f6cd8e443e4e54204a78023,Fixed-Dc,1,12965,-0.0006394031017732393,-0.000591603153459408,0.0,0,0,0,0
0.35,800000,203,7,58878c0d303d6045c526f7c4448bfbebbe6506c0e4ac957b85b67876c0e28d5c,80cce931ca0c57cdb34a9b445c689d15121b05689f6cd8e443e4e54204a78023,Fixed-Dc,2,12965,-0.0004022436652736383,-0.0003353217229670191,0,0,0,0,0
0.35,800000,203,7,58878c0d303d6045c526f7c4448bfbebbe6506c0e4ac957b85b67876c0e28d5c,80cce931ca0c57cdb34a9b445c689d15121b05689f6cd8e443e4e54204a78023,Fixed-Dc,3,-100274,0.002094597121665376,0.0014717208622118672,0,0,0,0,0
0.35,800000,203,7,58878c0d303d6045c526f7c4448bfbebbe6506c0e4ac957b85b67876c0e28d5c,80cce931ca0c57cdb34a9b445c689d15121b05689f6cd8e443e4e54204a78023,Fixed-Dc,4,12965,-3.628976974440201e-05,-0.00011041375565751244,0,0,0,0,0
0.35,800000,203,7,58878c0d303d6045c526f7c4448bfbebbe6506c0e4ac957b85b67876c0e28d5c,80cce931ca0c57cdb34a9b445c689d15121b05689f6cd8e443e4e54204a78023,Decoupled,1,0,,,,,,0,0
0.35,800000,203,7,58878c0d303d6045c526f7c4448bfbebbe6506c0e4ac957b85b67876c0e28d5c,80cce931ca0c57cdb34a9b445c689d15121b05689f6cd8e443e4e54204a78023,Decoupled,2,158953,,,,,,0,0
0.35,800000,203,7,58878c0d303d6045c526f7c4448bfbebbe6506c0e4ac957b85b67876c0e28d5c,80cce931ca0c57cdb34a9b445c689d15121b05689f6cd8e443e4e54204a78023,Decoupled,3,-113239,,,,,,0,0
0.35,800000,203,7,58878c0d303d6045c526f7c4448bfbebbe6506c0e4ac957b85b67876c0e28d5c,80cce931ca0c57cdb34a9b445c689d15121b05689f6cd8e443e4e54204a78023,Decoupled,4,0,,,,,,0,0
0.35,800000,203,11,58878c0d303d6045c526f7c4448bfbebbe6506c0e4ac957b85b67876c0e28d5c,80cce931ca0c57cdb34a9b445c689d15121b05689f6cd8e443e4e54204a78023,No-Dq-R,1,0,0.0,0.0,0.0,0,0,0,0
0.35,800000,203,11,58878c0d303d6045c526f7c4448bfbebbe6506c0e4ac957b85b67876c0e28d5c,80cce931ca0c57cdb34a9b445c689d15121b05689f6cd8e443e4e54204a78023,No-Dq-R,2,-641047,0.0435053576095199,0.04227621988110919,0,0,0,0,0
0.35,800000,203,11,58878c0d303d6045c526f7c4448bfbebbe6506c0e4ac957b85b67876c0e28d5c,80cce931ca0c57cdb34a9b445c689d15121b05689f6cd8e443e4e54204a78023,No-Dq-R,3,-1713239,0.05902160929544342,0.0647795702891687,0,0,0,0,0
0.35,800000,203,11,58878c0d303d6045c526f7c4448bfbebbe6506c0e4ac957b85b67876c0e28d5c,80cce931ca0c57cdb34a9b445c689d15121b05689f6cd8e443e4e54204a78023,No-Dq-R,4,-2400000,0.05421404102665128,0.06331014280973901,0,0,0,0,0
0.35,800000,203,11,58878c0d303d6045c526f7c4448bfbebbe6506c0e4ac957b85b67876c0e28d5c,80cce931ca0c57cdb34a9b445c689d15121b05689f6cd8e443e4e54204a78023,Fixed-Dc,1,12965,-0.0005452030855833678,-0.000591603153459408,0.0,0,0,0,0
0.35,800000,203,11,58878c0d303d6045c526f7c4448bfbebbe6506c0e4ac957b85b67876c0e28d5c,80cce931ca0c57cdb34a9b445c689d15121b05689f6cd8e443e4e54204a78023,Fixed-Dc,2,12965,-0.0004022436652736383,-0.0003353217229670191,0,0,0,0,0
0.35,800000,203,11,58878c0d303d6045c526f7c4448bfbebbe6506c0e4ac957b85b67876c0e28d5c,80cce931ca0c57cdb34a9b445c689d15121b05689f6cd8e443e4e54204a78023,Fixed-Dc,3,-100274,0.0009230847823132882,0.0014717208622118672,0,0,0,0,0
0.35,800000,203,11,58878c0d303d6045c526f7c4448bfbebbe6506c0e4ac957b85b67876c0e28d5c,80cce931ca0c57cdb34a9b445c689d15121b05689f6cd8e443e4e54204a78023,Fixed-Dc,4,12965,-3.628976974440201e-05,-0.00011041375565751244,0,0,0,0,0
0.35,800000,203,11,58878c0d303d6045c526f7c4448bfbebbe6506c0e4ac957b85b67876c0e28d5c,80cce931ca0c57cdb34a9b445c689d15121b05689f6cd8e443e4e54204a78023,Decoupled,1,0,,,,,,0,0
0.35,800000,203,11,58878c0d303d6045c526f7c4448bfbebbe6506c0e4ac957b85b67876c0e28d5c,80cce931ca0c57cdb34a9b445c689d15121b05689f6cd8e443e4e54204a78023,Decoupled,2,158953,,,,,,0,0
0.35,800000,203,11,58878c0d303d6045c526f7c4448bfbebbe6506c0e4ac957b85b67876c0e28d5c,80cce931ca0c57cdb34a9b445c689d15121b05689f6cd8e443e4e54204a78023,Decoupled,3,-113239,,,,,,0,0
0.35,800000,203,11,58878c0d303d6045c526f7c4448bfbebbe6506c0e4ac957b85b67876c0e28d5c,80cce931ca0c57cdb34a9b445c689d15121b05689f6cd8e443e4e54204a78023,Decoupled,4,0,,,,,,0,0
0.35,2000000,200,7,c4802e178c1e55171756c98102d8ec92e7de78999e94fb5f2656a7c5d620b646,80cce931ca0c57cdb34a9b445c689d15121b05689f6cd8e443e4e54204a78023,No-Dq-R,1,0,0.0,0.0,0.0,0,0,0,0
0.35,2000000,200,7,c4802e178c1e55171756c98102d8ec92e7de78999e94fb5f2656a7c5d620b646,80cce931ca0c57cdb34a9b445c689d15121b05689f6cd8e443e4e54204a78023,No-Dq-R,2,0,0.0,0.0,0,0,0,0,0
0.35,2000000,200,7,c4802e178c1e55171756c98102d8ec92e7de78999e94fb5f2656a7c5d620b646,80cce931ca0c57cdb34a9b445c689d15121b05689f6cd8e443e4e54204a78023,No-Dq-R,3,0,0.0,0.0,0,0,0,0,0
0.35,2000000,200,7,c4802e178c1e55171756c98102d8ec92e7de78999e94fb5f2656a7c5d620b646,80cce931ca0c57cdb34a9b445c689d15121b05689f6cd8e443e4e54204a78023,No-Dq-R,4,0,0.0,0.0,0,0,0,0,0
0.35,2000000,200,7,c4802e178c1e55171756c98102d8ec92e7de78999e94fb5f2656a7c5d620b646,80cce931ca0c57cdb34a9b445c689d15121b05689f6cd8e443e4e54204a78023,Fixed-Dc,1,-756620,0.03534610758176904,0.03236729346917555,0.0,0,0,0,0
0.35,2000000,200,7,c4802e178c1e55171756c98102d8ec92e7de78999e94fb5f2656a7c5d620b646,80cce931ca0c57cdb34a9b445c689d15121b05689f6cd8e443e4e54204a78023,Fixed-Dc,2,12965,-0.0003621663150976673,-0.0002914326773670872,0,0,0,0,0
0.35,2000000,200,7,c4802e178c1e55171756c98102d8ec92e7de78999e94fb5f2656a7c5d620b646,80cce931ca0c57cdb34a9b445c689d15121b05689f6cd8e443e4e54204a78023,Fixed-Dc,3,12965,-7.264721023014786e-05,-0.0001455767681869391,0,0,0,0,0
0.35,2000000,200,7,c4802e178c1e55171756c98102d8ec92e7de78999e94fb5f2656a7c5d620b646,80cce931ca0c57cdb34a9b445c689d15121b05689f6cd8e443e4e54204a78023,Fixed-Dc,4,12965,1.8877786072679648e-06,-7.261431842237043e-05,0,0,0,0,0
0.35,2000000,200,7,c4802e178c1e55171756c98102d8ec92e7de78999e94fb5f2656a7c5d620b646,80cce931ca0c57cdb34a9b445c689d15121b05689f6cd8e443e4e54204a78023,Decoupled,1,0,,,,,,0,0
0.35,2000000,200,7,c4802e178c1e55171756c98102d8ec92e7de78999e94fb5f2656a7c5d620b646,80cce931ca0c57cdb34a9b445c689d15121b05689f6cd8e443e4e54204a78023,Decoupled,2,0,,,,,,0,0
0.35,2000000,200,7,c4802e178c1e55171756c98102d8ec92e7de78999e94fb5f2656a7c5d620b646,80cce931ca0c57cdb34a9b445c689d15121b05689f6cd8e443e4e54204a78023,Decoupled,3,0,,,,,,0,0
0.35,2000000,200,7,c4802e178c1e55171756c98102d8ec92e7de78999e94fb5f2656a7c5d620b646,80cce931ca0c57cdb34a9b445c689d15121b05689f6cd8e443e4e54204a78023,Decoupled,4,0,,,,,,0,0
0.35,2000000,200,11,c4802e178c1e55171756c98102d8ec92e7de78999e94fb5f2656a7c5d620b646,80cce931ca0c57cdb34a9b445c689d15121b05689f6cd8e443e4e54204a78023,No-Dq-R,1,0,0.0,0.0,0.0,0,0,0,0
0.35,2000000,200,11,c4802e178c1e55171756c98102d8ec92e7de78999e94fb5f2656a7c5d620b646,80cce931ca0c57cdb34a9b445c689d15121b05689f6cd8e443e4e54204a78023,No-Dq-R,2,0,0.0,0.0,0,0,0,0,0
0.35,2000000,200,11,c4802e178c1e55171756c98102d8ec92e7de78999e94fb5f2656a7c5d620b646,80cce931ca0c57cdb34a9b445c689d15121b05689f6cd8e443e4e54204a78023,No-Dq-R,3,0,0.0,0.0,0,0,0,0,0
0.35,2000000,200,11,c4802e178c1e55171756c98102d8ec92e7de78999e94fb5f2656a7c5d620b646,80cce931ca0c57cdb34a9b445c689d15121b05689f6cd8e443e4e54204a78023,No-Dq-R,4,0,0.0,0.0,0,0,0,0,0
0.35,2000000,200,11,c4802e178c1e55171756c98102d8ec92e7de78999e94fb5f2656a7c5d620b646,80cce931ca0c57cdb34a9b445c689d15121b05689f6cd8e443e4e54204a78023,Fixed-Dc,1,-756620,0.029475717601629037,0.03236729346917555,0.0,0,0,0,0
0.35,2000000,200,11,c4802e178c1e55171756c98102d8ec92e7de78999e94fb5f2656a7c5d620b646,80cce931ca0c57cdb34a9b445c689d15121b05689f6cd8e443e4e54204a78023,Fixed-Dc,2,12965,-0.0003621663150976673,-0.0002914326773670872,0,0,0,0,0
0.35,2000000,200,11,c4802e178c1e55171756c98102d8ec92e7de78999e94fb5f2656a7c5d620b646,80cce931ca0c57cdb34a9b445c689d15121b05689f6cd8e443e4e54204a78023,Fixed-Dc,3,12965,-7.264721023014786e-05,-0.0001455767681869391,0,0,0,0,0
0.35,2000000,200,11,c4802e178c1e55171756c98102d8ec92e7de78999e94fb5f2656a7c5d620b646,80cce931ca0c57cdb34a9b445c689d15121b05689f6cd8e443e4e54204a78023,Fixed-Dc,4,12965,1.8877786072679648e-06,-7.261431842237043e-05,0,0,0,0,0
0.35,2000000,200,11,c4802e178c1e55171756c98102d8ec92e7de78999e94fb5f2656a7c5d620b646,80cce931ca0c57cdb34a9b445c689d15121b05689f6cd8e443e4e54204a78023,Decoupled,1,0,,,,,,0,0
0.35,2000000,200,11,c4802e178c1e55171756c98102d8ec92e7de78999e94fb5f2656a7c5d620b646,80cce931ca0c57cdb34a9b445c689d15121b05689f6cd8e443e4e54204a78023,Decoupled,2,0,,,,,,0,0
0.35,2000000,200,11,c4802e178c1e55171756c98102d8ec92e7de78999e94fb5f2656a7c5d620b646,80cce931ca0c57cdb34a9b445c689d15121b05689f6cd8e443e4e54204a78023,Decoupled,3,0,,,,,,0,0
0.35,2000000,200,11,c4802e178c1e55171756c98102d8ec92e7de78999e94fb5f2656a7c5d620b646,80cce931ca0c57cdb34a9b445c689d15121b05689f6cd8e443e4e54204a78023,Decoupled,4,0,,,,,,0,0
0.35,2000000,201,7,7219dec6901d89cfad4aae8f5a615624607ff65b9289f7448ebbc3203ae17054,80cce931ca0c57cdb34a9b445c689d15121b05689f6cd8e443e4e54204a78023,No-Dq-R,1,0,0.0,0.0,0.0,0,0,0,0
0.35,2000000,201,7,7219dec6901d89cfad4aae8f5a615624607ff65b9289f7448ebbc3203ae17054,80cce931ca0c57cdb34a9b445c689d15121b05689f6cd8e443e4e54204a78023,No-Dq-R,2,0,0.0,0.0,0,0,0,0,0
0.35,2000000,201,7,7219dec6901d89cfad4aae8f5a615624607ff65b9289f7448ebbc3203ae17054,80cce931ca0c57cdb34a9b445c689d15121b05689f6cd8e443e4e54204a78023,No-Dq-R,3,0,0.0,0.0,0,0,0,0,0
0.35,2000000,201,7,7219dec6901d89cfad4aae8f5a615624607ff65b9289f7448ebbc3203ae17054,80cce931ca0c57cdb34a9b445c689d15121b05689f6cd8e443e4e54204a78023,No-Dq-R,4,0,0.0,0.0,0,0,0,0,0
0.35,2000000,201,7,7219dec6901d89cfad4aae8f5a615624607ff65b9289f7448ebbc3203ae17054,80cce931ca0c57cdb34a9b445c689d15121b05689f6cd8e443e4e54204a78023,Fixed-Dc,1,12965,-0.0006394031017732393,-0.000591603153459408,0.0,0,0,0,0
0.35,2000000,201,7,7219dec6901d89cfad4aae8f5a615624607ff65b9289f7448ebbc3203ae17054,80cce931ca0c57cdb34a9b445c689d15121b05689f6cd8e443e4e54204a78023,Fixed-Dc,2,12965,-0.0003621663150976673,-0.0002914326773670872,0,0,0,0,0
0.35,2000000,201,7,7219dec6901d89cfad4aae8f5a615624607ff65b9289f7448ebbc3203ae17054,80cce931ca0c57cdb34a9b445c689d15121b05689f6cd8e443e4e54204a78023,Fixed-Dc,3,12965,-7.264721023014786e-05,-0.0001455767681869391,0,0,0,0,0
0.35,2000000,201,7,7219dec6901d89cfad4aae8f5a615624607ff65b9289f7448ebbc3203ae17054,80cce931ca0c57cdb34a9b445c689d15121b05689f6cd8e443e4e54204a78023,Fixed-Dc,4,12965,1.8877786072679648e-06,-7.261431842237043e-05,0,0,0,0,0
0.35,2000000,201,7,7219dec6901d89cfad4aae8f5a615624607ff65b9289f7448ebbc3203ae17054,80cce931ca0c57cdb34a9b445c689d15121b05689f6cd8e443e4e54204a78023,Decoupled,1,0,,,,,,0,0
0.35,2000000,201,7,7219dec6901d89cfad4aae8f5a615624607ff65b9289f7448ebbc3203ae17054,80cce931ca0c57cdb34a9b445c689d15121b05689f6cd8e443e4e54204a78023,Decoupled,2,0,,,,,,0,0
0.35,2000000,201,7,7219dec6901d89cfad4aae8f5a615624607ff65b9289f7448ebbc3203ae17054,80cce931ca0c57cdb34a9b445c689d15121b05689f6cd8e443e4e54204a78023,Decoupled,3,0,,,,,,0,0
0.35,2000000,201,7,7219dec6901d89cfad4aae8f5a615624607ff65b9289f7448ebbc3203ae17054,80cce931ca0c57cdb34a9b445c689d15121b05689f6cd8e443e4e54204a78023,Decoupled,4,0,,,,,,0,0
0.35,2000000,201,11,7219dec6901d89cfad4aae8f5a615624607ff65b9289f7448ebbc3203ae17054,80cce931ca0c57cdb34a9b445c689d15121b05689f6cd8e443e4e54204a78023,No-Dq-R,1,0,0.0,0.0,0.0,0,0,0,0
0.35,2000000,201,11,7219dec6901d89cfad4aae8f5a615624607ff65b9289f7448ebbc3203ae17054,80cce931ca0c57cdb34a9b445c689d15121b05689f6cd8e443e4e54204a78023,No-Dq-R,2,0,0.0,0.0,0,0,0,0,0
0.35,2000000,201,11,7219dec6901d89cfad4aae8f5a615624607ff65b9289f7448ebbc3203ae17054,80cce931ca0c57cdb34a9b445c689d15121b05689f6cd8e443e4e54204a78023,No-Dq-R,3,0,0.0,0.0,0,0,0,0,0
0.35,2000000,201,11,7219dec6901d89cfad4aae8f5a615624607ff65b9289f7448ebbc3203ae17054,80cce931ca0c57cdb34a9b445c689d15121b05689f6cd8e443e4e54204a78023,No-Dq-R,4,0,0.0,0.0,0,0,0,0,0
0.35,2000000,201,11,7219dec6901d89cfad4aae8f5a615624607ff65b9289f7448ebbc3203ae17054,80cce931ca0c57cdb34a9b445c689d15121b05689f6cd8e443e4e54204a78023,Fixed-Dc,1,12965,-0.0005452030855833678,-0.000591603153459408,0.0,0,0,0,0
0.35,2000000,201,11,7219dec6901d89cfad4aae8f5a615624607ff65b9289f7448ebbc3203ae17054,80cce931ca0c57cdb34a9b445c689d15121b05689f6cd8e443e4e54204a78023,Fixed-Dc,2,12965,-0.0003621663150976673,-0.0002914326773670872,0,0,0,0,0
0.35,2000000,201,11,7219dec6901d89cfad4aae8f5a615624607ff65b9289f7448ebbc3203ae17054,80cce931ca0c57cdb34a9b445c689d15121b05689f6cd8e443e4e54204a78023,Fixed-Dc,3,12965,-7.264721023014786e-05,-0.0001455767681869391,0,0,0,0,0
0.35,2000000,201,11,7219dec6901d89cfad4aae8f5a615624607ff65b9289f7448ebbc3203ae17054,80cce931ca0c57cdb34a9b445c689d15121b05689f6cd8e443e4e54204a78023,Fixed-Dc,4,12965,1.8877786072679648e-06,-7.261431842237043e-05,0,0,0,0,0
0.35,2000000,201,11,7219dec6901d89cfad4aae8f5a615624607ff65b9289f7448ebbc3203ae17054,80cce931ca0c57cdb34a9b445c689d15121b05689f6cd8e443e4e54204a78023,Decoupled,1,0,,,,,,0,0
0.35,2000000,201,11,7219dec6901d89cfad4aae8f5a615624607ff65b9289f7448ebbc3203ae17054,80cce931ca0c57cdb34a9b445c689d15121b05689f6cd8e443e4e54204a78023,Decoupled,2,0,,,,,,0,0
0.35,2000000,201,11,7219dec6901d89cfad4aae8f5a615624607ff65b9289f7448ebbc3203ae17054,80cce931ca0c57cdb34a9b445c689d15121b05689f6cd8e443e4e54204a78023,Decoupled,3,0,,,,,,0,0
0.35,2000000,201,11,7219dec6901d89cfad4aae8f5a615624607ff65b9289f7448ebbc3203ae17054,80cce931ca0c57cdb34a9b445c689d15121b05689f6cd8e443e4e54204a78023,Decoupled,4,0,,,,,,0,0
0.35,2000000,202,7,0866e77098e9536181b65edd44561c7bc7fbdddfb9ec4d22319b64205be246ca,80cce931ca0c57cdb34a9b445c689d15121b05689f6cd8e443e4e54204a78023,No-Dq-R,1,0,0.0,0.0,0.0,0,0,0,0
0.35,2000000,202,7,0866e77098e9536181b65edd44561c7bc7fbdddfb9ec4d22319b64205be246ca,80cce931ca0c57cdb34a9b445c689d15121b05689f6cd8e443e4e54204a78023,No-Dq-R,2,0,0.0,0.0,0,0,0,0,0
0.35,2000000,202,7,0866e77098e9536181b65edd44561c7bc7fbdddfb9ec4d22319b64205be246ca,80cce931ca0c57cdb34a9b445c689d15121b05689f6cd8e443e4e54204a78023,No-Dq-R,3,0,0.0,0.0,0,0,0,0,0
0.35,2000000,202,7,0866e77098e9536181b65edd44561c7bc7fbdddfb9ec4d22319b64205be246ca,80cce931ca0c57cdb34a9b445c689d15121b05689f6cd8e443e4e54204a78023,No-Dq-R,4,0,0.0,0.0,0,0,0,0,0
0.35,2000000,202,7,0866e77098e9536181b65edd44561c7bc7fbdddfb9ec4d22319b64205be246ca,80cce931ca0c57cdb34a9b445c689d15121b05689f6cd8e443e4e54204a78023,Fixed-Dc,1,12965,-0.0006394031017732393,-0.000591603153459408,0.0,0,0,0,0
0.35,2000000,202,7,0866e77098e9536181b65edd44561c7bc7fbdddfb9ec4d22319b64205be246ca,80cce931ca0c57cdb34a9b445c689d15121b05689f6cd8e443e4e54204a78023,Fixed-Dc,2,-182391,0.005038589264065585,0.004036233348515494,0,0,0,0,0
0.35,2000000,202,7,0866e77098e9536181b65edd44561c7bc7fbdddfb9ec4d22319b64205be246ca,80cce931ca0c57cdb34a9b445c689d15121b05689f6cd8e443e4e54204a78023,Fixed-Dc,3,-536677,0.0027367040418067035,0.005785929070859175,0,0,0,0,0
0.35,2000000,202,7,0866e77098e9536181b65edd44561c7bc7fbdddfb9ec4d22319b64205be246ca,80cce931ca0c57cdb34a9b445c689d15121b05689f6cd8e443e4e54204a78023,Fixed-Dc,4,12965,1.8877786072679648e-06,-7.261431842237043e-05,0,0,0,0,0
0.35,2000000,202,7,0866e77098e9536181b65edd44561c7bc7fbdddfb9ec4d22319b64205be246ca,80cce931ca0c57cdb34a9b445c689d15121b05689f6cd8e443e4e54204a78023,Decoupled,1,0,,,,,,0,0
0.35,2000000,202,7,0866e77098e9536181b65edd44561c7bc7fbdddfb9ec4d22319b64205be246ca,80cce931ca0c57cdb34a9b445c689d15121b05689f6cd8e443e4e54204a78023,Decoupled,2,0,,,,,,0,0
0.35,2000000,202,7,0866e77098e9536181b65edd44561c7bc7fbdddfb9ec4d22319b64205be246ca,80cce931ca0c57cdb34a9b445c689d15121b05689f6cd8e443e4e54204a78023,Decoupled,3,0,,,,,,0,0
0.35,2000000,202,7,0866e77098e9536181b65edd44561c7bc7fbdddfb9ec4d22319b64205be246ca,80cce931ca0c57cdb34a9b445c689d15121b05689f6cd8e443e4e54204a78023,Decoupled,4,0,,,,,,0,0
0.35,2000000,202,11,0866e77098e9536181b65edd44561c7bc7fbdddfb9ec4d22319b64205be246ca,80cce931ca0c57cdb34a9b445c689d15121b05689f6cd8e443e4e54204a78023,No-Dq-R,1,0,0.0,0.0,0.0,0,0,0,0
0.35,2000000,202,11,0866e77098e9536181b65edd44561c7bc7fbdddfb9ec4d22319b64205be246ca,80cce931ca0c57cdb34a9b445c689d15121b05689f6cd8e443e4e54204a78023,No-Dq-R,2,0,0.0,0.0,0,0,0,0,0
0.35,2000000,202,11,0866e77098e9536181b65edd44561c7bc7fbdddfb9ec4d22319b64205be246ca,80cce931ca0c57cdb34a9b445c689d15121b05689f6cd8e443e4e54204a78023,No-Dq-R,3,0,0.0,0.0,0,0,0,0,0
0.35,2000000,202,11,0866e77098e9536181b65edd44561c7bc7fbdddfb9ec4d22319b64205be246ca,80cce931ca0c57cdb34a9b445c689d15121b05689f6cd8e443e4e54204a78023,No-Dq-R,4,0,0.0,0.0,0,0,0,0,0
0.35,2000000,202,11,0866e77098e9536181b65edd44561c7bc7fbdddfb9ec4d22319b64205be246ca,80cce931ca0c57cdb34a9b445c689d15121b05689f6cd8e443e4e54204a78023,Fixed-Dc,1,12965,-0.0005452030855833678,-0.000591603153459408,0.0,0,0,0,0
0.35,2000000,202,11,0866e77098e9536181b65edd44561c7bc7fbdddfb9ec4d22319b64205be246ca,80cce931ca0c57cdb34a9b445c689d15121b05689f6cd8e443e4e54204a78023,Fixed-Dc,2,-182391,0.005038589264065585,0.004036233348515494,0,0,0,0,0
0.35,2000000,202,11,0866e77098e9536181b65edd44561c7bc7fbdddfb9ec4d22319b64205be246ca,80cce931ca0c57cdb34a9b445c689d15121b05689f6cd8e443e4e54204a78023,Fixed-Dc,3,-536677,0.0027367040418067035,0.005785929070859175,0,0,0,0,0
0.35,2000000,202,11,0866e77098e9536181b65edd44561c7bc7fbdddfb9ec4d22319b64205be246ca,80cce931ca0c57cdb34a9b445c689d15121b05689f6cd8e443e4e54204a78023,Fixed-Dc,4,12965,1.8877786072679648e-06,-7.261431842237043e-05,0,0,0,0,0
0.35,2000000,202,11,0866e77098e9536181b65edd44561c7bc7fbdddfb9ec4d22319b64205be246ca,80cce931ca0c57cdb34a9b445c689d15121b05689f6cd8e443e4e54204a78023,Decoupled,1,0,,,,,,0,0
0.35,2000000,202,11,0866e77098e9536181b65edd44561c7bc7fbdddfb9ec4d22319b64205be246ca,80cce931ca0c57cdb34a9b445c689d15121b05689f6cd8e443e4e54204a78023,Decoupled,2,0,,,,,,0,0
0.35,2000000,202,11,0866e77098e9536181b65edd44561c7bc7fbdddfb9ec4d22319b64205be246ca,80cce931ca0c57cdb34a9b445c689d15121b05689f6cd8e443e4e54204a78023,Decoupled,3,0,,,,,,0,0
0.35,2000000,202,11,0866e77098e9536181b65edd44561c7bc7fbdddfb9ec4d22319b64205be246ca,80cce931ca0c57cdb34a9b445c689d15121b05689f6cd8e443e4e54204a78023,Decoupled,4,0,,,,,,0,0
0.35,2000000,203,7,66e90d7b3c87ead069e3cd48ea3598b93e4ae1b7ae6d4730c1bb2e575be35e28,80cce931ca0c57cdb34a9b445c689d15121b05689f6cd8e443e4e54204a78023,No-Dq-R,1,0,0.0,0.0,0.0,0,0,0,0
0.35,2000000,203,7,66e90d7b3c87ead069e3cd48ea3598b93e4ae1b7ae6d4730c1bb2e575be35e28,80cce931ca0c57cdb34a9b445c689d15121b05689f6cd8e443e4e54204a78023,No-Dq-R,2,0,0.0,0.0,0,0,0,0,0
0.35,2000000,203,7,66e90d7b3c87ead069e3cd48ea3598b93e4ae1b7ae6d4730c1bb2e575be35e28,80cce931ca0c57cdb34a9b445c689d15121b05689f6cd8e443e4e54204a78023,No-Dq-R,3,0,0.0,0.0,0,0,0,0,0
0.35,2000000,203,7,66e90d7b3c87ead069e3cd48ea3598b93e4ae1b7ae6d4730c1bb2e575be35e28,80cce931ca0c57cdb34a9b445c689d15121b05689f6cd8e443e4e54204a78023,No-Dq-R,4,0,0.0,0.0,0,0,0,0,0
0.35,2000000,203,7,66e90d7b3c87ead069e3cd48ea3598b93e4ae1b7ae6d4730c1bb2e575be35e28,80cce931ca0c57cdb34a9b445c689d15121b05689f6cd8e443e4e54204a78023,Fixed-Dc,1,12965,-0.0006394031017732393,-0.000591603153459408,0.0,0,0,0,0
0.35,2000000,203,7,66e90d7b3c87ead069e3cd48ea3598b93e4ae1b7ae6d4730c1bb2e575be35e28,80cce931ca0c57cdb34a9b445c689d15121b05689f6cd8e443e4e54204a78023,Fixed-Dc,2,12965,-0.0003621663150976673,-0.0002914326773670872,0,0,0,0,0
0.35,2000000,203,7,66e90d7b3c87ead069e3cd48ea3598b93e4ae1b7ae6d4730c1bb2e575be35e28,80cce931ca0c57cdb34a9b445c689d15121b05689f6cd8e443e4e54204a78023,Fixed-Dc,3,12965,-7.264721023014786e-05,-0.0001455767681869391,0,0,0,0,0
0.35,2000000,203,7,66e90d7b3c87ead069e3cd48ea3598b93e4ae1b7ae6d4730c1bb2e575be35e28,80cce931ca0c57cdb34a9b445c689d15121b05689f6cd8e443e4e54204a78023,Fixed-Dc,4,12965,1.8877786072679648e-06,-7.261431842237043e-05,0,0,0,0,0
0.35,2000000,203,7,66e90d7b3c87ead069e3cd48ea3598b93e4ae1b7ae6d4730c1bb2e575be35e28,80cce931ca0c57cdb34a9b445c689d15121b05689f6cd8e443e4e54204a78023,Decoupled,1,0,,,,,,0,0
0.35,2000000,203,7,66e90d7b3c87ead069e3cd48ea3598b93e4ae1b7ae6d4730c1bb2e575be35e28,80cce931ca0c57cdb34a9b445c689d15121b05689f6cd8e443e4e54204a78023,Decoupled,2,0,,,,,,0,0
0.35,2000000,203,7,66e90d7b3c87ead069e3cd48ea3598b93e4ae1b7ae6d4730c1bb2e575be35e28,80cce931ca0c57cdb34a9b445c689d15121b05689f6cd8e443e4e54204a78023,Decoupled,3,0,,,,,,0,0
0.35,2000000,203,7,66e90d7b3c87ead069e3cd48ea3598b93e4ae1b7ae6d4730c1bb2e575be35e28,80cce931ca0c57cdb34a9b445c689d15121b05689f6cd8e443e4e54204a78023,Decoupled,4,0,,,,,,0,0
0.35,2000000,203,11,66e90d7b3c87ead069e3cd48ea3598b93e4ae1b7ae6d4730c1bb2e575be35e28,80cce931ca0c57cdb34a9b445c689d15121b05689f6cd8e443e4e54204a78023,No-Dq-R,1,0,0.0,0.0,0.0,0,0,0,0
0.35,2000000,203,11,66e90d7b3c87ead069e3cd48ea3598b93e4ae1b7ae6d4730c1bb2e575be35e28,80cce931ca0c57cdb34a9b445c689d15121b05689f6cd8e443e4e54204a78023,No-Dq-R,2,0,0.0,0.0,0,0,0,0,0
0.35,2000000,203,11,66e90d7b3c87ead069e3cd48ea3598b93e4ae1b7ae6d4730c1bb2e575be35e28,80cce931ca0c57cdb34a9b445c689d15121b05689f6cd8e443e4e54204a78023,No-Dq-R,3,0,0.0,0.0,0,0,0,0,0
0.35,2000000,203,11,66e90d7b3c87ead069e3cd48ea3598b93e4ae1b7ae6d4730c1bb2e575be35e28,80cce931ca0c57cdb34a9b445c689d15121b05689f6cd8e443e4e54204a78023,No-Dq-R,4,0,0.0,0.0,0,0,0,0,0
0.35,2000000,203,11,66e90d7b3c87ead069e3cd48ea3598b93e4ae1b7ae6d4730c1bb2e575be35e28,80cce931ca0c57cdb34a9b445c689d15121b05689f6cd8e443e4e54204a78023,Fixed-Dc,1,12965,-0.0005452030855833678,-0.000591603153459408,0.0,0,0,0,0
0.35,2000000,203,11,66e90d7b3c87ead069e3cd48ea3598b93e4ae1b7ae6d4730c1bb2e575be35e28,80cce931ca0c57cdb34a9b445c689d15121b05689f6cd8e443e4e54204a78023,Fixed-Dc,2,12965,-0.0003621663150976673,-0.0002914326773670872,0,0,0,0,0
0.35,2000000,203,11,66e90d7b3c87ead069e3cd48ea3598b93e4ae1b7ae6d4730c1bb2e575be35e28,80cce931ca0c57cdb34a9b445c689d15121b05689f6cd8e443e4e54204a78023,Fixed-Dc,3,12965,-7.264721023014786e-05,-0.0001455767681869391,0,0,0,0,0
0.35,2000000,203,11,66e90d7b3c87ead069e3cd48ea3598b93e4ae1b7ae6d4730c1bb2e575be35e28,80cce931ca0c57cdb34a9b445c689d15121b05689f6cd8e443e4e54204a78023,Fixed-Dc,4,12965,1.8877786072679648e-06,-7.261431842237043e-05,0,0,0,0,0
0.35,2000000,203,11,66e90d7b3c87ead069e3cd48ea3598b93e4ae1b7ae6d4730c1bb2e575be35e28,80cce931ca0c57cdb34a9b445c689d15121b05689f6cd8e443e4e54204a78023,Decoupled,1,0,,,,,,0,0
0.35,2000000,203,11,66e90d7b3c87ead069e3cd48ea3598b93e4ae1b7ae6d4730c1bb2e575be35e28,80cce931ca0c57cdb34a9b445c689d15121b05689f6cd8e443e4e54204a78023,Decoupled,2,0,,,,,,0,0
0.35,2000000,203,11,66e90d7b3c87ead069e3cd48ea3598b93e4ae1b7ae6d4730c1bb2e575be35e28,80cce931ca0c57cdb34a9b445c689d15121b05689f6cd8e443e4e54204a78023,Decoupled,3,0,,,,,,0,0
0.35,2000000,203,11,66e90d7b3c87ead069e3cd48ea3598b93e4ae1b7ae6d4730c1bb2e575be35e28,80cce931ca0c57cdb34a9b445c689d15121b05689f6cd8e443e4e54204a78023,Decoupled,4,0,,,,,,0,0
0.7,800000,200,7,5d7c319db8eff106e8fdcf581d22220727e6503a44346f0b342fcc072b90704e,80cce931ca0c57cdb34a9b445c689d15121b05689f6cd8e443e4e54204a78023,No-Dq-R,1,0,0.0,0.0,0.0,0,0,0,0
0.7,800000,200,7,5d7c319db8eff106e8fdcf581d22220727e6503a44346f0b342fcc072b90704e,80cce931ca0c57cdb34a9b445c689d15121b05689f6cd8e443e4e54204a78023,No-Dq-R,2,-1051078,0.057291831930995074,0.054033490858943156,0.9999999999999994,1,0,0,0
0.7,800000,200,7,5d7c319db8eff106e8fdcf581d22220727e6503a44346f0b342fcc072b90704e,80cce931ca0c57cdb34a9b445c689d15121b05689f6cd8e443e4e54204a78023,No-Dq-R,3,-1348922,0.06144544689497916,0.05674608768573808,0,0,0,0,0
0.7,800000,200,7,5d7c319db8eff106e8fdcf581d22220727e6503a44346f0b342fcc072b90704e,80cce931ca0c57cdb34a9b445c689d15121b05689f6cd8e443e4e54204a78023,No-Dq-R,4,-2354286,0.047240347833432506,0.056369787586343034,0,0,0,0,0
0.7,800000,200,7,5d7c319db8eff106e8fdcf581d22220727e6503a44346f0b342fcc072b90704e,80cce931ca0c57cdb34a9b445c689d15121b05689f6cd8e443e4e54204a78023,Fixed-Dc,1,-432983,0.020030777462159977,0.018307258112619573,0.0,0,0,0,0
0.7,800000,200,7,5d7c319db8eff106e8fdcf581d22220727e6503a44346f0b342fcc072b90704e,80cce931ca0c57cdb34a9b445c689d15121b05689f6cd8e443e4e54204a78023,Fixed-Dc,2,-10126,0.0003052551311374385,0.0002519046397883029,0,0,0,0,0
0.7,800000,200,7,5d7c319db8eff106e8fdcf581d22220727e6503a44346f0b342fcc072b90704e,80cce931ca0c57cdb34a9b445c689d15121b05689f6cd8e443e4e54204a78023,Fixed-Dc,3,240952,-0.005006431972393699,-0.003505556642715457,0,0,0,0,0
0.7,800000,200,7,5d7c319db8eff106e8fdcf581d22220727e6503a44346f0b342fcc072b90704e,80cce931ca0c57cdb34a9b445c689d15121b05689f6cd8e443e4e54204a78023,Fixed-Dc,4,-341555,0.0007692284453139631,0.002744030831920652,0,0,0,0,0
0.7,800000,200,7,5d7c319db8eff106e8fdcf581d22220727e6503a44346f0b342fcc072b90704e,80cce931ca0c57cdb34a9b445c689d15121b05689f6cd8e443e4e54204a78023,Decoupled,1,0,,,,,,0,0
0.7,800000,200,7,5d7c319db8eff106e8fdcf581d22220727e6503a44346f0b342fcc072b90704e,80cce931ca0c57cdb34a9b445c689d15121b05689f6cd8e443e4e54204a78023,Decoupled,2,-251078,,,,,,0,0
0.7,800000,200,7,5d7c319db8eff106e8fdcf581d22220727e6503a44346f0b342fcc072b90704e,80cce931ca0c57cdb34a9b445c689d15121b05689f6cd8e443e4e54204a78023,Decoupled,3,251078,,,,,,0,0
0.7,800000,200,7,5d7c319db8eff106e8fdcf581d22220727e6503a44346f0b342fcc072b90704e,80cce931ca0c57cdb34a9b445c689d15121b05689f6cd8e443e4e54204a78023,Decoupled,4,45714,,,,,,0,0
0.7,800000,200,11,5d7c319db8eff106e8fdcf581d22220727e6503a44346f0b342fcc072b90704e,80cce931ca0c57cdb34a9b445c689d15121b05689f6cd8e443e4e54204a78023,No-Dq-R,1,0,0.0,0.0,0.0,0,0,0,0
0.7,800000,200,11,5d7c319db8eff106e8fdcf581d22220727e6503a44346f0b342fcc072b90704e,80cce931ca0c57cdb34a9b445c689d15121b05689f6cd8e443e4e54204a78023,No-Dq-R,2,-1051078,0.057291831930995074,0.054033490858943156,0.9999999999999994,1,0,0,0
0.7,800000,200,11,5d7c319db8eff106e8fdcf581d22220727e6503a44346f0b342fcc072b90704e,80cce931ca0c57cdb34a9b445c689d15121b05689f6cd8e443e4e54204a78023,No-Dq-R,3,-1348922,0.05282623332688735,0.05674608768573808,0,0,0,0,0
0.7,800000,200,11,5d7c319db8eff106e8fdcf581d22220727e6503a44346f0b342fcc072b90704e,80cce931ca0c57cdb34a9b445c689d15121b05689f6cd8e443e4e54204a78023,No-Dq-R,4,-2354286,0.047240347833432506,0.056369787586343034,0,0,0,0,0
0.7,800000,200,11,5d7c319db8eff106e8fdcf581d22220727e6503a44346f0b342fcc072b90704e,80cce931ca0c57cdb34a9b445c689d15121b05689f6cd8e443e4e54204a78023,Fixed-Dc,1,-432983,0.01663421415283961,0.018307258112619573,0.0,0,0,0,0
0.7,800000,200,11,5d7c319db8eff106e8fdcf581d22220727e6503a44346f0b342fcc072b90704e,80cce931ca0c57cdb34a9b445c689d15121b05689f6cd8e443e4e54204a78023,Fixed-Dc,2,-10126,0.0003052551311374385,0.0002519046397883029,0,0,0,0,0
0.7,800000,200,11,5d7c319db8eff106e8fdcf581d22220727e6503a44346f0b342fcc072b90704e,80cce931ca0c57cdb34a9b445c689d15121b05689f6cd8e443e4e54204a78023,Fixed-Dc,3,240952,-0.0021835695790024534,-0.003505556642715457,0,0,0,0,0
0.7,800000,200,11,5d7c319db8eff106e8fdcf581d22220727e6503a44346f0b342fcc072b90704e,80cce931ca0c57cdb34a9b445c689d15121b05689f6cd8e443e4e54204a78023,Fixed-Dc,4,-341555,0.0007692284453139631,0.002744030831920652,0,0,0,0,0
0.7,800000,200,11,5d7c319db8eff106e8fdcf581d22220727e6503a44346f0b342fcc072b90704e,80cce931ca0c57cdb34a9b445c689d15121b05689f6cd8e443e4e54204a78023,Decoupled,1,0,,,,,,0,0
0.7,800000,200,11,5d7c319db8eff106e8fdcf581d22220727e6503a44346f0b342fcc072b90704e,80cce931ca0c57cdb34a9b445c689d15121b05689f6cd8e443e4e54204a78023,Decoupled,2,-251078,,,,,,0,0
0.7,800000,200,11,5d7c319db8eff106e8fdcf581d22220727e6503a44346f0b342fcc072b90704e,80cce931ca0c57cdb34a9b445c689d15121b05689f6cd8e443e4e54204a78023,Decoupled,3,251078,,,,,,0,0
0.7,800000,200,11,5d7c319db8eff106e8fdcf581d22220727e6503a44346f0b342fcc072b90704e,80cce931ca0c57cdb34a9b445c689d15121b05689f6cd8e443e4e54204a78023,Decoupled,4,45714,,,,,,0,0
0.7,800000,201,7,601a850dd49255e5a5ec23ab275881916b7c472cb7318dd3c4255f7ae5d185a2,80cce931ca0c57cdb34a9b445c689d15121b05689f6cd8e443e4e54204a78023,No-Dq-R,1,0,0.0,0.0,0.0,0,0,0,0
0.7,800000,201,7,601a850dd49255e5a5ec23ab275881916b7c472cb7318dd3c4255f7ae5d185a2,80cce931ca0c57cdb34a9b445c689d15121b05689f6cd8e443e4e54204a78023,No-Dq-R,2,-1089143,0.05837414151241427,0.05490922352951577,0.9999999999999994,1,0,0,0
0.7,800000,201,7,601a850dd49255e5a5ec23ab275881916b7c472cb7318dd3c4255f7ae5d185a2,80cce931ca0c57cdb34a9b445c689d15121b05689f6cd8e443e4e54204a78023,No-Dq-R,3,-1303848,0.06009111802812972,0.0556297797940174,0,0,0,0,0
0.7,800000,201,7,601a850dd49255e5a5ec23ab275881916b7c472cb7318dd3c4255f7ae5d185a2,80cce931ca0c57cdb34a9b445c689d15121b05689f6cd8e443e4e54204a78023,No-Dq-R,4,-2354286,0.046777778350855836,0.05592592126121254,0,0,0,0,0
0.7,800000,201,7,601a850dd49255e5a5ec23ab275881916b7c472cb7318dd3c4255f7ae5d185a2,80cce931ca0c57cdb34a9b445c689d15121b05689f6cd8e443e4e54204a78023,Fixed-Dc,1,-478057,0.022046907294292484,0.020137295045248305,0.0,0,0,0,0
0.7,800000,201,7,601a850dd49255e5a5ec23ab275881916b7c472cb7318dd3c4255f7ae5d185a2,80cce931ca0c57cdb34a9b445c689d15121b05689f6cd8e443e4e54204a78023,Fixed-Dc,2,-55200,0.0016595839979868243,0.0013682125315089833,0,0,0,0,0
0.7,800000,201,7,601a850dd49255e5a5ec23ab275881916b7c472cb7318dd3c4255f7ae5d185a2,80cce931ca0c57cdb34a9b445c689d15121b05689f6cd8e443e4e54204a78023,Fixed-Dc,3,240952,-0.005006431972393699,-0.003505556642715457,0,0,0,0,0
0.7,800000,201,7,601a850dd49255e5a5ec23ab275881916b7c472cb7318dd3c4255f7ae5d185a2,80cce931ca0c57cdb34a9b445c689d15121b05689f6cd8e443e4e54204a78023,Fixed-Dc,4,-386629,0.0008595503148280392,0.0030962443438797838,0,0,0,0,0
0.7,800000,201,7,601a850dd49255e5a5ec23ab275881916b7c472cb7318dd3c4255f7ae5d185a2,80cce931ca0c57cdb34a9b445c689d15121b05689f6cd8e443e4e54204a78023,Decoupled,1,0,,,,,,0,0
0.7,800000,201,7,601a850dd49255e5a5ec23ab275881916b7c472cb7318dd3c4255f7ae5d185a2,80cce931ca0c57cdb34a9b445c689d15121b05689f6cd8e443e4e54204a78023,Decoupled,2,-289143,,,,,,0,0
0.7,800000,201,7,601a850dd49255e5a5ec23ab275881916b7c472cb7318dd3c4255f7ae5d185a2,80cce931ca0c57cdb34a9b445c689d15121b05689f6cd8e443e4e54204a78023,Decoupled,3,296152,,,,,,0,0
0.7,800000,201,7,601a850dd49255e5a5ec23ab275881916b7c472cb7318dd3c4255f7ae5d185a2,80cce931ca0c57cdb34a9b445c689d15121b05689f6cd8e443e4e54204a78023,Decoupled,4,45714,,,,,,0,1
0.7,800000,201,11,601a850dd49255e5a5ec23ab275881916b7c472cb7318dd3c4255f7ae5d185a2,80cce931ca0c57cdb34a9b445c689d15121b05689f6cd8e443e4e54204a78023,No-Dq-R,1,0,0.0,0.0,0.0,0,0,0,0
0.7,800000,201,11,601a850dd49255e5a5ec23ab275881916b7c472cb7318dd3c4255f7ae5d185a2,80cce931ca0c57cdb34a9b445c689d15121b05689f6cd8e443e4e54204a78023,No-Dq-R,2,-1089143,0.05837414151241427,0.05490922352951577,0.9999999999999994,1,0,0,0
0.7,800000,201,11,601a850dd49255e5a5ec23ab275881916b7c472cb7318dd3c4255f7ae5d185a2,80cce931ca0c57cdb34a9b445c689d15121b05689f6cd8e443e4e54204a78023,No-Dq-R,3,-1303848,0.0519314583839377,0.0556297797940174,0,0,0,0,0
0.7,800000,201,11,601a850dd49255e5a5ec23ab275881916b7c472cb7318dd3c4255f7ae5d185a2,80cce931ca0c57cdb34a9b445c689d15121b05689f6cd8e443e4e54204a78023,No-Dq-R,4,-2354286,0.046777778350855836,0.05592592126121254,0,0,0,0,0
0.7,800000,201,11,601a850dd49255e5a5ec23ab275881916b7c472cb7318dd3c4255f7ae5d185a2,80cce931ca0c57cdb34a9b445c689d15121b05689f6cd8e443e4e54204a78023,Fixed-Dc,1,-478057,0.018283608146034247,0.020137295045248305,0.0,0,0,0,0
0.7,800000,201,11,601a850dd49255e5a5ec23ab275881916b7c472cb7318dd3c4255f7ae5d185a2,80cce931ca0c57cdb34a9b445c689d15121b05689f6cd8e443e4e54204a78023,Fixed-Dc,2,-55200,0.0016595839979868243,0.0013682125315089833,0,0,0,0,0
0.7,800000,201,11,601a850dd49255e5a5ec23ab275881916b7c472cb7318dd3c4255f7ae5d185a2,80cce931ca0c57cdb34a9b445c689d15121b05689f6cd8e443e4e54204a78023,Fixed-Dc,3,240952,-0.0021835695790024534,-0.003505556642715457,0,0,0,0,0
0.7,800000,201,11,601a850dd49255e5a5ec23ab275881916b7c472cb7318dd3c4255f7ae5d185a2,80cce931ca0c57cdb34a9b445c689d15121b05689f6cd8e443e4e54204a78023,Fixed-Dc,4,-386629,0.0008595503148280392,0.0030962443438797838,0,0,0,0,0
0.7,800000,201,11,601a850dd49255e5a5ec23ab275881916b7c472cb7318dd3c4255f7ae5d185a2,80cce931ca0c57cdb34a9b445c689d15121b05689f6cd8e443e4e54204a78023,Decoupled,1,0,,,,,,0,0
0.7,800000,201,11,601a850dd49255e5a5ec23ab275881916b7c472cb7318dd3c4255f7ae5d185a2,80cce931ca0c57cdb34a9b445c689d15121b05689f6cd8e443e4e54204a78023,Decoupled,2,-289143,,,,,,0,0
0.7,800000,201,11,601a850dd49255e5a5ec23ab275881916b7c472cb7318dd3c4255f7ae5d185a2,80cce931ca0c57cdb34a9b445c689d15121b05689f6cd8e443e4e54204a78023,Decoupled,3,296152,,,,,,0,0
0.7,800000,201,11,601a850dd49255e5a5ec23ab275881916b7c472cb7318dd3c4255f7ae5d185a2,80cce931ca0c57cdb34a9b445c689d15121b05689f6cd8e443e4e54204a78023,Decoupled,4,45714,,,,,,0,1
0.7,800000,202,7,a09fdff7dcaaed67cdba924135a6ce632cb7e22a5d42ce7fefbc18d4de48e355,80cce931ca0c57cdb34a9b445c689d15121b05689f6cd8e443e4e54204a78023,No-Dq-R,1,0,0.0,0.0,0.0,0,0,0,0
0.7,800000,202,7,a09fdff7dcaaed67cdba924135a6ce632cb7e22a5d42ce7fefbc18d4de48e355,80cce931ca0c57cdb34a9b445c689d15121b05689f6cd8e443e4e54204a78023,No-Dq-R,2,-213179,0.027685635075913095,0.028460919894231662,0,0,0,0,0
0.7,800000,202,7,a09fdff7dcaaed67cdba924135a6ce632cb7e22a5d42ce7fefbc18d4de48e355,80cce931ca0c57cdb34a9b445c689d15121b05689f6cd8e443e4e54204a78023,No-Dq-R,3,-2141107,0.08021403338231864,0.07081109482584308,0,0,0,0,0
0.7,800000,202,7,a09fdff7dcaaed67cdba924135a6ce632cb7e22a5d42ce7fefbc18d4de48e355,80cce931ca0c57cdb34a9b445c689d15121b05689f6cd8e443e4e54204a78023,No-Dq-R,4,-2354286,0.05222438944482655,0.06114242477007498,0,0,0,0,0
0.7,800000,202,7,a09fdff7dcaaed67cdba924135a6ce632cb7e22a5d42ce7fefbc18d4de48e355,80cce931ca0c57cdb34a9b445c689d15121b05689f6cd8e443e4e54204a78023,Fixed-Dc,1,31274,-0.001494848311295316,-0.001374988340395289,0.0,0,0,0,0
0.7,800000,202,7,a09fdff7dcaaed67cdba924135a6ce632cb7e22a5d42ce7fefbc18d4de48e355,80cce931ca0c57cdb34a9b445c689d15121b05689f6cd8e443e4e54204a78023,Fixed-Dc,2,240952,-0.00737399233965319,-0.006117904590442147,0,0,0,0,0
0.7,800000,202,7,a09fdff7dcaaed67cdba924135a6ce632cb7e22a5d42ce7fefbc18d4de48e355,80cce931ca0c57cdb34a9b445c689d15121b05689f6cd8e443e4e54204a78023,Fixed-Dc,3,-300155,0.006082907044155261,0.004189641267159094,0,0,0,0,0
0.7,800000,202,7,a09fdff7dcaaed67cdba924135a6ce632cb7e22a5d42ce7fefbc18d4de48e355,80cce931ca0c57cdb34a9b445c689d15121b05689f6cd8e443e4e54204a78023,Fixed-Dc,4,122702,-0.0003141118628088857,-0.0010191356707315302,0,0,0,0,0
0.7,800000,202,7,a09fdff7dcaaed67cdba924135a6ce632cb7e22a5d42ce7fefbc18d4de48e355,80cce931ca0c57cdb34a9b445c689d15121b05689f6cd8e443e4e54204a78023,Decoupled,1,0,,,,,,0,0
0.7,800000,202,7,a09fdff7dcaaed67cdba924135a6ce632cb7e22a5d42ce7fefbc18d4de48e355,80cce931ca0c57cdb34a9b445c689d15121b05689f6cd8e443e4e54204a78023,Decoupled,2,586821,,,,,,0,0
0.7,800000,202,7,a09fdff7dcaaed67cdba924135a6ce632cb7e22a5d42ce7fefbc18d4de48e355,80cce931ca0c57cdb34a9b445c689d15121b05689f6cd8e443e4e54204a78023,Decoupled,3,-541107,,,,,,0,0
0.7,800000,202,7,a09fdff7dcaaed67cdba924135a6ce632cb7e22a5d42ce7fefbc18d4de48e355,80cce931ca0c57cdb34a9b445c689d15121b05689f6cd8e443e4e54204a78023,Decoupled,4,45714,,,,,,0,0
0.7,800000,202,11,a09fdff7dcaaed67cdba924135a6ce632cb7e22a5d42ce7fefbc18d4de48e355,80cce931ca0c57cdb34a9b445c689d15121b05689f6cd8e443e4e54204a78023,No-Dq-R,1,0,0.0,0.0,0.0,0,0,0,0
0.7,800000,202,11,a09fdff7dcaaed67cdba924135a6ce632cb7e22a5d42ce7fefbc18d4de48e355,80cce931ca0c57cdb34a9b445c689d15121b05689f6cd8e443e4e54204a78023,No-Dq-R,2,-213179,0.027685635075913095,0.028460919894231662,0,0,0,0,0
0.7,800000,202,11,a09fdff7dcaaed67cdba924135a6ce632cb7e22a5d42ce7fefbc18d4de48e355,80cce931ca0c57cdb34a9b445c689d15121b05689f6cd8e443e4e54204a78023,No-Dq-R,3,-2141107,0.06268291290188671,0.07081109482584308,0,0,0,0,0
0.7,800000,202,11,a09fdff7dcaaed67cdba924135a6ce632cb7e22a5d42ce7fefbc18d4de48e355,80cce931ca0c57cdb34a9b445c689d15121b05689f6cd8e443e4e54204a78023,No-Dq-R,4,-2354286,0.05222438944482655,0.06114242477007498,0,0,0,0,0
0.7,800000,202,11,a09fdff7dcaaed67cdba924135a6ce632cb7e22a5d42ce7fefbc18d4de48e355,80cce931ca0c57cdb34a9b445c689d15121b05689f6cd8e443e4e54204a78023,Fixed-Dc,1,31274,-0.0012586386165659436,-0.001374988340395289,0.0,0,0,0,0
0.7,800000,202,11,a09fdff7dcaaed67cdba924135a6ce632cb7e22a5d42ce7fefbc18d4de48e355,80cce931ca0c57cdb34a9b445c689d15121b05689f6cd8e443e4e54204a78023,Fixed-Dc,2,240952,-0.00737399233965319,-0.006117904590442147,0,0,0,0,0
0.7,800000,202,11,a09fdff7dcaaed67cdba924135a6ce632cb7e22a5d42ce7fefbc18d4de48e355,80cce931ca0c57cdb34a9b445c689d15121b05689f6cd8e443e4e54204a78023,Fixed-Dc,3,-300155,0.0025220324952195394,0.004189641267159094,0,0,0,0,0
0.7,800000,202,11,a09fdff7dcaaed67cdba924135a6ce632cb7e22a5d42ce7fefbc18d4de48e355,80cce931ca0c57cdb34a9b445c689d15121b05689f6cd8e443e4e54204a78023,Fixed-Dc,4,122702,-0.0003141118628088857,-0.0010191356707315302,0,0,0,0,0
0.7,800000,202,11,a09fdff7dcaaed67cdba924135a6ce632cb7e22a5d42ce7fefbc18d4de48e355,80cce931ca0c57cdb34a9b445c689d15121b05689f6cd8e443e4e54204a78023,Decoupled,1,0,,,,,,0,0
0.7,800000,202,11,a09fdff7dcaaed67cdba924135a6ce632cb7e22a5d42ce7fefbc18d4de48e355,80cce931ca0c57cdb34a9b445c689d15121b05689f6cd8e443e4e54204a78023,Decoupled,2,586821,,,,,,0,0
0.7,800000,202,11,a09fdff7dcaaed67cdba924135a6ce632cb7e22a5d42ce7fefbc18d4de48e355,80cce931ca0c57cdb34a9b445c689d15121b05689f6cd8e443e4e54204a78023,Decoupled,3,-541107,,,,,,0,0
0.7,800000,202,11,a09fdff7dcaaed67cdba924135a6ce632cb7e22a5d42ce7fefbc18d4de48e355,80cce931ca0c57cdb34a9b445c689d15121b05689f6cd8e443e4e54204a78023,Decoupled,4,45714,,,,,,0,0
0.7,800000,203,7,97fad07423c5c53d81ede6e87aecad4ff21ac5c64f2182c236b2bda1e05f48b5,80cce931ca0c57cdb34a9b445c689d15121b05689f6cd8e443e4e54204a78023,No-Dq-R,1,0,0.0,0.0,0.0,0,0,0,0
0.7,800000,203,7,97fad07423c5c53d81ede6e87aecad4ff21ac5c64f2182c236b2bda1e05f48b5,80cce931ca0c57cdb34a9b445c689d15121b05689f6cd8e443e4e54204a78023,No-Dq-R,2,-1089143,0.057938261217811204,0.054433696139001286,0.5122203447849208,0,0,0,0
0.7,800000,203,7,97fad07423c5c53d81ede6e87aecad4ff21ac5c64f2182c236b2bda1e05f48b5,80cce931ca0c57cdb34a9b445c689d15121b05689f6cd8e443e4e54204a78023,No-Dq-R,3,-1254238,0.05860885946745409,0.05441051034972011,0,0,0,0,0
0.7,800000,203,7,97fad07423c5c53d81ede6e87aecad4ff21ac5c64f2182c236b2bda1e05f48b5,80cce931ca0c57cdb34a9b445c689d15121b05689f6cd8e443e4e54204a78023,No-Dq-R,4,-2354286,0.04627287883136022,0.05544124277305773,0.0,0,0,1,0
0.7,800000,203,7,97fad07423c5c53d81ede6e87aecad4ff21ac5c64f2182c236b2bda1e05f48b5,80cce931ca0c57cdb34a9b445c689d15121b05689f6cd8e443e4e54204a78023,Fixed-Dc,1,-527667,0.024251350992824383,0.022135507565429924,0.0,0,0,0,0
0.7,800000,203,7,97fad07423c5c53d81ede6e87aecad4ff21ac5c64f2182c236b2bda1e05f48b5,80cce931ca0c57cdb34a9b445c689d15121b05689f6cd8e443e4e54204a78023,Fixed-Dc,2,-104810,0.0031418425586624554,0.0025874819758062717,0,0,0,0,0
0.7,800000,203,7,97fad07423c5c53d81ede6e87aecad4ff21ac5c64f2182c236b2bda1e05f48b5,80cce931ca0c57cdb34a9b445c689d15121b05689f6cd8e443e4e54204a78023,Fixed-Dc,3,240952,-0.005006431972393699,-0.003505556642715457,0,0,0,0,0
0.7,800000,203,7,97fad07423c5c53d81ede6e87aecad4ff21ac5c64f2182c236b2bda1e05f48b5,80cce931ca0c57cdb34a9b445c689d15121b05689f6cd8e443e4e54204a78023,Fixed-Dc,4,-436239,0.0009560272407415638,0.0034812986396779433,0.0,0,0,1,0
0.7,800000,203,7,97fad07423c5c53d81ede6e87aecad4ff21ac5c64f2182c236b2bda1e05f48b5,80cce931ca0c57cdb34a9b445c689d15121b05689f6cd8e443e4e54204a78023,Decoupled,1,0,,,,,,0,0
0.7,800000,203,7,97fad07423c5c53d81ede6e87aecad4ff21ac5c64f2182c236b2bda1e05f48b5,80cce931ca0c57cdb34a9b445c689d15121b05689f6cd8e443e4e54204a78023,Decoupled,2,-289143,,,,,,0,0
0.7,800000,203,7,97fad07423c5c53d81ede6e87aecad4ff21ac5c64f2182c236b2bda1e05f48b5,80cce931ca0c57cdb34a9b445c689d15121b05689f6cd8e443e4e54204a78023,Decoupled,3,345762,,,,,,0,0
0.7,800000,203,7,97fad07423c5c53d81ede6e87aecad4ff21ac5c64f2182c236b2bda1e05f48b5,80cce931ca0c57cdb34a9b445c689d15121b05689f6cd8e443e4e54204a78023,Decoupled,4,45714,,,,,,0,0
0.7,800000,203,11,97fad07423c5c53d81ede6e87aecad4ff21ac5c64f2182c236b2bda1e05f48b5,80cce931ca0c57cdb34a9b445c689d15121b05689f6cd8e443e4e54204a78023,No-Dq-R,1,0,0.0,0.0,0.0,0,0,0,0
0.7,800000,203,11,97fad07423c5c53d81ede6e87aecad4ff21ac5c64f2182c236b2bda1e05f48b5,80cce931ca0c57cdb34a9b445c689d15121b05689f6cd8e443e4e54204a78023,No-Dq-R,2,-1089143,0.057938261217811204,0.054433696139001286,0.5122203447849208,0,0,0,0
0.7,800000,203,11,97fad07423c5c53d81ede6e87aecad4ff21ac5c64f2182c236b2bda1e05f48b5,80cce931ca0c57cdb34a9b445c689d15121b05689f6cd8e443e4e54204a78023,No-Dq-R,3,-1254238,0.05095696045364023,0.05441051034972011,0,0,0,0,0
0.7,800000,203,11,97fad07423c5c53d81ede6e87aecad4ff21ac5c64f2182c236b2bda1e05f48b5,80cce931ca0c57cdb34a9b445c689d15121b05689f6cd8e443e4e54204a78023,No-Dq-R,4,-2354286,0.04627287883136022,0.05544124277305773,0.0,0,0,1,0
0.7,800000,203,11,97fad07423c5c53d81ede6e87aecad4ff21ac5c64f2182c236b2bda1e05f48b5,80cce931ca0c57cdb34a9b445c689d15121b05689f6cd8e443e4e54204a78023,Fixed-Dc,1,-527667,0.020081629222267527,0.022135507565429924,0.0,0,0,0,0
0.7,800000,203,11,97fad07423c5c53d81ede6e87aecad4ff21ac5c64f2182c236b2bda1e05f48b5,80cce931ca0c57cdb34a9b445c689d15121b05689f6cd8e443e4e54204a78023,Fixed-Dc,2,-104810,0.0031418425586624554,0.0025874819758062717,0,0,0,0,0
0.7,800000,203,11,97fad07423c5c53d81ede6e87aecad4ff21ac5c64f2182c236b2bda1e05f48b5,80cce931ca0c57cdb34a9b445c689d15121b05689f6cd8e443e4e54204a78023,Fixed-Dc,3,240952,-0.0021835695790024534,-0.003505556642715457,0,0,0,0,0
0.7,800000,203,11,97fad07423c5c53d81ede6e87aecad4ff21ac5c64f2182c236b2bda1e05f48b5,80cce931ca0c57cdb34a9b445c689d15121b05689f6cd8e443e4e54204a78023,Fixed-Dc,4,-436239,0.0009560272407415638,0.0034812986396779433,0.0,0,0,1,0
0.7,800000,203,11,97fad07423c5c53d81ede6e87aecad4ff21ac5c64f2182c236b2bda1e05f48b5,80cce931ca0c57cdb34a9b445c689d15121b05689f6cd8e443e4e54204a78023,Decoupled,1,0,,,,,,0,0
0.7,800000,203,11,97fad07423c5c53d81ede6e87aecad4ff21ac5c64f2182c236b2bda1e05f48b5,80cce931ca0c57cdb34a9b445c689d15121b05689f6cd8e443e4e54204a78023,Decoupled,2,-289143,,,,,,0,0
0.7,800000,203,11,97fad07423c5c53d81ede6e87aecad4ff21ac5c64f2182c236b2bda1e05f48b5,80cce931ca0c57cdb34a9b445c689d15121b05689f6cd8e443e4e54204a78023,Decoupled,3,345762,,,,,,0,0
0.7,800000,203,11,97fad07423c5c53d81ede6e87aecad4ff21ac5c64f2182c236b2bda1e05f48b5,80cce931ca0c57cdb34a9b445c689d15121b05689f6cd8e443e4e54204a78023,Decoupled,4,45714,,,,,,0,0
0.7,2000000,200,7,33dfbff894b518b46ad4a81b372b9d89c29e759e5e79df5eec2317b0f8abf06e,80cce931ca0c57cdb34a9b445c689d15121b05689f6cd8e443e4e54204a78023,No-Dq-R,1,0,0.0,0.0,0.0,0,0,0,0
0.7,2000000,200,7,33dfbff894b518b46ad4a81b372b9d89c29e759e5e79df5eec2317b0f8abf06e,80cce931ca0c57cdb34a9b445c689d15121b05689f6cd8e443e4e54204a78023,No-Dq-R,2,0,0.0,0.0,0,0,0,0,0
0.7,2000000,200,7,33dfbff894b518b46ad4a81b372b9d89c29e759e5e79df5eec2317b0f8abf06e,80cce931ca0c57cdb34a9b445c689d15121b05689f6cd8e443e4e54204a78023,No-Dq-R,3,0,0.0,0.0,0,0,0,0,0
0.7,2000000,200,7,33dfbff894b518b46ad4a81b372b9d89c29e759e5e79df5eec2317b0f8abf06e,80cce931ca0c57cdb34a9b445c689d15121b05689f6cd8e443e4e54204a78023,No-Dq-R,4,0,0.0,0.0,0,0,0,0,0
0.7,2000000,200,7,33dfbff894b518b46ad4a81b372b9d89c29e759e5e79df5eec2317b0f8abf06e,80cce931ca0c57cdb34a9b445c689d15121b05689f6cd8e443e4e54204a78023,Fixed-Dc,1,-432983,0.020030777462159977,0.018307258112619573,0.0,0,0,0,0
0.7,2000000,200,7,33dfbff894b518b46ad4a81b372b9d89c29e759e5e79df5eec2317b0f8abf06e,80cce931ca0c57cdb34a9b445c689d15121b05689f6cd8e443e4e54204a78023,Fixed-Dc,2,240952,-0.0066441486851469556,-0.005318389136675206,0,0,0,0,0
0.7,2000000,200,7,33dfbff894b518b46ad4a81b372b9d89c29e759e5e79df5eec2317b0f8abf06e,80cce931ca0c57cdb34a9b445c689d15121b05689f6cd8e443e4e54204a78023,Fixed-Dc,3,35588,-0.0001850830950465565,-0.0003868856737448412,0,0,0,0,0
0.7,2000000,200,7,33dfbff894b518b46ad4a81b372b9d89c29e759e5e79df5eec2317b0f8abf06e,80cce931ca0c57cdb34a9b445c689d15121b05689f6cd8e443e4e54204a78023,Fixed-Dc,4,-318698,-0.00015361367777699808,0.001691034020611104,0,0,0,0,0
0.7,2000000,200,7,33dfbff894b518b46ad4a81b372b9d89c29e759e5e79df5eec2317b0f8abf06e,80cce931ca0c57cdb34a9b445c689d15121b05689f6cd8e443e4e54204a78023,Decoupled,1,0,,,,,,0,0
0.7,2000000,200,7,33dfbff894b518b46ad4a81b372b9d89c29e759e5e79df5eec2317b0f8abf06e,80cce931ca0c57cdb34a9b445c689d15121b05689f6cd8e443e4e54204a78023,Decoupled,2,0,,,,,,0,0
0.7,2000000,200,7,33dfbff894b518b46ad4a81b372b9d89c29e759e5e79df5eec2317b0f8abf06e,80cce931ca0c57cdb34a9b445c689d15121b05689f6cd8e443e4e54204a78023,Decoupled,3,0,,,,,,0,0
0.7,2000000,200,7,33dfbff894b518b46ad4a81b372b9d89c29e759e5e79df5eec2317b0f8abf06e,80cce931ca0c57cdb34a9b445c689d15121b05689f6cd8e443e4e54204a78023,Decoupled,4,0,,,,,,0,0
0.7,2000000,200,11,33dfbff894b518b46ad4a81b372b9d89c29e759e5e79df5eec2317b0f8abf06e,80cce931ca0c57cdb34a9b445c689d15121b05689f6cd8e443e4e54204a78023,No-Dq-R,1,0,0.0,0.0,0.0,0,0,0,0
0.7,2000000,200,11,33dfbff894b518b46ad4a81b372b9d89c29e759e5e79df5eec2317b0f8abf06e,80cce931ca0c57cdb34a9b445c689d15121b05689f6cd8e443e4e54204a78023,No-Dq-R,2,0,0.0,0.0,0,0,0,0,0
0.7,2000000,200,11,33dfbff894b518b46ad4a81b372b9d89c29e759e5e79df5eec2317b0f8abf06e,80cce931ca0c57cdb34a9b445c689d15121b05689f6cd8e443e4e54204a78023,No-Dq-R,3,0,0.0,0.0,0,0,0,0,0
0.7,2000000,200,11,33dfbff894b518b46ad4a81b372b9d89c29e759e5e79df5eec2317b0f8abf06e,80cce931ca0c57cdb34a9b445c689d15121b05689f6cd8e443e4e54204a78023,No-Dq-R,4,0,0.0,0.0,0,0,0,0,0
0.7,2000000,200,11,33dfbff894b518b46ad4a81b372b9d89c29e759e5e79df5eec2317b0f8abf06e,80cce931ca0c57cdb34a9b445c689d15121b05689f6cd8e443e4e54204a78023,Fixed-Dc,1,-432983,0.01663421415283961,0.018307258112619573,0.0,0,0,0,0
0.7,2000000,200,11,33dfbff894b518b46ad4a81b372b9d89c29e759e5e79df5eec2317b0f8abf06e,80cce931ca0c57cdb34a9b445c689d15121b05689f6cd8e443e4e54204a78023,Fixed-Dc,2,240952,-0.0066441486851469556,-0.005318389136675206,0,0,0,0,0
0.7,2000000,200,11,33dfbff894b518b46ad4a81b372b9d89c29e759e5e79df5eec2317b0f8abf06e,80cce931ca0c57cdb34a9b445c689d15121b05689f6cd8e443e4e54204a78023,Fixed-Dc,3,35588,-0.0001850830950465565,-0.0003868856737448412,0,0,0,0,0
0.7,2000000,200,11,33dfbff894b518b46ad4a81b372b9d89c29e759e5e79df5eec2317b0f8abf06e,80cce931ca0c57cdb34a9b445c689d15121b05689f6cd8e443e4e54204a78023,Fixed-Dc,4,-318698,-0.00015361367777699808,0.001691034020611104,0,0,0,0,0
0.7,2000000,200,11,33dfbff894b518b46ad4a81b372b9d89c29e759e5e79df5eec2317b0f8abf06e,80cce931ca0c57cdb34a9b445c689d15121b05689f6cd8e443e4e54204a78023,Decoupled,1,0,,,,,,0,0
0.7,2000000,200,11,33dfbff894b518b46ad4a81b372b9d89c29e759e5e79df5eec2317b0f8abf06e,80cce931ca0c57cdb34a9b445c689d15121b05689f6cd8e443e4e54204a78023,Decoupled,2,0,,,,,,0,0
0.7,2000000,200,11,33dfbff894b518b46ad4a81b372b9d89c29e759e5e79df5eec2317b0f8abf06e,80cce931ca0c57cdb34a9b445c689d15121b05689f6cd8e443e4e54204a78023,Decoupled,3,0,,,,,,0,0
0.7,2000000,200,11,33dfbff894b518b46ad4a81b372b9d89c29e759e5e79df5eec2317b0f8abf06e,80cce931ca0c57cdb34a9b445c689d15121b05689f6cd8e443e4e54204a78023,Decoupled,4,0,,,,,,0,0
0.7,2000000,201,7,602716e114fc3b53080e2d6c7d5abc83d99ed35106f61097db34773338c75f43,80cce931ca0c57cdb34a9b445c689d15121b05689f6cd8e443e4e54204a78023,No-Dq-R,1,0,0.0,0.0,0.0,0,0,0,0
0.7,2000000,201,7,602716e114fc3b53080e2d6c7d5abc83d99ed35106f61097db34773338c75f43,80cce931ca0c57cdb34a9b445c689d15121b05689f6cd8e443e4e54204a78023,No-Dq-R,2,0,0.0,0.0,0,0,0,0,0
0.7,2000000,201,7,602716e114fc3b53080e2d6c7d5abc83d99ed35106f61097db34773338c75f43,80cce931ca0c57cdb34a9b445c689d15121b05689f6cd8e443e4e54204a78023,No-Dq-R,3,0,0.0,0.0,0,0,0,0,0
0.7,2000000,201,7,602716e114fc3b53080e2d6c7d5abc83d99ed35106f61097db34773338c75f43,80cce931ca0c57cdb34a9b445c689d15121b05689f6cd8e443e4e54204a78023,No-Dq-R,4,0,0.0,0.0,0,0,0,0,0
0.7,2000000,201,7,602716e114fc3b53080e2d6c7d5abc83d99ed35106f61097db34773338c75f43,80cce931ca0c57cdb34a9b445c689d15121b05689f6cd8e443e4e54204a78023,Fixed-Dc,1,-478057,0.022046907294292484,0.020137295045248305,0.0,0,0,0,0
0.7,2000000,201,7,602716e114fc3b53080e2d6c7d5abc83d99ed35106f61097db34773338c75f43,80cce931ca0c57cdb34a9b445c689d15121b05689f6cd8e443e4e54204a78023,Fixed-Dc,2,240952,-0.0066441486851469556,-0.005318389136675206,0,0,0,0,0
0.7,2000000,201,7,602716e114fc3b53080e2d6c7d5abc83d99ed35106f61097db34773338c75f43,80cce931ca0c57cdb34a9b445c689d15121b05689f6cd8e443e4e54204a78023,Fixed-Dc,3,-9486,4.894526411630684e-05,0.00010277934353414286,0,0,0,0,0
0.7,2000000,201,7,602716e114fc3b53080e2d6c7d5abc83d99ed35106f61097db34773338c75f43,80cce931ca0c57cdb34a9b445c689d15121b05689f6cd8e443e4e54204a78023,Fixed-Dc,4,-363772,-0.00018199821639802716,0.0019243262113014525,0,0,0,0,0
0.7,2000000,201,7,602716e114fc3b53080e2d6c7d5abc83d99ed35106f61097db34773338c75f43,80cce931ca0c57cdb34a9b445c689d15121b05689f6cd8e443e4e54204a78023,Decoupled,1,0,,,,,,0,0
0.7,2000000,201,7,602716e114fc3b53080e2d6c7d5abc83d99ed35106f61097db34773338c75f43,80cce931ca0c57cdb34a9b445c689d15121b05689f6cd8e443e4e54204a78023,Decoupled,2,0,,,,,,0,0
0.7,2000000,201,7,602716e114fc3b53080e2d6c7d5abc83d99ed35106f61097db34773338c75f43,80cce931ca0c57cdb34a9b445c689d15121b05689f6cd8e443e4e54204a78023,Decoupled,3,0,,,,,,0,0
0.7,2000000,201,7,602716e114fc3b53080e2d6c7d5abc83d99ed35106f61097db34773338c75f43,80cce931ca0c57cdb34a9b445c689d15121b05689f6cd8e443e4e54204a78023,Decoupled,4,0,,,,,,0,0
0.7,2000000,201,11,602716e114fc3b53080e2d6c7d5abc83d99ed35106f61097db34773338c75f43,80cce931ca0c57cdb34a9b445c689d15121b05689f6cd8e443e4e54204a78023,No-Dq-R,1,0,0.0,0.0,0.0,0,0,0,0
0.7,2000000,201,11,602716e114fc3b53080e2d6c7d5abc83d99ed35106f61097db34773338c75f43,80cce931ca0c57cdb34a9b445c689d15121b05689f6cd8e443e4e54204a78023,No-Dq-R,2,0,0.0,0.0,0,0,0,0,0
0.7,2000000,201,11,602716e114fc3b53080e2d6c7d5abc83d99ed35106f61097db34773338c75f43,80cce931ca0c57cdb34a9b445c689d15121b05689f6cd8e443e4e54204a78023,No-Dq-R,3,0,0.0,0.0,0,0,0,0,0
0.7,2000000,201,11,602716e114fc3b53080e2d6c7d5abc83d99ed35106f61097db34773338c75f43,80cce931ca0c57cdb34a9b445c689d15121b05689f6cd8e443e4e54204a78023,No-Dq-R,4,0,0.0,0.0,0,0,0,0,0
0.7,2000000,201,11,602716e114fc3b53080e2d6c7d5abc83d99ed35106f61097db34773338c75f43,80cce931ca0c57cdb34a9b445c689d15121b05689f6cd8e443e4e54204a78023,Fixed-Dc,1,-478057,0.018283608146034247,0.020137295045248305,0.0,0,0,0,0
0.7,2000000,201,11,602716e114fc3b53080e2d6c7d5abc83d99ed35106f61097db34773338c75f43,80cce931ca0c57cdb34a9b445c689d15121b05689f6cd8e443e4e54204a78023,Fixed-Dc,2,240952,-0.0066441486851469556,-0.005318389136675206,0,0,0,0,0
0.7,2000000,201,11,602716e114fc3b53080e2d6c7d5abc83d99ed35106f61097db34773338c75f43,80cce931ca0c57cdb34a9b445c689d15121b05689f6cd8e443e4e54204a78023,Fixed-Dc,3,-9486,4.894526411630684e-05,0.00010277934353414286,0,0,0,0,0
0.7,2000000,201,11,602716e114fc3b53080e2d6c7d5abc83d99ed35106f61097db34773338c75f43,80cce931ca0c57cdb34a9b445c689d15121b05689f6cd8e443e4e54204a78023,Fixed-Dc,4,-363772,-0.00018199821639802716,0.0019243262113014525,0,0,0,0,0
0.7,2000000,201,11,602716e114fc3b53080e2d6c7d5abc83d99ed35106f61097db34773338c75f43,80cce931ca0c57cdb34a9b445c689d15121b05689f6cd8e443e4e54204a78023,Decoupled,1,0,,,,,,0,0
0.7,2000000,201,11,602716e114fc3b53080e2d6c7d5abc83d99ed35106f61097db34773338c75f43,80cce931ca0c57cdb34a9b445c689d15121b05689f6cd8e443e4e54204a78023,Decoupled,2,0,,,,,,0,0
0.7,2000000,201,11,602716e114fc3b53080e2d6c7d5abc83d99ed35106f61097db34773338c75f43,80cce931ca0c57cdb34a9b445c689d15121b05689f6cd8e443e4e54204a78023,Decoupled,3,0,,,,,,0,0
0.7,2000000,201,11,602716e114fc3b53080e2d6c7d5abc83d99ed35106f61097db34773338c75f43,80cce931ca0c57cdb34a9b445c689d15121b05689f6cd8e443e4e54204a78023,Decoupled,4,0,,,,,,0,0
0.7,2000000,202,7,b05d1cfe123a8ff41c400b2ee3a5d568260f316d70ffacf45df5dafa1e8e3dd0,80cce931ca0c57cdb34a9b445c689d15121b05689f6cd8e443e4e54204a78023,No-Dq-R,1,0,0.0,0.0,0.0,0,0,0,0
0.7,2000000,202,7,b05d1cfe123a8ff41c400b2ee3a5d568260f316d70ffacf45df5dafa1e8e3dd0,80cce931ca0c57cdb34a9b445c689d15121b05689f6cd8e443e4e54204a78023,No-Dq-R,2,0,0.0,0.0,0,0,0,0,0
0.7,2000000,202,7,b05d1cfe123a8ff41c400b2ee3a5d568260f316d70ffacf45df5dafa1e8e3dd0,80cce931ca0c57cdb34a9b445c689d15121b05689f6cd8e443e4e54204a78023,No-Dq-R,3,0,0.0,0.0,0,0,0,0,0
0.7,2000000,202,7,b05d1cfe123a8ff41c400b2ee3a5d568260f316d70ffacf45df5dafa1e8e3dd0,80cce931ca0c57cdb34a9b445c689d15121b05689f6cd8e443e4e54204a78023,No-Dq-R,4,0,0.0,0.0,0,0,0,0,0
0.7,2000000,202,7,b05d1cfe123a8ff41c400b2ee3a5d568260f316d70ffacf45df5dafa1e8e3dd0,80cce931ca0c57cdb34a9b445c689d15121b05689f6cd8e443e4e54204a78023,Fixed-Dc,1,31274,-0.001494848311295316,-0.001374988340395289,0.0,0,0,0,0
0.7,2000000,202,7,b05d1cfe123a8ff41c400b2ee3a5d568260f316d70ffacf45df5dafa1e8e3dd0,80cce931ca0c57cdb34a9b445c689d15121b05689f6cd8e443e4e54204a78023,Fixed-Dc,2,-323012,0.008628802654108703,0.006815735982028892,0,0,0,0,0
0.7,2000000,202,7,b05d1cfe123a8ff41c400b2ee3a5d568260f316d70ffacf45df5dafa1e8e3dd0,80cce931ca0c57cdb34a9b445c689d15121b05689f6cd8e443e4e54204a78023,Fixed-Dc,3,240952,-0.001298810624458635,-0.002659992852743598,0,0,0,0,0
0.7,2000000,202,7,b05d1cfe123a8ff41c400b2ee3a5d568260f316d70ffacf45df5dafa1e8e3dd0,80cce931ca0c57cdb34a9b445c689d15121b05689f6cd8e443e4e54204a78023,Fixed-Dc,4,145559,4.177863279869465e-05,-0.0007972666677284468,0,0,0,0,0
0.7,2000000,202,7,b05d1cfe123a8ff41c400b2ee3a5d568260f316d70ffacf45df5dafa1e8e3dd0,80cce931ca0c57cdb34a9b445c689d15121b05689f6cd8e443e4e54204a78023,Decoupled,1,0,,,,,,0,0
0.7,2000000,202,7,b05d1cfe123a8ff41c400b2ee3a5d568260f316d70ffacf45df5dafa1e8e3dd0,80cce931ca0c57cdb34a9b445c689d15121b05689f6cd8e443e4e54204a78023,Decoupled,2,0,,,,,,0,0
0.7,2000000,202,7,b05d1cfe123a8ff41c400b2ee3a5d568260f316d70ffacf45df5dafa1e8e3dd0,80cce931ca0c57cdb34a9b445c689d15121b05689f6cd8e443e4e54204a78023,Decoupled,3,0,,,,,,0,0
0.7,2000000,202,7,b05d1cfe123a8ff41c400b2ee3a5d568260f316d70ffacf45df5dafa1e8e3dd0,80cce931ca0c57cdb34a9b445c689d15121b05689f6cd8e443e4e54204a78023,Decoupled,4,0,,,,,,0,0
0.7,2000000,202,11,b05d1cfe123a8ff41c400b2ee3a5d568260f316d70ffacf45df5dafa1e8e3dd0,80cce931ca0c57cdb34a9b445c689d15121b05689f6cd8e443e4e54204a78023,No-Dq-R,1,0,0.0,0.0,0.0,0,0,0,0
0.7,2000000,202,11,b05d1cfe123a8ff41c400b2ee3a5d568260f316d70ffacf45df5dafa1e8e3dd0,80cce931ca0c57cdb34a9b445c689d15121b05689f6cd8e443e4e54204a78023,No-Dq-R,2,0,0.0,0.0,0,0,0,0,0
0.7,2000000,202,11,b05d1cfe123a8ff41c400b2ee3a5d568260f316d70ffacf45df5dafa1e8e3dd0,80cce931ca0c57cdb34a9b445c689d15121b05689f6cd8e443e4e54204a78023,No-Dq-R,3,0,0.0,0.0,0,0,0,0,0
0.7,2000000,202,11,b05d1cfe123a8ff41c400b2ee3a5d568260f316d70ffacf45df5dafa1e8e3dd0,80cce931ca0c57cdb34a9b445c689d15121b05689f6cd8e443e4e54204a78023,No-Dq-R,4,0,0.0,0.0,0,0,0,0,0
0.7,2000000,202,11,b05d1cfe123a8ff41c400b2ee3a5d568260f316d70ffacf45df5dafa1e8e3dd0,80cce931ca0c57cdb34a9b445c689d15121b05689f6cd8e443e4e54204a78023,Fixed-Dc,1,31274,-0.0012586386165659436,-0.001374988340395289,0.0,0,0,0,0
0.7,2000000,202,11,b05d1cfe123a8ff41c400b2ee3a5d568260f316d70ffacf45df5dafa1e8e3dd0,80cce931ca0c57cdb34a9b445c689d15121b05689f6cd8e443e4e54204a78023,Fixed-Dc,2,-323012,0.008628802654108703,0.006815735982028892,0,0,0,0,0
0.7,2000000,202,11,b05d1cfe123a8ff41c400b2ee3a5d568260f316d70ffacf45df5dafa1e8e3dd0,80cce931ca0c57cdb34a9b445c689d15121b05689f6cd8e443e4e54204a78023,Fixed-Dc,3,240952,-0.001298810624458635,-0.002659992852743598,0,0,0,0,0
0.7,2000000,202,11,b05d1cfe123a8ff41c400b2ee3a5d568260f316d70ffacf45df5dafa1e8e3dd0,80cce931ca0c57cdb34a9b445c689d15121b05689f6cd8e443e4e54204a78023,Fixed-Dc,4,145559,4.177863279869465e-05,-0.0007972666677284468,0,0,0,0,0
0.7,2000000,202,11,b05d1cfe123a8ff41c400b2ee3a5d568260f316d70ffacf45df5dafa1e8e3dd0,80cce931ca0c57cdb34a9b445c689d15121b05689f6cd8e443e4e54204a78023,Decoupled,1,0,,,,,,0,0
0.7,2000000,202,11,b05d1cfe123a8ff41c400b2ee3a5d568260f316d70ffacf45df5dafa1e8e3dd0,80cce931ca0c57cdb34a9b445c689d15121b05689f6cd8e443e4e54204a78023,Decoupled,2,0,,,,,,0,0
0.7,2000000,202,11,b05d1cfe123a8ff41c400b2ee3a5d568260f316d70ffacf45df5dafa1e8e3dd0,80cce931ca0c57cdb34a9b445c689d15121b05689f6cd8e443e4e54204a78023,Decoupled,3,0,,,,,,0,0
0.7,2000000,202,11,b05d1cfe123a8ff41c400b2ee3a5d568260f316d70ffacf45df5dafa1e8e3dd0,80cce931ca0c57cdb34a9b445c689d15121b05689f6cd8e443e4e54204a78023,Decoupled,4,0,,,,,,0,0
0.7,2000000,203,7,a9c88ae6898de59c6c59ee63c6446328ad43e7564fab5c213c7d86e87a84a4b2,80cce931ca0c57cdb34a9b445c689d15121b05689f6cd8e443e4e54204a78023,No-Dq-R,1,0,0.0,0.0,0.0,0,0,0,0
0.7,2000000,203,7,a9c88ae6898de59c6c59ee63c6446328ad43e7564fab5c213c7d86e87a84a4b2,80cce931ca0c57cdb34a9b445c689d15121b05689f6cd8e443e4e54204a78023,No-Dq-R,2,0,0.0,0.0,0,0,0,0,0
0.7,2000000,203,7,a9c88ae6898de59c6c59ee63c6446328ad43e7564fab5c213c7d86e87a84a4b2,80cce931ca0c57cdb34a9b445c689d15121b05689f6cd8e443e4e54204a78023,No-Dq-R,3,0,0.0,0.0,0,0,0,0,0
0.7,2000000,203,7,a9c88ae6898de59c6c59ee63c6446328ad43e7564fab5c213c7d86e87a84a4b2,80cce931ca0c57cdb34a9b445c689d15121b05689f6cd8e443e4e54204a78023,No-Dq-R,4,0,0.0,0.0,0,0,0,0,0
0.7,2000000,203,7,a9c88ae6898de59c6c59ee63c6446328ad43e7564fab5c213c7d86e87a84a4b2,80cce931ca0c57cdb34a9b445c689d15121b05689f6cd8e443e4e54204a78023,Fixed-Dc,1,-527667,0.024251350992824383,0.022135507565429924,0.0,0,0,0,0
0.7,2000000,203,7,a9c88ae6898de59c6c59ee63c6446328ad43e7564fab5c213c7d86e87a84a4b2,80cce931ca0c57cdb34a9b445c689d15121b05689f6cd8e443e4e54204a78023,Fixed-Dc,2,240952,-0.0066441486851469556,-0.005318389136675206,0,0,0,0,0
0.7,2000000,203,7,a9c88ae6898de59c6c59ee63c6446328ad43e7564fab5c213c7d86e87a84a4b2,80cce931ca0c57cdb34a9b445c689d15121b05689f6cd8e443e4e54204a78023,Fixed-Dc,3,-59096,0.00030226984543996194,0.0006379419072503612,0,0,0,0,0
0.7,2000000,203,7,a9c88ae6898de59c6c59ee63c6446328ad43e7564fab5c213c7d86e87a84a4b2,80cce931ca0c57cdb34a9b445c689d15121b05689f6cd8e443e4e54204a78023,Fixed-Dc,4,-413382,-0.00021509509179662434,0.0021794521637027997,0,0,0,0,0
0.7,2000000,203,7,a9c88ae6898de59c6c59ee63c6446328ad43e7564fab5c213c7d86e87a84a4b2,80cce931ca0c57cdb34a9b445c689d15121b05689f6cd8e443e4e54204a78023,Decoupled,1,0,,,,,,0,0
0.7,2000000,203,7,a9c88ae6898de59c6c59ee63c6446328ad43e7564fab5c213c7d86e87a84a4b2,80cce931ca0c57cdb34a9b445c689d15121b05689f6cd8e443e4e54204a78023,Decoupled,2,0,,,,,,0,0
0.7,2000000,203,7,a9c88ae6898de59c6c59ee63c6446328ad43e7564fab5c213c7d86e87a84a4b2,80cce931ca0c57cdb34a9b445c689d15121b05689f6cd8e443e4e54204a78023,Decoupled,3,0,,,,,,0,0
0.7,2000000,203,7,a9c88ae6898de59c6c59ee63c6446328ad43e7564fab5c213c7d86e87a84a4b2,80cce931ca0c57cdb34a9b445c689d15121b05689f6cd8e443e4e54204a78023,Decoupled,4,0,,,,,,0,0
0.7,2000000,203,11,a9c88ae6898de59c6c59ee63c6446328ad43e7564fab5c213c7d86e87a84a4b2,80cce931ca0c57cdb34a9b445c689d15121b05689f6cd8e443e4e54204a78023,No-Dq-R,1,0,0.0,0.0,0.0,0,0,0,0
0.7,2000000,203,11,a9c88ae6898de59c6c59ee63c6446328ad43e7564fab5c213c7d86e87a84a4b2,80cce931ca0c57cdb34a9b445c689d15121b05689f6cd8e443e4e54204a78023,No-Dq-R,2,0,0.0,0.0,0,0,0,0,0
0.7,2000000,203,11,a9c88ae6898de59c6c59ee63c6446328ad43e7564fab5c213c7d86e87a84a4b2,80cce931ca0c57cdb34a9b445c689d15121b05689f6cd8e443e4e54204a78023,No-Dq-R,3,0,0.0,0.0,0,0,0,0,0
0.7,2000000,203,11,a9c88ae6898de59c6c59ee63c6446328ad43e7564fab5c213c7d86e87a84a4b2,80cce931ca0c57cdb34a9b445c689d15121b05689f6cd8e443e4e54204a78023,No-Dq-R,4,0,0.0,0.0,0,0,0,0,0
0.7,2000000,203,11,a9c88ae6898de59c6c59ee63c6446328ad43e7564fab5c213c7d86e87a84a4b2,80cce931ca0c57cdb34a9b445c689d15121b05689f6cd8e443e4e54204a78023,Fixed-Dc,1,-527667,0.020081629222267527,0.022135507565429924,0.0,0,0,0,0
0.7,2000000,203,11,a9c88ae6898de59c6c59ee63c6446328ad43e7564fab5c213c7d86e87a84a4b2,80cce931ca0c57cdb34a9b445c689d15121b05689f6cd8e443e4e54204a78023,Fixed-Dc,2,240952,-0.0066441486851469556,-0.005318389136675206,0,0,0,0,0
0.7,2000000,203,11,a9c88ae6898de59c6c59ee63c6446328ad43e7564fab5c213c7d86e87a84a4b2,80cce931ca0c57cdb34a9b445c689d15121b05689f6cd8e443e4e54204a78023,Fixed-Dc,3,-59096,0.00030226984543996194,0.0006379419072503612,0,0,0,0,0
0.7,2000000,203,11,a9c88ae6898de59c6c59ee63c6446328ad43e7564fab5c213c7d86e87a84a4b2,80cce931ca0c57cdb34a9b445c689d15121b05689f6cd8e443e4e54204a78023,Fixed-Dc,4,-413382,-0.00021509509179662434,0.0021794521637027997,0,0,0,0,0
0.7,2000000,203,11,a9c88ae6898de59c6c59ee63c6446328ad43e7564fab5c213c7d86e87a84a4b2,80cce931ca0c57cdb34a9b445c689d15121b05689f6cd8e443e4e54204a78023,Decoupled,1,0,,,,,,0,0
0.7,2000000,203,11,a9c88ae6898de59c6c59ee63c6446328ad43e7564fab5c213c7d86e87a84a4b2,80cce931ca0c57cdb34a9b445c689d15121b05689f6cd8e443e4e54204a78023,Decoupled,2,0,,,,,,0,0
0.7,2000000,203,11,a9c88ae6898de59c6c59ee63c6446328ad43e7564fab5c213c7d86e87a84a4b2,80cce931ca0c57cdb34a9b445c689d15121b05689f6cd8e443e4e54204a78023,Decoupled,3,0,,,,,,0,0
0.7,2000000,203,11,a9c88ae6898de59c6c59ee63c6446328ad43e7564fab5c213c7d86e87a84a4b2,80cce931ca0c57cdb34a9b445c689d15121b05689f6cd8e443e4e54204a78023,Decoupled,4,0,,,,,,0,0
