classical_load,request_interval_ns,traffic_seed,quantum_seed,workload_sha256,calibration_sha256,model,session_id,delta_latency_ns,delta_fidelity,delta_expected_fidelity,delta_success_probability,false_feasible,false_infeasible,false_deadline_feasible,false_deadline_infeasible
0.0,800000,1000,7,30c6cc63ba21f2b96353ec3f7482a7a4d983ff2e1b4ccee1f99c1c1604afc177,497b8822afdb329df7e593163c058667365610ead0920b891c63d218ed3d89d0,No-Dq-R,1,0,0.0,0.0,0.0,0,0,0,0
0.0,800000,1000,7,30c6cc63ba21f2b96353ec3f7482a7a4d983ff2e1b4ccee1f99c1c1604afc177,497b8822afdb329df7e593163c058667365610ead0920b891c63d218ed3d89d0,No-Dq-R,2,-800000,0.056319511058792515,0.053410213882189916,1.0,1,0,0,0
0.0,800000,1000,7,30c6cc63ba21f2b96353ec3f7482a7a4d983ff2e1b4ccee1f99c1c1604afc177,497b8822afdb329df7e593163c058667365610ead0920b891c63d218ed3d89d0,No-Dq-R,3,-1600000,0.06971986524450047,0.07044867040812314,0,0,0,0,0
0.0,800000,1000,7,30c6cc63ba21f2b96353ec3f7482a7a4d983ff2e1b4ccee1f99c1c1604afc177,497b8822afdb329df7e593163c058667365610ead0920b891c63d218ed3d89d0,No-Dq-R,4,-2400000,0.05872356008459795,0.07036168231863998,0,0,0,0,0
0.0,800000,1000,7,30c6cc63ba21f2b96353ec3f7482a7a4d983ff2e1b4ccee1f99c1c1604afc177,497b8822afdb329df7e593163c058667365610ead0920b891c63d218ed3d89d0,Fixed-Dc,1,0,0.0,0.0,0.0,0,0,0,0
0.0,800000,1000,7,30c6cc63ba21f2b96353ec3f7482a7a4d983ff2e1b4ccee1f99c1c1604afc177,497b8822afdb329df7e593163c058667365610ead0920b891c63d218ed3d89d0,Fixed-Dc,2,0,0.0,0.0,0,0,0,0,0
0.0,800000,1000,7,30c6cc63ba21f2b96353ec3f7482a7a4d983ff2e1b4ccee1f99c1c1604afc177,497b8822afdb329df7e593163c058667365610ead0920b891c63d218ed3d89d0,Fixed-Dc,3,0,0.0,0.0,0,0,0,0,0
0.0,800000,1000,7,30c6cc63ba21f2b96353ec3f7482a7a4d983ff2e1b4ccee1f99c1c1604afc177,497b8822afdb329df7e593163c058667365610ead0920b891c63d218ed3d89d0,Fixed-Dc,4,0,0.0,0.0,0,0,0,0,0
0.0,800000,1000,7,30c6cc63ba21f2b96353ec3f7482a7a4d983ff2e1b4ccee1f99c1c1604afc177,497b8822afdb329df7e593163c058667365610ead0920b891c63d218ed3d89d0,Decoupled,1,0,,,,,,0,0
0.0,800000,1000,7,30c6cc63ba21f2b96353ec3f7482a7a4d983ff2e1b4ccee1f99c1c1604afc177,497b8822afdb329df7e593163c058667365610ead0920b891c63d218ed3d89d0,Decoupled,2,0,,,,,,0,0
0.0,800000,1000,7,30c6cc63ba21f2b96353ec3f7482a7a4d983ff2e1b4ccee1f99c1c1604afc177,497b8822afdb329df7e593163c058667365610ead0920b891c63d218ed3d89d0,Decoupled,3,0,,,,,,0,0
0.0,800000,1000,7,30c6cc63ba21f2b96353ec3f7482a7a4d983ff2e1b4ccee1f99c1c1604afc177,497b8822afdb329df7e593163c058667365610ead0920b891c63d218ed3d89d0,Decoupled,4,0,,,,,,0,0
0.0,800000,1000,11,30c6cc63ba21f2b96353ec3f7482a7a4d983ff2e1b4ccee1f99c1c1604afc177,497b8822afdb329df7e593163c058667365610ead0920b891c63d218ed3d89d0,No-Dq-R,1,0,0.0,0.0,0.0,0,0,0,0
0.0,800000,1000,11,30c6cc63ba21f2b96353ec3f7482a7a4d983ff2e1b4ccee1f99c1c1604afc177,497b8822afdb329df7e593163c058667365610ead0920b891c63d218ed3d89d0,No-Dq-R,2,-800000,0.056319511058792515,0.053410213882189916,1.0,1,0,0,0
0.0,800000,1000,11,30c6cc63ba21f2b96353ec3f7482a7a4d983ff2e1b4ccee1f99c1c1604afc177,497b8822afdb329df7e593163c058667365610ead0920b891c63d218ed3d89d0,No-Dq-R,3,-1600000,0.0626272107568423,0.07044867040812314,0,0,0,0,0
0.0,800000,1000,11,30c6cc63ba21f2b96353ec3f7482a7a4d983ff2e1b4ccee1f99c1c1604afc177,497b8822afdb329df7e593163c058667365610ead0920b891c63d218ed3d89d0,No-Dq-R,4,-2400000,0.05872356008459795,0.07036168231863998,0,0,0,0,0
0.0,800000,1000,11,30c6cc63ba21f2b96353ec3f7482a7a4d983ff2e1b4ccee1f99c1c1604afc177,497b8822afdb329df7e593163c058667365610ead0920b891c63d218ed3d89d0,Fixed-Dc,1,0,0.0,0.0,0.0,0,0,0,0
0.0,800000,1000,11,30c6cc63ba21f2b96353ec3f7482a7a4d983ff2e1b4ccee1f99c1c1604afc177,497b8822afdb329df7e593163c058667365610ead0920b891c63d218ed3d89d0,Fixed-Dc,2,0,0.0,0.0,0,0,0,0,0
0.0,800000,1000,11,30c6cc63ba21f2b96353ec3f7482a7a4d983ff2e1b4ccee1f99c1c1604afc177,497b8822afdb329df7e593163c058667365610ead0920b891c63d218ed3d89d0,Fixed-Dc,3,0,0.0,0.0,0,0,0,0,0
0.0,800000,1000,11,30c6cc63ba21f2b96353ec3f7482a7a4d983ff2e1b4ccee1f99c1c1604afc177,497b8822afdb329df7e593163c058667365610ead0920b891c63d218ed3d89d0,Fixed-Dc,4,0,0.0,0.0,0,0,0,0,0
0.0,800000,1000,11,30c6cc63ba21f2b96353ec3f7482a7a4d983ff2e1b4ccee1f99c1c1604afc177,497b8822afdb329df7e593163c058667365610ead0920b891c63d218ed3d89d0,Decoupled,1,0,,,,,,0,0
0.0,800000,1000,11,30c6cc63ba21f2b96353ec3f7482a7a4d983ff2e1b4ccee1f99c1c1604afc177,497b8822afdb329df7e593163c058667365610ead0920b891c63d218ed3d89d0,Decoupled,2,0,,,,,,0,0
0.0,800000,1000,11,30c6cc63ba21f2b96353ec3f7482a7a4d983ff2e1b4ccee1f99c1c1604afc177,497b8822afdb329df7e593163c058667365610ead0920b891c63d218ed3d89d0,Decoupled,3,0,,,,,,0,0
0.0,800000,1000,11,30c6cc63ba21f2b96353ec3f7482a7a4d983ff2e1b4ccee1f99c1c1604afc177,497b8822afdb329df7e593163c058667365610ead0920b891c63d218ed3d89d0,Decoupled,4,0,,,,,,0,0
0.0,800000,1001,7,a8021d0bbf40beb0622767fdf0f073a613fe9b43f6e45f7bbd64edad7c4ec4c9,497b8822afdb329df7e593163c058667365610ead0920b891c63d218ed3d89d0,No-Dq-R,1,0,0.0,0.0,0.0,0,0,0,0
0.0,800000,1001,7,a8021d0bbf40beb0622767fdf0f073a613fe9b43f6e45f7bbd64edad7c4ec4c9,497b8822afdb329df7e593163c058667365610ead0920b891c63d218ed3d89d0,No-Dq-R,2,-800000,0.056319511058792515,0.053410213882189916,1.0,1,0,0,0
0.0,800000,1001,7,a8021d0bbf40beb0622767fdf0f073a613fe9b43f6e45f7bbd64edad7c4ec4c9,497b8822afdb329df7e593163c058667365610ead0920b891c63d218ed3d89d0,No-Dq-R,3,-1600000,0.06971986524450047,0.07044867040812314,0,0,0,0,0
0.0,800000,1001,7,a8021d0bbf40beb0622767fdf0f073a613fe9b43f6e45f7bbd64edad7c4ec4c9,497b8822afdb329df7e593163c058667365610ead0920b891c63d218ed3d89d0,No-Dq-R,4,-2400000,0.05872356008459795,0.07036168231863998,0,0,0,0,0
0.0,800000,1001,7,a8021d0bbf40beb0622767fdf0f073a613fe9b43f6e45f7bbd64edad7c4ec4c9,497b8822afdb329df7e593163c058667365610ead0920b891c63d218ed3d89d0,Fixed-Dc,1,0,0.0,0.0,0.0,0,0,0,0
0.0,800000,1001,7,a8021d0bbf40beb0622767fdf0f073a613fe9b43f6e45f7bbd64edad7c4ec4c9,497b8822afdb329df7e593163c058667365610ead0920b891c63d218ed3d89d0,Fixed-Dc,2,0,0.0,0.0,0,0,0,0,0
0.0,800000,1001,7,a8021d0bbf40beb0622767fdf0f073a613fe9b43f6e45f7bbd64edad7c4ec4c9,497b8822afdb329df7e593163c058667365610ead0920b891c63d218ed3d89d0,Fixed-Dc,3,0,0.0,0.0,0,0,0,0,0
0.0,800000,1001,7,a8021d0bbf40beb0622767fdf0f073a613fe9b43f6e45f7bbd64edad7c4ec4c9,497b8822afdb329df7e593163c058667365610ead0920b891c63d218ed3d89d0,Fixed-Dc,4,0,0.0,0.0,0,0,0,0,0
0.0,800000,1001,7,a8021d0bbf40beb0622767fdf0f073a613fe9b43f6e45f7bbd64edad7c4ec4c9,497b8822afdb329df7e593163c058667365610ead0920b891c63d218ed3d89d0,Decoupled,1,0,,,,,,0,0
0.0,800000,1001,7,a8021d0bbf40beb0622767fdf0f073a613fe9b43f6e45f7bbd64edad7c4ec4c9,497b8822afdb329df7e593163c058667365610ead0920b891c63d218ed3d89d0,Decoupled,2,0,,,,,,0,0
0.0,800000,1001,7,a8021d0bbf40beb0622767fdf0f073a613fe9b43f6e45f7bbd64edad7c4ec4c9,497b8822afdb329df7e593163c058667365610ead0920b891c63d218ed3d89d0,Decoupled,3,0,,,,,,0,0
0.0,800000,1001,7,a8021d0bbf40beb0622767fdf0f073a613fe9b43f6e45f7bbd64edad7c4ec4c9,497b8822afdb329df7e593163c058667365610ead0920b891c63d218ed3d89d0,Decoupled,4,0,,,,,,0,0
0.0,800000,1001,11,a8021d0bbf40beb0622767fdf0f073a613fe9b43f6e45f7bbd64edad7c4ec4c9,497b8822afdb329df7e593163c058667365610ead0920b891c63d218ed3d89d0,No-Dq-R,1,0,0.0,0.0,0.0,0,0,0,0
0.0,800000,1001,11,a8021d0bbf40beb0622767fdf0f073a613fe9b43f6e45f7bbd64edad7c4ec4c9,497b8822afdb329df7e593163c058667365610ead0920b891c63d218ed3d89d0,No-Dq-R,2,-800000,0.056319511058792515,0.053410213882189916,1.0,1,0,0,0
0.0,800000,1001,11,a8021d0bbf40beb0622767fdf0f073a613fe9b43f6e45f7bbd64edad7c4ec4c9,497b8822afdb329df7e593163c058667365610ead0920b891c63d218ed3d89d0,No-Dq-R,3,-1600000,0.0626272107568423,0.07044867040812314,0,0,0,0,0
0.0,800000,1001,11,a8021d0bbf40beb0622767fdf0f073a613fe9b43f6e45f7bbd64edad7c4ec4c9,497b8822afdb329df7e593163c058667365610ead0920b891c63d218ed3d89d0,No-Dq-R,4,-2400000,0.05872356008459795,0.07036168231863998,0,0,0,0,0
0.0,800000,1001,11,a8021d0bbf40beb0622767fdf0f073a613fe9b43f6e45f7bbd64edad7c4ec4c9,497b8822afdb329df7e593163c058667365610ead0920b891c63d218ed3d89d0,Fixed-Dc,1,0,0.0,0.0,0.0,0,0,0,0
0.0,800000,1001,11,a8021d0bbf40beb0622767fdf0f073a613fe9b43f6e45f7bbd64edad7c4ec4c9,497b8822afdb329df7e593163c058667365610ead0920b891c63d218ed3d89d0,Fixed-Dc,2,0,0.0,0.0,0,0,0,0,0
0.0,800000,1001,11,a8021d0bbf40beb0622767fdf0f073a613fe9b43f6e45f7bbd64edad7c4ec4c9,497b8822afdb329df7e593163c058667365610ead0920b891c63d218ed3d89d0,Fixed-Dc,3,0,0.0,0.0,0,0,0,0,0
0.0,800000,1001,11,a8021d0bbf40beb0622767fdf0f073a613fe9b43f6e45f7bbd64edad7c4ec4c9,497b8822afdb329df7e593163c058667365610ead0920b891c63d218ed3d89d0,Fixed-Dc,4,0,0.0,0.0,0,0,0,0,0
0.0,800000,1001,11,a8021d0bbf40beb0622767fdf0f073a613fe9b43f6e45f7bbd64edad7c4ec4c9,497b8822afdb329df7e593163c058667365610ead0920b891c63d218ed3d89d0,Decoupled,1,0,,,,,,0,0
0.0,800000,1001,11,a8021d0bbf40beb0622767fdf0f073a613fe9b43f6e45f7bbd64edad7c4ec4c9,497b8822afdb329df7e593163c058667365610ead0920b891c63d218ed3d89d0,Decoupled,2,0,,,,,,0,0
0.0,800000,1001,11,a8021d0bbf40beb0622767fdf0f073a613fe9b43f6e45f7bbd64edad7c4ec4c9,497b8822afdb329df7e593163c058667365610ead0920b891c63d218ed3d89d0,Decoupled,3,0,,,,,,0,0
0.0,800000,1001,11,a8021d0bbf40beb0622767fdf0f073a613fe9b43f6e45f7bbd64edad7c4ec4c9,497b8822afdb329df7e593163c058667365610ead0920b891c63d218ed3d89d0,Decoupled,4,0,,,,,,0,0
0.0,800000,1002,7,e1b9157f84e2da57f35d8bd049376c80dedc02f98ba1a7d010dad945c5ecd837,497b8822afdb329df7e593163c058667365610ead0920b891c63d218ed3d89d0,No-Dq-R,1,0,0.0,0.0,0.0,0,0,0,0
0.0,800000,1002,7,e1b9157f84e2da57f35d8bd049376c80dedc02f98ba1a7d010dad945c5ecd837,497b8822afdb329df7e593163c058667365610ead0920b891c63d218ed3d89d0,No-Dq-R,2,-800000,0.056319511058792515,0.053410213882189916,1.0,1,0,0,0
0.0,800000,1002,7,e1b9157f84e2da57f35d8bd049376c80dedc02f98ba1a7d010dad945c5ecd837,497b8822afdb329df7e593163c058667365610ead0920b891c63d218ed3d89d0,No-Dq-R,3,-1600000,0.06971986524450047,0.07044867040812314,0,0,0,0,0
0.0,800000,1002,7,e1b9157f84e2da57f35d8bd049376c80dedc02f98ba1a7d010dad945c5ecd837,497b8822afdb329df7e593163c058667365610ead0920b891c63d218ed3d89d0,No-Dq-R,4,-2400000,0.05872356008459795,0.07036168231863998,0,0,0,0,0
0.0,800000,1002,7,e1b9157f84e2da57f35d8bd049376c80dedc02f98ba1a7d010dad945c5ecd837,497b8822afdb329df7e593163c058667365610ead0920b891c63d218ed3d89d0,Fixed-Dc,1,0,0.0,0.0,0.0,0,0,0,0
0.0,800000,1002,7,e1b9157f84e2da57f35d8bd049376c80dedc02f98ba1a7d010dad945c5ecd837,497b8822afdb329df7e593163c058667365610ead0920b891c63d218ed3d89d0,Fixed-Dc,2,0,0.0,0.0,0,0,0,0,0
0.0,800000,1002,7,e1b9157f84e2da57f35d8bd049376c80dedc02f98ba1a7d010dad945c5ecd837,497b8822afdb329df7e593163c058667365610ead0920b891c63d218ed3d89d0,Fixed-Dc,3,0,0.0,0.0,0,0,0,0,0
0.0,800000,1002,7,e1b9157f84e2da57f35d8bd049376c80dedc02f98ba1a7d010dad945c5ecd837,497b8822afdb329df7e593163c058667365610ead0920b891c63d218ed3d89d0,Fixed-Dc,4,0,0.0,0.0,0,0,0,0,0
0.0,800000,1002,7,e1b9157f84e2da57f35d8bd049376c80dedc02f98ba1a7d010dad945c5ecd837,497b8822afdb329df7e593163c058667365610ead0920b891c63d218ed3d89d0,Decoupled,1,0,,,,,,0,0
0.0,800000,1002,7,e1b9157f84e2da57f35d8bd049376c80dedc02f98ba1a7d010dad945c5ecd837,497b8822afdb329df7e593163c058667365610ead0920b891c63d218ed3d89d0,Decoupled,2,0,,,,,,0,0
0.0,800000,1002,7,e1b9157f84e2da57f35d8bd049376c80dedc02f98ba1a7d010dad945c5ecd837,497b8822afdb329df7e593163c058667365610ead0920b891c63d218ed3d89d0,Decoupled,3,0,,,,,,0,0
0.0,800000,1002,7,e1b9157f84e2da57f35d8bd049376c80dedc02f98ba1a7d010dad945c5ecd837,497b8822afdb329df7e593163c058667365610ead0920b891c63d218ed3d89d0,Decoupled,4,0,,,,,,0,0
0.0,800000,1002,11,e1b9157f84e2da57f35d8bd049376c80dedc02f98ba1a7d010dad945c5ecd837,497b8822afdb329df7e593163c058667365610ead0920b891c63d218ed3d89d0,No-Dq-R,1,0,0.0,0.0,0.0,0,0,0,0
0.0,800000,1002,11,e1b9157f84e2da57f35d8bd049376c80dedc02f98ba1a7d010dad945c5ecd837,497b8822afdb329df7e593163c058667365610ead0920b891c63d218ed3d89d0,No-Dq-R,2,-800000,0.056319511058792515,0.053410213882189916,1.0,1,0,0,0
0.0,800000,1002,11,e1b9157f84e2da57f35d8bd049376c80dedc02f98ba1a7d010dad945c5ecd837,497b8822afdb329df7e593163c058667365610ead0920b891c63d218ed3d89d0,No-Dq-R,3,-1600000,0.0626272107568423,0.07044867040812314,0,0,0,0,0
0.0,800000,1002,11,e1b9157f84e2da57f35d8bd049376c80dedc02f98ba1a7d010dad945c5ecd837,497b8822afdb329df7e593163c058667365610ead0920b891c63d218ed3d89d0,No-Dq-R,4,-2400000,0.05872356008459795,0.07036168231863998,0,0,0,0,0
0.0,800000,1002,11,e1b9157f84e2da57f35d8bd049376c80dedc02f98ba1a7d010dad945c5ecd837,497b8822afdb329df7e593163c058667365610ead0920b891c63d218ed3d89d0,Fixed-Dc,1,0,0.0,0.0,0.0,0,0,0,0
0.0,800000,1002,11,e1b9157f84e2da57f35d8bd049376c80dedc02f98ba1a7d010dad945c5ecd837,497b8822afdb329df7e593163c058667365610ead0920b891c63d218ed3d89d0,Fixed-Dc,2,0,0.0,0.0,0,0,0,0,0
0.0,800000,1002,11,e1b9157f84e2da57f35d8bd049376c80dedc02f98ba1a7d010dad945c5ecd837,497b8822afdb329df7e593163c058667365610ead0920b891c63d218ed3d89d0,Fixed-Dc,3,0,0.0,0.0,0,0,0,0,0
0.0,800000,1002,11,e1b9157f84e2da57f35d8bd049376c80dedc02f98ba1a7d010dad945c5ecd837,497b8822afdb329df7e593163c058667365610ead0920b891c63d218ed3d89d0,Fixed-Dc,4,0,0.0,0.0,0,0,0,0,0
0.0,800000,1002,11,e1b9157f84e2da57f35d8bd049376c80dedc02f98ba1a7d010dad945c5ecd837,497b8822afdb329df7e593163c058667365610ead0920b891c63d218ed3d89d0,Decoupled,1,0,,,,,,0,0
0.0,800000,1002,11,e1b9157f84e2da57f35d8bd049376c80dedc02f98ba1a7d010dad945c5ecd837,497b8822afdb329df7e593163c058667365610ead0920b891c63d218ed3d89d0,Decoupled,2,0,,,,,,0,0
0.0,800000,1002,11,e1b9157f84e2da57f35d8bd049376c80dedc02f98ba1a7d010dad945c5ecd837,497b8822afdb329df7e593163c058667365610ead0920b891c63d218ed3d89d0,Decoupled,3,0,,,,,,0,0
0.0,800000,1002,11,e1b9157f84e2da57f35d8bd049376c80dedc02f98ba1a7d010dad945c5ecd837,497b8822afdb329df7e593163c058667365610ead0920b891c63d218ed3d89d0,Decoupled,4,0,,,,,,0,0
0.0,800000,1003,7,dfff107b380316bd2a4f56ac83332d6cf7cbd37940f28867f6ff4893596dffe8,497b8822afdb329df7e593163c058667365610ead0920b891c63d218ed3d89d0,No-Dq-R,1,0,0.0,0.0,0.0,0,0,0,0
0.0,800000,1003,7,dfff107b380316bd2a4f56ac83332d6cf7cbd37940f28867f6ff4893596dffe8,497b8822afdb329df7e593163c058667365610ead0920b891c63d218ed3d89d0,No-Dq-R,2,-800000,0.056319511058792515,0.053410213882189916,1.0,1,0,0,0
0.0,800000,1003,7,dfff107b380316bd2a4f56ac83332d6cf7cbd37940f28867f6ff4893596dffe8,497b8822afdb329df7e593163c058667365610ead0920b891c63d218ed3d89d0,No-Dq-R,3,-1600000,0.06971986524450047,0.07044867040812314,0,0,0,0,0
0.0,800000,1003,7,dfff107b380316bd2a4f56ac83332d6cf7cbd37940f28867f6ff4893596dffe8,497b8822afdb329df7e593163c058667365610ead0920b891c63d218ed3d89d0,No-Dq-R,4,-2400000,0.05872356008459795,0.07036168231863998,0,0,0,0,0
0.0,800000,1003,7,dfff107b380316bd2a4f56ac83332d6cf7cbd37940f28867f6ff4893596dffe8,497b8822afdb329df7e593163c058667365610ead0920b891c63d218ed3d89d0,Fixed-Dc,1,0,0.0,0.0,0.0,0,0,0,0
0.0,800000,1003,7,dfff107b380316bd2a4f56ac83332d6cf7cbd37940f28867f6ff4893596dffe8,497b8822afdb329df7e593163c058667365610ead0920b891c63d218ed3d89d0,Fixed-Dc,2,0,0.0,0.0,0,0,0,0,0
0.0,800000,1003,7,dfff107b380316bd2a4f56ac83332d6cf7cbd37940f28867f6ff4893596dffe8,497b8822afdb329df7e593163c058667365610ead0920b891c63d218ed3d89d0,Fixed-Dc,3,0,0.0,0.0,0,0,0,0,0
0.0,800000,1003,7,dfff107b380316bd2a4f56ac83332d6cf7cbd37940f28867f6ff4893596dffe8,497b8822afdb329df7e593163c058667365610ead0920b891c63d218ed3d89d0,Fixed-Dc,4,0,0.0,0.0,0,0,0,0,0
0.0,800000,1003,7,dfff107b380316bd2a4f56ac83332d6cf7cbd37940f28867f6ff4893596dffe8,497b8822afdb329df7e593163c058667365610ead0920b891c63d218ed3d89d0,Decoupled,1,0,,,,,,0,0
0.0,800000,1003,7,dfff107b380316bd2a4f56ac83332d6cf7cbd37940f28867f6ff4893596dffe8,497b8822afdb329df7e593163c058667365610ead0920b891c63d218ed3d89d0,Decoupled,2,0,,,,,,0,0
0.0,800000,1003,7,dfff107b380316bd2a4f56ac83332d6cf7cbd37940f28867f6ff4893596dffe8,497b8822afdb329df7e593163c058667365610ead0920b891c63d218ed3d89d0,Decoupled,3,0,,,,,,0,0
0.0,800000,1003,7,dfff107b380316bd2a4f56ac83332d6cf7cbd37940f28867f6ff4893596dffe8,497b8822afdb329df7e593163c058667365610ead0920b891c63d218ed3d89d0,Decoupled,4,0,,,,,,0,0
0.0,800000,1003,11,dfff107b380316bd2a4f56ac83332d6cf7cbd37940f28867f6ff4893596dffe8,497b8822afdb329df7e593163c058667365610ead0920b891c63d218ed3d89d0,No-Dq-R,1,0,0.0,0.0,0.0,0,0,0,0
0.0,800000,1003,11,dfff107b380316bd2a4f56ac83332d6cf7cbd37940f28867f6ff4893596dffe8,497b8822afdb329df7e593163c058667365610ead0920b891c63d218ed3d89d0,No-Dq-R,2,-800000,0.056319511058792515,0.053410213882189916,1.0,1,0,0,0
0.0,800000,1003,11,dfff107b380316bd2a4f56ac83332d6cf7cbd37940f28867f6ff4893596dffe8,497b8822afdb329df7e593163c058667365610ead0920b891c63d218ed3d89d0,No-Dq-R,3,-1600000,0.0626272107568423,0.07044867040812314,0,0,0,0,0
0.0,800000,1003,11,dfff107b380316bd2a4f56ac83332d6cf7cbd37940f28867f6ff4893596dffe8,497b8822afdb329df7e593163c058667365610ead0920b891c63d218ed3d89d0,No-Dq-R,4,-2400000,0.05872356008459795,0.07036168231863998,0,0,0,0,0
0.0,800000,1003,11,dfff107b380316bd2a4f56ac83332d6cf7cbd37940f28867f6ff4893596dffe8,497b8822afdb329df7e593163c058667365610ead0920b891c63d218ed3d89d0,Fixed-Dc,1,0,0.0,0.0,0.0,0,0,0,0
0.0,800000,1003,11,dfff107b380316bd2a4f56ac83332d6cf7cbd37940f28867f6ff4893596dffe8,497b8822afdb329df7e593163c058667365610ead0920b891c63d218ed3d89d0,Fixed-Dc,2,0,0.0,0.0,0,0,0,0,0
0.0,800000,1003,11,dfff107b380316bd2a4f56ac83332d6cf7cbd37940f28867f6ff4893596dffe8,497b8822afdb329df7e593163c058667365610ead0920b891c63d218ed3d89d0,Fixed-Dc,3,0,0.0,0.0,0,0,0,0,0
0.0,800000,1003,11,dfff107b380316bd2a4f56ac83332d6cf7cbd37940f28867f6ff4893596dffe8,497b8822afdb329df7e593163c058667365610ead0920b891c63d218ed3d89d0,Fixed-Dc,4,0,0.0,0.0,0,0,0,0,0
0.0,800000,1003,11,dfff107b380316bd2a4f56ac83332d6cf7cbd37940f28867f6ff4893596dffe8,497b8822afdb329df7e593163c058667365610ead0920b891c63d218ed3d89d0,Decoupled,1,0,,,,,,0,0
0.0,800000,1003,11,dfff107b380316bd2a4f56ac83332d6cf7cbd37940f28867f6ff4893596dffe8,497b8822afdb329df7e593163c058667365610ead0920b891c63d218ed3d89d0,Decoupled,2,0,,,,,,0,0
0.0,800000,1003,11,dfff107b380316bd2a4f56ac83332d6cf7cbd37940f28867f6ff4893596dffe8,497b8822afdb329df7e593163c058667365610ead0920b891c63d218ed3d89d0,Decoupled,3,0,,,,,,0,0
0.0,800000,1003,11,dfff107b380316bd2a4f56ac83332d6cf7cbd37940f28867f6ff4893596dffe8,497b8822afdb329df7e593163c058667365610ead0920b891c63d218ed3d89d0,Decoupled,4,0,,,,,,0,0
0.0,800000,1004,7,22ca7a3b254935d75fb3fc63ff49edb6cc77c5f280653b6946b89e868d5840d8,497b8822afdb329df7e593163c058667365610ead0920b891c63d218ed3d89d0,No-Dq-R,1,0,0.0,0.0,0.0,0,0,0,0
0.0,800000,1004,7,22ca7a3b254935d75fb3fc63ff49edb6cc77c5f280653b6946b89e868d5840d8,497b8822afdb329df7e593163c058667365610ead0920b891c63d218ed3d89d0,No-Dq-R,2,-800000,0.056319511058792515,0.053410213882189916,1.0,1,0,0,0
0.0,800000,1004,7,22ca7a3b254935d75fb3fc63ff49edb6cc77c5f280653b6946b89e868d5840d8,497b8822afdb329df7e593163c058667365610ead0920b891c63d218ed3d89d0,No-Dq-R,3,-1600000,0.06971986524450047,0.07044867040812314,0,0,0,0,0
0.0,800000,1004,7,22ca7a3b254935d75fb3fc63ff49edb6cc77c5f280653b6946b89e868d5840d8,497b8822afdb329df7e593163c058667365610ead0920b891c63d218ed3d89d0,No-Dq-R,4,-2400000,0.05872356008459795,0.07036168231863998,0,0,0,0,0
0.0,800000,1004,7,22ca7a3b254935d75fb3fc63ff49edb6cc77c5f280653b6946b89e868d5840d8,497b8822afdb329df7e593163c058667365610ead0920b891c63d218ed3d89d0,Fixed-Dc,1,0,0.0,0.0,0.0,0,0,0,0
0.0,800000,1004,7,22ca7a3b254935d75fb3fc63ff49edb6cc77c5f280653b6946b89e868d5840d8,497b8822afdb329df7e593163c058667365610ead0920b891c63d218ed3d89d0,Fixed-Dc,2,0,0.0,0.0,0,0,0,0,0
0.0,800000,1004,7,22ca7a3b254935d75fb3fc63ff49edb6cc77c5f280653b6946b89e868d5840d8,497b8822afdb329df7e593163c058667365610ead0920b891c63d218ed3d89d0,Fixed-Dc,3,0,0.0,0.0,0,0,0,0,0
0.0,800000,1004,7,22ca7a3b254935d75fb3fc63ff49edb6cc77c5f280653b6946b89e868d5840d8,497b8822afdb329df7e593163c058667365610ead0920b891c63d218ed3d89d0,Fixed-Dc,4,0,0.0,0.0,0,0,0,0,0
0.0,800000,1004,7,22ca7a3b254935d75fb3fc63ff49edb6cc77c5f280653b6946b89e868d5840d8,497b8822afdb329df7e593163c058667365610ead0920b891c63d218ed3d89d0,Decoupled,1,0,,,,,,0,0
0.0,800000,1004,7,22ca7a3b254935d75fb3fc63ff49edb6cc77c5f280653b6946b89e868d5840d8,497b8822afdb329df7e593163c058667365610ead0920b891c63d218ed3d89d0,Decoupled,2,0,,,,,,0,0
0.0,800000,1004,7,22ca7a3b254935d75fb3fc63ff49edb6cc77c5f280653b6946b89e868d5840d8,497b8822afdb329df7e593163c058667365610ead0920b891c63d218ed3d89d0,Decoupled,3,0,,,,,,0,0
0.0,800000,1004,7,22ca7a3b254935d75fb3fc63ff49edb6cc77c5f280653b6946b89e868d5840d8,497b8822afdb329df7e593163c058667365610ead0920b891c63d218ed3d89d0,Decoupled,4,0,,,,,,0,0
0.0,800000,1004,11,22ca7a3b254935d75fb3fc63ff49edb6cc77c5f280653b6946b89e868d5840d8,497b8822afdb329df7e593163c058667365610ead0920b891c63d218ed3d89d0,No-Dq-R,1,0,0.0,0.0,0.0,0,0,0,0
0.0,800000,1004,11,22ca7a3b254935d75fb3fc63ff49edb6cc77c5f280653b6946b89e868d5840d8,497b8822afdb329df7e593163c058667365610ead0920b891c63d218ed3d89d0,No-Dq-R,2,-800000,0.056319511058792515,0.053410213882189916,1.0,1,0,0,0
0.0,800000,1004,11,22ca7a3b254935d75fb3fc63ff49edb6cc77c5f280653b6946b89e868d5840d8,497b8822afdb329df7e593163c058667365610ead0920b891c63d218ed3d89d0,No-Dq-R,3,-1600000,0.0626272107568423,0.07044867040812314,0,0,0,0,0
0.0,800000,1004,11,22ca7a3b254935d75fb3fc63ff49edb6cc77c5f280653b6946b89e868d5840d8,497b8822afdb329df7e593163c058667365610ead0920b891c63d218ed3d89d0,No-Dq-R,4,-2400000,0.05872356008459795,0.07036168231863998,0,0,0,0,0
0.0,800000,1004,11,22ca7a3b254935d75fb3fc63ff49edb6cc77c5f280653b6946b89e868d5840d8,497b8822afdb329df7e593163c058667365610ead0920b891c63d218ed3d89d0,Fixed-Dc,1,0,0.0,0.0,0.0,0,0,0,0
0.0,800000,1004,11,22ca7a3b254935d75fb3fc63ff49edb6cc77c5f280653b6946b89e868d5840d8,497b8822afdb329df7e593163c058667365610ead0920b891c63d218ed3d89d0,Fixed-Dc,2,0,0.0,0.0,0,0,0,0,0
0.0,800000,1004,11,22ca7a3b254935d75fb3fc63ff49edb6cc77c5f280653b6946b89e868d5840d8,497b8822afdb329df7e593163c058667365610ead0920b891c63d218ed3d89d0,Fixed-Dc,3,0,0.0,0.0,0,0,0,0,0
0.0,800000,1004,11,22ca7a3b254935d75fb3fc63ff49edb6cc77c5f280653b6946b89e868d5840d8,497b8822afdb329df7e593163c058667365610ead0920b891c63d218ed3d89d0,Fixed-Dc,4,0,0.0,0.0,0,0,0,0,0
0.0,800000,1004,11,22ca7a3b254935d75fb3fc63ff49edb6cc77c5f280653b6946b89e868d5840d8,497b8822afdb329df7e593163c058667365610ead0920b891c63d218ed3d89d0,Decoupled,1,0,,,,,,0,0
0.0,800000,1004,11,22ca7a3b254935d75fb3fc63ff49edb6cc77c5f280653b6946b89e868d5840d8,497b8822afdb329df7e593163c058667365610ead0920b891c63d218ed3d89d0,Decoupled,2,0,,,,,,0,0
0.0,800000,1004,11,22ca7a3b254935d75fb3fc63ff49edb6cc77c5f280653b6946b89e868d5840d8,497b8822afdb329df7e593163c058667365610ead0920b891c63d218ed3d89d0,Decoupled,3,0,,,,,,0,0
0.0,800000,1004,11,22ca7a3b254935d75fb3fc63ff49edb6cc77c5f280653b6946b89e868d5840d8,497b8822afdb329df7e593163c058667365610ead0920b891c63d218ed3d89d0,Decoupled,4,0,,,,,,0,0
0.0,800000,1005,7,d9a09d617979a7a45e8ddf2f2d0fd5c7f6b4de8e4da1bae103c26b511f8ee8d1,497b8822afdb329df7e593163c058667365610ead0920b891c63d218ed3d89d0,No-Dq-R,1,0,0.0,0.0,0.0,0,0,0,0
0.0,800000,1005,7,d9a09d617979a7a45e8ddf2f2d0fd5c7f6b4de8e4da1bae103c26b511f8ee8d1,497b8822afdb329df7e593163c058667365610ead0920b891c63d218ed3d89d0,No-Dq-R,2,-800000,0.056319511058792515,0.053410213882189916,1.0,1,0,0,0
0.0,800000,1005,7,d9a09d617979a7a45e8ddf2f2d0fd5c7f6b4de8e4da1bae103c26b511f8ee8d1,497b8822afdb329df7e593163c058667365610ead0920b891c63d218ed3d89d0,No-Dq-R,3,-1600000,0.06971986524450047,0.07044867040812314,0,0,0,0,0
0.0,800000,1005,7,d9a09d617979a7a45e8ddf2f2d0fd5c7f6b4de8e4da1bae103c26b511f8ee8d1,497b8822afdb329df7e593163c058667365610ead0920b891c63d218ed3d89d0,No-Dq-R,4,-2400000,0.05872356008459795,0.07036168231863998,0,0,0,0,0
0.0,800000,1005,7,d9a09d617979a7a45e8ddf2f2d0fd5c7f6b4de8e4da1bae103c26b511f8ee8d1,497b8822afdb329df7e593163c058667365610ead0920b891c63d218ed3d89d0,Fixed-Dc,1,0,0.0,0.0,0.0,0,0,0,0
0.0,800000,1005,7,d9a09d617979a7a45e8ddf2f2d0fd5c7f6b4de8e4da1bae103c26b511f8ee8d1,497b8822afdb329df7e593163c058667365610ead0920b891c63d218ed3d89d0,Fixed-Dc,2,0,0.0,0.0,0,0,0,0,0
0.0,800000,1005,7,d9a09d617979a7a45e8ddf2f2d0fd5c7f6b4de8e4da1bae103c26b511f8ee8d1,497b8822afdb329df7e593163c058667365610ead0920b891c63d218ed3d89d0,Fixed-Dc,3,0,0.0,0.0,0,0,0,0,0
0.0,800000,1005,7,d9a09d617979a7a45e8ddf2f2d0fd5c7f6b4de8e4da1bae103c26b511f8ee8d1,497b8822afdb329df7e593163c058667365610ead0920b891c63d218ed3d89d0,Fixed-Dc,4,0,0.0,0.0,0,0,0,0,0
0.0,800000,1005,7,d9a09d617979a7a45e8ddf2f2d0fd5c7f6b4de8e4da1bae103c26b511f8ee8d1,497b8822afdb329df7e593163c058667365610ead0920b891c63d218ed3d89d0,Decoupled,1,0,,,,,,0,0
0.0,800000,1005,7,d9a09d617979a7a45e8ddf2f2d0fd5c7f6b4de8e4da1bae103c26b511f8ee8d1,497b8822afdb329df7e593163c058667365610ead0920b891c63d218ed3d89d0,Decoupled,2,0,,,,,,0,0
0.0,800000,1005,7,d9a09d617979a7a45e8ddf2f2d0fd5c7f6b4de8e4da1bae103c26b511f8ee8d1,497b8822afdb329df7e593163c058667365610ead0920b891c63d218ed3d89d0,Decoupled,3,0,,,,,,0,0
0.0,800000,1005,7,d9a09d617979a7a45e8ddf2f2d0fd5c7f6b4de8e4da1bae103c26b511f8ee8d1,497b8822afdb329df7e593163c058667365610ead0920b891c63d218ed3d89d0,Decoupled,4,0,,,,,,0,0
0.0,800000,1005,11,d9a09d617979a7a45e8ddf2f2d0fd5c7f6b4de8e4da1bae103c26b511f8ee8d1,497b8822afdb329df7e593163c058667365610ead0920b891c63d218ed3d89d0,No-Dq-R,1,0,0.0,0.0,0.0,0,0,0,0
0.0,800000,1005,11,d9a09d617979a7a45e8ddf2f2d0fd5c7f6b4de8e4da1bae103c26b511f8ee8d1,497b8822afdb329df7e593163c058667365610ead0920b891c63d218ed3d89d0,No-Dq-R,2,-800000,0.056319511058792515,0.053410213882189916,1.0,1,0,0,0
0.0,800000,1005,11,d9a09d617979a7a45e8ddf2f2d0fd5c7f6b4de8e4da1bae103c26b511f8ee8d1,497b8822afdb329df7e593163c058667365610ead0920b891c63d218ed3d89d0,No-Dq-R,3,-1600000,0.0626272107568423,0.07044867040812314,0,0,0,0,0
0.0,800000,1005,11,d9a09d617979a7a45e8ddf2f2d0fd5c7f6b4de8e4da1bae103c26b511f8ee8d1,497b8822afdb329df7e593163c058667365610ead0920b891c63d218ed3d89d0,No-Dq-R,4,-2400000,0.05872356008459795,0.07036168231863998,0,0,0,0,0
0.0,800000,1005,11,d9a09d617979a7a45e8ddf2f2d0fd5c7f6b4de8e4da1bae103c26b511f8ee8d1,497b8822afdb329df7e593163c058667365610ead0920b891c63d218ed3d89d0,Fixed-Dc,1,0,0.0,0.0,0.0,0,0,0,0
0.0,800000,1005,11,d9a09d617979a7a45e8ddf2f2d0fd5c7f6b4de8e4da1bae103c26b511f8ee8d1,497b8822afdb329df7e593163c058667365610ead0920b891c63d218ed3d89d0,Fixed-Dc,2,0,0.0,0.0,0,0,0,0,0
0.0,800000,1005,11,d9a09d617979a7a45e8ddf2f2d0fd5c7f6b4de8e4da1bae103c26b511f8ee8d1,497b8822afdb329df7e593163c058667365610ead0920b891c63d218ed3d89d0,Fixed-Dc,3,0,0.0,0.0,0,0,0,0,0
0.0,800000,1005,11,d9a09d617979a7a45e8ddf2f2d0fd5c7f6b4de8e4da1bae103c26b511f8ee8d1,497b8822afdb329df7e593163c058667365610ead0920b891c63d218ed3d89d0,Fixed-Dc,4,0,0.0,0.0,0,0,0,0,0
0.0,800000,1005,11,d9a09d617979a7a45e8ddf2f2d0fd5c7f6b4de8e4da1bae103c26b511f8ee8d1,497b8822afdb329df7e593163c058667365610ead0920b891c63d218ed3d89d0,Decoupled,1,0,,,,,,0,0
0.0,800000,1005,11,d9a09d617979a7a45e8ddf2f2d0fd5c7f6b4de8e4da1bae103c26b511f8ee8d1,497b8822afdb329df7e593163c058667365610ead0920b891c63d218ed3d89d0,Decoupled,2,0,,,,,,0,0
0.0,800000,1005,11,d9a09d617979a7a45e8ddf2f2d0fd5c7f6b4de8e4da1bae103c26b511f8ee8d1,497b8822afdb329df7e593163c058667365610ead0920b891c63d218ed3d89d0,Decoupled,3,0,,,,,,0,0
0.0,800000,1005,11,d9a09d617979a7a45e8ddf2f2d0fd5c7f6b4de8e4da1bae103c26b511f8ee8d1,497b8822afdb329df7e593163c058667365610ead0920b891c63d218ed3d89d0,Decoupled,4,0,,,,,,0,0
0.0,800000,1006,7,fea18bf053c1ae7b0dd05e060bfd89c45cf9fdd00b0ed9d2165509ff121e5c6d,497b8822afdb329df7e593163c058667365610ead0920b891c63d218ed3d89d0,No-Dq-R,1,0,0.0,0.0,0.0,0,0,0,0
0.0,800000,1006,7,fea18bf053c1ae7b0dd05e060bfd89c45cf9fdd00b0ed9d2165509ff121e5c6d,497b8822afdb329df7e593163c058667365610ead0920b891c63d218ed3d89d0,No-Dq-R,2,-800000,0.056319511058792515,0.053410213882189916,1.0,1,0,0,0
0.0,800000,1006,7,fea18bf053c1ae7b0dd05e060bfd89c45cf9fdd00b0ed9d2165509ff121e5c6d,497b8822afdb329df7e593163c058667365610ead0920b891c63d218ed3d89d0,No-Dq-R,3,-1600000,0.06971986524450047,0.07044867040812314,0,0,0,0,0
0.0,800000,1006,7,fea18bf053c1ae7b0dd05e060bfd89c45cf9fdd00b0ed9d2165509ff121e5c6d,497b8822afdb329df7e593163c058667365610ead0920b891c63d218ed3d89d0,No-Dq-R,4,-2400000,0.05872356008459795,0.07036168231863998,0,0,0,0,0
0.0,800000,1006,7,fea18bf053c1ae7b0dd05e060bfd89c45cf9fdd00b0ed9d2165509ff121e5c6d,497b8822afdb329df7e593163c058667365610ead0920b891c63d218ed3d89d0,Fixed-Dc,1,0,0.0,0.0,0.0,0,0,0,0
0.0,800000,1006,7,fea18bf053c1ae7b0dd05e060bfd89c45cf9fdd00b0ed9d2165509ff121e5c6d,497b8822afdb329df7e593163c058667365610ead0920b891c63d218ed3d89d0,Fixed-Dc,2,0,0.0,0.0,0,0,0,0,0
0.0,800000,1006,7,fea18bf053c1ae7b0dd05e060bfd89c45cf9fdd00b0ed9d2165509ff121e5c6d,497b8822afdb329df7e593163c058667365610ead0920b891c63d218ed3d89d0,Fixed-Dc,3,0,0.0,0.0,0,0,0,0,0
0.0,800000,1006,7,fea18bf053c1ae7b0dd05e060bfd89c45cf9fdd00b0ed9d2165509ff121e5c6d,497b8822afdb329df7e593163c058667365610ead0920b891c63d218ed3d89d0,Fixed-Dc,4,0,0.0,0.0,0,0,0,0,0
0.0,800000,1006,7,fea18bf053c1ae7b0dd05e060bfd89c45cf9fdd00b0ed9d2165509ff121e5c6d,497b8822afdb329df7e593163c058667365610ead0920b891c63d218ed3d89d0,Decoupled,1,0,,,,,,0,0
0.0,800000,1006,7,fea18bf053c1ae7b0dd05e060bfd89c45cf9fdd00b0ed9d2165509ff121e5c6d,497b8822afdb329df7e593163c058667365610ead0920b891c63d218ed3d89d0,Decoupled,2,0,,,,,,0,0
0.0,800000,1006,7,fea18bf053c1ae7b0dd05e060bfd89c45cf9fdd00b0ed9d2165509ff121e5c6d,497b8822afdb329df7e593163c058667365610ead0920b891c63d218ed3d89d0,Decoupled,3,0,,,,,,0,0
0.0,800000,1006,7,fea18bf053c1ae7b0dd05e060bfd89c45cf9fdd00b0ed9d2165509ff121e5c6d,497b8822afdb329df7e593163c058667365610ead0920b891c63d218ed3d89d0,Decoupled,4,0,,,,,,0,0
0.0,800000,1006,11,fea18bf053c1ae7b0dd05e060bfd89c45cf9fdd00b0ed9d2165509ff121e5c6d,497b8822afdb329df7e593163c058667365610ead0920b891c63d218ed3d89d0,No-Dq-R,1,0,0.0,0.0,0.0,0,0,0,0
0.0,800000,1006,11,fea18bf053c1ae7b0dd05e060bfd89c45cf9fdd00b0ed9d2165509ff121e5c6d,497b8822afdb329df7e593163c058667365610ead0920b891c63d218ed3d89d0,No-Dq-R,2,-800000,0.056319511058792515,0.053410213882189916,1.0,1,0,0,0
0.0,800000,1006,11,fea18bf053c1ae7b0dd05e060bfd89c45cf9fdd00b0ed9d2165509ff121e5c6d,497b8822afdb329df7e593163c058667365610ead0920b891c63d218ed3d89d0,No-Dq-R,3,-1600000,0.0626272107568423,0.07044867040812314,0,0,0,0,0
0.0,800000,1006,11,fea18bf053c1ae7b0dd05e060bfd89c45cf9fdd00b0ed9d2165509ff121e5c6d,497b8822afdb329df7e593163c058667365610ead0920b891c63d218ed3d89d0,No-Dq-R,4,-2400000,0.05872356008459795,0.07036168231863998,0,0,0,0,0
0.0,800000,1006,11,fea18bf053c1ae7b0dd05e060bfd89c45cf9fdd00b0ed9d2165509ff121e5c6d,497b8822afdb329df7e593163c058667365610ead0920b891c63d218ed3d89d0,Fixed-Dc,1,0,0.0,0.0,0.0,0,0,0,0
0.0,800000,1006,11,fea18bf053c1ae7b0dd05e060bfd89c45cf9fdd00b0ed9d2165509ff121e5c6d,497b8822afdb329df7e593163c058667365610ead0920b891c63d218ed3d89d0,Fixed-Dc,2,0,0.0,0.0,0,0,0,0,0
0.0,800000,1006,11,fea18bf053c1ae7b0dd05e060bfd89c45cf9fdd00b0ed9d2165509ff121e5c6d,497b8822afdb329df7e593163c058667365610ead0920b891c63d218ed3d89d0,Fixed-Dc,3,0,0.0,0.0,0,0,0,0,0
0.0,800000,1006,11,fea18bf053c1ae7b0dd05e060bfd89c45cf9fdd00b0ed9d2165509ff121e5c6d,497b8822afdb329df7e593163c058667365610ead0920b891c63d218ed3d89d0,Fixed-Dc,4,0,0.0,0.0,0,0,0,0,0
0.0,800000,1006,11,fea18bf053c1ae7b0dd05e060bfd89c45cf9fdd00b0ed9d2165509ff121e5c6d,497b8822afdb329df7e593163c058667365610ead0920b891c63d218ed3d89d0,Decoupled,1,0,,,,,,0,0
0.0,800000,1006,11,fea18bf053c1ae7b0dd05e060bfd89c45cf9fdd00b0ed9d2165509ff121e5c6d,497b8822afdb329df7e593163c058667365610ead0920b891c63d218ed3d89d0,Decoupled,2,0,,,,,,0,0
0.0,800000,1006,11,fea18bf053c1ae7b0dd05e060bfd89c45cf9fdd00b0ed9d2165509ff121e5c6d,497b8822afdb329df7e593163c058667365610ead0920b891c63d218ed3d89d0,Decoupled,3,0,,,,,,0,0
0.0,800000,1006,11,fea18bf053c1ae7b0dd05e060bfd89c45cf9fdd00b0ed9d2165509ff121e5c6d,497b8822afdb329df7e593163c058667365610ead0920b891c63d218ed3d89d0,Decoupled,4,0,,,,,,0,0
0.0,800000,1007,7,dbb8df9c8d3d113d7005ad65a6e1f26154727efb69fb3c8b891792e8f00dda9f,497b8822afdb329df7e593163c058667365610ead0920b891c63d218ed3d89d0,No-Dq-R,1,0,0.0,0.0,0.0,0,0,0,0
0.0,800000,1007,7,dbb8df9c8d3d113d7005ad65a6e1f26154727efb69fb3c8b891792e8f00dda9f,497b8822afdb329df7e593163c058667365610ead0920b891c63d218ed3d89d0,No-Dq-R,2,-800000,0.056319511058792515,0.053410213882189916,1.0,1,0,0,0
0.0,800000,1007,7,dbb8df9c8d3d113d7005ad65a6e1f26154727efb69fb3c8b891792e8f00dda9f,497b8822afdb329df7e593163c058667365610ead0920b891c63d218ed3d89d0,No-Dq-R,3,-1600000,0.06971986524450047,0.07044867040812314,0,0,0,0,0
0.0,800000,1007,7,dbb8df9c8d3d113d7005ad65a6e1f26154727efb69fb3c8b891792e8f00dda9f,497b8822afdb329df7e593163c058667365610ead0920b891c63d218ed3d89d0,No-Dq-R,4,-2400000,0.05872356008459795,0.07036168231863998,0,0,0,0,0
0.0,800000,1007,7,dbb8df9c8d3d113d7005ad65a6e1f26154727efb69fb3c8b891792e8f00dda9f,497b8822afdb329df7e593163c058667365610ead0920b891c63d218ed3d89d0,Fixed-Dc,1,0,0.0,0.0,0.0,0,0,0,0
0.0,800000,1007,7,dbb8df9c8d3d113d7005ad65a6e1f26154727efb69fb3c8b891792e8f00dda9f,497b8822afdb329df7e593163c058667365610ead0920b891c63d218ed3d89d0,Fixed-Dc,2,0,0.0,0.0,0,0,0,0,0
0.0,800000,1007,7,dbb8df9c8d3d113d7005ad65a6e1f26154727efb69fb3c8b891792e8f00dda9f,497b8822afdb329df7e593163c058667365610ead0920b891c63d218ed3d89d0,Fixed-Dc,3,0,0.0,0.0,0,0,0,0,0
0.0,800000,1007,7,dbb8df9c8d3d113d7005ad65a6e1f26154727efb69fb3c8b891792e8f00dda9f,497b8822afdb329df7e593163c058667365610ead0920b891c63d218ed3d89d0,Fixed-Dc,4,0,0.0,0.0,0,0,0,0,0
0.0,800000,1007,7,dbb8df9c8d3d113d7005ad65a6e1f26154727efb69fb3c8b891792e8f00dda9f,497b8822afdb329df7e593163c058667365610ead0920b891c63d218ed3d89d0,Decoupled,1,0,,,,,,0,0
0.0,800000,1007,7,dbb8df9c8d3d113d7005ad65a6e1f26154727efb69fb3c8b891792e8f00dda9f,497b8822afdb329df7e593163c058667365610ead0920b891c63d218ed3d89d0,Decoupled,2,0,,,,,,0,0
0.0,800000,1007,7,dbb8df9c8d3d113d7005ad65a6e1f26154727efb69fb3c8b891792e8f00dda9f,497b8822afdb329df7e593163c058667365610ead0920b891c63d218ed3d89d0,Decoupled,3,0,,,,,,0,0
0.0,800000,1007,7,dbb8df9c8d3d113d7005ad65a6e1f26154727efb69fb3c8b891792e8f00dda9f,497b8822afdb329df7e593163c058667365610ead0920b891c63d218ed3d89d0,Decoupled,4,0,,,,,,0,0
0.0,800000,1007,11,dbb8df9c8d3d113d7005ad65a6e1f26154727efb69fb3c8b891792e8f00dda9f,497b8822afdb329df7e593163c058667365610ead0920b891c63d218ed3d89d0,No-Dq-R,1,0,0.0,0.0,0.0,0,0,0,0
0.0,800000,1007,11,dbb8df9c8d3d113d7005ad65a6e1f26154727efb69fb3c8b891792e8f00dda9f,497b8822afdb329df7e593163c058667365610ead0920b891c63d218ed3d89d0,No-Dq-R,2,-800000,0.056319511058792515,0.053410213882189916,1.0,1,0,0,0
0.0,800000,1007,11,dbb8df9c8d3d113d7005ad65a6e1f26154727efb69fb3c8b891792e8f00dda9f,497b8822afdb329df7e593163c058667365610ead0920b891c63d218ed3d89d0,No-Dq-R,3,-1600000,0.0626272107568423,0.07044867040812314,0,0,0,0,0
0.0,800000,1007,11,dbb8df9c8d3d113d7005ad65a6e1f26154727efb69fb3c8b891792e8f00dda9f,497b8822afdb329df7e593163c058667365610ead0920b891c63d218ed3d89d0,No-Dq-R,4,-2400000,0.05872356008459795,0.07036168231863998,0,0,0,0,0
0.0,800000,1007,11,dbb8df9c8d3d113d7005ad65a6e1f26154727efb69fb3c8b891792e8f00dda9f,497b8822afdb329df7e593163c058667365610ead0920b891c63d218ed3d89d0,Fixed-Dc,1,0,0.0,0.0,0.0,0,0,0,0
0.0,800000,1007,11,dbb8df9c8d3d113d7005ad65a6e1f26154727efb69fb3c8b891792e8f00dda9f,497b8822afdb329df7e593163c058667365610ead0920b891c63d218ed3d89d0,Fixed-Dc,2,0,0.0,0.0,0,0,0,0,0
0.0,800000,1007,11,dbb8df9c8d3d113d7005ad65a6e1f26154727efb69fb3c8b891792e8f00dda9f,497b8822afdb329df7e593163c058667365610ead0920b891c63d218ed3d89d0,Fixed-Dc,3,0,0.0,0.0,0,0,0,0,0
0.0,800000,1007,11,dbb8df9c8d3d113d7005ad65a6e1f26154727efb69fb3c8b891792e8f00dda9f,497b8822afdb329df7e593163c058667365610ead0920b891c63d218ed3d89d0,Fixed-Dc,4,0,0.0,0.0,0,0,0,0,0
0.0,800000,1007,11,dbb8df9c8d3d113d7005ad65a6e1f26154727efb69fb3c8b891792e8f00dda9f,497b8822afdb329df7e593163c058667365610ead0920b891c63d218ed3d89d0,Decoupled,1,0,,,,,,0,0
0.0,800000,1007,11,dbb8df9c8d3d113d7005ad65a6e1f26154727efb69fb3c8b891792e8f00dda9f,497b8822afdb329df7e593163c058667365610ead0920b891c63d218ed3d89d0,Decoupled,2,0,,,,,,0,0
0.0,800000,1007,11,dbb8df9c8d3d113d7005ad65a6e1f26154727efb69fb3c8b891792e8f00dda9f,497b8822afdb329df7e593163c058667365610ead0920b891c63d218ed3d89d0,Decoupled,3,0,,,,,,0,0
0.0,800000,1007,11,dbb8df9c8d3d113d7005ad65a6e1f26154727efb69fb3c8b891792e8f00dda9f,497b8822afdb329df7e593163c058667365610ead0920b891c63d218ed3d89d0,Decoupled,4,0,,,,,,0,0
0.0,800000,1008,7,c2f824ba78af0eddf419aece6c0af8fa657d4b0bf65c10683ca97191c4ffd192,497b8822afdb329df7e593163c058667365610ead0920b891c63d218ed3d89d0,No-Dq-R,1,0,0.0,0.0,0.0,0,0,0,0
0.0,800000,1008,7,c2f824ba78af0eddf419aece6c0af8fa657d4b0bf65c10683ca97191c4ffd192,497b8822afdb329df7e593163c058667365610ead0920b891c63d218ed3d89d0,No-Dq-R,2,-800000,0.056319511058792515,0.053410213882189916,1.0,1,0,0,0
0.0,800000,1008,7,c2f824ba78af0eddf419aece6c0af8fa657d4b0bf65c10683ca97191c4ffd192,497b8822afdb329df7e593163c058667365610ead0920b891c63d218ed3d89d0,No-Dq-R,3,-1600000,0.06971986524450047,0.07044867040812314,0,0,0,0,0
0.0,800000,1008,7,c2f824ba78af0eddf419aece6c0af8fa657d4b0bf65c10683ca97191c4ffd192,497b8822afdb329df7e593163c058667365610ead0920b891c63d218ed3d89d0,No-Dq-R,4,-2400000,0.05872356008459795,0.07036168231863998,0,0,0,0,0
0.0,800000,1008,7,c2f824ba78af0eddf419aece6c0af8fa657d4b0bf65c10683ca97191c4ffd192,497b8822afdb329df7e593163c058667365610ead0920b891c63d218ed3d89d0,Fixed-Dc,1,0,0.0,0.0,0.0,0,0,0,0
0.0,800000,1008,7,c2f824ba78af0eddf419aece6c0af8fa657d4b0bf65c10683ca97191c4ffd192,497b8822afdb329df7e593163c058667365610ead0920b891c63d218ed3d89d0,Fixed-Dc,2,0,0.0,0.0,0,0,0,0,0
0.0,800000,1008,7,c2f824ba78af0eddf419aece6c0af8fa657d4b0bf65c10683ca97191c4ffd192,497b8822afdb329df7e593163c058667365610ead0920b891c63d218ed3d89d0,Fixed-Dc,3,0,0.0,0.0,0,0,0,0,0
0.0,800000,1008,7,c2f824ba78af0eddf419aece6c0af8fa657d4b0bf65c10683ca97191c4ffd192,497b8822afdb329df7e593163c058667365610ead0920b891c63d218ed3d89d0,Fixed-Dc,4,0,0.0,0.0,0,0,0,0,0
0.0,800000,1008,7,c2f824ba78af0eddf419aece6c0af8fa657d4b0bf65c10683ca97191c4ffd192,497b8822afdb329df7e593163c058667365610ead0920b891c63d218ed3d89d0,Decoupled,1,0,,,,,,0,0
0.0,800000,1008,7,c2f824ba78af0eddf419aece6c0af8fa657d4b0bf65c10683ca97191c4ffd192,497b8822afdb329df7e593163c058667365610ead0920b891c63d218ed3d89d0,Decoupled,2,0,,,,,,0,0
0.0,800000,1008,7,c2f824ba78af0eddf419aece6c0af8fa657d4b0bf65c10683ca97191c4ffd192,497b8822afdb329df7e593163c058667365610ead0920b891c63d218ed3d89d0,Decoupled,3,0,,,,,,0,0
0.0,800000,1008,7,c2f824ba78af0eddf419aece6c0af8fa657d4b0bf65c10683ca97191c4ffd192,497b8822afdb329df7e593163c058667365610ead0920b891c63d218ed3d89d0,Decoupled,4,0,,,,,,0,0
0.0,800000,1008,11,c2f824ba78af0eddf419aece6c0af8fa657d4b0bf65c10683ca97191c4ffd192,497b8822afdb329df7e593163c058667365610ead0920b891c63d218ed3d89d0,No-Dq-R,1,0,0.0,0.0,0.0,0,0,0,0
0.0,800000,1008,11,c2f824ba78af0eddf419aece6c0af8fa657d4b0bf65c10683ca97191c4ffd192,497b8822afdb329df7e593163c058667365610ead0920b891c63d218ed3d89d0,No-Dq-R,2,-800000,0.056319511058792515,0.053410213882189916,1.0,1,0,0,0
0.0,800000,1008,11,c2f824ba78af0eddf419aece6c0af8fa657d4b0bf65c10683ca97191c4ffd192,497b8822afdb329df7e593163c058667365610ead0920b891c63d218ed3d89d0,No-Dq-R,3,-1600000,0.0626272107568423,0.07044867040812314,0,0,0,0,0
0.0,800000,1008,11,c2f824ba78af0eddf419aece6c0af8fa657d4b0bf65c10683ca97191c4ffd192,497b8822afdb329df7e593163c058667365610ead0920b891c63d218ed3d89d0,No-Dq-R,4,-2400000,0.05872356008459795,0.07036168231863998,0,0,0,0,0
0.0,800000,1008,11,c2f824ba78af0eddf419aece6c0af8fa657d4b0bf65c10683ca97191c4ffd192,497b8822afdb329df7e593163c058667365610ead0920b891c63d218ed3d89d0,Fixed-Dc,1,0,0.0,0.0,0.0,0,0,0,0
0.0,800000,1008,11,c2f824ba78af0eddf419aece6c0af8fa657d4b0bf65c10683ca97191c4ffd192,497b8822afdb329df7e593163c058667365610ead0920b891c63d218ed3d89d0,Fixed-Dc,2,0,0.0,0.0,0,0,0,0,0
0.0,800000,1008,11,c2f824ba78af0eddf419aece6c0af8fa657d4b0bf65c10683ca97191c4ffd192,497b8822afdb329df7e593163c058667365610ead0920b891c63d218ed3d89d0,Fixed-Dc,3,0,0.0,0.0,0,0,0,0,0
0.0,800000,1008,11,c2f824ba78af0eddf419aece6c0af8fa657d4b0bf65c10683ca97191c4ffd192,497b8822afdb329df7e593163c058667365610ead0920b891c63d218ed3d89d0,Fixed-Dc,4,0,0.0,0.0,0,0,0,0,0
0.0,800000,1008,11,c2f824ba78af0eddf419aece6c0af8fa657d4b0bf65c10683ca97191c4ffd192,497b8822afdb329df7e593163c058667365610ead0920b891c63d218ed3d89d0,Decoupled,1,0,,,,,,0,0
0.0,800000,1008,11,c2f824ba78af0eddf419aece6c0af8fa657d4b0bf65c10683ca97191c4ffd192,497b8822afdb329df7e593163c058667365610ead0920b891c63d218ed3d89d0,Decoupled,2,0,,,,,,0,0
0.0,800000,1008,11,c2f824ba78af0eddf419aece6c0af8fa657d4b0bf65c10683ca97191c4ffd192,497b8822afdb329df7e593163c058667365610ead0920b891c63d218ed3d89d0,Decoupled,3,0,,,,,,0,0
0.0,800000,1008,11,c2f824ba78af0eddf419aece6c0af8fa657d4b0bf65c10683ca97191c4ffd192,497b8822afdb329df7e593163c058667365610ead0920b891c63d218ed3d89d0,Decoupled,4,0,,,,,,0,0
0.0,800000,1009,7,5816a4e194e74986369f97a0a106dab3cb8a93bb515877a448eba0c360d19686,497b8822afdb329df7e593163c058667365610ead0920b891c63d218ed3d89d0,No-Dq-R,1,0,0.0,0.0,0.0,0,0,0,0
0.0,800000,1009,7,5816a4e194e74986369f97a0a106dab3cb8a93bb515877a448eba0c360d19686,497b8822afdb329df7e593163c058667365610ead0920b891c63d218ed3d89d0,No-Dq-R,2,-800000,0.056319511058792515,0.053410213882189916,1.0,1,0,0,0
0.0,800000,1009,7,5816a4e194e74986369f97a0a106dab3cb8a93bb515877a448eba0c360d19686,497b8822afdb329df7e593163c058667365610ead0920b891c63d218ed3d89d0,No-Dq-R,3,-1600000,0.06971986524450047,0.07044867040812314,0,0,0,0,0
0.0,800000,1009,7,5816a4e194e74986369f97a0a106dab3cb8a93bb515877a448eba0c360d19686,497b8822afdb329df7e593163c058667365610ead0920b891c63d218ed3d89d0,No-Dq-R,4,-2400000,0.05872356008459795,0.07036168231863998,0,0,0,0,0
0.0,800000,1009,7,5816a4e194e74986369f97a0a106dab3cb8a93bb515877a448eba0c360d19686,497b8822afdb329df7e593163c058667365610ead0920b891c63d218ed3d89d0,Fixed-Dc,1,0,0.0,0.0,0.0,0,0,0,0
0.0,800000,1009,7,5816a4e194e74986369f97a0a106dab3cb8a93bb515877a448eba0c360d19686,497b8822afdb329df7e593163c058667365610ead0920b891c63d218ed3d89d0,Fixed-Dc,2,0,0.0,0.0,0,0,0,0,0
0.0,800000,1009,7,5816a4e194e74986369f97a0a106dab3cb8a93bb515877a448eba0c360d19686,497b8822afdb329df7e593163c058667365610ead0920b891c63d218ed3d89d0,Fixed-Dc,3,0,0.0,0.0,0,0,0,0,0
0.0,800000,1009,7,5816a4e194e74986369f97a0a106dab3cb8a93bb515877a448eba0c360d19686,497b8822afdb329df7e593163c058667365610ead0920b891c63d218ed3d89d0,Fixed-Dc,4,0,0.0,0.0,0,0,0,0,0
0.0,800000,1009,7,5816a4e194e74986369f97a0a106dab3cb8a93bb515877a448eba0c360d19686,497b8822afdb329df7e593163c058667365610ead0920b891c63d218ed3d89d0,Decoupled,1,0,,,,,,0,0
0.0,800000,1009,7,5816a4e194e74986369f97a0a106dab3cb8a93bb515877a448eba0c360d19686,497b8822afdb329df7e593163c058667365610ead0920b891c63d218ed3d89d0,Decoupled,2,0,,,,,,0,0
0.0,800000,1009,7,5816a4e194e74986369f97a0a106dab3cb8a93bb515877a448eba0c360d19686,497b8822afdb329df7e593163c058667365610ead0920b891c63d218ed3d89d0,Decoupled,3,0,,,,,,0,0
0.0,800000,1009,7,5816a4e194e74986369f97a0a106dab3cb8a93bb515877a448eba0c360d19686,497b8822afdb329df7e593163c058667365610ead0920b891c63d218ed3d89d0,Decoupled,4,0,,,,,,0,0
0.0,800000,1009,11,5816a4e194e74986369f97a0a106dab3cb8a93bb515877a448eba0c360d19686,497b8822afdb329df7e593163c058667365610ead0920b891c63d218ed3d89d0,No-Dq-R,1,0,0.0,0.0,0.0,0,0,0,0
0.0,800000,1009,11,5816a4e194e74986369f97a0a106dab3cb8a93bb515877a448eba0c360d19686,497b8822afdb329df7e593163c058667365610ead0920b891c63d218ed3d89d0,No-Dq-R,2,-800000,0.056319511058792515,0.053410213882189916,1.0,1,0,0,0
0.0,800000,1009,11,5816a4e194e74986369f97a0a106dab3cb8a93bb515877a448eba0c360d19686,497b8822afdb329df7e593163c058667365610ead0920b891c63d218ed3d89d0,No-Dq-R,3,-1600000,0.0626272107568423,0.07044867040812314,0,0,0,0,0
0.0,800000,1009,11,5816a4e194e74986369f97a0a106dab3cb8a93bb515877a448eba0c360d19686,497b8822afdb329df7e593163c058667365610ead0920b891c63d218ed3d89d0,No-Dq-R,4,-2400000,0.05872356008459795,0.07036168231863998,0,0,0,0,0
0.0,800000,1009,11,5816a4e194e74986369f97a0a106dab3cb8a93bb515877a448eba0c360d19686,497b8822afdb329df7e593163c058667365610ead0920b891c63d218ed3d89d0,Fixed-Dc,1,0,0.0,0.0,0.0,0,0,0,0
0.0,800000,1009,11,5816a4e194e74986369f97a0a106dab3cb8a93bb515877a448eba0c360d19686,497b8822afdb329df7e593163c058667365610ead0920b891c63d218ed3d89d0,Fixed-Dc,2,0,0.0,0.0,0,0,0,0,0
0.0,800000,1009,11,5816a4e194e74986369f97a0a106dab3cb8a93bb515877a448eba0c360d19686,497b8822afdb329df7e593163c058667365610ead0920b891c63d218ed3d89d0,Fixed-Dc,3,0,0.0,0.0,0,0,0,0,0
0.0,800000,1009,11,5816a4e194e74986369f97a0a106dab3cb8a93bb515877a448eba0c360d19686,497b8822afdb329df7e593163c058667365610ead0920b891c63d218ed3d89d0,Fixed-Dc,4,0,0.0,0.0,0,0,0,0,0
0.0,800000,1009,11,5816a4e194e74986369f97a0a106dab3cb8a93bb515877a448eba0c360d19686,497b8822afdb329df7e593163c058667365610ead0920b891c63d218ed3d89d0,Decoupled,1,0,,,,,,0,0
0.0,800000,1009,11,5816a4e194e74986369f97a0a106dab3cb8a93bb515877a448eba0c360d19686,497b8822afdb329df7e593163c058667365610ead0920b891c63d218ed3d89d0,Decoupled,2,0,,,,,,0,0
0.0,800000,1009,11,5816a4e194e74986369f97a0a106dab3cb8a93bb515877a448eba0c360d19686,497b8822afdb329df7e593163c058667365610ead0920b891c63d218ed3d89d0,Decoupled,3,0,,,,,,0,0
0.0,800000,1009,11,5816a4e194e74986369f97a0a106dab3cb8a93bb515877a448eba0c360d19686,497b8822afdb329df7e593163c058667365610ead0920b891c63d218ed3d89d0,Decoupled,4,0,,,,,,0,0
0.0,800000,1010,7,196d91916e167a9d732949020bc86032269e6c4b7c146451511182c2604f3980,497b8822afdb329df7e593163c058667365610ead0920b891c63d218ed3d89d0,No-Dq-R,1,0,0.0,0.0,0.0,0,0,0,0
0.0,800000,1010,7,196d91916e167a9d732949020bc86032269e6c4b7c146451511182c2604f3980,497b8822afdb329df7e593163c058667365610ead0920b891c63d218ed3d89d0,No-Dq-R,2,-800000,0.056319511058792515,0.053410213882189916,1.0,1,0,0,0
0.0,800000,1010,7,196d91916e167a9d732949020bc86032269e6c4b7c146451511182c2604f3980,497b8822afdb329df7e593163c058667365610ead0920b891c63d218ed3d89d0,No-Dq-R,3,-1600000,0.06971986524450047,0.07044867040812314,0,0,0,0,0
0.0,800000,1010,7,196d91916e167a9d732949020bc86032269e6c4b7c146451511182c2604f3980,497b8822afdb329df7e593163c058667365610ead0920b891c63d218ed3d89d0,No-Dq-R,4,-2400000,0.05872356008459795,0.07036168231863998,0,0,0,0,0
0.0,800000,1010,7,196d91916e167a9d732949020bc86032269e6c4b7c146451511182c2604f3980,497b8822afdb329df7e593163c058667365610ead0920b891c63d218ed3d89d0,Fixed-Dc,1,0,0.0,0.0,0.0,0,0,0,0
0.0,800000,1010,7,196d91916e167a9d732949020bc86032269e6c4b7c146451511182c2604f3980,497b8822afdb329df7e593163c058667365610ead0920b891c63d218ed3d89d0,Fixed-Dc,2,0,0.0,0.0,0,0,0,0,0
0.0,800000,1010,7,196d91916e167a9d732949020bc86032269e6c4b7c146451511182c2604f3980,497b8822afdb329df7e593163c058667365610ead0920b891c63d218ed3d89d0,Fixed-Dc,3,0,0.0,0.0,0,0,0,0,0
0.0,800000,1010,7,196d91916e167a9d732949020bc86032269e6c4b7c146451511182c2604f3980,497b8822afdb329df7e593163c058667365610ead0920b891c63d218ed3d89d0,Fixed-Dc,4,0,0.0,0.0,0,0,0,0,0
0.0,800000,1010,7,196d91916e167a9d732949020bc86032269e6c4b7c146451511182c2604f3980,497b8822afdb329df7e593163c058667365610ead0920b891c63d218ed3d89d0,Decoupled,1,0,,,,,,0,0
0.0,800000,1010,7,196d91916e167a9d732949020bc86032269e6c4b7c146451511182c2604f3980,497b8822afdb329df7e593163c058667365610ead0920b891c63d218ed3d89d0,Decoupled,2,0,,,,,,0,0
0.0,800000,1010,7,196d91916e167a9d732949020bc86032269e6c4b7c146451511182c2604f3980,497b8822afdb329df7e593163c058667365610ead0920b891c63d218ed3d89d0,Decoupled,3,0,,,,,,0,0
0.0,800000,1010,7,196d91916e167a9d732949020bc86032269e6c4b7c146451511182c2604f3980,497b8822afdb329df7e593163c058667365610ead0920b891c63d218ed3d89d0,Decoupled,4,0,,,,,,0,0
0.0,800000,1010,11,196d91916e167a9d732949020bc86032269e6c4b7c146451511182c2604f3980,497b8822afdb329df7e593163c058667365610ead0920b891c63d218ed3d89d0,No-Dq-R,1,0,0.0,0.0,0.0,0,0,0,0
0.0,800000,1010,11,196d91916e167a9d732949020bc86032269e6c4b7c146451511182c2604f3980,497b8822afdb329df7e593163c058667365610ead0920b891c63d218ed3d89d0,No-Dq-R,2,-800000,0.056319511058792515,0.053410213882189916,1.0,1,0,0,0
0.0,800000,1010,11,196d91916e167a9d732949020bc86032269e6c4b7c146451511182c2604f3980,497b8822afdb329df7e593163c058667365610ead0920b891c63d218ed3d89d0,No-Dq-R,3,-1600000,0.0626272107568423,0.07044867040812314,0,0,0,0,0
0.0,800000,1010,11,196d91916e167a9d732949020bc86032269e6c4b7c146451511182c2604f3980,497b8822afdb329df7e593163c058667365610ead0920b891c63d218ed3d89d0,No-Dq-R,4,-2400000,0.05872356008459795,0.07036168231863998,0,0,0,0,0
0.0,800000,1010,11,196d91916e167a9d732949020bc86032269e6c4b7c146451511182c2604f3980,497b8822afdb329df7e593163c058667365610ead0920b891c63d218ed3d89d0,Fixed-Dc,1,0,0.0,0.0,0.0,0,0,0,0
0.0,800000,1010,11,196d91916e167a9d732949020bc86032269e6c4b7c146451511182c2604f3980,497b8822afdb329df7e593163c058667365610ead0920b891c63d218ed3d89d0,Fixed-Dc,2,0,0.0,0.0,0,0,0,0,0
0.0,800000,1010,11,196d91916e167a9d732949020bc86032269e6c4b7c146451511182c2604f3980,497b8822afdb329df7e593163c058667365610ead0920b891c63d218ed3d89d0,Fixed-Dc,3,0,0.0,0.0,0,0,0,0,0
0.0,800000,1010,11,196d91916e167a9d732949020bc86032269e6c4b7c146451511182c2604f3980,497b8822afdb329df7e593163c058667365610ead0920b891c63d218ed3d89d0,Fixed-Dc,4,0,0.0,0.0,0,0,0,0,0
0.0,800000,1010,11,196d91916e167a9d732949020bc86032269e6c4b7c146451511182c2604f3980,497b8822afdb329df7e593163c058667365610ead0920b891c63d218ed3d89d0,Decoupled,1,0,,,,,,0,0
0.0,800000,1010,11,196d91916e167a9d732949020bc86032269e6c4b7c146451511182c2604f3980,497b8822afdb329df7e593163c058667365610ead0920b891c63d218ed3d89d0,Decoupled,2,0,,,,,,0,0
0.0,800000,1010,11,196d91916e167a9d732949020bc86032269e6c4b7c146451511182c2604f3980,497b8822afdb329df7e593163c058667365610ead0920b891c63d218ed3d89d0,Decoupled,3,0,,,,,,0,0
0.0,800000,1010,11,196d91916e167a9d732949020bc86032269e6c4b7c146451511182c2604f3980,497b8822afdb329df7e593163c058667365610ead0920b891c63d218ed3d89d0,Decoupled,4,0,,,,,,0,0
0.0,800000,1011,7,ca783677438d65bb7a3b8d105e5146c72156fa884d7d81c4754c3650ae087587,497b8822afdb329df7e593163c058667365610ead0920b891c63d218ed3d89d0,No-Dq-R,1,0,0.0,0.0,0.0,0,0,0,0
0.0,800000,1011,7,ca783677438d65bb7a3b8d105e5146c72156fa884d7d81c4754c3650ae087587,497b8822afdb329df7e593163c058667365610ead0920b891c63d218ed3d89d0,No-Dq-R,2,-800000,0.056319511058792515,0.053410213882189916,1.0,1,0,0,0
0.0,800000,1011,7,ca783677438d65bb7a3b8d105e5146c72156fa884d7d81c4754c3650ae087587,497b8822afdb329df7e593163c058667365610ead0920b891c63d218ed3d89d0,No-Dq-R,3,-1600000,0.06971986524450047,0.07044867040812314,0,0,0,0,0
0.0,800000,1011,7,ca783677438d65bb7a3b8d105e5146c72156fa884d7d81c4754c3650ae087587,497b8822afdb329df7e593163c058667365610ead0920b891c63d218ed3d89d0,No-Dq-R,4,-2400000,0.05872356008459795,0.07036168231863998,0,0,0,0,0
0.0,800000,1011,7,ca783677438d65bb7a3b8d105e5146c72156fa884d7d81c4754c3650ae087587,497b8822afdb329df7e593163c058667365610ead0920b891c63d218ed3d89d0,Fixed-Dc,1,0,0.0,0.0,0.0,0,0,0,0
0.0,800000,1011,7,ca783677438d65bb7a3b8d105e5146c72156fa884d7d81c4754c3650ae087587,497b8822afdb329df7e593163c058667365610ead0920b891c63d218ed3d89d0,Fixed-Dc,2,0,0.0,0.0,0,0,0,0,0
0.0,800000,1011,7,ca783677438d65bb7a3b8d105e5146c72156fa884d7d81c4754c3650ae087587,497b8822afdb329df7e593163c058667365610ead0920b891c63d218ed3d89d0,Fixed-Dc,3,0,0.0,0.0,0,0,0,0,0
0.0,800000,1011,7,ca783677438d65bb7a3b8d105e5146c72156fa884d7d81c4754c3650ae087587,497b8822afdb329df7e593163c058667365610ead0920b891c63d218ed3d89d0,Fixed-Dc,4,0,0.0,0.0,0,0,0,0,0
0.0,800000,1011,7,ca783677438d65bb7a3b8d105e5146c72156fa884d7d81c4754c3650ae087587,497b8822afdb329df7e593163c058667365610ead0920b891c63d218ed3d89d0,Decoupled,1,0,,,,,,0,0
0.0,800000,1011,7,ca783677438d65bb7a3b8d105e5146c72156fa884d7d81c4754c3650ae087587,497b8822afdb329df7e593163c058667365610ead0920b891c63d218ed3d89d0,Decoupled,2,0,,,,,,0,0
0.0,800000,1011,7,ca783677438d65bb7a3b8d105e5146c72156fa884d7d81c4754c3650ae087587,497b8822afdb329df7e593163c058667365610ead0920b891c63d218ed3d89d0,Decoupled,3,0,,,,,,0,0
0.0,800000,1011,7,ca783677438d65bb7a3b8d105e5146c72156fa884d7d81c4754c3650ae087587,497b8822afdb329df7e593163c058667365610ead0920b891c63d218ed3d89d0,Decoupled,4,0,,,,,,0,0
0.0,800000,1011,11,ca783677438d65bb7a3b8d105e5146c72156fa884d7d81c4754c3650ae087587,497b8822afdb329df7e593163c058667365610ead0920b891c63d218ed3d89d0,No-Dq-R,1,0,0.0,0.0,0.0,0,0,0,0
0.0,800000,1011,11,ca783677438d65bb7a3b8d105e5146c72156fa884d7d81c4754c3650ae087587,497b8822afdb329df7e593163c058667365610ead0920b891c63d218ed3d89d0,No-Dq-R,2,-800000,0.056319511058792515,0.053410213882189916,1.0,1,0,0,0
0.0,800000,1011,11,ca783677438d65bb7a3b8d105e5146c72156fa884d7d81c4754c3650ae087587,497b8822afdb329df7e593163c058667365610ead0920b891c63d218ed3d89d0,No-Dq-R,3,-1600000,0.0626272107568423,0.07044867040812314,0,0,0,0,0
0.0,800000,1011,11,ca783677438d65bb7a3b8d105e5146c72156fa884d7d81c4754c3650ae087587,497b8822afdb329df7e593163c058667365610ead0920b891c63d218ed3d89d0,No-Dq-R,4,-2400000,0.05872356008459795,0.07036168231863998,0,0,0,0,0
0.0,800000,1011,11,ca783677438d65bb7a3b8d105e5146c72156fa884d7d81c4754c3650ae087587,497b8822afdb329df7e593163c058667365610ead0920b891c63d218ed3d89d0,Fixed-Dc,1,0,0.0,0.0,0.0,0,0,0,0
0.0,800000,1011,11,ca783677438d65bb7a3b8d105e5146c72156fa884d7d81c4754c3650ae087587,497b8822afdb329df7e593163c058667365610ead0920b891c63d218ed3d89d0,Fixed-Dc,2,0,0.0,0.0,0,0,0,0,0
0.0,800000,1011,11,ca783677438d65bb7a3b8d105e5146c72156fa884d7d81c4754c3650ae087587,497b8822afdb329df7e593163c058667365610ead0920b891c63d218ed3d89d0,Fixed-Dc,3,0,0.0,0.0,0,0,0,0,0
0.0,800000,1011,11,ca783677438d65bb7a3b8d105e5146c72156fa884d7d81c4754c3650ae087587,497b8822afdb329df7e593163c058667365610ead0920b891c63d218ed3d89d0,Fixed-Dc,4,0,0.0,0.0,0,0,0,0,0
0.0,800000,1011,11,ca783677438d65bb7a3b8d105e5146c72156fa884d7d81c4754c3650ae087587,497b8822afdb329df7e593163c058667365610ead0920b891c63d218ed3d89d0,Decoupled,1,0,,,,,,0,0
0.0,800000,1011,11,ca783677438d65bb7a3b8d105e5146c72156fa884d7d81c4754c3650ae087587,497b8822afdb329df7e593163c058667365610ead0920b891c63d218ed3d89d0,Decoupled,2,0,,,,,,0,0
0.0,800000,1011,11,ca783677438d65bb7a3b8d105e5146c72156fa884d7d81c4754c3650ae087587,497b8822afdb329df7e593163c058667365610ead0920b891c63d218ed3d89d0,Decoupled,3,0,,,,,,0,0
0.0,800000,1011,11,ca783677438d65bb7a3b8d105e5146c72156fa884d7d81c4754c3650ae087587,497b8822afdb329df7e593163c058667365610ead0920b891c63d218ed3d89d0,Decoupled,4,0,,,,,,0,0
0.0,800000,1012,7,ebfd3d347a5de8ba10ff33310a04b1e9c445abe4bd65fc2842d907fb59cfc18d,497b8822afdb329df7e593163c058667365610ead0920b891c63d218ed3d89d0,No-Dq-R,1,0,0.0,0.0,0.0,0,0,0,0
0.0,800000,1012,7,ebfd3d347a5de8ba10ff33310a04b1e9c445abe4bd65fc2842d907fb59cfc18d,497b8822afdb329df7e593163c058667365610ead0920b891c63d218ed3d89d0,No-Dq-R,2,-800000,0.056319511058792515,0.053410213882189916,1.0,1,0,0,0
0.0,800000,1012,7,ebfd3d347a5de8ba10ff33310a04b1e9c445abe4bd65fc2842d907fb59cfc18d,497b8822afdb329df7e593163c058667365610ead0920b891c63d218ed3d89d0,No-Dq-R,3,-1600000,0.06971986524450047,0.07044867040812314,0,0,0,0,0
0.0,800000,1012,7,ebfd3d347a5de8ba10ff33310a04b1e9c445abe4bd65fc2842d907fb59cfc18d,497b8822afdb329df7e593163c058667365610ead0920b891c63d218ed3d89d0,No-Dq-R,4,-2400000,0.05872356008459795,0.07036168231863998,0,0,0,0,0
0.0,800000,1012,7,ebfd3d347a5de8ba10ff33310a04b1e9c445abe4bd65fc2842d907fb59cfc18d,497b8822afdb329df7e593163c058667365610ead0920b891c63d218ed3d89d0,Fixed-Dc,1,0,0.0,0.0,0.0,0,0,0,0
0.0,800000,1012,7,ebfd3d347a5de8ba10ff33310a04b1e9c445abe4bd65fc2842d907fb59cfc18d,497b8822afdb329df7e593163c058667365610ead0920b891c63d218ed3d89d0,Fixed-Dc,2,0,0.0,0.0,0,0,0,0,0
0.0,800000,1012,7,ebfd3d347a5de8ba10ff33310a04b1e9c445abe4bd65fc2842d907fb59cfc18d,497b8822afdb329df7e593163c058667365610ead0920b891c63d218ed3d89d0,Fixed-Dc,3,0,0.0,0.0,0,0,0,0,0
0.0,800000,1012,7,ebfd3d347a5de8ba10ff33310a04b1e9c445abe4bd65fc2842d907fb59cfc18d,497b8822afdb329df7e593163c058667365610ead0920b891c63d218ed3d89d0,Fixed-Dc,4,0,0.0,0.0,0,0,0,0,0
0.0,800000,1012,7,ebfd3d347a5de8ba10ff33310a04b1e9c445abe4bd65fc2842d907fb59cfc18d,497b8822afdb329df7e593163c058667365610ead0920b891c63d218ed3d89d0,Decoupled,1,0,,,,,,0,0
0.0,800000,1012,7,ebfd3d347a5de8ba10ff33310a04b1e9c445abe4bd65fc2842d907fb59cfc18d,497b8822afdb329df7e593163c058667365610ead0920b891c63d218ed3d89d0,Decoupled,2,0,,,,,,0,0
0.0,800000,1012,7,ebfd3d347a5de8ba10ff33310a04b1e9c445abe4bd65fc2842d907fb59cfc18d,497b8822afdb329df7e593163c058667365610ead0920b891c63d218ed3d89d0,Decoupled,3,0,,,,,,0,0
0.0,800000,1012,7,ebfd3d347a5de8ba10ff33310a04b1e9c445abe4bd65fc2842d907fb59cfc18d,497b8822afdb329df7e593163c058667365610ead0920b891c63d218ed3d89d0,Decoupled,4,0,,,,,,0,0
0.0,800000,1012,11,ebfd3d347a5de8ba10ff33310a04b1e9c445abe4bd65fc2842d907fb59cfc18d,497b8822afdb329df7e593163c058667365610ead0920b891c63d218ed3d89d0,No-Dq-R,1,0,0.0,0.0,0.0,0,0,0,0
0.0,800000,1012,11,ebfd3d347a5de8ba10ff33310a04b1e9c445abe4bd65fc2842d907fb59cfc18d,497b8822afdb329df7e593163c058667365610ead0920b891c63d218ed3d89d0,No-Dq-R,2,-800000,0.056319511058792515,0.053410213882189916,1.0,1,0,0,0
0.0,800000,1012,11,ebfd3d347a5de8ba10ff33310a04b1e9c445abe4bd65fc2842d907fb59cfc18d,497b8822afdb329df7e593163c058667365610ead0920b891c63d218ed3d89d0,No-Dq-R,3,-1600000,0.0626272107568423,0.07044867040812314,0,0,0,0,0
0.0,800000,1012,11,ebfd3d347a5de8ba10ff33310a04b1e9c445abe4bd65fc2842d907fb59cfc18d,497b8822afdb329df7e593163c058667365610ead0920b891c63d218ed3d89d0,No-Dq-R,4,-2400000,0.05872356008459795,0.07036168231863998,0,0,0,0,0
0.0,800000,1012,11,ebfd3d347a5de8ba10ff33310a04b1e9c445abe4bd65fc2842d907fb59cfc18d,497b8822afdb329df7e593163c058667365610ead0920b891c63d218ed3d89d0,Fixed-Dc,1,0,0.0,0.0,0.0,0,0,0,0
0.0,800000,1012,11,ebfd3d347a5de8ba10ff33310a04b1e9c445abe4bd65fc2842d907fb59cfc18d,497b8822afdb329df7e593163c058667365610ead0920b891c63d218ed3d89d0,Fixed-Dc,2,0,0.0,0.0,0,0,0,0,0
0.0,800000,1012,11,ebfd3d347a5de8ba10ff33310a04b1e9c445abe4bd65fc2842d907fb59cfc18d,497b8822afdb329df7e593163c058667365610ead0920b891c63d218ed3d89d0,Fixed-Dc,3,0,0.0,0.0,0,0,0,0,0
0.0,800000,1012,11,ebfd3d347a5de8ba10ff33310a04b1e9c445abe4bd65fc2842d907fb59cfc18d,497b8822afdb329df7e593163c058667365610ead0920b891c63d218ed3d89d0,Fixed-Dc,4,0,0.0,0.0,0,0,0,0,0
0.0,800000,1012,11,ebfd3d347a5de8ba10ff33310a04b1e9c445abe4bd65fc2842d907fb59cfc18d,497b8822afdb329df7e593163c058667365610ead0920b891c63d218ed3d89d0,Decoupled,1,0,,,,,,0,0
0.0,800000,1012,11,ebfd3d347a5de8ba10ff33310a04b1e9c445abe4bd65fc2842d907fb59cfc18d,497b8822afdb329df7e593163c058667365610ead0920b891c63d218ed3d89d0,Decoupled,2,0,,,,,,0,0
0.0,800000,1012,11,ebfd3d347a5de8ba10ff33310a04b1e9c445abe4bd65fc2842d907fb59cfc18d,497b8822afdb329df7e593163c058667365610ead0920b891c63d218ed3d89d0,Decoupled,3,0,,,,,,0,0
0.0,800000,1012,11,ebfd3d347a5de8ba10ff33310a04b1e9c445abe4bd65fc2842d907fb59cfc18d,497b8822afdb329df7e593163c058667365610ead0920b891c63d218ed3d89d0,Decoupled,4,0,,,,,,0,0
0.0,800000,1013,7,37a24f09e8adc36cf94cfa41a642bb85a0ac5b1209efb631a832f613f73e11d0,497b8822afdb329df7e593163c058667365610ead0920b891c63d218ed3d89d0,No-Dq-R,1,0,0.0,0.0,0.0,0,0,0,0
0.0,800000,1013,7,37a24f09e8adc36cf94cfa41a642bb85a0ac5b1209efb631a832f613f73e11d0,497b8822afdb329df7e593163c058667365610ead0920b891c63d218ed3d89d0,No-Dq-R,2,-800000,0.056319511058792515,0.053410213882189916,1.0,1,0,0,0
0.0,800000,1013,7,37a24f09e8adc36cf94cfa41a642bb85a0ac5b1209efb631a832f613f73e11d0,497b8822afdb329df7e593163c058667365610ead0920b891c63d218ed3d89d0,No-Dq-R,3,-1600000,0.06971986524450047,0.07044867040812314,0,0,0,0,0
0.0,800000,1013,7,37a24f09e8adc36cf94cfa41a642bb85a0ac5b1209efb631a832f613f73e11d0,497b8822afdb329df7e593163c058667365610ead0920b891c63d218ed3d89d0,No-Dq-R,4,-2400000,0.05872356008459795,0.07036168231863998,0,0,0,0,0
0.0,800000,1013,7,37a24f09e8adc36cf94cfa41a642bb85a0ac5b1209efb631a832f613f73e11d0,497b8822afdb329df7e593163c058667365610ead0920b891c63d218ed3d89d0,Fixed-Dc,1,0,0.0,0.0,0.0,0,0,0,0
0.0,800000,1013,7,37a24f09e8adc36cf94cfa41a642bb85a0ac5b1209efb631a832f613f73e11d0,497b8822afdb329df7e593163c058667365610ead0920b891c63d218ed3d89d0,Fixed-Dc,2,0,0.0,0.0,0,0,0,0,0
0.0,800000,1013,7,37a24f09e8adc36cf94cfa41a642bb85a0ac5b1209efb631a832f613f73e11d0,497b8822afdb329df7e593163c058667365610ead0920b891c63d218ed3d89d0,Fixed-Dc,3,0,0.0,0.0,0,0,0,0,0
0.0,800000,1013,7,37a24f09e8adc36cf94cfa41a642bb85a0ac5b1209efb631a832f613f73e11d0,497b8822afdb329df7e593163c058667365610ead0920b891c63d218ed3d89d0,Fixed-Dc,4,0,0.0,0.0,0,0,0,0,0
0.0,800000,1013,7,37a24f09e8adc36cf94cfa41a642bb85a0ac5b1209efb631a832f613f73e11d0,497b8822afdb329df7e593163c058667365610ead0920b891c63d218ed3d89d0,Decoupled,1,0,,,,,,0,0
0.0,800000,1013,7,37a24f09e8adc36cf94cfa41a642bb85a0ac5b1209efb631a832f613f73e11d0,497b8822afdb329df7e593163c058667365610ead0920b891c63d218ed3d89d0,Decoupled,2,0,,,,,,0,0
0.0,800000,1013,7,37a24f09e8adc36cf94cfa41a642bb85a0ac5b1209efb631a832f613f73e11d0,497b8822afdb329df7e593163c058667365610ead0920b891c63d218ed3d89d0,Decoupled,3,0,,,,,,0,0
0.0,800000,1013,7,37a24f09e8adc36cf94cfa41a642bb85a0ac5b1209efb631a832f613f73e11d0,497b8822afdb329df7e593163c058667365610ead0920b891c63d218ed3d89d0,Decoupled,4,0,,,,,,0,0
0.0,800000,1013,11,37a24f09e8adc36cf94cfa41a642bb85a0ac5b1209efb631a832f613f73e11d0,497b8822afdb329df7e593163c058667365610ead0920b891c63d218ed3d89d0,No-Dq-R,1,0,0.0,0.0,0.0,0,0,0,0
0.0,800000,1013,11,37a24f09e8adc36cf94cfa41a642bb85a0ac5b1209efb631a832f613f73e11d0,497b8822afdb329df7e593163c058667365610ead0920b891c63d218ed3d89d0,No-Dq-R,2,-800000,0.056319511058792515,0.053410213882189916,1.0,1,0,0,0
0.0,800000,1013,11,37a24f09e8adc36cf94cfa41a642bb85a0ac5b1209efb631a832f613f73e11d0,497b8822afdb329df7e593163c058667365610ead0920b891c63d218ed3d89d0,No-Dq-R,3,-1600000,0.0626272107568423,0.07044867040812314,0,0,0,0,0
0.0,800000,1013,11,37a24f09e8adc36cf94cfa41a642bb85a0ac5b1209efb631a832f613f73e11d0,497b8822afdb329df7e593163c058667365610ead0920b891c63d218ed3d89d0,No-Dq-R,4,-2400000,0.05872356008459795,0.07036168231863998,0,0,0,0,0
0.0,800000,1013,11,37a24f09e8adc36cf94cfa41a642bb85a0ac5b1209efb631a832f613f73e11d0,497b8822afdb329df7e593163c058667365610ead0920b891c63d218ed3d89d0,Fixed-Dc,1,0,0.0,0.0,0.0,0,0,0,0
0.0,800000,1013,11,37a24f09e8adc36cf94cfa41a642bb85a0ac5b1209efb631a832f613f73e11d0,497b8822afdb329df7e593163c058667365610ead0920b891c63d218ed3d89d0,Fixed-Dc,2,0,0.0,0.0,0,0,0,0,0
0.0,800000,1013,11,37a24f09e8adc36cf94cfa41a642bb85a0ac5b1209efb631a832f613f73e11d0,497b8822afdb329df7e593163c058667365610ead0920b891c63d218ed3d89d0,Fixed-Dc,3,0,0.0,0.0,0,0,0,0,0
0.0,800000,1013,11,37a24f09e8adc36cf94cfa41a642bb85a0ac5b1209efb631a832f613f73e11d0,497b8822afdb329df7e593163c058667365610ead0920b891c63d218ed3d89d0,Fixed-Dc,4,0,0.0,0.0,0,0,0,0,0
0.0,800000,1013,11,37a24f09e8adc36cf94cfa41a642bb85a0ac5b1209efb631a832f613f73e11d0,497b8822afdb329df7e593163c058667365610ead0920b891c63d218ed3d89d0,Decoupled,1,0,,,,,,0,0
0.0,800000,1013,11,37a24f09e8adc36cf94cfa41a642bb85a0ac5b1209efb631a832f613f73e11d0,497b8822afdb329df7e593163c058667365610ead0920b891c63d218ed3d89d0,Decoupled,2,0,,,,,,0,0
0.0,800000,1013,11,37a24f09e8adc36cf94cfa41a642bb85a0ac5b1209efb631a832f613f73e11d0,497b8822afdb329df7e593163c058667365610ead0920b891c63d218ed3d89d0,Decoupled,3,0,,,,,,0,0
0.0,800000,1013,11,37a24f09e8adc36cf94cfa41a642bb85a0ac5b1209efb631a832f613f73e11d0,497b8822afdb329df7e593163c058667365610ead0920b891c63d218ed3d89d0,Decoupled,4,0,,,,,,0,0
0.0,800000,1014,7,5daead50b7991c938006aa16c08227eafabdea4b7dacec822c4ddef8a373afc5,497b8822afdb329df7e593163c058667365610ead0920b891c63d218ed3d89d0,No-Dq-R,1,0,0.0,0.0,0.0,0,0,0,0
0.0,800000,1014,7,5daead50b7991c938006aa16c08227eafabdea4b7dacec822c4ddef8a373afc5,497b8822afdb329df7e593163c058667365610ead0920b891c63d218ed3d89d0,No-Dq-R,2,-800000,0.056319511058792515,0.053410213882189916,1.0,1,0,0,0
0.0,800000,1014,7,5daead50b7991c938006aa16c08227eafabdea4b7dacec822c4ddef8a373afc5,497b8822afdb329df7e593163c058667365610ead0920b891c63d218ed3d89d0,No-Dq-R,3,-1600000,0.06971986524450047,0.07044867040812314,0,0,0,0,0
0.0,800000,1014,7,5daead50b7991c938006aa16c08227eafabdea4b7dacec822c4ddef8a373afc5,497b8822afdb329df7e593163c058667365610ead0920b891c63d218ed3d89d0,No-Dq-R,4,-2400000,0.05872356008459795,0.07036168231863998,0,0,0,0,0
0.0,800000,1014,7,5daead50b7991c938006aa16c08227eafabdea4b7dacec822c4ddef8a373afc5,497b8822afdb329df7e593163c058667365610ead0920b891c63d218ed3d89d0,Fixed-Dc,1,0,0.0,0.0,0.0,0,0,0,0
0.0,800000,1014,7,5daead50b7991c938006aa16c08227eafabdea4b7dacec822c4ddef8a373afc5,497b8822afdb329df7e593163c058667365610ead0920b891c63d218ed3d89d0,Fixed-Dc,2,0,0.0,0.0,0,0,0,0,0
0.0,800000,1014,7,5daead50b7991c938006aa16c08227eafabdea4b7dacec822c4ddef8a373afc5,497b8822afdb329df7e593163c058667365610ead0920b891c63d218ed3d89d0,Fixed-Dc,3,0,0.0,0.0,0,0,0,0,0
0.0,800000,1014,7,5daead50b7991c938006aa16c08227eafabdea4b7dacec822c4ddef8a373afc5,497b8822afdb329df7e593163c058667365610ead0920b891c63d218ed3d89d0,Fixed-Dc,4,0,0.0,0.0,0,0,0,0,0
0.0,800000,1014,7,5daead50b7991c938006aa16c08227eafabdea4b7dacec822c4ddef8a373afc5,497b8822afdb329df7e593163c058667365610ead0920b891c63d218ed3d89d0,Decoupled,1,0,,,,,,0,0
0.0,800000,1014,7,5daead50b7991c938006aa16c08227eafabdea4b7dacec822c4ddef8a373afc5,497b8822afdb329df7e593163c058667365610ead0920b891c63d218ed3d89d0,Decoupled,2,0,,,,,,0,0
0.0,800000,1014,7,5daead50b7991c938006aa16c08227eafabdea4b7dacec822c4ddef8a373afc5,497b8822afdb329df7e593163c058667365610ead0920b891c63d218ed3d89d0,Decoupled,3,0,,,,,,0,0
0.0,800000,1014,7,5daead50b7991c938006aa16c08227eafabdea4b7dacec822c4ddef8a373afc5,497b8822afdb329df7e593163c058667365610ead0920b891c63d218ed3d89d0,Decoupled,4,0,,,,,,0,0
0.0,800000,1014,11,5daead50b7991c938006aa16c08227eafabdea4b7dacec822c4ddef8a373afc5,497b8822afdb329df7e593163c058667365610ead0920b891c63d218ed3d89d0,No-Dq-R,1,0,0.0,0.0,0.0,0,0,0,0
0.0,800000,1014,11,5daead50b7991c938006aa16c08227eafabdea4b7dacec822c4ddef8a373afc5,497b8822afdb329df7e593163c058667365610ead0920b891c63d218ed3d89d0,No-Dq-R,2,-800000,0.056319511058792515,0.053410213882189916,1.0,1,0,0,0
0.0,800000,1014,11,5daead50b7991c938006aa16c08227eafabdea4b7dacec822c4ddef8a373afc5,497b8822afdb329df7e593163c058667365610ead0920b891c63d218ed3d89d0,No-Dq-R,3,-1600000,0.0626272107568423,0.07044867040812314,0,0,0,0,0
0.0,800000,1014,11,5daead50b7991c938006aa16c08227eafabdea4b7dacec822c4ddef8a373afc5,497b8822afdb329df7e593163c058667365610ead0920b891c63d218ed3d89d0,No-Dq-R,4,-2400000,0.05872356008459795,0.07036168231863998,0,0,0,0,0
0.0,800000,1014,11,5daead50b7991c938006aa16c08227eafabdea4b7dacec822c4ddef8a373afc5,497b8822afdb329df7e593163c058667365610ead0920b891c63d218ed3d89d0,Fixed-Dc,1,0,0.0,0.0,0.0,0,0,0,0
0.0,800000,1014,11,5daead50b7991c938006aa16c08227eafabdea4b7dacec822c4ddef8a373afc5,497b8822afdb329df7e593163c058667365610ead0920b891c63d218ed3d89d0,Fixed-Dc,2,0,0.0,0.0,0,0,0,0,0
0.0,800000,1014,11,5daead50b7991c938006aa16c08227eafabdea4b7dacec822c4ddef8a373afc5,497b8822afdb329df7e593163c058667365610ead0920b891c63d218ed3d89d0,Fixed-Dc,3,0,0.0,0.0,0,0,0,0,0
0.0,800000,1014,11,5daead50b7991c938006aa16c08227eafabdea4b7dacec822c4ddef8a373afc5,497b8822afdb329df7e593163c058667365610ead0920b891c63d218ed3d89d0,Fixed-Dc,4,0,0.0,0.0,0,0,0,0,0
0.0,800000,1014,11,5daead50b7991c938006aa16c08227eafabdea4b7dacec822c4ddef8a373afc5,497b8822afdb329df7e593163c058667365610ead0920b891c63d218ed3d89d0,Decoupled,1,0,,,,,,0,0
0.0,800000,1014,11,5daead50b7991c938006aa16c08227eafabdea4b7dacec822c4ddef8a373afc5,497b8822afdb329df7e593163c058667365610ead0920b891c63d218ed3d89d0,Decoupled,2,0,,,,,,0,0
0.0,800000,1014,11,5daead50b7991c938006aa16c08227eafabdea4b7dacec822c4ddef8a373afc5,497b8822afdb329df7e593163c058667365610ead0920b891c63d218ed3d89d0,Decoupled,3,0,,,,,,0,0
0.0,800000,1014,11,5daead50b7991c938006aa16c08227eafabdea4b7dacec822c4ddef8a373afc5,497b8822afdb329df7e593163c058667365610ead0920b891c63d218ed3d89d0,Decoupled,4,0,,,,,,0,0
0.0,800000,1015,7,9c727329b0b5a9ae07ff86b2bf36f6e0ef65623ed2dd2ca86a99ebe288e4f3a2,497b8822afdb329df7e593163c058667365610ead0920b891c63d218ed3d89d0,No-Dq-R,1,0,0.0,0.0,0.0,0,0,0,0
0.0,800000,1015,7,9c727329b0b5a9ae07ff86b2bf36f6e0ef65623ed2dd2ca86a99ebe288e4f3a2,497b8822afdb329df7e593163c058667365610ead0920b891c63d218ed3d89d0,No-Dq-R,2,-800000,0.056319511058792515,0.053410213882189916,1.0,1,0,0,0
0.0,800000,1015,7,9c727329b0b5a9ae07ff86b2bf36f6e0ef65623ed2dd2ca86a99ebe288e4f3a2,497b8822afdb329df7e593163c058667365610ead0920b891c63d218ed3d89d0,No-Dq-R,3,-1600000,0.06971986524450047,0.07044867040812314,0,0,0,0,0
0.0,800000,1015,7,9c727329b0b5a9ae07ff86b2bf36f6e0ef65623ed2dd2ca86a99ebe288e4f3a2,497b8822afdb329df7e593163c058667365610ead0920b891c63d218ed3d89d0,No-Dq-R,4,-2400000,0.05872356008459795,0.07036168231863998,0,0,0,0,0
0.0,800000,1015,7,9c727329b0b5a9ae07ff86b2bf36f6e0ef65623ed2dd2ca86a99ebe288e4f3a2,497b8822afdb329df7e593163c058667365610ead0920b891c63d218ed3d89d0,Fixed-Dc,1,0,0.0,0.0,0.0,0,0,0,0
0.0,800000,1015,7,9c727329b0b5a9ae07ff86b2bf36f6e0ef65623ed2dd2ca86a99ebe288e4f3a2,497b8822afdb329df7e593163c058667365610ead0920b891c63d218ed3d89d0,Fixed-Dc,2,0,0.0,0.0,0,0,0,0,0
0.0,800000,1015,7,9c727329b0b5a9ae07ff86b2bf36f6e0ef65623ed2dd2ca86a99ebe288e4f3a2,497b8822afdb329df7e593163c058667365610ead0920b891c63d218ed3d89d0,Fixed-Dc,3,0,0.0,0.0,0,0,0,0,0
0.0,800000,1015,7,9c727329b0b5a9ae07ff86b2bf36f6e0ef65623ed2dd2ca86a99ebe288e4f3a2,497b8822afdb329df7e593163c058667365610ead0920b891c63d218ed3d89d0,Fixed-Dc,4,0,0.0,0.0,0,0,0,0,0
0.0,800000,1015,7,9c727329b0b5a9ae07ff86b2bf36f6e0ef65623ed2dd2ca86a99ebe288e4f3a2,497b8822afdb329df7e593163c058667365610ead0920b891c63d218ed3d89d0,Decoupled,1,0,,,,,,0,0
0.0,800000,1015,7,9c727329b0b5a9ae07ff86b2bf36f6e0ef65623ed2dd2ca86a99ebe288e4f3a2,497b8822afdb329df7e593163c058667365610ead0920b891c63d218ed3d89d0,Decoupled,2,0,,,,,,0,0
0.0,800000,1015,7,9c727329b0b5a9ae07ff86b2bf36f6e0ef65623ed2dd2ca86a99ebe288e4f3a2,497b8822afdb329df7e593163c058667365610ead0920b891c63d218ed3d89d0,Decoupled,3,0,,,,,,0,0
0.0,800000,1015,7,9c727329b0b5a9ae07ff86b2bf36f6e0ef65623ed2dd2ca86a99ebe288e4f3a2,497b8822afdb329df7e593163c058667365610ead0920b891c63d218ed3d89d0,Decoupled,4,0,,,,,,0,0
0.0,800000,1015,11,9c727329b0b5a9ae07ff86b2bf36f6e0ef65623ed2dd2ca86a99ebe288e4f3a2,497b8822afdb329df7e593163c058667365610ead0920b891c63d218ed3d89d0,No-Dq-R,1,0,0.0,0.0,0.0,0,0,0,0
0.0,800000,1015,11,9c727329b0b5a9ae07ff86b2bf36f6e0ef65623ed2dd2ca86a99ebe288e4f3a2,497b8822afdb329df7e593163c058667365610ead0920b891c63d218ed3d89d0,No-Dq-R,2,-800000,0.056319511058792515,0.053410213882189916,1.0,1,0,0,0
0.0,800000,1015,11,9c727329b0b5a9ae07ff86b2bf36f6e0ef65623ed2dd2ca86a99ebe288e4f3a2,497b8822afdb329df7e593163c058667365610ead0920b891c63d218ed3d89d0,No-Dq-R,3,-1600000,0.0626272107568423,0.07044867040812314,0,0,0,0,0
0.0,800000,1015,11,9c727329b0b5a9ae07ff86b2bf36f6e0ef65623ed2dd2ca86a99ebe288e4f3a2,497b8822afdb329df7e593163c058667365610ead0920b891c63d218ed3d89d0,No-Dq-R,4,-2400000,0.05872356008459795,0.07036168231863998,0,0,0,0,0
0.0,800000,1015,11,9c727329b0b5a9ae07ff86b2bf36f6e0ef65623ed2dd2ca86a99ebe288e4f3a2,497b8822afdb329df7e593163c058667365610ead0920b891c63d218ed3d89d0,Fixed-Dc,1,0,0.0,0.0,0.0,0,0,0,0
0.0,800000,1015,11,9c727329b0b5a9ae07ff86b2bf36f6e0ef65623ed2dd2ca86a99ebe288e4f3a2,497b8822afdb329df7e593163c058667365610ead0920b891c63d218ed3d89d0,Fixed-Dc,2,0,0.0,0.0,0,0,0,0,0
0.0,800000,1015,11,9c727329b0b5a9ae07ff86b2bf36f6e0ef65623ed2dd2ca86a99ebe288e4f3a2,497b8822afdb329df7e593163c058667365610ead0920b891c63d218ed3d89d0,Fixed-Dc,3,0,0.0,0.0,0,0,0,0,0
0.0,800000,1015,11,9c727329b0b5a9ae07ff86b2bf36f6e0ef65623ed2dd2ca86a99ebe288e4f3a2,497b8822afdb329df7e593163c058667365610ead0920b891c63d218ed3d89d0,Fixed-Dc,4,0,0.0,0.0,0,0,0,0,0
0.0,800000,1015,11,9c727329b0b5a9ae07ff86b2bf36f6e0ef65623ed2dd2ca86a99ebe288e4f3a2,497b8822afdb329df7e593163c058667365610ead0920b891c63d218ed3d89d0,Decoupled,1,0,,,,,,0,0
0.0,800000,1015,11,9c727329b0b5a9ae07ff86b2bf36f6e0ef65623ed2dd2ca86a99ebe288e4f3a2,497b8822afdb329df7e593163c058667365610ead0920b891c63d218ed3d89d0,Decoupled,2,0,,,,,,0,0
0.0,800000,1015,11,9c727329b0b5a9ae07ff86b2bf36f6e0ef65623ed2dd2ca86a99ebe288e4f3a2,497b8822afdb329df7e593163c058667365610ead0920b891c63d218ed3d89d0,Decoupled,3,0,,,,,,0,0
0.0,800000,1015,11,9c727329b0b5a9ae07ff86b2bf36f6e0ef65623ed2dd2ca86a99ebe288e4f3a2,497b8822afdb329df7e593163c058667365610ead0920b891c63d218ed3d89d0,Decoupled,4,0,,,,,,0,0
0.0,800000,1016,7,0b2375f83af7d8edac9f293c480209d2d17de3d9461f3870785d7d16cf44934a,497b8822afdb329df7e593163c058667365610ead0920b891c63d218ed3d89d0,No-Dq-R,1,0,0.0,0.0,0.0,0,0,0,0
0.0,800000,1016,7,0b2375f83af7d8edac9f293c480209d2d17de3d9461f3870785d7d16cf44934a,497b8822afdb329df7e593163c058667365610ead0920b891c63d218ed3d89d0,No-Dq-R,2,-800000,0.056319511058792515,0.053410213882189916,1.0,1,0,0,0
0.0,800000,1016,7,0b2375f83af7d8edac9f293c480209d2d17de3d9461f3870785d7d16cf44934a,497b8822afdb329df7e593163c058667365610ead0920b891c63d218ed3d89d0,No-Dq-R,3,-1600000,0.06971986524450047,0.07044867040812314,0,0,0,0,0
0.0,800000,1016,7,0b2375f83af7d8edac9f293c480209d2d17de3d9461f3870785d7d16cf44934a,497b8822afdb329df7e593163c058667365610ead0920b891c63d218ed3d89d0,No-Dq-R,4,-2400000,0.05872356008459795,0.07036168231863998,0,0,0,0,0
0.0,800000,1016,7,0b2375f83af7d8edac9f293c480209d2d17de3d9461f3870785d7d16cf44934a,497b8822afdb329df7e593163c058667365610ead0920b891c63d218ed3d89d0,Fixed-Dc,1,0,0.0,0.0,0.0,0,0,0,0
0.0,800000,1016,7,0b2375f83af7d8edac9f293c480209d2d17de3d9461f3870785d7d16cf44934a,497b8822afdb329df7e593163c058667365610ead0920b891c63d218ed3d89d0,Fixed-Dc,2,0,0.0,0.0,0,0,0,0,0
0.0,800000,1016,7,0b2375f83af7d8edac9f293c480209d2d17de3d9461f3870785d7d16cf44934a,497b8822afdb329df7e593163c058667365610ead0920b891c63d218ed3d89d0,Fixed-Dc,3,0,0.0,0.0,0,0,0,0,0
0.0,800000,1016,7,0b2375f83af7d8edac9f293c480209d2d17de3d9461f3870785d7d16cf44934a,497b8822afdb329df7e593163c058667365610ead0920b891c63d218ed3d89d0,Fixed-Dc,4,0,0.0,0.0,0,0,0,0,0
0.0,800000,1016,7,0b2375f83af7d8edac9f293c480209d2d17de3d9461f3870785d7d16cf44934a,497b8822afdb329df7e593163c058667365610ead0920b891c63d218ed3d89d0,Decoupled,1,0,,,,,,0,0
0.0,800000,1016,7,0b2375f83af7d8edac9f293c480209d2d17de3d9461f3870785d7d16cf44934a,497b8822afdb329df7e593163c058667365610ead0920b891c63d218ed3d89d0,Decoupled,2,0,,,,,,0,0
0.0,800000,1016,7,0b2375f83af7d8edac9f293c480209d2d17de3d9461f3870785d7d16cf44934a,497b8822afdb329df7e593163c058667365610ead0920b891c63d218ed3d89d0,Decoupled,3,0,,,,,,0,0
0.0,800000,1016,7,0b2375f83af7d8edac9f293c480209d2d17de3d9461f3870785d7d16cf44934a,497b8822afdb329df7e593163c058667365610ead0920b891c63d218ed3d89d0,Decoupled,4,0,,,,,,0,0
0.0,800000,1016,11,0b2375f83af7d8edac9f293c480209d2d17de3d9461f3870785d7d16cf44934a,497b8822afdb329df7e593163c058667365610ead0920b891c63d218ed3d89d0,No-Dq-R,1,0,0.0,0.0,0.0,0,0,0,0
0.0,800000,1016,11,0b2375f83af7d8edac9f293c480209d2d17de3d9461f3870785d7d16cf44934a,497b8822afdb329df7e593163c058667365610ead0920b891c63d218ed3d89d0,No-Dq-R,2,-800000,0.056319511058792515,0.053410213882189916,1.0,1,0,0,0
0.0,800000,1016,11,0b2375f83af7d8edac9f293c480209d2d17de3d9461f3870785d7d16cf44934a,497b8822afdb329df7e593163c058667365610ead0920b891c63d218ed3d89d0,No-Dq-R,3,-1600000,0.0626272107568423,0.07044867040812314,0,0,0,0,0
0.0,800000,1016,11,0b2375f83af7d8edac9f293c480209d2d17de3d9461f3870785d7d16cf44934a,497b8822afdb329df7e593163c058667365610ead0920b891c63d218ed3d89d0,No-Dq-R,4,-2400000,0.05872356008459795,0.07036168231863998,0,0,0,0,0
0.0,800000,1016,11,0b2375f83af7d8edac9f293c480209d2d17de3d9461f3870785d7d16cf44934a,497b8822afdb329df7e593163c058667365610ead0920b891c63d218ed3d89d0,Fixed-Dc,1,0,0.0,0.0,0.0,0,0,0,0
0.0,800000,1016,11,0b2375f83af7d8edac9f293c480209d2d17de3d9461f3870785d7d16cf44934a,497b8822afdb329df7e593163c058667365610ead0920b891c63d218ed3d89d0,Fixed-Dc,2,0,0.0,0.0,0,0,0,0,0
0.0,800000,1016,11,0b2375f83af7d8edac9f293c480209d2d17de3d9461f3870785d7d16cf44934a,497b8822afdb329df7e593163c058667365610ead0920b891c63d218ed3d89d0,Fixed-Dc,3,0,0.0,0.0,0,0,0,0,0
0.0,800000,1016,11,0b2375f83af7d8edac9f293c480209d2d17de3d9461f3870785d7d16cf44934a,497b8822afdb329df7e593163c058667365610ead0920b891c63d218ed3d89d0,Fixed-Dc,4,0,0.0,0.0,0,0,0,0,0
0.0,800000,1016,11,0b2375f83af7d8edac9f293c480209d2d17de3d9461f3870785d7d16cf44934a,497b8822afdb329df7e593163c058667365610ead0920b891c63d218ed3d89d0,Decoupled,1,0,,,,,,0,0
0.0,800000,1016,11,0b2375f83af7d8edac9f293c480209d2d17de3d9461f3870785d7d16cf44934a,497b8822afdb329df7e593163c058667365610ead0920b891c63d218ed3d89d0,Decoupled,2,0,,,,,,0,0
0.0,800000,1016,11,0b2375f83af7d8edac9f293c480209d2d17de3d9461f3870785d7d16cf44934a,497b8822afdb329df7e593163c058667365610ead0920b891c63d218ed3d89d0,Decoupled,3,0,,,,,,0,0
0.0,800000,1016,11,0b2375f83af7d8edac9f293c480209d2d17de3d9461f3870785d7d16cf44934a,497b8822afdb329df7e593163c058667365610ead0920b891c63d218ed3d89d0,Decoupled,4,0,,,,,,0,0
0.0,800000,1017,7,cbccea692766f9340fddc56d824ba4c0c323d4fcefae19939b8ef2bdab4a606c,497b8822afdb329df7e593163c058667365610ead0920b891c63d218ed3d89d0,No-Dq-R,1,0,0.0,0.0,0.0,0,0,0,0
0.0,800000,1017,7,cbccea692766f9340fddc56d824ba4c0c323d4fcefae19939b8ef2bdab4a606c,497b8822afdb329df7e593163c058667365610ead0920b891c63d218ed3d89d0,No-Dq-R,2,-800000,0.056319511058792515,0.053410213882189916,1.0,1,0,0,0
0.0,800000,1017,7,cbccea692766f9340fddc56d824ba4c0c323d4fcefae19939b8ef2bdab4a606c,497b8822afdb329df7e593163c058667365610ead0920b891c63d218ed3d89d0,No-Dq-R,3,-1600000,0.06971986524450047,0.07044867040812314,0,0,0,0,0
0.0,800000,1017,7,cbccea692766f9340fddc56d824ba4c0c323d4fcefae19939b8ef2bdab4a606c,497b8822afdb329df7e593163c058667365610ead0920b891c63d218ed3d89d0,No-Dq-R,4,-2400000,0.05872356008459795,0.07036168231863998,0,0,0,0,0
0.0,800000,1017,7,cbccea692766f9340fddc56d824ba4c0c323d4fcefae19939b8ef2bdab4a606c,497b8822afdb329df7e593163c058667365610ead0920b891c63d218ed3d89d0,Fixed-Dc,1,0,0.0,0.0,0.0,0,0,0,0
0.0,800000,1017,7,cbccea692766f9340fddc56d824ba4c0c323d4fcefae19939b8ef2bdab4a606c,497b8822afdb329df7e593163c058667365610ead0920b891c63d218ed3d89d0,Fixed-Dc,2,0,0.0,0.0,0,0,0,0,0
0.0,800000,1017,7,cbccea692766f9340fddc56d824ba4c0c323d4fcefae19939b8ef2bdab4a606c,497b8822afdb329df7e593163c058667365610ead0920b891c63d218ed3d89d0,Fixed-Dc,3,0,0.0,0.0,0,0,0,0,0
0.0,800000,1017,7,cbccea692766f9340fddc56d824ba4c0c323d4fcefae19939b8ef2bdab4a606c,497b8822afdb329df7e593163c058667365610ead0920b891c63d218ed3d89d0,Fixed-Dc,4,0,0.0,0.0,0,0,0,0,0
0.0,800000,1017,7,cbccea692766f9340fddc56d824ba4c0c323d4fcefae19939b8ef2bdab4a606c,497b8822afdb329df7e593163c058667365610ead0920b891c63d218ed3d89d0,Decoupled,1,0,,,,,,0,0
0.0,800000,1017,7,cbccea692766f9340fddc56d824ba4c0c323d4fcefae19939b8ef2bdab4a606c,497b8822afdb329df7e593163c058667365610ead0920b891c63d218ed3d89d0,Decoupled,2,0,,,,,,0,0
0.0,800000,1017,7,cbccea692766f9340fddc56d824ba4c0c323d4fcefae19939b8ef2bdab4a606c,497b8822afdb329df7e593163c058667365610ead0920b891c63d218ed3d89d0,Decoupled,3,0,,,,,,0,0
0.0,800000,1017,7,cbccea692766f9340fddc56d824ba4c0c323d4fcefae19939b8ef2bdab4a606c,497b8822afdb329df7e593163c058667365610ead0920b891c63d218ed3d89d0,Decoupled,4,0,,,,,,0,0
0.0,800000,1017,11,cbccea692766f9340fddc56d824ba4c0c323d4fcefae19939b8ef2bdab4a606c,497b8822afdb329df7e593163c058667365610ead0920b891c63d218ed3d89d0,No-Dq-R,1,0,0.0,0.0,0.0,0,0,0,0
0.0,800000,1017,11,cbccea692766f9340fddc56d824ba4c0c323d4fcefae19939b8ef2bdab4a606c,497b8822afdb329df7e593163c058667365610ead0920b891c63d218ed3d89d0,No-Dq-R,2,-800000,0.056319511058792515,0.053410213882189916,1.0,1,0,0,0
0.0,800000,1017,11,cbccea692766f9340fddc56d824ba4c0c323d4fcefae19939b8ef2bdab4a606c,497b8822afdb329df7e593163c058667365610ead0920b891c63d218ed3d89d0,No-Dq-R,3,-1600000,0.0626272107568423,0.07044867040812314,0,0,0,0,0
0.0,800000,1017,11,cbccea692766f9340fddc56d824ba4c0c323d4fcefae19939b8ef2bdab4a606c,497b8822afdb329df7e593163c058667365610ead0920b891c63d218ed3d89d0,No-Dq-R,4,-2400000,0.05872356008459795,0.07036168231863998,0,0,0,0,0
0.0,800000,1017,11,cbccea692766f9340fddc56d824ba4c0c323d4fcefae19939b8ef2bdab4a606c,497b8822afdb329df7e593163c058667365610ead0920b891c63d218ed3d89d0,Fixed-Dc,1,0,0.0,0.0,0.0,0,0,0,0
0.0,800000,1017,11,cbccea692766f9340fddc56d824ba4c0c323d4fcefae19939b8ef2bdab4a606c,497b8822afdb329df7e593163c058667365610ead0920b891c63d218ed3d89d0,Fixed-Dc,2,0,0.0,0.0,0,0,0,0,0
0.0,800000,1017,11,cbccea692766f9340fddc56d824ba4c0c323d4fcefae19939b8ef2bdab4a606c,497b8822afdb329df7e593163c058667365610ead0920b891c63d218ed3d89d0,Fixed-Dc,3,0,0.0,0.0,0,0,0,0,0
0.0,800000,1017,11,cbccea692766f9340fddc56d824ba4c0c323d4fcefae19939b8ef2bdab4a606c,497b8822afdb329df7e593163c058667365610ead0920b891c63d218ed3d89d0,Fixed-Dc,4,0,0.0,0.0,0,0,0,0,0
0.0,800000,1017,11,cbccea692766f9340fddc56d824ba4c0c323d4fcefae19939b8ef2bdab4a606c,497b8822afdb329df7e593163c058667365610ead0920b891c63d218ed3d89d0,Decoupled,1,0,,,,,,0,0
0.0,800000,1017,11,cbccea692766f9340fddc56d824ba4c0c323d4fcefae19939b8ef2bdab4a606c,497b8822afdb329df7e593163c058667365610ead0920b891c63d218ed3d89d0,Decoupled,2,0,,,,,,0,0
0.0,800000,1017,11,cbccea692766f9340fddc56d824ba4c0c323d4fcefae19939b8ef2bdab4a606c,497b8822afdb329df7e593163c058667365610ead0920b891c63d218ed3d89d0,Decoupled,3,0,,,,,,0,0
0.0,800000,1017,11,cbccea692766f9340fddc56d824ba4c0c323d4fcefae19939b8ef2bdab4a606c,497b8822afdb329df7e593163c058667365610ead0920b891c63d218ed3d89d0,Decoupled,4,0,,,,,,0,0
0.0,800000,1018,7,5fb1006c08c11af894ca2d9a4bc7833549c2d80299e6cf12479b935c312c66fc,497b8822afdb329df7e593163c058667365610ead0920b891c63d218ed3d89d0,No-Dq-R,1,0,0.0,0.0,0.0,0,0,0,0
0.0,800000,1018,7,5fb1006c08c11af894ca2d9a4bc7833549c2d80299e6cf12479b935c312c66fc,497b8822afdb329df7e593163c058667365610ead0920b891c63d218ed3d89d0,No-Dq-R,2,-800000,0.056319511058792515,0.053410213882189916,1.0,1,0,0,0
0.0,800000,1018,7,5fb1006c08c11af894ca2d9a4bc7833549c2d80299e6cf12479b935c312c66fc,497b8822afdb329df7e593163c058667365610ead0920b891c63d218ed3d89d0,No-Dq-R,3,-1600000,0.06971986524450047,0.07044867040812314,0,0,0,0,0
0.0,800000,1018,7,5fb1006c08c11af894ca2d9a4bc7833549c2d80299e6cf12479b935c312c66fc,497b8822afdb329df7e593163c058667365610ead0920b891c63d218ed3d89d0,No-Dq-R,4,-2400000,0.05872356008459795,0.07036168231863998,0,0,0,0,0
0.0,800000,1018,7,5fb1006c08c11af894ca2d9a4bc7833549c2d80299e6cf12479b935c312c66fc,497b8822afdb329df7e593163c058667365610ead0920b891c63d218ed3d89d0,Fixed-Dc,1,0,0.0,0.0,0.0,0,0,0,0
0.0,800000,1018,7,5fb1006c08c11af894ca2d9a4bc7833549c2d80299e6cf12479b935c312c66fc,497b8822afdb329df7e593163c058667365610ead0920b891c63d218ed3d89d0,Fixed-Dc,2,0,0.0,0.0,0,0,0,0,0
0.0,800000,1018,7,5fb1006c08c11af894ca2d9a4bc7833549c2d80299e6cf12479b935c312c66fc,497b8822afdb329df7e593163c058667365610ead0920b891c63d218ed3d89d0,Fixed-Dc,3,0,0.0,0.0,0,0,0,0,0
0.0,800000,1018,7,5fb1006c08c11af894ca2d9a4bc7833549c2d80299e6cf12479b935c312c66fc,497b8822afdb329df7e593163c058667365610ead0920b891c63d218ed3d89d0,Fixed-Dc,4,0,0.0,0.0,0,0,0,0,0
0.0,800000,1018,7,5fb1006c08c11af894ca2d9a4bc7833549c2d80299e6cf12479b935c312c66fc,497b8822afdb329df7e593163c058667365610ead0920b891c63d218ed3d89d0,Decoupled,1,0,,,,,,0,0
0.0,800000,1018,7,5fb1006c08c11af894ca2d9a4bc7833549c2d80299e6cf12479b935c312c66fc,497b8822afdb329df7e593163c058667365610ead0920b891c63d218ed3d89d0,Decoupled,2,0,,,,,,0,0
0.0,800000,1018,7,5fb1006c08c11af894ca2d9a4bc7833549c2d80299e6cf12479b935c312c66fc,497b8822afdb329df7e593163c058667365610ead0920b891c63d218ed3d89d0,Decoupled,3,0,,,,,,0,0
0.0,800000,1018,7,5fb1006c08c11af894ca2d9a4bc7833549c2d80299e6cf12479b935c312c66fc,497b8822afdb329df7e593163c058667365610ead0920b891c63d218ed3d89d0,Decoupled,4,0,,,,,,0,0
0.0,800000,1018,11,5fb1006c08c11af894ca2d9a4bc7833549c2d80299e6cf12479b935c312c66fc,497b8822afdb329df7e593163c058667365610ead0920b891c63d218ed3d89d0,No-Dq-R,1,0,0.0,0.0,0.0,0,0,0,0
0.0,800000,1018,11,5fb1006c08c11af894ca2d9a4bc7833549c2d80299e6cf12479b935c312c66fc,497b8822afdb329df7e593163c058667365610ead0920b891c63d218ed3d89d0,No-Dq-R,2,-800000,0.056319511058792515,0.053410213882189916,1.0,1,0,0,0
0.0,800000,1018,11,5fb1006c08c11af894ca2d9a4bc7833549c2d80299e6cf12479b935c312c66fc,497b8822afdb329df7e593163c058667365610ead0920b891c63d218ed3d89d0,No-Dq-R,3,-1600000,0.0626272107568423,0.07044867040812314,0,0,0,0,0
0.0,800000,1018,11,5fb1006c08c11af894ca2d9a4bc7833549c2d80299e6cf12479b935c312c66fc,497b8822afdb329df7e593163c058667365610ead0920b891c63d218ed3d89d0,No-Dq-R,4,-2400000,0.05872356008459795,0.07036168231863998,0,0,0,0,0
0.0,800000,1018,11,5fb1006c08c11af894ca2d9a4bc7833549c2d80299e6cf12479b935c312c66fc,497b8822afdb329df7e593163c058667365610ead0920b891c63d218ed3d89d0,Fixed-Dc,1,0,0.0,0.0,0.0,0,0,0,0
0.0,800000,1018,11,5fb1006c08c11af894ca2d9a4bc7833549c2d80299e6cf12479b935c312c66fc,497b8822afdb329df7e593163c058667365610ead0920b891c63d218ed3d89d0,Fixed-Dc,2,0,0.0,0.0,0,0,0,0,0
0.0,800000,1018,11,5fb1006c08c11af894ca2d9a4bc7833549c2d80299e6cf12479b935c312c66fc,497b8822afdb329df7e593163c058667365610ead0920b891c63d218ed3d89d0,Fixed-Dc,3,0,0.0,0.0,0,0,0,0,0
0.0,800000,1018,11,5fb1006c08c11af894ca2d9a4bc7833549c2d80299e6cf12479b935c312c66fc,497b8822afdb329df7e593163c058667365610ead0920b891c63d218ed3d89d0,Fixed-Dc,4,0,0.0,0.0,0,0,0,0,0
0.0,800000,1018,11,5fb1006c08c11af894ca2d9a4bc7833549c2d80299e6cf12479b935c312c66fc,497b8822afdb329df7e593163c058667365610ead0920b891c63d218ed3d89d0,Decoupled,1,0,,,,,,0,0
0.0,800000,1018,11,5fb1006c08c11af894ca2d9a4bc7833549c2d80299e6cf12479b935c312c66fc,497b8822afdb329df7e593163c058667365610ead0920b891c63d218ed3d89d0,Decoupled,2,0,,,,,,0,0
0.0,800000,1018,11,5fb1006c08c11af894ca2d9a4bc7833549c2d80299e6cf12479b935c312c66fc,497b8822afdb329df7e593163c058667365610ead0920b891c63d218ed3d89d0,Decoupled,3,0,,,,,,0,0
0.0,800000,1018,11,5fb1006c08c11af894ca2d9a4bc7833549c2d80299e6cf12479b935c312c66fc,497b8822afdb329df7e593163c058667365610ead0920b891c63d218ed3d89d0,Decoupled,4,0,,,,,,0,0
0.0,800000,1019,7,d84934895da2f38e83107fd0dbe51f1b1f57330d3975bc33d7ab221820db4fc6,497b8822afdb329df7e593163c058667365610ead0920b891c63d218ed3d89d0,No-Dq-R,1,0,0.0,0.0,0.0,0,0,0,0
0.0,800000,1019,7,d84934895da2f38e83107fd0dbe51f1b1f57330d3975bc33d7ab221820db4fc6,497b8822afdb329df7e593163c058667365610ead0920b891c63d218ed3d89d0,No-Dq-R,2,-800000,0.056319511058792515,0.053410213882189916,1.0,1,0,0,0
0.0,800000,1019,7,d84934895da2f38e83107fd0dbe51f1b1f57330d3975bc33d7ab221820db4fc6,497b8822afdb329df7e593163c058667365610ead0920b891c63d218ed3d89d0,No-Dq-R,3,-1600000,0.06971986524450047,0.07044867040812314,0,0,0,0,0
0.0,800000,1019,7,d84934895da2f38e83107fd0dbe51f1b1f57330d3975bc33d7ab221820db4fc6,497b8822afdb329df7e593163c058667365610ead0920b891c63d218ed3d89d0,No-Dq-R,4,-2400000,0.05872356008459795,0.07036168231863998,0,0,0,0,0
0.0,800000,1019,7,d84934895da2f38e83107fd0dbe51f1b1f57330d3975bc33d7ab221820db4fc6,497b8822afdb329df7e593163c058667365610ead0920b891c63d218ed3d89d0,Fixed-Dc,1,0,0.0,0.0,0.0,0,0,0,0
0.0,800000,1019,7,d84934895da2f38e83107fd0dbe51f1b1f57330d3975bc33d7ab221820db4fc6,497b8822afdb329df7e593163c058667365610ead0920b891c63d218ed3d89d0,Fixed-Dc,2,0,0.0,0.0,0,0,0,0,0
0.0,800000,1019,7,d84934895da2f38e83107fd0dbe51f1b1f57330d3975bc33d7ab221820db4fc6,497b8822afdb329df7e593163c058667365610ead0920b891c63d218ed3d89d0,Fixed-Dc,3,0,0.0,0.0,0,0,0,0,0
0.0,800000,1019,7,d84934895da2f38e83107fd0dbe51f1b1f57330d3975bc33d7ab221820db4fc6,497b8822afdb329df7e593163c058667365610ead0920b891c63d218ed3d89d0,Fixed-Dc,4,0,0.0,0.0,0,0,0,0,0
0.0,800000,1019,7,d84934895da2f38e83107fd0dbe51f1b1f57330d3975bc33d7ab221820db4fc6,497b8822afdb329df7e593163c058667365610ead0920b891c63d218ed3d89d0,Decoupled,1,0,,,,,,0,0
0.0,800000,1019,7,d84934895da2f38e83107fd0dbe51f1b1f57330d3975bc33d7ab221820db4fc6,497b8822afdb329df7e593163c058667365610ead0920b891c63d218ed3d89d0,Decoupled,2,0,,,,,,0,0
0.0,800000,1019,7,d84934895da2f38e83107fd0dbe51f1b1f57330d3975bc33d7ab221820db4fc6,497b8822afdb329df7e593163c058667365610ead0920b891c63d218ed3d89d0,Decoupled,3,0,,,,,,0,0
0.0,800000,1019,7,d84934895da2f38e83107fd0dbe51f1b1f57330d3975bc33d7ab221820db4fc6,497b8822afdb329df7e593163c058667365610ead0920b891c63d218ed3d89d0,Decoupled,4,0,,,,,,0,0
0.0,800000,1019,11,d84934895da2f38e83107fd0dbe51f1b1f57330d3975bc33d7ab221820db4fc6,497b8822afdb329df7e593163c058667365610ead0920b891c63d218ed3d89d0,No-Dq-R,1,0,0.0,0.0,0.0,0,0,0,0
0.0,800000,1019,11,d84934895da2f38e83107fd0dbe51f1b1f57330d3975bc33d7ab221820db4fc6,497b8822afdb329df7e593163c058667365610ead0920b891c63d218ed3d89d0,No-Dq-R,2,-800000,0.056319511058792515,0.053410213882189916,1.0,1,0,0,0
0.0,800000,1019,11,d84934895da2f38e83107fd0dbe51f1b1f57330d3975bc33d7ab221820db4fc6,497b8822afdb329df7e593163c058667365610ead0920b891c63d218ed3d89d0,No-Dq-R,3,-1600000,0.0626272107568423,0.07044867040812314,0,0,0,0,0
0.0,800000,1019,11,d84934895da2f38e83107fd0dbe51f1b1f57330d3975bc33d7ab221820db4fc6,497b8822afdb329df7e593163c058667365610ead0920b891c63d218ed3d89d0,No-Dq-R,4,-2400000,0.05872356008459795,0.07036168231863998,0,0,0,0,0
0.0,800000,1019,11,d84934895da2f38e83107fd0dbe51f1b1f57330d3975bc33d7ab221820db4fc6,497b8822afdb329df7e593163c058667365610ead0920b891c63d218ed3d89d0,Fixed-Dc,1,0,0.0,0.0,0.0,0,0,0,0
0.0,800000,1019,11,d84934895da2f38e83107fd0dbe51f1b1f57330d3975bc33d7ab221820db4fc6,497b8822afdb329df7e593163c058667365610ead0920b891c63d218ed3d89d0,Fixed-Dc,2,0,0.0,0.0,0,0,0,0,0
0.0,800000,1019,11,d84934895da2f38e83107fd0dbe51f1b1f57330d3975bc33d7ab221820db4fc6,497b8822afdb329df7e593163c058667365610ead0920b891c63d218ed3d89d0,Fixed-Dc,3,0,0.0,0.0,0,0,0,0,0
0.0,800000,1019,11,d84934895da2f38e83107fd0dbe51f1b1f57330d3975bc33d7ab221820db4fc6,497b8822afdb329df7e593163c058667365610ead0920b891c63d218ed3d89d0,Fixed-Dc,4,0,0.0,0.0,0,0,0,0,0
0.0,800000,1019,11,d84934895da2f38e83107fd0dbe51f1b1f57330d3975bc33d7ab221820db4fc6,497b8822afdb329df7e593163c058667365610ead0920b891c63d218ed3d89d0,Decoupled,1,0,,,,,,0,0
0.0,800000,1019,11,d84934895da2f38e83107fd0dbe51f1b1f57330d3975bc33d7ab221820db4fc6,497b8822afdb329df7e593163c058667365610ead0920b891c63d218ed3d89d0,Decoupled,2,0,,,,,,0,0
0.0,800000,1019,11,d84934895da2f38e83107fd0dbe51f1b1f57330d3975bc33d7ab221820db4fc6,497b8822afdb329df7e593163c058667365610ead0920b891c63d218ed3d89d0,Decoupled,3,0,,,,,,0,0
0.0,800000,1019,11,d84934895da2f38e83107fd0dbe51f1b1f57330d3975bc33d7ab221820db4fc6,497b8822afdb329df7e593163c058667365610ead0920b891c63d218ed3d89d0,Decoupled,4,0,,,,,,0,0
0.0,800000,1020,7,e660d70c9b6003cafe1e1ea571f29bae174e1c5dac7b227b15f800e8d7c9fb92,497b8822afdb329df7e593163c058667365610ead0920b891c63d218ed3d89d0,No-Dq-R,1,0,0.0,0.0,0.0,0,0,0,0
0.0,800000,1020,7,e660d70c9b6003cafe1e1ea571f29bae174e1c5dac7b227b15f800e8d7c9fb92,497b8822afdb329df7e593163c058667365610ead0920b891c63d218ed3d89d0,No-Dq-R,2,-800000,0.056319511058792515,0.053410213882189916,1.0,1,0,0,0
0.0,800000,1020,7,e660d70c9b6003cafe1e1ea571f29bae174e1c5dac7b227b15f800e8d7c9fb92,497b8822afdb329df7e593163c058667365610ead0920b891c63d218ed3d89d0,No-Dq-R,3,-1600000,0.06971986524450047,0.07044867040812314,0,0,0,0,0
0.0,800000,1020,7,e660d70c9b6003cafe1e1ea571f29bae174e1c5dac7b227b15f800e8d7c9fb92,497b8822afdb329df7e593163c058667365610ead0920b891c63d218ed3d89d0,No-Dq-R,4,-2400000,0.05872356008459795,0.07036168231863998,0,0,0,0,0
0.0,800000,1020,7,e660d70c9b6003cafe1e1ea571f29bae174e1c5dac7b227b15f800e8d7c9fb92,497b8822afdb329df7e593163c058667365610ead0920b891c63d218ed3d89d0,Fixed-Dc,1,0,0.0,0.0,0.0,0,0,0,0
0.0,800000,1020,7,e660d70c9b6003cafe1e1ea571f29bae174e1c5dac7b227b15f800e8d7c9fb92,497b8822afdb329df7e593163c058667365610ead0920b891c63d218ed3d89d0,Fixed-Dc,2,0,0.0,0.0,0,0,0,0,0
0.0,800000,1020,7,e660d70c9b6003cafe1e1ea571f29bae174e1c5dac7b227b15f800e8d7c9fb92,497b8822afdb329df7e593163c058667365610ead0920b891c63d218ed3d89d0,Fixed-Dc,3,0,0.0,0.0,0,0,0,0,0
0.0,800000,1020,7,e660d70c9b6003cafe1e1ea571f29bae174e1c5dac7b227b15f800e8d7c9fb92,497b8822afdb329df7e593163c058667365610ead0920b891c63d218ed3d89d0,Fixed-Dc,4,0,0.0,0.0,0,0,0,0,0
0.0,800000,1020,7,e660d70c9b6003cafe1e1ea571f29bae174e1c5dac7b227b15f800e8d7c9fb92,497b8822afdb329df7e593163c058667365610ead0920b891c63d218ed3d89d0,Decoupled,1,0,,,,,,0,0
0.0,800000,1020,7,e660d70c9b6003cafe1e1ea571f29bae174e1c5dac7b227b15f800e8d7c9fb92,497b8822afdb329df7e593163c058667365610ead0920b891c63d218ed3d89d0,Decoupled,2,0,,,,,,0,0
0.0,800000,1020,7,e660d70c9b6003cafe1e1ea571f29bae174e1c5dac7b227b15f800e8d7c9fb92,497b8822afdb329df7e593163c058667365610ead0920b891c63d218ed3d89d0,Decoupled,3,0,,,,,,0,0
0.0,800000,1020,7,e660d70c9b6003cafe1e1ea571f29bae174e1c5dac7b227b15f800e8d7c9fb92,497b8822afdb329df7e593163c058667365610ead0920b891c63d218ed3d89d0,Decoupled,4,0,,,,,,0,0
0.0,800000,1020,11,e660d70c9b6003cafe1e1ea571f29bae174e1c5dac7b227b15f800e8d7c9fb92,497b8822afdb329df7e593163c058667365610ead0920b891c63d218ed3d89d0,No-Dq-R,1,0,0.0,0.0,0.0,0,0,0,0
0.0,800000,1020,11,e660d70c9b6003cafe1e1ea571f29bae174e1c5dac7b227b15f800e8d7c9fb92,497b8822afdb329df7e593163c058667365610ead0920b891c63d218ed3d89d0,No-Dq-R,2,-800000,0.056319511058792515,0.053410213882189916,1.0,1,0,0,0
0.0,800000,1020,11,e660d70c9b6003cafe1e1ea571f29bae174e1c5dac7b227b15f800e8d7c9fb92,497b8822afdb329df7e593163c058667365610ead0920b891c63d218ed3d89d0,No-Dq-R,3,-1600000,0.0626272107568423,0.07044867040812314,0,0,0,0,0
0.0,800000,1020,11,e660d70c9b6003cafe1e1ea571f29bae174e1c5dac7b227b15f800e8d7c9fb92,497b8822afdb329df7e593163c058667365610ead0920b891c63d218ed3d89d0,No-Dq-R,4,-2400000,0.05872356008459795,0.07036168231863998,0,0,0,0,0
0.0,800000,1020,11,e660d70c9b6003cafe1e1ea571f29bae174e1c5dac7b227b15f800e8d7c9fb92,497b8822afdb329df7e593163c058667365610ead0920b891c63d218ed3d89d0,Fixed-Dc,1,0,0.0,0.0,0.0,0,0,0,0
0.0,800000,1020,11,e660d70c9b6003cafe1e1ea571f29bae174e1c5dac7b227b15f800e8d7c9fb92,497b8822afdb329df7e593163c058667365610ead0920b891c63d218ed3d89d0,Fixed-Dc,2,0,0.0,0.0,0,0,0,0,0
0.0,800000,1020,11,e660d70c9b6003cafe1e1ea571f29bae174e1c5dac7b227b15f800e8d7c9fb92,497b8822afdb329df7e593163c058667365610ead0920b891c63d218ed3d89d0,Fixed-Dc,3,0,0.0,0.0,0,0,0,0,0
0.0,800000,1020,11,e660d70c9b6003cafe1e1ea571f29bae174e1c5dac7b227b15f800e8d7c9fb92,497b8822afdb329df7e593163c058667365610ead0920b891c63d218ed3d89d0,Fixed-Dc,4,0,0.0,0.0,0,0,0,0,0
0.0,800000,1020,11,e660d70c9b6003cafe1e1ea571f29bae174e1c5dac7b227b15f800e8d7c9fb92,497b8822afdb329df7e593163c058667365610ead0920b891c63d218ed3d89d0,Decoupled,1,0,,,,,,0,0
0.0,800000,1020,11,e660d70c9b6003cafe1e1ea571f29bae174e1c5dac7b227b15f800e8d7c9fb92,497b8822afdb329df7e593163c058667365610ead0920b891c63d218ed3d89d0,Decoupled,2,0,,,,,,0,0
0.0,800000,1020,11,e660d70c9b6003cafe1e1ea571f29bae174e1c5dac7b227b15f800e8d7c9fb92,497b8822afdb329df7e593163c058667365610ead0920b891c63d218ed3d89d0,Decoupled,3,0,,,,,,0,0
0.0,800000,1020,11,e660d70c9b6003cafe1e1ea571f29bae174e1c5dac7b227b15f800e8d7c9fb92,497b8822afdb329df7e593163c058667365610ead0920b891c63d218ed3d89d0,Decoupled,4,0,,,,,,0,0
0.0,800000,1021,7,7dc3412c5a1952c5a176234762ab07526bbcc3aee91c581f374feccf8ef67f5d,497b8822afdb329df7e593163c058667365610ead0920b891c63d218ed3d89d0,No-Dq-R,1,0,0.0,0.0,0.0,0,0,0,0
0.0,800000,1021,7,7dc3412c5a1952c5a176234762ab07526bbcc3aee91c581f374feccf8ef67f5d,497b8822afdb329df7e593163c058667365610ead0920b891c63d218ed3d89d0,No-Dq-R,2,-800000,0.056319511058792515,0.053410213882189916,1.0,1,0,0,0
0.0,800000,1021,7,7dc3412c5a1952c5a176234762ab07526bbcc3aee91c581f374feccf8ef67f5d,497b8822afdb329df7e593163c058667365610ead0920b891c63d218ed3d89d0,No-Dq-R,3,-1600000,0.06971986524450047,0.07044867040812314,0,0,0,0,0
0.0,800000,1021,7,7dc3412c5a1952c5a176234762ab07526bbcc3aee91c581f374feccf8ef67f5d,497b8822afdb329df7e593163c058667365610ead0920b891c63d218ed3d89d0,No-Dq-R,4,-2400000,0.05872356008459795,0.07036168231863998,0,0,0,0,0
0.0,800000,1021,7,7dc3412c5a1952c5a176234762ab07526bbcc3aee91c581f374feccf8ef67f5d,497b8822afdb329df7e593163c058667365610ead0920b891c63d218ed3d89d0,Fixed-Dc,1,0,0.0,0.0,0.0,0,0,0,0
0.0,800000,1021,7,7dc3412c5a1952c5a176234762ab07526bbcc3aee91c581f374feccf8ef67f5d,497b8822afdb329df7e593163c058667365610ead0920b891c63d218ed3d89d0,Fixed-Dc,2,0,0.0,0.0,0,0,0,0,0
0.0,800000,1021,7,7dc3412c5a1952c5a176234762ab07526bbcc3aee91c581f374feccf8ef67f5d,497b8822afdb329df7e593163c058667365610ead0920b891c63d218ed3d89d0,Fixed-Dc,3,0,0.0,0.0,0,0,0,0,0
0.0,800000,1021,7,7dc3412c5a1952c5a176234762ab07526bbcc3aee91c581f374feccf8ef67f5d,497b8822afdb329df7e593163c058667365610ead0920b891c63d218ed3d89d0,Fixed-Dc,4,0,0.0,0.0,0,0,0,0,0
0.0,800000,1021,7,7dc3412c5a1952c5a176234762ab07526bbcc3aee91c581f374feccf8ef67f5d,497b8822afdb329df7e593163c058667365610ead0920b891c63d218ed3d89d0,Decoupled,1,0,,,,,,0,0
0.0,800000,1021,7,7dc3412c5a1952c5a176234762ab07526bbcc3aee91c581f374feccf8ef67f5d,497b8822afdb329df7e593163c058667365610ead0920b891c63d218ed3d89d0,Decoupled,2,0,,,,,,0,0
0.0,800000,1021,7,7dc3412c5a1952c5a176234762ab07526bbcc3aee91c581f374feccf8ef67f5d,497b8822afdb329df7e593163c058667365610ead0920b891c63d218ed3d89d0,Decoupled,3,0,,,,,,0,0
0.0,800000,1021,7,7dc3412c5a1952c5a176234762ab07526bbcc3aee91c581f374feccf8ef67f5d,497b8822afdb329df7e593163c058667365610ead0920b891c63d218ed3d89d0,Decoupled,4,0,,,,,,0,0
0.0,800000,1021,11,7dc3412c5a1952c5a176234762ab07526bbcc3aee91c581f374feccf8ef67f5d,497b8822afdb329df7e593163c058667365610ead0920b891c63d218ed3d89d0,No-Dq-R,1,0,0.0,0.0,0.0,0,0,0,0
0.0,800000,1021,11,7dc3412c5a1952c5a176234762ab07526bbcc3aee91c581f374feccf8ef67f5d,497b8822afdb329df7e593163c058667365610ead0920b891c63d218ed3d89d0,No-Dq-R,2,-800000,0.056319511058792515,0.053410213882189916,1.0,1,0,0,0
0.0,800000,1021,11,7dc3412c5a1952c5a176234762ab07526bbcc3aee91c581f374feccf8ef67f5d,497b8822afdb329df7e593163c058667365610ead0920b891c63d218ed3d89d0,No-Dq-R,3,-1600000,0.0626272107568423,0.07044867040812314,0,0,0,0,0
0.0,800000,1021,11,7dc3412c5a1952c5a176234762ab07526bbcc3aee91c581f374feccf8ef67f5d,497b8822afdb329df7e593163c058667365610ead0920b891c63d218ed3d89d0,No-Dq-R,4,-2400000,0.05872356008459795,0.07036168231863998,0,0,0,0,0
0.0,800000,1021,11,7dc3412c5a1952c5a176234762ab07526bbcc3aee91c581f374feccf8ef67f5d,497b8822afdb329df7e593163c058667365610ead0920b891c63d218ed3d89d0,Fixed-Dc,1,0,0.0,0.0,0.0,0,0,0,0
0.0,800000,1021,11,7dc3412c5a1952c5a176234762ab07526bbcc3aee91c581f374feccf8ef67f5d,497b8822afdb329df7e593163c058667365610ead0920b891c63d218ed3d89d0,Fixed-Dc,2,0,0.0,0.0,0,0,0,0,0
0.0,800000,1021,11,7dc3412c5a1952c5a176234762ab07526bbcc3aee91c581f374feccf8ef67f5d,497b8822afdb329df7e593163c058667365610ead0920b891c63d218ed3d89d0,Fixed-Dc,3,0,0.0,0.0,0,0,0,0,0
0.0,800000,1021,11,7dc3412c5a1952c5a176234762ab07526bbcc3aee91c581f374feccf8ef67f5d,497b8822afdb329df7e593163c058667365610ead0920b891c63d218ed3d89d0,Fixed-Dc,4,0,0.0,0.0,0,0,0,0,0
0.0,800000,1021,11,7dc3412c5a1952c5a176234762ab07526bbcc3aee91c581f374feccf8ef67f5d,497b8822afdb329df7e593163c058667365610ead0920b891c63d218ed3d89d0,Decoupled,1,0,,,,,,0,0
0.0,800000,1021,11,7dc3412c5a1952c5a176234762ab07526bbcc3aee91c581f374feccf8ef67f5d,497b8822afdb329df7e593163c058667365610ead0920b891c63d218ed3d89d0,Decoupled,2,0,,,,,,0,0
0.0,800000,1021,11,7dc3412c5a1952c5a176234762ab07526bbcc3aee91c581f374feccf8ef67f5d,497b8822afdb329df7e593163c058667365610ead0920b891c63d218ed3d89d0,Decoupled,3,0,,,,,,0,0
0.0,800000,1021,11,7dc3412c5a1952c5a176234762ab07526bbcc3aee91c581f374feccf8ef67f5d,497b8822afdb329df7e593163c058667365610ead0920b891c63d218ed3d89d0,Decoupled,4,0,,,,,,0,0
0.0,800000,1022,7,a34269a5b65eb89ad28adb767ec276f52c6dcf38990cdbd2e8616636d4e68e1b,497b8822afdb329df7e593163c058667365610ead0920b891c63d218ed3d89d0,No-Dq-R,1,0,0.0,0.0,0.0,0,0,0,0
0.0,800000,1022,7,a34269a5b65eb89ad28adb767ec276f52c6dcf38990cdbd2e8616636d4e68e1b,497b8822afdb329df7e593163c058667365610ead0920b891c63d218ed3d89d0,No-Dq-R,2,-800000,0.056319511058792515,0.053410213882189916,1.0,1,0,0,0
0.0,800000,1022,7,a34269a5b65eb89ad28adb767ec276f52c6dcf38990cdbd2e8616636d4e68e1b,497b8822afdb329df7e593163c058667365610ead0920b891c63d218ed3d89d0,No-Dq-R,3,-1600000,0.06971986524450047,0.07044867040812314,0,0,0,0,0
0.0,800000,1022,7,a34269a5b65eb89ad28adb767ec276f52c6dcf38990cdbd2e8616636d4e68e1b,497b8822afdb329df7e593163c058667365610ead0920b891c63d218ed3d89d0,No-Dq-R,4,-2400000,0.05872356008459795,0.07036168231863998,0,0,0,0,0
0.0,800000,1022,7,a34269a5b65eb89ad28adb767ec276f52c6dcf38990cdbd2e8616636d4e68e1b,497b8822afdb329df7e593163c058667365610ead0920b891c63d218ed3d89d0,Fixed-Dc,1,0,0.0,0.0,0.0,0,0,0,0
0.0,800000,1022,7,a34269a5b65eb89ad28adb767ec276f52c6dcf38990cdbd2e8616636d4e68e1b,497b8822afdb329df7e593163c058667365610ead0920b891c63d218ed3d89d0,Fixed-Dc,2,0,0.0,0.0,0,0,0,0,0
0.0,800000,1022,7,a34269a5b65eb89ad28adb767ec276f52c6dcf38990cdbd2e8616636d4e68e1b,497b8822afdb329df7e593163c058667365610ead0920b891c63d218ed3d89d0,Fixed-Dc,3,0,0.0,0.0,0,0,0,0,0
0.0,800000,1022,7,a34269a5b65eb89ad28adb767ec276f52c6dcf38990cdbd2e8616636d4e68e1b,497b8822afdb329df7e593163c058667365610ead0920b891c63d218ed3d89d0,Fixed-Dc,4,0,0.0,0.0,0,0,0,0,0
0.0,800000,1022,7,a34269a5b65eb89ad28adb767ec276f52c6dcf38990cdbd2e8616636d4e68e1b,497b8822afdb329df7e593163c058667365610ead0920b891c63d218ed3d89d0,Decoupled,1,0,,,,,,0,0
0.0,800000,1022,7,a34269a5b65eb89ad28adb767ec276f52c6dcf38990cdbd2e8616636d4e68e1b,497b8822afdb329df7e593163c058667365610ead0920b891c63d218ed3d89d0,Decoupled,2,0,,,,,,0,0
0.0,800000,1022,7,a34269a5b65eb89ad28adb767ec276f52c6dcf38990cdbd2e8616636d4e68e1b,497b8822afdb329df7e593163c058667365610ead0920b891c63d218ed3d89d0,Decoupled,3,0,,,,,,0,0
0.0,800000,1022,7,a34269a5b65eb89ad28adb767ec276f52c6dcf38990cdbd2e8616636d4e68e1b,497b8822afdb329df7e593163c058667365610ead0920b891c63d218ed3d89d0,Decoupled,4,0,,,,,,0,0
0.0,800000,1022,11,a34269a5b65eb89ad28adb767ec276f52c6dcf38990cdbd2e8616636d4e68e1b,497b8822afdb329df7e593163c058667365610ead0920b891c63d218ed3d89d0,No-Dq-R,1,0,0.0,0.0,0.0,0,0,0,0
0.0,800000,1022,11,a34269a5b65eb89ad28adb767ec276f52c6dcf38990cdbd2e8616636d4e68e1b,497b8822afdb329df7e593163c058667365610ead0920b891c63d218ed3d89d0,No-Dq-R,2,-800000,0.056319511058792515,0.053410213882189916,1.0,1,0,0,0
0.0,800000,1022,11,a34269a5b65eb89ad28adb767ec276f52c6dcf38990cdbd2e8616636d4e68e1b,497b8822afdb329df7e593163c058667365610ead0920b891c63d218ed3d89d0,No-Dq-R,3,-1600000,0.0626272107568423,0.07044867040812314,0,0,0,0,0
0.0,800000,1022,11,a34269a5b65eb89ad28adb767ec276f52c6dcf38990cdbd2e8616636d4e68e1b,497b8822afdb329df7e593163c058667365610ead0920b891c63d218ed3d89d0,No-Dq-R,4,-2400000,0.05872356008459795,0.07036168231863998,0,0,0,0,0
0.0,800000,1022,11,a34269a5b65eb89ad28adb767ec276f52c6dcf38990cdbd2e8616636d4e68e1b,497b8822afdb329df7e593163c058667365610ead0920b891c63d218ed3d89d0,Fixed-Dc,1,0,0.0,0.0,0.0,0,0,0,0
0.0,800000,1022,11,a34269a5b65eb89ad28adb767ec276f52c6dcf38990cdbd2e8616636d4e68e1b,497b8822afdb329df7e593163c058667365610ead0920b891c63d218ed3d89d0,Fixed-Dc,2,0,0.0,0.0,0,0,0,0,0
0.0,800000,1022,11,a34269a5b65eb89ad28adb767ec276f52c6dcf38990cdbd2e8616636d4e68e1b,497b8822afdb329df7e593163c058667365610ead0920b891c63d218ed3d89d0,Fixed-Dc,3,0,0.0,0.0,0,0,0,0,0
0.0,800000,1022,11,a34269a5b65eb89ad28adb767ec276f52c6dcf38990cdbd2e8616636d4e68e1b,497b8822afdb329df7e593163c058667365610ead0920b891c63d218ed3d89d0,Fixed-Dc,4,0,0.0,0.0,0,0,0,0,0
0.0,800000,1022,11,a34269a5b65eb89ad28adb767ec276f52c6dcf38990cdbd2e8616636d4e68e1b,497b8822afdb329df7e593163c058667365610ead0920b891c63d218ed3d89d0,Decoupled,1,0,,,,,,0,0
0.0,800000,1022,11,a34269a5b65eb89ad28adb767ec276f52c6dcf38990cdbd2e8616636d4e68e1b,497b8822afdb329df7e593163c058667365610ead0920b891c63d218ed3d89d0,Decoupled,2,0,,,,,,0,0
0.0,800000,1022,11,a34269a5b65eb89ad28adb767ec276f52c6dcf38990cdbd2e8616636d4e68e1b,497b8822afdb329df7e593163c058667365610ead0920b891c63d218ed3d89d0,Decoupled,3,0,,,,,,0,0
0.0,800000,1022,11,a34269a5b65eb89ad28adb767ec276f52c6dcf38990cdbd2e8616636d4e68e1b,497b8822afdb329df7e593163c058667365610ead0920b891c63d218ed3d89d0,Decoupled,4,0,,,,,,0,0
0.0,800000,1023,7,555d9a918833e2840ee1d73e9891e2d39ba00421879f96af3fda90a5a5a5c075,497b8822afdb329df7e593163c058667365610ead0920b891c63d218ed3d89d0,No-Dq-R,1,0,0.0,0.0,0.0,0,0,0,0
0.0,800000,1023,7,555d9a918833e2840ee1d73e9891e2d39ba00421879f96af3fda90a5a5a5c075,497b8822afdb329df7e593163c058667365610ead0920b891c63d218ed3d89d0,No-Dq-R,2,-800000,0.056319511058792515,0.053410213882189916,1.0,1,0,0,0
0.0,800000,1023,7,555d9a918833e2840ee1d73e9891e2d39ba00421879f96af3fda90a5a5a5c075,497b8822afdb329df7e593163c058667365610ead0920b891c63d218ed3d89d0,No-Dq-R,3,-1600000,0.06971986524450047,0.07044867040812314,0,0,0,0,0
0.0,800000,1023,7,555d9a918833e2840ee1d73e9891e2d39ba00421879f96af3fda90a5a5a5c075,497b8822afdb329df7e593163c058667365610ead0920b891c63d218ed3d89d0,No-Dq-R,4,-2400000,0.05872356008459795,0.07036168231863998,0,0,0,0,0
0.0,800000,1023,7,555d9a918833e2840ee1d73e9891e2d39ba00421879f96af3fda90a5a5a5c075,497b8822afdb329df7e593163c058667365610ead0920b891c63d218ed3d89d0,Fixed-Dc,1,0,0.0,0.0,0.0,0,0,0,0
0.0,800000,1023,7,555d9a918833e2840ee1d73e9891e2d39ba00421879f96af3fda90a5a5a5c075,497b8822afdb329df7e593163c058667365610ead0920b891c63d218ed3d89d0,Fixed-Dc,2,0,0.0,0.0,0,0,0,0,0
0.0,800000,1023,7,555d9a918833e2840ee1d73e9891e2d39ba00421879f96af3fda90a5a5a5c075,497b8822afdb329df7e593163c058667365610ead0920b891c63d218ed3d89d0,Fixed-Dc,3,0,0.0,0.0,0,0,0,0,0
0.0,800000,1023,7,555d9a918833e2840ee1d73e9891e2d39ba00421879f96af3fda90a5a5a5c075,497b8822afdb329df7e593163c058667365610ead0920b891c63d218ed3d89d0,Fixed-Dc,4,0,0.0,0.0,0,0,0,0,0
0.0,800000,1023,7,555d9a918833e2840ee1d73e9891e2d39ba00421879f96af3fda90a5a5a5c075,497b8822afdb329df7e593163c058667365610ead0920b891c63d218ed3d89d0,Decoupled,1,0,,,,,,0,0
0.0,800000,1023,7,555d9a918833e2840ee1d73e9891e2d39ba00421879f96af3fda90a5a5a5c075,497b8822afdb329df7e593163c058667365610ead0920b891c63d218ed3d89d0,Decoupled,2,0,,,,,,0,0
0.0,800000,1023,7,555d9a918833e2840ee1d73e9891e2d39ba00421879f96af3fda90a5a5a5c075,497b8822afdb329df7e593163c058667365610ead0920b891c63d218ed3d89d0,Decoupled,3,0,,,,,,0,0
0.0,800000,1023,7,555d9a918833e2840ee1d73e9891e2d39ba00421879f96af3fda90a5a5a5c075,497b8822afdb329df7e593163c058667365610ead0920b891c63d218ed3d89d0,Decoupled,4,0,,,,,,0,0
0.0,800000,1023,11,555d9a918833e2840ee1d73e9891e2d39ba00421879f96af3fda90a5a5a5c075,497b8822afdb329df7e593163c058667365610ead0920b891c63d218ed3d89d0,No-Dq-R,1,0,0.0,0.0,0.0,0,0,0,0
0.0,800000,1023,11,555d9a918833e2840ee1d73e9891e2d39ba00421879f96af3fda90a5a5a5c075,497b8822afdb329df7e593163c058667365610ead0920b891c63d218ed3d89d0,No-Dq-R,2,-800000,0.056319511058792515,0.053410213882189916,1.0,1,0,0,0
0.0,800000,1023,11,555d9a918833e2840ee1d73e9891e2d39ba00421879f96af3fda90a5a5a5c075,497b8822afdb329df7e593163c058667365610ead0920b891c63d218ed3d89d0,No-Dq-R,3,-1600000,0.0626272107568423,0.07044867040812314,0,0,0,0,0
0.0,800000,1023,11,555d9a918833e2840ee1d73e9891e2d39ba00421879f96af3fda90a5a5a5c075,497b8822afdb329df7e593163c058667365610ead0920b891c63d218ed3d89d0,No-Dq-R,4,-2400000,0.05872356008459795,0.07036168231863998,0,0,0,0,0
0.0,800000,1023,11,555d9a918833e2840ee1d73e9891e2d39ba00421879f96af3fda90a5a5a5c075,497b8822afdb329df7e593163c058667365610ead0920b891c63d218ed3d89d0,Fixed-Dc,1,0,0.0,0.0,0.0,0,0,0,0
0.0,800000,1023,11,555d9a918833e2840ee1d73e9891e2d39ba00421879f96af3fda90a5a5a5c075,497b8822afdb329df7e593163c058667365610ead0920b891c63d218ed3d89d0,Fixed-Dc,2,0,0.0,0.0,0,0,0,0,0
0.0,800000,1023,11,555d9a918833e2840ee1d73e9891e2d39ba00421879f96af3fda90a5a5a5c075,497b8822afdb329df7e593163c058667365610ead0920b891c63d218ed3d89d0,Fixed-Dc,3,0,0.0,0.0,0,0,0,0,0
0.0,800000,1023,11,555d9a918833e2840ee1d73e9891e2d39ba00421879f96af3fda90a5a5a5c075,497b8822afdb329df7e593163c058667365610ead0920b891c63d218ed3d89d0,Fixed-Dc,4,0,0.0,0.0,0,0,0,0,0
0.0,800000,1023,11,555d9a918833e2840ee1d73e9891e2d39ba00421879f96af3fda90a5a5a5c075,497b8822afdb329df7e593163c058667365610ead0920b891c63d218ed3d89d0,Decoupled,1,0,,,,,,0,0
0.0,800000,1023,11,555d9a918833e2840ee1d73e9891e2d39ba00421879f96af3fda90a5a5a5c075,497b8822afdb329df7e593163c058667365610ead0920b891c63d218ed3d89d0,Decoupled,2,0,,,,,,0,0
0.0,800000,1023,11,555d9a918833e2840ee1d73e9891e2d39ba00421879f96af3fda90a5a5a5c075,497b8822afdb329df7e593163c058667365610ead0920b891c63d218ed3d89d0,Decoupled,3,0,,,,,,0,0
0.0,800000,1023,11,555d9a918833e2840ee1d73e9891e2d39ba00421879f96af3fda90a5a5a5c075,497b8822afdb329df7e593163c058667365610ead0920b891c63d218ed3d89d0,Decoupled,4,0,,,,,,0,0
0.0,800000,1024,7,6baecb4d81f8a3f8ef0086e7179250393ac65976d5c749114ea3e69fc6e28440,497b8822afdb329df7e593163c058667365610ead0920b891c63d218ed3d89d0,No-Dq-R,1,0,0.0,0.0,0.0,0,0,0,0
0.0,800000,1024,7,6baecb4d81f8a3f8ef0086e7179250393ac65976d5c749114ea3e69fc6e28440,497b8822afdb329df7e593163c058667365610ead0920b891c63d218ed3d89d0,No-Dq-R,2,-800000,0.056319511058792515,0.053410213882189916,1.0,1,0,0,0
0.0,800000,1024,7,6baecb4d81f8a3f8ef0086e7179250393ac65976d5c749114ea3e69fc6e28440,497b8822afdb329df7e593163c058667365610ead0920b891c63d218ed3d89d0,No-Dq-R,3,-1600000,0.06971986524450047,0.07044867040812314,0,0,0,0,0
0.0,800000,1024,7,6baecb4d81f8a3f8ef0086e7179250393ac65976d5c749114ea3e69fc6e28440,497b8822afdb329df7e593163c058667365610ead0920b891c63d218ed3d89d0,No-Dq-R,4,-2400000,0.05872356008459795,0.07036168231863998,0,0,0,0,0
0.0,800000,1024,7,6baecb4d81f8a3f8ef0086e7179250393ac65976d5c749114ea3e69fc6e28440,497b8822afdb329df7e593163c058667365610ead0920b891c63d218ed3d89d0,Fixed-Dc,1,0,0.0,0.0,0.0,0,0,0,0
0.0,800000,1024,7,6baecb4d81f8a3f8ef0086e7179250393ac65976d5c749114ea3e69fc6e28440,497b8822afdb329df7e593163c058667365610ead0920b891c63d218ed3d89d0,Fixed-Dc,2,0,0.0,0.0,0,0,0,0,0
0.0,800000,1024,7,6baecb4d81f8a3f8ef0086e7179250393ac65976d5c749114ea3e69fc6e28440,497b8822afdb329df7e593163c058667365610ead0920b891c63d218ed3d89d0,Fixed-Dc,3,0,0.0,0.0,0,0,0,0,0
0.0,800000,1024,7,6baecb4d81f8a3f8ef0086e7179250393ac65976d5c749114ea3e69fc6e28440,497b8822afdb329df7e593163c058667365610ead0920b891c63d218ed3d89d0,Fixed-Dc,4,0,0.0,0.0,0,0,0,0,0
0.0,800000,1024,7,6baecb4d81f8a3f8ef0086e7179250393ac65976d5c749114ea3e69fc6e28440,497b8822afdb329df7e593163c058667365610ead0920b891c63d218ed3d89d0,Decoupled,1,0,,,,,,0,0
0.0,800000,1024,7,6baecb4d81f8a3f8ef0086e7179250393ac65976d5c749114ea3e69fc6e28440,497b8822afdb329df7e593163c058667365610ead0920b891c63d218ed3d89d0,Decoupled,2,0,,,,,,0,0
0.0,800000,1024,7,6baecb4d81f8a3f8ef0086e7179250393ac65976d5c749114ea3e69fc6e28440,497b8822afdb329df7e593163c058667365610ead0920b891c63d218ed3d89d0,Decoupled,3,0,,,,,,0,0
0.0,800000,1024,7,6baecb4d81f8a3f8ef0086e7179250393ac65976d5c749114ea3e69fc6e28440,497b8822afdb329df7e593163c058667365610ead0920b891c63d218ed3d89d0,Decoupled,4,0,,,,,,0,0
0.0,800000,1024,11,6baecb4d81f8a3f8ef0086e7179250393ac65976d5c749114ea3e69fc6e28440,497b8822afdb329df7e593163c058667365610ead0920b891c63d218ed3d89d0,No-Dq-R,1,0,0.0,0.0,0.0,0,0,0,0
0.0,800000,1024,11,6baecb4d81f8a3f8ef0086e7179250393ac65976d5c749114ea3e69fc6e28440,497b8822afdb329df7e593163c058667365610ead0920b891c63d218ed3d89d0,No-Dq-R,2,-800000,0.056319511058792515,0.053410213882189916,1.0,1,0,0,0
0.0,800000,1024,11,6baecb4d81f8a3f8ef0086e7179250393ac65976d5c749114ea3e69fc6e28440,497b8822afdb329df7e593163c058667365610ead0920b891c63d218ed3d89d0,No-Dq-R,3,-1600000,0.0626272107568423,0.07044867040812314,0,0,0,0,0
0.0,800000,1024,11,6baecb4d81f8a3f8ef0086e7179250393ac65976d5c749114ea3e69fc6e28440,497b8822afdb329df7e593163c058667365610ead0920b891c63d218ed3d89d0,No-Dq-R,4,-2400000,0.05872356008459795,0.07036168231863998,0,0,0,0,0
0.0,800000,1024,11,6baecb4d81f8a3f8ef0086e7179250393ac65976d5c749114ea3e69fc6e28440,497b8822afdb329df7e593163c058667365610ead0920b891c63d218ed3d89d0,Fixed-Dc,1,0,0.0,0.0,0.0,0,0,0,0
0.0,800000,1024,11,6baecb4d81f8a3f8ef0086e7179250393ac65976d5c749114ea3e69fc6e28440,497b8822afdb329df7e593163c058667365610ead0920b891c63d218ed3d89d0,Fixed-Dc,2,0,0.0,0.0,0,0,0,0,0
0.0,800000,1024,11,6baecb4d81f8a3f8ef0086e7179250393ac65976d5c749114ea3e69fc6e28440,497b8822afdb329df7e593163c058667365610ead0920b891c63d218ed3d89d0,Fixed-Dc,3,0,0.0,0.0,0,0,0,0,0
0.0,800000,1024,11,6baecb4d81f8a3f8ef0086e7179250393ac65976d5c749114ea3e69fc6e28440,497b8822afdb329df7e593163c058667365610ead0920b891c63d218ed3d89d0,Fixed-Dc,4,0,0.0,0.0,0,0,0,0,0
0.0,800000,1024,11,6baecb4d81f8a3f8ef0086e7179250393ac65976d5c749114ea3e69fc6e28440,497b8822afdb329df7e593163c058667365610ead0920b891c63d218ed3d89d0,Decoupled,1,0,,,,,,0,0
0.0,800000,1024,11,6baecb4d81f8a3f8ef0086e7179250393ac65976d5c749114ea3e69fc6e28440,497b8822afdb329df7e593163c058667365610ead0920b891c63d218ed3d89d0,Decoupled,2,0,,,,,,0,0
0.0,800000,1024,11,6baecb4d81f8a3f8ef0086e7179250393ac65976d5c749114ea3e69fc6e28440,497b8822afdb329df7e593163c058667365610ead0920b891c63d218ed3d89d0,Decoupled,3,0,,,,,,0,0
0.0,800000,1024,11,6baecb4d81f8a3f8ef0086e7179250393ac65976d5c749114ea3e69fc6e28440,497b8822afdb329df7e593163c058667365610ead0920b891c63d218ed3d89d0,Decoupled,4,0,,,,,,0,0
0.0,800000,1025,7,2117a6fb3d6b89f703e6c8ae717b9266387f80be3d3ec71f255d768636656c71,497b8822afdb329df7e593163c058667365610ead0920b891c63d218ed3d89d0,No-Dq-R,1,0,0.0,0.0,0.0,0,0,0,0
0.0,800000,1025,7,2117a6fb3d6b89f703e6c8ae717b9266387f80be3d3ec71f255d768636656c71,497b8822afdb329df7e593163c058667365610ead0920b891c63d218ed3d89d0,No-Dq-R,2,-800000,0.056319511058792515,0.053410213882189916,1.0,1,0,0,0
0.0,800000,1025,7,2117a6fb3d6b89f703e6c8ae717b9266387f80be3d3ec71f255d768636656c71,497b8822afdb329df7e593163c058667365610ead0920b891c63d218ed3d89d0,No-Dq-R,3,-1600000,0.06971986524450047,0.07044867040812314,0,0,0,0,0
0.0,800000,1025,7,2117a6fb3d6b89f703e6c8ae717b9266387f80be3d3ec71f255d768636656c71,497b8822afdb329df7e593163c058667365610ead0920b891c63d218ed3d89d0,No-Dq-R,4,-2400000,0.05872356008459795,0.07036168231863998,0,0,0,0,0
0.0,800000,1025,7,2117a6fb3d6b89f703e6c8ae717b9266387f80be3d3ec71f255d768636656c71,497b8822afdb329df7e593163c058667365610ead0920b891c63d218ed3d89d0,Fixed-Dc,1,0,0.0,0.0,0.0,0,0,0,0
0.0,800000,1025,7,2117a6fb3d6b89f703e6c8ae717b9266387f80be3d3ec71f255d768636656c71,497b8822afdb329df7e593163c058667365610ead0920b891c63d218ed3d89d0,Fixed-Dc,2,0,0.0,0.0,0,0,0,0,0
0.0,800000,1025,7,2117a6fb3d6b89f703e6c8ae717b9266387f80be3d3ec71f255d768636656c71,497b8822afdb329df7e593163c058667365610ead0920b891c63d218ed3d89d0,Fixed-Dc,3,0,0.0,0.0,0,0,0,0,0
0.0,800000,1025,7,2117a6fb3d6b89f703e6c8ae717b9266387f80be3d3ec71f255d768636656c71,497b8822afdb329df7e593163c058667365610ead0920b891c63d218ed3d89d0,Fixed-Dc,4,0,0.0,0.0,0,0,0,0,0
0.0,800000,1025,7,2117a6fb3d6b89f703e6c8ae717b9266387f80be3d3ec71f255d768636656c71,497b8822afdb329df7e593163c058667365610ead0920b891c63d218ed3d89d0,Decoupled,1,0,,,,,,0,0
0.0,800000,1025,7,2117a6fb3d6b89f703e6c8ae717b9266387f80be3d3ec71f255d768636656c71,497b8822afdb329df7e593163c058667365610ead0920b891c63d218ed3d89d0,Decoupled,2,0,,,,,,0,0
0.0,800000,1025,7,2117a6fb3d6b89f703e6c8ae717b9266387f80be3d3ec71f255d768636656c71,497b8822afdb329df7e593163c058667365610ead0920b891c63d218ed3d89d0,Decoupled,3,0,,,,,,0,0
0.0,800000,1025,7,2117a6fb3d6b89f703e6c8ae717b9266387f80be3d3ec71f255d768636656c71,497b8822afdb329df7e593163c058667365610ead0920b891c63d218ed3d89d0,Decoupled,4,0,,,,,,0,0
0.0,800000,1025,11,2117a6fb3d6b89f703e6c8ae717b9266387f80be3d3ec71f255d768636656c71,497b8822afdb329df7e593163c058667365610ead0920b891c63d218ed3d89d0,No-Dq-R,1,0,0.0,0.0,0.0,0,0,0,0
0.0,800000,1025,11,2117a6fb3d6b89f703e6c8ae717b9266387f80be3d3ec71f255d768636656c71,497b8822afdb329df7e593163c058667365610ead0920b891c63d218ed3d89d0,No-Dq-R,2,-800000,0.056319511058792515,0.053410213882189916,1.0,1,0,0,0
0.0,800000,1025,11,2117a6fb3d6b89f703e6c8ae717b9266387f80be3d3ec71f255d768636656c71,497b8822afdb329df7e593163c058667365610ead0920b891c63d218ed3d89d0,No-Dq-R,3,-1600000,0.0626272107568423,0.07044867040812314,0,0,0,0,0
0.0,800000,1025,11,2117a6fb3d6b89f703e6c8ae717b9266387f80be3d3ec71f255d768636656c71,497b8822afdb329df7e593163c058667365610ead0920b891c63d218ed3d89d0,No-Dq-R,4,-2400000,0.05872356008459795,0.07036168231863998,0,0,0,0,0
0.0,800000,1025,11,2117a6fb3d6b89f703e6c8ae717b9266387f80be3d3ec71f255d768636656c71,497b8822afdb329df7e593163c058667365610ead0920b891c63d218ed3d89d0,Fixed-Dc,1,0,0.0,0.0,0.0,0,0,0,0
0.0,800000,1025,11,2117a6fb3d6b89f703e6c8ae717b9266387f80be3d3ec71f255d768636656c71,497b8822afdb329df7e593163c058667365610ead0920b891c63d218ed3d89d0,Fixed-Dc,2,0,0.0,0.0,0,0,0,0,0
0.0,800000,1025,11,2117a6fb3d6b89f703e6c8ae717b9266387f80be3d3ec71f255d768636656c71,497b8822afdb329df7e593163c058667365610ead0920b891c63d218ed3d89d0,Fixed-Dc,3,0,0.0,0.0,0,0,0,0,0
0.0,800000,1025,11,2117a6fb3d6b89f703e6c8ae717b9266387f80be3d3ec71f255d768636656c71,497b8822afdb329df7e593163c058667365610ead0920b891c63d218ed3d89d0,Fixed-Dc,4,0,0.0,0.0,0,0,0,0,0
0.0,800000,1025,11,2117a6fb3d6b89f703e6c8ae717b9266387f80be3d3ec71f255d768636656c71,497b8822afdb329df7e593163c058667365610ead0920b891c63d218ed3d89d0,Decoupled,1,0,,,,,,0,0
0.0,800000,1025,11,2117a6fb3d6b89f703e6c8ae717b9266387f80be3d3ec71f255d768636656c71,497b8822afdb329df7e593163c058667365610ead0920b891c63d218ed3d89d0,Decoupled,2,0,,,,,,0,0
0.0,800000,1025,11,2117a6fb3d6b89f703e6c8ae717b9266387f80be3d3ec71f255d768636656c71,497b8822afdb329df7e593163c058667365610ead0920b891c63d218ed3d89d0,Decoupled,3,0,,,,,,0,0
0.0,800000,1025,11,2117a6fb3d6b89f703e6c8ae717b9266387f80be3d3ec71f255d768636656c71,497b8822afdb329df7e593163c058667365610ead0920b891c63d218ed3d89d0,Decoupled,4,0,,,,,,0,0
0.0,800000,1026,7,bb3d5dcaf0ee663ffd7bd7f5df721b46c693a8e7574778640a9fec84ad1b48d8,497b8822afdb329df7e593163c058667365610ead0920b891c63d218ed3d89d0,No-Dq-R,1,0,0.0,0.0,0.0,0,0,0,0
0.0,800000,1026,7,bb3d5dcaf0ee663ffd7bd7f5df721b46c693a8e7574778640a9fec84ad1b48d8,497b8822afdb329df7e593163c058667365610ead0920b891c63d218ed3d89d0,No-Dq-R,2,-800000,0.056319511058792515,0.053410213882189916,1.0,1,0,0,0
0.0,800000,1026,7,bb3d5dcaf0ee663ffd7bd7f5df721b46c693a8e7574778640a9fec84ad1b48d8,497b8822afdb329df7e593163c058667365610ead0920b891c63d218ed3d89d0,No-Dq-R,3,-1600000,0.06971986524450047,0.07044867040812314,0,0,0,0,0
0.0,800000,1026,7,bb3d5dcaf0ee663ffd7bd7f5df721b46c693a8e7574778640a9fec84ad1b48d8,497b8822afdb329df7e593163c058667365610ead0920b891c63d218ed3d89d0,No-Dq-R,4,-2400000,0.05872356008459795,0.07036168231863998,0,0,0,0,0
0.0,800000,1026,7,bb3d5dcaf0ee663ffd7bd7f5df721b46c693a8e7574778640a9fec84ad1b48d8,497b8822afdb329df7e593163c058667365610ead0920b891c63d218ed3d89d0,Fixed-Dc,1,0,0.0,0.0,0.0,0,0,0,0
0.0,800000,1026,7,bb3d5dcaf0ee663ffd7bd7f5df721b46c693a8e7574778640a9fec84ad1b48d8,497b8822afdb329df7e593163c058667365610ead0920b891c63d218ed3d89d0,Fixed-Dc,2,0,0.0,0.0,0,0,0,0,0
0.0,800000,1026,7,bb3d5dcaf0ee663ffd7bd7f5df721b46c693a8e7574778640a9fec84ad1b48d8,497b8822afdb329df7e593163c058667365610ead0920b891c63d218ed3d89d0,Fixed-Dc,3,0,0.0,0.0,0,0,0,0,0
0.0,800000,1026,7,bb3d5dcaf0ee663ffd7bd7f5df721b46c693a8e7574778640a9fec84ad1b48d8,497b8822afdb329df7e593163c058667365610ead0920b891c63d218ed3d89d0,Fixed-Dc,4,0,0.0,0.0,0,0,0,0,0
0.0,800000,1026,7,bb3d5dcaf0ee663ffd7bd7f5df721b46c693a8e7574778640a9fec84ad1b48d8,497b8822afdb329df7e593163c058667365610ead0920b891c63d218ed3d89d0,Decoupled,1,0,,,,,,0,0
0.0,800000,1026,7,bb3d5dcaf0ee663ffd7bd7f5df721b46c693a8e7574778640a9fec84ad1b48d8,497b8822afdb329df7e593163c058667365610ead0920b891c63d218ed3d89d0,Decoupled,2,0,,,,,,0,0
0.0,800000,1026,7,bb3d5dcaf0ee663ffd7bd7f5df721b46c693a8e7574778640a9fec84ad1b48d8,497b8822afdb329df7e593163c058667365610ead0920b891c63d218ed3d89d0,Decoupled,3,0,,,,,,0,0
0.0,800000,1026,7,bb3d5dcaf0ee663ffd7bd7f5df721b46c693a8e7574778640a9fec84ad1b48d8,497b8822afdb329df7e593163c058667365610ead0920b891c63d218ed3d89d0,Decoupled,4,0,,,,,,0,0
0.0,800000,1026,11,bb3d5dcaf0ee663ffd7bd7f5df721b46c693a8e7574778640a9fec84ad1b48d8,497b8822afdb329df7e593163c058667365610ead0920b891c63d218ed3d89d0,No-Dq-R,1,0,0.0,0.0,0.0,0,0,0,0
0.0,800000,1026,11,bb3d5dcaf0ee663ffd7bd7f5df721b46c693a8e7574778640a9fec84ad1b48d8,497b8822afdb329df7e593163c058667365610ead0920b891c63d218ed3d89d0,No-Dq-R,2,-800000,0.056319511058792515,0.053410213882189916,1.0,1,0,0,0
0.0,800000,1026,11,bb3d5dcaf0ee663ffd7bd7f5df721b46c693a8e7574778640a9fec84ad1b48d8,497b8822afdb329df7e593163c058667365610ead0920b891c63d218ed3d89d0,No-Dq-R,3,-1600000,0.0626272107568423,0.07044867040812314,0,0,0,0,0
0.0,800000,1026,11,bb3d5dcaf0ee663ffd7bd7f5df721b46c693a8e7574778640a9fec84ad1b48d8,497b8822afdb329df7e593163c058667365610ead0920b891c63d218ed3d89d0,No-Dq-R,4,-2400000,0.05872356008459795,0.07036168231863998,0,0,0,0,0
0.0,800000,1026,11,bb3d5dcaf0ee663ffd7bd7f5df721b46c693a8e7574778640a9fec84ad1b48d8,497b8822afdb329df7e593163c058667365610ead0920b891c63d218ed3d89d0,Fixed-Dc,1,0,0.0,0.0,0.0,0,0,0,0
0.0,800000,1026,11,bb3d5dcaf0ee663ffd7bd7f5df721b46c693a8e7574778640a9fec84ad1b48d8,497b8822afdb329df7e593163c058667365610ead0920b891c63d218ed3d89d0,Fixed-Dc,2,0,0.0,0.0,0,0,0,0,0
0.0,800000,1026,11,bb3d5dcaf0ee663ffd7bd7f5df721b46c693a8e7574778640a9fec84ad1b48d8,497b8822afdb329df7e593163c058667365610ead0920b891c63d218ed3d89d0,Fixed-Dc,3,0,0.0,0.0,0,0,0,0,0
0.0,800000,1026,11,bb3d5dcaf0ee663ffd7bd7f5df721b46c693a8e7574778640a9fec84ad1b48d8,497b8822afdb329df7e593163c058667365610ead0920b891c63d218ed3d89d0,Fixed-Dc,4,0,0.0,0.0,0,0,0,0,0
0.0,800000,1026,11,bb3d5dcaf0ee663ffd7bd7f5df721b46c693a8e7574778640a9fec84ad1b48d8,497b8822afdb329df7e593163c058667365610ead0920b891c63d218ed3d89d0,Decoupled,1,0,,,,,,0,0
0.0,800000,1026,11,bb3d5dcaf0ee663ffd7bd7f5df721b46c693a8e7574778640a9fec84ad1b48d8,497b8822afdb329df7e593163c058667365610ead0920b891c63d218ed3d89d0,Decoupled,2,0,,,,,,0,0
0.0,800000,1026,11,bb3d5dcaf0ee663ffd7bd7f5df721b46c693a8e7574778640a9fec84ad1b48d8,497b8822afdb329df7e593163c058667365610ead0920b891c63d218ed3d89d0,Decoupled,3,0,,,,,,0,0
0.0,800000,1026,11,bb3d5dcaf0ee663ffd7bd7f5df721b46c693a8e7574778640a9fec84ad1b48d8,497b8822afdb329df7e593163c058667365610ead0920b891c63d218ed3d89d0,Decoupled,4,0,,,,,,0,0
0.0,800000,1027,7,ac0fa0637e19ebe0c79e690a2c1483925043d8ae7cf48b2705e4e31fc0191e04,497b8822afdb329df7e593163c058667365610ead0920b891c63d218ed3d89d0,No-Dq-R,1,0,0.0,0.0,0.0,0,0,0,0
0.0,800000,1027,7,ac0fa0637e19ebe0c79e690a2c1483925043d8ae7cf48b2705e4e31fc0191e04,497b8822afdb329df7e593163c058667365610ead0920b891c63d218ed3d89d0,No-Dq-R,2,-800000,0.056319511058792515,0.053410213882189916,1.0,1,0,0,0
0.0,800000,1027,7,ac0fa0637e19ebe0c79e690a2c1483925043d8ae7cf48b2705e4e31fc0191e04,497b8822afdb329df7e593163c058667365610ead0920b891c63d218ed3d89d0,No-Dq-R,3,-1600000,0.06971986524450047,0.07044867040812314,0,0,0,0,0
0.0,800000,1027,7,ac0fa0637e19ebe0c79e690a2c1483925043d8ae7cf48b2705e4e31fc0191e04,497b8822afdb329df7e593163c058667365610ead0920b891c63d218ed3d89d0,No-Dq-R,4,-2400000,0.05872356008459795,0.07036168231863998,0,0,0,0,0
0.0,800000,1027,7,ac0fa0637e19ebe0c79e690a2c1483925043d8ae7cf48b2705e4e31fc0191e04,497b8822afdb329df7e593163c058667365610ead0920b891c63d218ed3d89d0,Fixed-Dc,1,0,0.0,0.0,0.0,0,0,0,0
0.0,800000,1027,7,ac0fa0637e19ebe0c79e690a2c1483925043d8ae7cf48b2705e4e31fc0191e04,497b8822afdb329df7e593163c058667365610ead0920b891c63d218ed3d89d0,Fixed-Dc,2,0,0.0,0.0,0,0,0,0,0
0.0,800000,1027,7,ac0fa0637e19ebe0c79e690a2c1483925043d8ae7cf48b2705e4e31fc0191e04,497b8822afdb329df7e593163c058667365610ead0920b891c63d218ed3d89d0,Fixed-Dc,3,0,0.0,0.0,0,0,0,0,0
0.0,800000,1027,7,ac0fa0637e19ebe0c79e690a2c1483925043d8ae7cf48b2705e4e31fc0191e04,497b8822afdb329df7e593163c058667365610ead0920b891c63d218ed3d89d0,Fixed-Dc,4,0,0.0,0.0,0,0,0,0,0
0.0,800000,1027,7,ac0fa0637e19ebe0c79e690a2c1483925043d8ae7cf48b2705e4e31fc0191e04,497b8822afdb329df7e593163c058667365610ead0920b891c63d218ed3d89d0,Decoupled,1,0,,,,,,0,0
0.0,800000,1027,7,ac0fa0637e19ebe0c79e690a2c1483925043d8ae7cf48b2705e4e31fc0191e04,497b8822afdb329df7e593163c058667365610ead0920b891c63d218ed3d89d0,Decoupled,2,0,,,,,,0,0
0.0,800000,1027,7,ac0fa0637e19ebe0c79e690a2c1483925043d8ae7cf48b2705e4e31fc0191e04,497b8822afdb329df7e593163c058667365610ead0920b891c63d218ed3d89d0,Decoupled,3,0,,,,,,0,0
0.0,800000,1027,7,ac0fa0637e19ebe0c79e690a2c1483925043d8ae7cf48b2705e4e31fc0191e04,497b8822afdb329df7e593163c058667365610ead0920b891c63d218ed3d89d0,Decoupled,4,0,,,,,,0,0
0.0,800000,1027,11,ac0fa0637e19ebe0c79e690a2c1483925043d8ae7cf48b2705e4e31fc0191e04,497b8822afdb329df7e593163c058667365610ead0920b891c63d218ed3d89d0,No-Dq-R,1,0,0.0,0.0,0.0,0,0,0,0
0.0,800000,1027,11,ac0fa0637e19ebe0c79e690a2c1483925043d8ae7cf48b2705e4e31fc0191e04,497b8822afdb329df7e593163c058667365610ead0920b891c63d218ed3d89d0,No-Dq-R,2,-800000,0.056319511058792515,0.053410213882189916,1.0,1,0,0,0
0.0,800000,1027,11,ac0fa0637e19ebe0c79e690a2c1483925043d8ae7cf48b2705e4e31fc0191e04,497b8822afdb329df7e593163c058667365610ead0920b891c63d218ed3d89d0,No-Dq-R,3,-1600000,0.0626272107568423,0.07044867040812314,0,0,0,0,0
0.0,800000,1027,11,ac0fa0637e19ebe0c79e690a2c1483925043d8ae7cf48b2705e4e31fc0191e04,497b8822afdb329df7e593163c058667365610ead0920b891c63d218ed3d89d0,No-Dq-R,4,-2400000,0.05872356008459795,0.07036168231863998,0,0,0,0,0
0.0,800000,1027,11,ac0fa0637e19ebe0c79e690a2c1483925043d8ae7cf48b2705e4e31fc0191e04,497b8822afdb329df7e593163c058667365610ead0920b891c63d218ed3d89d0,Fixed-Dc,1,0,0.0,0.0,0.0,0,0,0,0
0.0,800000,1027,11,ac0fa0637e19ebe0c79e690a2c1483925043d8ae7cf48b2705e4e31fc0191e04,497b8822afdb329df7e593163c058667365610ead0920b891c63d218ed3d89d0,Fixed-Dc,2,0,0.0,0.0,0,0,0,0,0
0.0,800000,1027,11,ac0fa0637e19ebe0c79e690a2c1483925043d8ae7cf48b2705e4e31fc0191e04,497b8822afdb329df7e593163c058667365610ead0920b891c63d218ed3d89d0,Fixed-Dc,3,0,0.0,0.0,0,0,0,0,0
0.0,800000,1027,11,ac0fa0637e19ebe0c79e690a2c1483925043d8ae7cf48b2705e4e31fc0191e04,497b8822afdb329df7e593163c058667365610ead0920b891c63d218ed3d89d0,Fixed-Dc,4,0,0.0,0.0,0,0,0,0,0
0.0,800000,1027,11,ac0fa0637e19ebe0c79e690a2c1483925043d8ae7cf48b2705e4e31fc0191e04,497b8822afdb329df7e593163c058667365610ead0920b891c63d218ed3d89d0,Decoupled,1,0,,,,,,0,0
0.0,800000,1027,11,ac0fa0637e19ebe0c79e690a2c1483925043d8ae7cf48b2705e4e31fc0191e04,497b8822afdb329df7e593163c058667365610ead0920b891c63d218ed3d89d0,Decoupled,2,0,,,,,,0,0
0.0,800000,1027,11,ac0fa0637e19ebe0c79e690a2c1483925043d8ae7cf48b2705e4e31fc0191e04,497b8822afdb329df7e593163c058667365610ead0920b891c63d218ed3d89d0,Decoupled,3,0,,,,,,0,0
0.0,800000,1027,11,ac0fa0637e19ebe0c79e690a2c1483925043d8ae7cf48b2705e4e31fc0191e04,497b8822afdb329df7e593163c058667365610ead0920b891c63d218ed3d89d0,Decoupled,4,0,,,,,,0,0
0.0,800000,1028,7,e50b9d934fef8ff8824cbb052f37e78e7ee4f018ca24d5cb5411e599e1b2e294,497b8822afdb329df7e593163c058667365610ead0920b891c63d218ed3d89d0,No-Dq-R,1,0,0.0,0.0,0.0,0,0,0,0
0.0,800000,1028,7,e50b9d934fef8ff8824cbb052f37e78e7ee4f018ca24d5cb5411e599e1b2e294,497b8822afdb329df7e593163c058667365610ead0920b891c63d218ed3d89d0,No-Dq-R,2,-800000,0.056319511058792515,0.053410213882189916,1.0,1,0,0,0
0.0,800000,1028,7,e50b9d934fef8ff8824cbb052f37e78e7ee4f018ca24d5cb5411e599e1b2e294,497b8822afdb329df7e593163c058667365610ead0920b891c63d218ed3d89d0,No-Dq-R,3,-1600000,0.06971986524450047,0.07044867040812314,0,0,0,0,0
0.0,800000,1028,7,e50b9d934fef8ff8824cbb052f37e78e7ee4f018ca24d5cb5411e599e1b2e294,497b8822afdb329df7e593163c058667365610ead0920b891c63d218ed3d89d0,No-Dq-R,4,-2400000,0.05872356008459795,0.07036168231863998,0,0,0,0,0
0.0,800000,1028,7,e50b9d934fef8ff8824cbb052f37e78e7ee4f018ca24d5cb5411e599e1b2e294,497b8822afdb329df7e593163c058667365610ead0920b891c63d218ed3d89d0,Fixed-Dc,1,0,0.0,0.0,0.0,0,0,0,0
0.0,800000,1028,7,e50b9d934fef8ff8824cbb052f37e78e7ee4f018ca24d5cb5411e599e1b2e294,497b8822afdb329df7e593163c058667365610ead0920b891c63d218ed3d89d0,Fixed-Dc,2,0,0.0,0.0,0,0,0,0,0
0.0,800000,1028,7,e50b9d934fef8ff8824cbb052f37e78e7ee4f018ca24d5cb5411e599e1b2e294,497b8822afdb329df7e593163c058667365610ead0920b891c63d218ed3d89d0,Fixed-Dc,3,0,0.0,0.0,0,0,0,0,0
0.0,800000,1028,7,e50b9d934fef8ff8824cbb052f37e78e7ee4f018ca24d5cb5411e599e1b2e294,497b8822afdb329df7e593163c058667365610ead0920b891c63d218ed3d89d0,Fixed-Dc,4,0,0.0,0.0,0,0,0,0,0
0.0,800000,1028,7,e50b9d934fef8ff8824cbb052f37e78e7ee4f018ca24d5cb5411e599e1b2e294,497b8822afdb329df7e593163c058667365610ead0920b891c63d218ed3d89d0,Decoupled,1,0,,,,,,0,0
0.0,800000,1028,7,e50b9d934fef8ff8824cbb052f37e78e7ee4f018ca24d5cb5411e599e1b2e294,497b8822afdb329df7e593163c058667365610ead0920b891c63d218ed3d89d0,Decoupled,2,0,,,,,,0,0
0.0,800000,1028,7,e50b9d934fef8ff8824cbb052f37e78e7ee4f018ca24d5cb5411e599e1b2e294,497b8822afdb329df7e593163c058667365610ead0920b891c63d218ed3d89d0,Decoupled,3,0,,,,,,0,0
0.0,800000,1028,7,e50b9d934fef8ff8824cbb052f37e78e7ee4f018ca24d5cb5411e599e1b2e294,497b8822afdb329df7e593163c058667365610ead0920b891c63d218ed3d89d0,Decoupled,4,0,,,,,,0,0
0.0,800000,1028,11,e50b9d934fef8ff8824cbb052f37e78e7ee4f018ca24d5cb5411e599e1b2e294,497b8822afdb329df7e593163c058667365610ead0920b891c63d218ed3d89d0,No-Dq-R,1,0,0.0,0.0,0.0,0,0,0,0
0.0,800000,1028,11,e50b9d934fef8ff8824cbb052f37e78e7ee4f018ca24d5cb5411e599e1b2e294,497b8822afdb329df7e593163c058667365610ead0920b891c63d218ed3d89d0,No-Dq-R,2,-800000,0.056319511058792515,0.053410213882189916,1.0,1,0,0,0
0.0,800000,1028,11,e50b9d934fef8ff8824cbb052f37e78e7ee4f018ca24d5cb5411e599e1b2e294,497b8822afdb329df7e593163c058667365610ead0920b891c63d218ed3d89d0,No-Dq-R,3,-1600000,0.0626272107568423,0.07044867040812314,0,0,0,0,0
0.0,800000,1028,11,e50b9d934fef8ff8824cbb052f37e78e7ee4f018ca24d5cb5411e599e1b2e294,497b8822afdb329df7e593163c058667365610ead0920b891c63d218ed3d89d0,No-Dq-R,4,-2400000,0.05872356008459795,0.07036168231863998,0,0,0,0,0
0.0,800000,1028,11,e50b9d934fef8ff8824cbb052f37e78e7ee4f018ca24d5cb5411e599e1b2e294,497b8822afdb329df7e593163c058667365610ead0920b891c63d218ed3d89d0,Fixed-Dc,1,0,0.0,0.0,0.0,0,0,0,0
0.0,800000,1028,11,e50b9d934fef8ff8824cbb052f37e78e7ee4f018ca24d5cb5411e599e1b2e294,497b8822afdb329df7e593163c058667365610ead0920b891c63d218ed3d89d0,Fixed-Dc,2,0,0.0,0.0,0,0,0,0,0
0.0,800000,1028,11,e50b9d934fef8ff8824cbb052f37e78e7ee4f018ca24d5cb5411e599e1b2e294,497b8822afdb329df7e593163c058667365610ead0920b891c63d218ed3d89d0,Fixed-Dc,3,0,0.0,0.0,0,0,0,0,0
0.0,800000,1028,11,e50b9d934fef8ff8824cbb052f37e78e7ee4f018ca24d5cb5411e599e1b2e294,497b8822afdb329df7e593163c058667365610ead0920b891c63d218ed3d89d0,Fixed-Dc,4,0,0.0,0.0,0,0,0,0,0
0.0,800000,1028,11,e50b9d934fef8ff8824cbb052f37e78e7ee4f018ca24d5cb5411e599e1b2e294,497b8822afdb329df7e593163c058667365610ead0920b891c63d218ed3d89d0,Decoupled,1,0,,,,,,0,0
0.0,800000,1028,11,e50b9d934fef8ff8824cbb052f37e78e7ee4f018ca24d5cb5411e599e1b2e294,497b8822afdb329df7e593163c058667365610ead0920b891c63d218ed3d89d0,Decoupled,2,0,,,,,,0,0
0.0,800000,1028,11,e50b9d934fef8ff8824cbb052f37e78e7ee4f018ca24d5cb5411e599e1b2e294,497b8822afdb329df7e593163c058667365610ead0920b891c63d218ed3d89d0,Decoupled,3,0,,,,,,0,0
0.0,800000,1028,11,e50b9d934fef8ff8824cbb052f37e78e7ee4f018ca24d5cb5411e599e1b2e294,497b8822afdb329df7e593163c058667365610ead0920b891c63d218ed3d89d0,Decoupled,4,0,,,,,,0,0
0.0,800000,1029,7,938c1c54633b973236ab4673133ffc5672d8d7233fc1f70c0a6cb90f2e5e1e7d,497b8822afdb329df7e593163c058667365610ead0920b891c63d218ed3d89d0,No-Dq-R,1,0,0.0,0.0,0.0,0,0,0,0
0.0,800000,1029,7,938c1c54633b973236ab4673133ffc5672d8d7233fc1f70c0a6cb90f2e5e1e7d,497b8822afdb329df7e593163c058667365610ead0920b891c63d218ed3d89d0,No-Dq-R,2,-800000,0.056319511058792515,0.053410213882189916,1.0,1,0,0,0
0.0,800000,1029,7,938c1c54633b973236ab4673133ffc5672d8d7233fc1f70c0a6cb90f2e5e1e7d,497b8822afdb329df7e593163c058667365610ead0920b891c63d218ed3d89d0,No-Dq-R,3,-1600000,0.06971986524450047,0.07044867040812314,0,0,0,0,0
0.0,800000,1029,7,938c1c54633b973236ab4673133ffc5672d8d7233fc1f70c0a6cb90f2e5e1e7d,497b8822afdb329df7e593163c058667365610ead0920b891c63d218ed3d89d0,No-Dq-R,4,-2400000,0.05872356008459795,0.07036168231863998,0,0,0,0,0
0.0,800000,1029,7,938c1c54633b973236ab4673133ffc5672d8d7233fc1f70c0a6cb90f2e5e1e7d,497b8822afdb329df7e593163c058667365610ead0920b891c63d218ed3d89d0,Fixed-Dc,1,0,0.0,0.0,0.0,0,0,0,0
0.0,800000,1029,7,938c1c54633b973236ab4673133ffc5672d8d7233fc1f70c0a6cb90f2e5e1e7d,497b8822afdb329df7e593163c058667365610ead0920b891c63d218ed3d89d0,Fixed-Dc,2,0,0.0,0.0,0,0,0,0,0
0.0,800000,1029,7,938c1c54633b973236ab4673133ffc5672d8d7233fc1f70c0a6cb90f2e5e1e7d,497b8822afdb329df7e593163c058667365610ead0920b891c63d218ed3d89d0,Fixed-Dc,3,0,0.0,0.0,0,0,0,0,0
0.0,800000,1029,7,938c1c54633b973236ab4673133ffc5672d8d7233fc1f70c0a6cb90f2e5e1e7d,497b8822afdb329df7e593163c058667365610ead0920b891c63d218ed3d89d0,Fixed-Dc,4,0,0.0,0.0,0,0,0,0,0
0.0,800000,1029,7,938c1c54633b973236ab4673133ffc5672d8d7233fc1f70c0a6cb90f2e5e1e7d,497b8822afdb329df7e593163c058667365610ead0920b891c63d218ed3d89d0,Decoupled,1,0,,,,,,0,0
0.0,800000,1029,7,938c1c54633b973236ab4673133ffc5672d8d7233fc1f70c0a6cb90f2e5e1e7d,497b8822afdb329df7e593163c058667365610ead0920b891c63d218ed3d89d0,Decoupled,2,0,,,,,,0,0
0.0,800000,1029,7,938c1c54633b973236ab4673133ffc5672d8d7233fc1f70c0a6cb90f2e5e1e7d,497b8822afdb329df7e593163c058667365610ead0920b891c63d218ed3d89d0,Decoupled,3,0,,,,,,0,0
0.0,800000,1029,7,938c1c54633b973236ab4673133ffc5672d8d7233fc1f70c0a6cb90f2e5e1e7d,497b8822afdb329df7e593163c058667365610ead0920b891c63d218ed3d89d0,Decoupled,4,0,,,,,,0,0
0.0,800000,1029,11,938c1c54633b973236ab4673133ffc5672d8d7233fc1f70c0a6cb90f2e5e1e7d,497b8822afdb329df7e593163c058667365610ead0920b891c63d218ed3d89d0,No-Dq-R,1,0,0.0,0.0,0.0,0,0,0,0
0.0,800000,1029,11,938c1c54633b973236ab4673133ffc5672d8d7233fc1f70c0a6cb90f2e5e1e7d,497b8822afdb329df7e593163c058667365610ead0920b891c63d218ed3d89d0,No-Dq-R,2,-800000,0.056319511058792515,0.053410213882189916,1.0,1,0,0,0
0.0,800000,1029,11,938c1c54633b973236ab4673133ffc5672d8d7233fc1f70c0a6cb90f2e5e1e7d,497b8822afdb329df7e593163c058667365610ead0920b891c63d218ed3d89d0,No-Dq-R,3,-1600000,0.0626272107568423,0.07044867040812314,0,0,0,0,0
0.0,800000,1029,11,938c1c54633b973236ab4673133ffc5672d8d7233fc1f70c0a6cb90f2e5e1e7d,497b8822afdb329df7e593163c058667365610ead0920b891c63d218ed3d89d0,No-Dq-R,4,-2400000,0.05872356008459795,0.07036168231863998,0,0,0,0,0
0.0,800000,1029,11,938c1c54633b973236ab4673133ffc5672d8d7233fc1f70c0a6cb90f2e5e1e7d,497b8822afdb329df7e593163c058667365610ead0920b891c63d218ed3d89d0,Fixed-Dc,1,0,0.0,0.0,0.0,0,0,0,0
0.0,800000,1029,11,938c1c54633b973236ab4673133ffc5672d8d7233fc1f70c0a6cb90f2e5e1e7d,497b8822afdb329df7e593163c058667365610ead0920b891c63d218ed3d89d0,Fixed-Dc,2,0,0.0,0.0,0,0,0,0,0
0.0,800000,1029,11,938c1c54633b973236ab4673133ffc5672d8d7233fc1f70c0a6cb90f2e5e1e7d,497b8822afdb329df7e593163c058667365610ead0920b891c63d218ed3d89d0,Fixed-Dc,3,0,0.0,0.0,0,0,0,0,0
0.0,800000,1029,11,938c1c54633b973236ab4673133ffc5672d8d7233fc1f70c0a6cb90f2e5e1e7d,497b8822afdb329df7e593163c058667365610ead0920b891c63d218ed3d89d0,Fixed-Dc,4,0,0.0,0.0,0,0,0,0,0
0.0,800000,1029,11,938c1c54633b973236ab4673133ffc5672d8d7233fc1f70c0a6cb90f2e5e1e7d,497b8822afdb329df7e593163c058667365610ead0920b891c63d218ed3d89d0,Decoupled,1,0,,,,,,0,0
0.0,800000,1029,11,938c1c54633b973236ab4673133ffc5672d8d7233fc1f70c0a6cb90f2e5e1e7d,497b8822afdb329df7e593163c058667365610ead0920b891c63d218ed3d89d0,Decoupled,2,0,,,,,,0,0
0.0,800000,1029,11,938c1c54633b973236ab4673133ffc5672d8d7233fc1f70c0a6cb90f2e5e1e7d,497b8822afdb329df7e593163c058667365610ead0920b891c63d218ed3d89d0,Decoupled,3,0,,,,,,0,0
0.0,800000,1029,11,938c1c54633b973236ab4673133ffc5672d8d7233fc1f70c0a6cb90f2e5e1e7d,497b8822afdb329df7e593163c058667365610ead0920b891c63d218ed3d89d0,Decoupled,4,0,,,,,,0,0
0.0,800000,1030,7,76d73fb7ccfab251fa787d5905bd76d8f3e9eb8d51c629e180ec2fbd542a92ae,497b8822afdb329df7e593163c058667365610ead0920b891c63d218ed3d89d0,No-Dq-R,1,0,0.0,0.0,0.0,0,0,0,0
0.0,800000,1030,7,76d73fb7ccfab251fa787d5905bd76d8f3e9eb8d51c629e180ec2fbd542a92ae,497b8822afdb329df7e593163c058667365610ead0920b891c63d218ed3d89d0,No-Dq-R,2,-800000,0.056319511058792515,0.053410213882189916,1.0,1,0,0,0
0.0,800000,1030,7,76d73fb7ccfab251fa787d5905bd76d8f3e9eb8d51c629e180ec2fbd542a92ae,497b8822afdb329df7e593163c058667365610ead0920b891c63d218ed3d89d0,No-Dq-R,3,-1600000,0.06971986524450047,0.07044867040812314,0,0,0,0,0
0.0,800000,1030,7,76d73fb7ccfab251fa787d5905bd76d8f3e9eb8d51c629e180ec2fbd542a92ae,497b8822afdb329df7e593163c058667365610ead0920b891c63d218ed3d89d0,No-Dq-R,4,-2400000,0.05872356008459795,0.07036168231863998,0,0,0,0,0
0.0,800000,1030,7,76d73fb7ccfab251fa787d5905bd76d8f3e9eb8d51c629e180ec2fbd542a92ae,497b8822afdb329df7e593163c058667365610ead0920b891c63d218ed3d89d0,Fixed-Dc,1,0,0.0,0.0,0.0,0,0,0,0
0.0,800000,1030,7,76d73fb7ccfab251fa787d5905bd76d8f3e9eb8d51c629e180ec2fbd542a92ae,497b8822afdb329df7e593163c058667365610ead0920b891c63d218ed3d89d0,Fixed-Dc,2,0,0.0,0.0,0,0,0,0,0
0.0,800000,1030,7,76d73fb7ccfab251fa787d5905bd76d8f3e9eb8d51c629e180ec2fbd542a92ae,497b8822afdb329df7e593163c058667365610ead0920b891c63d218ed3d89d0,Fixed-Dc,3,0,0.0,0.0,0,0,0,0,0
0.0,800000,1030,7,76d73fb7ccfab251fa787d5905bd76d8f3e9eb8d51c629e180ec2fbd542a92ae,497b8822afdb329df7e593163c058667365610ead0920b891c63d218ed3d89d0,Fixed-Dc,4,0,0.0,0.0,0,0,0,0,0
0.0,800000,1030,7,76d73fb7ccfab251fa787d5905bd76d8f3e9eb8d51c629e180ec2fbd542a92ae,497b8822afdb329df7e593163c058667365610ead0920b891c63d218ed3d89d0,Decoupled,1,0,,,,,,0,0
0.0,800000,1030,7,76d73fb7ccfab251fa787d5905bd76d8f3e9eb8d51c629e180ec2fbd542a92ae,497b8822afdb329df7e593163c058667365610ead0920b891c63d218ed3d89d0,Decoupled,2,0,,,,,,0,0
0.0,800000,1030,7,76d73fb7ccfab251fa787d5905bd76d8f3e9eb8d51c629e180ec2fbd542a92ae,497b8822afdb329df7e593163c058667365610ead0920b891c63d218ed3d89d0,Decoupled,3,0,,,,,,0,0
0.0,800000,1030,7,76d73fb7ccfab251fa787d5905bd76d8f3e9eb8d51c629e180ec2fbd542a92ae,497b8822afdb329df7e593163c058667365610ead0920b891c63d218ed3d89d0,Decoupled,4,0,,,,,,0,0
0.0,800000,1030,11,76d73fb7ccfab251fa787d5905bd76d8f3e9eb8d51c629e180ec2fbd542a92ae,497b8822afdb329df7e593163c058667365610ead0920b891c63d218ed3d89d0,No-Dq-R,1,0,0.0,0.0,0.0,0,0,0,0
0.0,800000,1030,11,76d73fb7ccfab251fa787d5905bd76d8f3e9eb8d51c629e180ec2fbd542a92ae,497b8822afdb329df7e593163c058667365610ead0920b891c63d218ed3d89d0,No-Dq-R,2,-800000,0.056319511058792515,0.053410213882189916,1.0,1,0,0,0
0.0,800000,1030,11,76d73fb7ccfab251fa787d5905bd76d8f3e9eb8d51c629e180ec2fbd542a92ae,497b8822afdb329df7e593163c058667365610ead0920b891c63d218ed3d89d0,No-Dq-R,3,-1600000,0.0626272107568423,0.07044867040812314,0,0,0,0,0
0.0,800000,1030,11,76d73fb7ccfab251fa787d5905bd76d8f3e9eb8d51c629e180ec2fbd542a92ae,497b8822afdb329df7e593163c058667365610ead0920b891c63d218ed3d89d0,No-Dq-R,4,-2400000,0.05872356008459795,0.07036168231863998,0,0,0,0,0
0.0,800000,1030,11,76d73fb7ccfab251fa787d5905bd76d8f3e9eb8d51c629e180ec2fbd542a92ae,497b8822afdb329df7e593163c058667365610ead0920b891c63d218ed3d89d0,Fixed-Dc,1,0,0.0,0.0,0.0,0,0,0,0
0.0,800000,1030,11,76d73fb7ccfab251fa787d5905bd76d8f3e9eb8d51c629e180ec2fbd542a92ae,497b8822afdb329df7e593163c058667365610ead0920b891c63d218ed3d89d0,Fixed-Dc,2,0,0.0,0.0,0,0,0,0,0
0.0,800000,1030,11,76d73fb7ccfab251fa787d5905bd76d8f3e9eb8d51c629e180ec2fbd542a92ae,497b8822afdb329df7e593163c058667365610ead0920b891c63d218ed3d89d0,Fixed-Dc,3,0,0.0,0.0,0,0,0,0,0
0.0,800000,1030,11,76d73fb7ccfab251fa787d5905bd76d8f3e9eb8d51c629e180ec2fbd542a92ae,497b8822afdb329df7e593163c058667365610ead0920b891c63d218ed3d89d0,Fixed-Dc,4,0,0.0,0.0,0,0,0,0,0
0.0,800000,1030,11,76d73fb7ccfab251fa787d5905bd76d8f3e9eb8d51c629e180ec2fbd542a92ae,497b8822afdb329df7e593163c058667365610ead0920b891c63d218ed3d89d0,Decoupled,1,0,,,,,,0,0
0.0,800000,1030,11,76d73fb7ccfab251fa787d5905bd76d8f3e9eb8d51c629e180ec2fbd542a92ae,497b8822afdb329df7e593163c058667365610ead0920b891c63d218ed3d89d0,Decoupled,2,0,,,,,,0,0
0.0,800000,1030,11,76d73fb7ccfab251fa787d5905bd76d8f3e9eb8d51c629e180ec2fbd542a92ae,497b8822afdb329df7e593163c058667365610ead0920b891c63d218ed3d89d0,Decoupled,3,0,,,,,,0,0
0.0,800000,1030,11,76d73fb7ccfab251fa787d5905bd76d8f3e9eb8d51c629e180ec2fbd542a92ae,497b8822afdb329df7e593163c058667365610ead0920b891c63d218ed3d89d0,Decoupled,4,0,,,,,,0,0
0.0,800000,1031,7,1b6c342d23d1f0107d010951d5cb674b4bb26581dae68e3bc94cc7c47316e084,497b8822afdb329df7e593163c058667365610ead0920b891c63d218ed3d89d0,No-Dq-R,1,0,0.0,0.0,0.0,0,0,0,0
0.0,800000,1031,7,1b6c342d23d1f0107d010951d5cb674b4bb26581dae68e3bc94cc7c47316e084,497b8822afdb329df7e593163c058667365610ead0920b891c63d218ed3d89d0,No-Dq-R,2,-800000,0.056319511058792515,0.053410213882189916,1.0,1,0,0,0
0.0,800000,1031,7,1b6c342d23d1f0107d010951d5cb674b4bb26581dae68e3bc94cc7c47316e084,497b8822afdb329df7e593163c058667365610ead0920b891c63d218ed3d89d0,No-Dq-R,3,-1600000,0.06971986524450047,0.07044867040812314,0,0,0,0,0
0.0,800000,1031,7,1b6c342d23d1f0107d010951d5cb674b4bb26581dae68e3bc94cc7c47316e084,497b8822afdb329df7e593163c058667365610ead0920b891c63d218ed3d89d0,No-Dq-R,4,-2400000,0.05872356008459795,0.07036168231863998,0,0,0,0,0
0.0,800000,1031,7,1b6c342d23d1f0107d010951d5cb674b4bb26581dae68e3bc94cc7c47316e084,497b8822afdb329df7e593163c058667365610ead0920b891c63d218ed3d89d0,Fixed-Dc,1,0,0.0,0.0,0.0,0,0,0,0
0.0,800000,1031,7,1b6c342d23d1f0107d010951d5cb674b4bb26581dae68e3bc94cc7c47316e084,497b8822afdb329df7e593163c058667365610ead0920b891c63d218ed3d89d0,Fixed-Dc,2,0,0.0,0.0,0,0,0,0,0
0.0,800000,1031,7,1b6c342d23d1f0107d010951d5cb674b4bb26581dae68e3bc94cc7c47316e084,497b8822afdb329df7e593163c058667365610ead0920b891c63d218ed3d89d0,Fixed-Dc,3,0,0.0,0.0,0,0,0,0,0
0.0,800000,1031,7,1b6c342d23d1f0107d010951d5cb674b4bb26581dae68e3bc94cc7c47316e084,497b8822afdb329df7e593163c058667365610ead0920b891c63d218ed3d89d0,Fixed-Dc,4,0,0.0,0.0,0,0,0,0,0
0.0,800000,1031,7,1b6c342d23d1f0107d010951d5cb674b4bb26581dae68e3bc94cc7c47316e084,497b8822afdb329df7e593163c058667365610ead0920b891c63d218ed3d89d0,Decoupled,1,0,,,,,,0,0
0.0,800000,1031,7,1b6c342d23d1f0107d010951d5cb674b4bb26581dae68e3bc94cc7c47316e084,497b8822afdb329df7e593163c058667365610ead0920b891c63d218ed3d89d0,Decoupled,2,0,,,,,,0,0
0.0,800000,1031,7,1b6c342d23d1f0107d010951d5cb674b4bb26581dae68e3bc94cc7c47316e084,497b8822afdb329df7e593163c058667365610ead0920b891c63d218ed3d89d0,Decoupled,3,0,,,,,,0,0
0.0,800000,1031,7,1b6c342d23d1f0107d010951d5cb674b4bb26581dae68e3bc94cc7c47316e084,497b8822afdb329df7e593163c058667365610ead0920b891c63d218ed3d89d0,Decoupled,4,0,,,,,,0,0
0.0,800000,1031,11,1b6c342d23d1f0107d010951d5cb674b4bb26581dae68e3bc94cc7c47316e084,497b8822afdb329df7e593163c058667365610ead0920b891c63d218ed3d89d0,No-Dq-R,1,0,0.0,0.0,0.0,0,0,0,0
0.0,800000,1031,11,1b6c342d23d1f0107d010951d5cb674b4bb26581dae68e3bc94cc7c47316e084,497b8822afdb329df7e593163c058667365610ead0920b891c63d218ed3d89d0,No-Dq-R,2,-800000,0.056319511058792515,0.053410213882189916,1.0,1,0,0,0
0.0,800000,1031,11,1b6c342d23d1f0107d010951d5cb674b4bb26581dae68e3bc94cc7c47316e084,497b8822afdb329df7e593163c058667365610ead0920b891c63d218ed3d89d0,No-Dq-R,3,-1600000,0.0626272107568423,0.07044867040812314,0,0,0,0,0
0.0,800000,1031,11,1b6c342d23d1f0107d010951d5cb674b4bb26581dae68e3bc94cc7c47316e084,497b8822afdb329df7e593163c058667365610ead0920b891c63d218ed3d89d0,No-Dq-R,4,-2400000,0.05872356008459795,0.07036168231863998,0,0,0,0,0
0.0,800000,1031,11,1b6c342d23d1f0107d010951d5cb674b4bb26581dae68e3bc94cc7c47316e084,497b8822afdb329df7e593163c058667365610ead0920b891c63d218ed3d89d0,Fixed-Dc,1,0,0.0,0.0,0.0,0,0,0,0
0.0,800000,1031,11,1b6c342d23d1f0107d010951d5cb674b4bb26581dae68e3bc94cc7c47316e084,497b8822afdb329df7e593163c058667365610ead0920b891c63d218ed3d89d0,Fixed-Dc,2,0,0.0,0.0,0,0,0,0,0
0.0,800000,1031,11,1b6c342d23d1f0107d010951d5cb674b4bb26581dae68e3bc94cc7c47316e084,497b8822afdb329df7e593163c058667365610ead0920b891c63d218ed3d89d0,Fixed-Dc,3,0,0.0,0.0,0,0,0,0,0
0.0,800000,1031,11,1b6c342d23d1f0107d010951d5cb674b4bb26581dae68e3bc94cc7c47316e084,497b8822afdb329df7e593163c058667365610ead0920b891c63d218ed3d89d0,Fixed-Dc,4,0,0.0,0.0,0,0,0,0,0
0.0,800000,1031,11,1b6c342d23d1f0107d010951d5cb674b4bb26581dae68e3bc94cc7c47316e084,497b8822afdb329df7e593163c058667365610ead0920b891c63d218ed3d89d0,Decoupled,1,0,,,,,,0,0
0.0,800000,1031,11,1b6c342d23d1f0107d010951d5cb674b4bb26581dae68e3bc94cc7c47316e084,497b8822afdb329df7e593163c058667365610ead0920b891c63d218ed3d89d0,Decoupled,2,0,,,,,,0,0
0.0,800000,1031,11,1b6c342d23d1f0107d010951d5cb674b4bb26581dae68e3bc94cc7c47316e084,497b8822afdb329df7e593163c058667365610ead0920b891c63d218ed3d89d0,Decoupled,3,0,,,,,,0,0
0.0,800000,1031,11,1b6c342d23d1f0107d010951d5cb674b4bb26581dae68e3bc94cc7c47316e084,497b8822afdb329df7e593163c058667365610ead0920b891c63d218ed3d89d0,Decoupled,4,0,,,,,,0,0
0.0,2000000,1000,7,b10cec716f6fc19b9654a2a05af02c8f5c3bed691d2343fcc2105ec120b756bc,497b8822afdb329df7e593163c058667365610ead0920b891c63d218ed3d89d0,No-Dq-R,1,0,0.0,0.0,0.0,0,0,0,0
0.0,2000000,1000,7,b10cec716f6fc19b9654a2a05af02c8f5c3bed691d2343fcc2105ec120b756bc,497b8822afdb329df7e593163c058667365610ead0920b891c63d218ed3d89d0,No-Dq-R,2,0,0.0,0.0,0,0,0,0,0
0.0,2000000,1000,7,b10cec716f6fc19b9654a2a05af02c8f5c3bed691d2343fcc2105ec120b756bc,497b8822afdb329df7e593163c058667365610ead0920b891c63d218ed3d89d0,No-Dq-R,3,0,0.0,0.0,0,0,0,0,0
0.0,2000000,1000,7,b10cec716f6fc19b9654a2a05af02c8f5c3bed691d2343fcc2105ec120b756bc,497b8822afdb329df7e593163c058667365610ead0920b891c63d218ed3d89d0,No-Dq-R,4,0,0.0,0.0,0,0,0,0,0
0.0,2000000,1000,7,b10cec716f6fc19b9654a2a05af02c8f5c3bed691d2343fcc2105ec120b756bc,497b8822afdb329df7e593163c058667365610ead0920b891c63d218ed3d89d0,Fixed-Dc,1,0,0.0,0.0,0.0,0,0,0,0
0.0,2000000,1000,7,b10cec716f6fc19b9654a2a05af02c8f5c3bed691d2343fcc2105ec120b756bc,497b8822afdb329df7e593163c058667365610ead0920b891c63d218ed3d89d0,Fixed-Dc,2,0,0.0,0.0,0,0,0,0,0
0.0,2000000,1000,7,b10cec716f6fc19b9654a2a05af02c8f5c3bed691d2343fcc2105ec120b756bc,497b8822afdb329df7e593163c058667365610ead0920b891c63d218ed3d89d0,Fixed-Dc,3,0,0.0,0.0,0,0,0,0,0
0.0,2000000,1000,7,b10cec716f6fc19b9654a2a05af02c8f5c3bed691d2343fcc2105ec120b756bc,497b8822afdb329df7e593163c058667365610ead0920b891c63d218ed3d89d0,Fixed-Dc,4,0,0.0,0.0,0,0,0,0,0
0.0,2000000,1000,7,b10cec716f6fc19b9654a2a05af02c8f5c3bed691d2343fcc2105ec120b756bc,497b8822afdb329df7e593163c058667365610ead0920b891c63d218ed3d89d0,Decoupled,1,0,,,,,,0,0
0.0,2000000,1000,7,b10cec716f6fc19b9654a2a05af02c8f5c3bed691d2343fcc2105ec120b756bc,497b8822afdb329df7e593163c058667365610ead0920b891c63d218ed3d89d0,Decoupled,2,0,,,,,,0,0
0.0,2000000,1000,7,b10cec716f6fc19b9654a2a05af02c8f5c3bed691d2343fcc2105ec120b756bc,497b8822afdb329df7e593163c058667365610ead0920b891c63d218ed3d89d0,Decoupled,3,0,,,,,,0,0
0.0,2000000,1000,7,b10cec716f6fc19b9654a2a05af02c8f5c3bed691d2343fcc2105ec120b756bc,497b8822afdb329df7e593163c058667365610ead0920b891c63d218ed3d89d0,Decoupled,4,0,,,,,,0,0
0.0,2000000,1000,11,b10cec716f6fc19b9654a2a05af02c8f5c3bed691d2343fcc2105ec120b756bc,497b8822afdb329df7e593163c058667365610ead0920b891c63d218ed3d89d0,No-Dq-R,1,0,0.0,0.0,0.0,0,0,0,0
0.0,2000000,1000,11,b10cec716f6fc19b9654a2a05af02c8f5c3bed691d2343fcc2105ec120b756bc,497b8822afdb329df7e593163c058667365610ead0920b891c63d218ed3d89d0,No-Dq-R,2,0,0.0,0.0,0,0,0,0,0
0.0,2000000,1000,11,b10cec716f6fc19b9654a2a05af02c8f5c3bed691d2343fcc2105ec120b756bc,497b8822afdb329df7e593163c058667365610ead0920b891c63d218ed3d89d0,No-Dq-R,3,0,0.0,0.0,0,0,0,0,0
0.0,2000000,1000,11,b10cec716f6fc19b9654a2a05af02c8f5c3bed691d2343fcc2105ec120b756bc,497b8822afdb329df7e593163c058667365610ead0920b891c63d218ed3d89d0,No-Dq-R,4,0,0.0,0.0,0,0,0,0,0
0.0,2000000,1000,11,b10cec716f6fc19b9654a2a05af02c8f5c3bed691d2343fcc2105ec120b756bc,497b8822afdb329df7e593163c058667365610ead0920b891c63d218ed3d89d0,Fixed-Dc,1,0,0.0,0.0,0.0,0,0,0,0
0.0,2000000,1000,11,b10cec716f6fc19b9654a2a05af02c8f5c3bed691d2343fcc2105ec120b756bc,497b8822afdb329df7e593163c058667365610ead0920b891c63d218ed3d89d0,Fixed-Dc,2,0,0.0,0.0,0,0,0,0,0
0.0,2000000,1000,11,b10cec716f6fc19b9654a2a05af02c8f5c3bed691d2343fcc2105ec120b756bc,497b8822afdb329df7e593163c058667365610ead0920b891c63d218ed3d89d0,Fixed-Dc,3,0,0.0,0.0,0,0,0,0,0
0.0,2000000,1000,11,b10cec716f6fc19b9654a2a05af02c8f5c3bed691d2343fcc2105ec120b756bc,497b8822afdb329df7e593163c058667365610ead0920b891c63d218ed3d89d0,Fixed-Dc,4,0,0.0,0.0,0,0,0,0,0
0.0,2000000,1000,11,b10cec716f6fc19b9654a2a05af02c8f5c3bed691d2343fcc2105ec120b756bc,497b8822afdb329df7e593163c058667365610ead0920b891c63d218ed3d89d0,Decoupled,1,0,,,,,,0,0
0.0,2000000,1000,11,b10cec716f6fc19b9654a2a05af02c8f5c3bed691d2343fcc2105ec120b756bc,497b8822afdb329df7e593163c058667365610ead0920b891c63d218ed3d89d0,Decoupled,2,0,,,,,,0,0
0.0,2000000,1000,11,b10cec716f6fc19b9654a2a05af02c8f5c3bed691d2343fcc2105ec120b756bc,497b8822afdb329df7e593163c058667365610ead0920b891c63d218ed3d89d0,Decoupled,3,0,,,,,,0,0
0.0,2000000,1000,11,b10cec716f6fc19b9654a2a05af02c8f5c3bed691d2343fcc2105ec120b756bc,497b8822afdb329df7e593163c058667365610ead0920b891c63d218ed3d89d0,Decoupled,4,0,,,,,,0,0
0.0,2000000,1001,7,5a054dbd0bdb7410a57159ef9764bad32c941bf12a08b003da841e4fb3217b83,497b8822afdb329df7e593163c058667365610ead0920b891c63d218ed3d89d0,No-Dq-R,1,0,0.0,0.0,0.0,0,0,0,0
0.0,2000000,1001,7,5a054dbd0bdb7410a57159ef9764bad32c941bf12a08b003da841e4fb3217b83,497b8822afdb329df7e593163c058667365610ead0920b891c63d218ed3d89d0,No-Dq-R,2,0,0.0,0.0,0,0,0,0,0
0.0,2000000,1001,7,5a054dbd0bdb7410a57159ef9764bad32c941bf12a08b003da841e4fb3217b83,497b8822afdb329df7e593163c058667365610ead0920b891c63d218ed3d89d0,No-Dq-R,3,0,0.0,0.0,0,0,0,0,0
0.0,2000000,1001,7,5a054dbd0bdb7410a57159ef9764bad32c941bf12a08b003da841e4fb3217b83,497b8822afdb329df7e593163c058667365610ead0920b891c63d218ed3d89d0,No-Dq-R,4,0,0.0,0.0,0,0,0,0,0
0.0,2000000,1001,7,5a054dbd0bdb7410a57159ef9764bad32c941bf12a08b003da841e4fb3217b83,497b8822afdb329df7e593163c058667365610ead0920b891c63d218ed3d89d0,Fixed-Dc,1,0,0.0,0.0,0.0,0,0,0,0
0.0,2000000,1001,7,5a054dbd0bdb7410a57159ef9764bad32c941bf12a08b003da841e4fb3217b83,497b8822afdb329df7e593163c058667365610ead0920b891c63d218ed3d89d0,Fixed-Dc,2,0,0.0,0.0,0,0,0,0,0
0.0,2000000,1001,7,5a054dbd0bdb7410a57159ef9764bad32c941bf12a08b003da841e4fb3217b83,497b8822afdb329df7e593163c058667365610ead0920b891c63d218ed3d89d0,Fixed-Dc,3,0,0.0,0.0,0,0,0,0,0
0.0,2000000,1001,7,5a054dbd0bdb7410a57159ef9764bad32c941bf12a08b003da841e4fb3217b83,497b8822afdb329df7e593163c058667365610ead0920b891c63d218ed3d89d0,Fixed-Dc,4,0,0.0,0.0,0,0,0,0,0
0.0,2000000,1001,7,5a054dbd0bdb7410a57159ef9764bad32c941bf12a08b003da841e4fb3217b83,497b8822afdb329df7e593163c058667365610ead0920b891c63d218ed3d89d0,Decoupled,1,0,,,,,,0,0
0.0,2000000,1001,7,5a054dbd0bdb7410a57159ef9764bad32c941bf12a08b003da841e4fb3217b83,497b8822afdb329df7e593163c058667365610ead0920b891c63d218ed3d89d0,Decoupled,2,0,,,,,,0,0
0.0,2000000,1001,7,5a054dbd0bdb7410a57159ef9764bad32c941bf12a08b003da841e4fb3217b83,497b8822afdb329df7e593163c058667365610ead0920b891c63d218ed3d89d0,Decoupled,3,0,,,,,,0,0
0.0,2000000,1001,7,5a054dbd0bdb7410a57159ef9764bad32c941bf12a08b003da841e4fb3217b83,497b8822afdb329df7e593163c058667365610ead0920b891c63d218ed3d89d0,Decoupled,4,0,,,,,,0,0
0.0,2000000,1001,11,5a054dbd0bdb7410a57159ef9764bad32c941bf12a08b003da841e4fb3217b83,497b8822afdb329df7e593163c058667365610ead0920b891c63d218ed3d89d0,No-Dq-R,1,0,0.0,0.0,0.0,0,0,0,0
0.0,2000000,1001,11,5a054dbd0bdb7410a57159ef9764bad32c941bf12a08b003da841e4fb3217b83,497b8822afdb329df7e593163c058667365610ead0920b891c63d218ed3d89d0,No-Dq-R,2,0,0.0,0.0,0,0,0,0,0
0.0,2000000,1001,11,5a054dbd0bdb7410a57159ef9764bad32c941bf12a08b003da841e4fb3217b83,497b8822afdb329df7e593163c058667365610ead0920b891c63d218ed3d89d0,No-Dq-R,3,0,0.0,0.0,0,0,0,0,0
0.0,2000000,1001,11,5a054dbd0bdb7410a57159ef9764bad32c941bf12a08b003da841e4fb3217b83,497b8822afdb329df7e593163c058667365610ead0920b891c63d218ed3d89d0,No-Dq-R,4,0,0.0,0.0,0,0,0,0,0
0.0,2000000,1001,11,5a054dbd0bdb7410a57159ef9764bad32c941bf12a08b003da841e4fb3217b83,497b8822afdb329df7e593163c058667365610ead0920b891c63d218ed3d89d0,Fixed-Dc,1,0,0.0,0.0,0.0,0,0,0,0
0.0,2000000,1001,11,5a054dbd0bdb7410a57159ef9764bad32c941bf12a08b003da841e4fb3217b83,497b8822afdb329df7e593163c058667365610ead0920b891c63d218ed3d89d0,Fixed-Dc,2,0,0.0,0.0,0,0,0,0,0
0.0,2000000,1001,11,5a054dbd0bdb7410a57159ef9764bad32c941bf12a08b003da841e4fb3217b83,497b8822afdb329df7e593163c058667365610ead0920b891c63d218ed3d89d0,Fixed-Dc,3,0,0.0,0.0,0,0,0,0,0
0.0,2000000,1001,11,5a054dbd0bdb7410a57159ef9764bad32c941bf12a08b003da841e4fb3217b83,497b8822afdb329df7e593163c058667365610ead0920b891c63d218ed3d89d0,Fixed-Dc,4,0,0.0,0.0,0,0,0,0,0
0.0,2000000,1001,11,5a054dbd0bdb7410a57159ef9764bad32c941bf12a08b003da841e4fb3217b83,497b8822afdb329df7e593163c058667365610ead0920b891c63d218ed3d89d0,Decoupled,1,0,,,,,,0,0
0.0,2000000,1001,11,5a054dbd0bdb7410a57159ef9764bad32c941bf12a08b003da841e4fb3217b83,497b8822afdb329df7e593163c058667365610ead0920b891c63d218ed3d89d0,Decoupled,2,0,,,,,,0,0
0.0,2000000,1001,11,5a054dbd0bdb7410a57159ef9764bad32c941bf12a08b003da841e4fb3217b83,497b8822afdb329df7e593163c058667365610ead0920b891c63d218ed3d89d0,Decoupled,3,0,,,,,,0,0
0.0,2000000,1001,11,5a054dbd0bdb7410a57159ef9764bad32c941bf12a08b003da841e4fb3217b83,497b8822afdb329df7e593163c058667365610ead0920b891c63d218ed3d89d0,Decoupled,4,0,,,,,,0,0
0.0,2000000,1002,7,e72e11f26afb0198cde016403baeaea88c48e5b0258208b8e761348db799ef19,497b8822afdb329df7e593163c058667365610ead0920b891c63d218ed3d89d0,No-Dq-R,1,0,0.0,0.0,0.0,0,0,0,0
0.0,2000000,1002,7,e72e11f26afb0198cde016403baeaea88c48e5b0258208b8e761348db799ef19,497b8822afdb329df7e593163c058667365610ead0920b891c63d218ed3d89d0,No-Dq-R,2,0,0.0,0.0,0,0,0,0,0
0.0,2000000,1002,7,e72e11f26afb0198cde016403baeaea88c48e5b0258208b8e761348db799ef19,497b8822afdb329df7e593163c058667365610ead0920b891c63d218ed3d89d0,No-Dq-R,3,0,0.0,0.0,0,0,0,0,0
0.0,2000000,1002,7,e72e11f26afb0198cde016403baeaea88c48e5b0258208b8e761348db799ef19,497b8822afdb329df7e593163c058667365610ead0920b891c63d218ed3d89d0,No-Dq-R,4,0,0.0,0.0,0,0,0,0,0
0.0,2000000,1002,7,e72e11f26afb0198cde016403baeaea88c48e5b0258208b8e761348db799ef19,497b8822afdb329df7e593163c058667365610ead0920b891c63d218ed3d89d0,Fixed-Dc,1,0,0.0,0.0,0.0,0,0,0,0
0.0,2000000,1002,7,e72e11f26afb0198cde016403baeaea88c48e5b0258208b8e761348db799ef19,497b8822afdb329df7e593163c058667365610ead0920b891c63d218ed3d89d0,Fixed-Dc,2,0,0.0,0.0,0,0,0,0,0
0.0,2000000,1002,7,e72e11f26afb0198cde016403baeaea88c48e5b0258208b8e761348db799ef19,497b8822afdb329df7e593163c058667365610ead0920b891c63d218ed3d89d0,Fixed-Dc,3,0,0.0,0.0,0,0,0,0,0
0.0,2000000,1002,7,e72e11f26afb0198cde016403baeaea88c48e5b0258208b8e761348db799ef19,497b8822afdb329df7e593163c058667365610ead0920b891c63d218ed3d89d0,Fixed-Dc,4,0,0.0,0.0,0,0,0,0,0
0.0,2000000,1002,7,e72e11f26afb0198cde016403baeaea88c48e5b0258208b8e761348db799ef19,497b8822afdb329df7e593163c058667365610ead0920b891c63d218ed3d89d0,Decoupled,1,0,,,,,,0,0
0.0,2000000,1002,7,e72e11f26afb0198cde016403baeaea88c48e5b0258208b8e761348db799ef19,497b8822afdb329df7e593163c058667365610ead0920b891c63d218ed3d89d0,Decoupled,2,0,,,,,,0,0
0.0,2000000,1002,7,e72e11f26afb0198cde016403baeaea88c48e5b0258208b8e761348db799ef19,497b8822afdb329df7e593163c058667365610ead0920b891c63d218ed3d89d0,Decoupled,3,0,,,,,,0,0
0.0,2000000,1002,7,e72e11f26afb0198cde016403baeaea88c48e5b0258208b8e761348db799ef19,497b8822afdb329df7e593163c058667365610ead0920b891c63d218ed3d89d0,Decoupled,4,0,,,,,,0,0
0.0,2000000,1002,11,e72e11f26afb0198cde016403baeaea88c48e5b0258208b8e761348db799ef19,497b8822afdb329df7e593163c058667365610ead0920b891c63d218ed3d89d0,No-Dq-R,1,0,0.0,0.0,0.0,0,0,0,0
0.0,2000000,1002,11,e72e11f26afb0198cde016403baeaea88c48e5b0258208b8e761348db799ef19,497b8822afdb329df7e593163c058667365610ead0920b891c63d218ed3d89d0,No-Dq-R,2,0,0.0,0.0,0,0,0,0,0
0.0,2000000,1002,11,e72e11f26afb0198cde016403baeaea88c48e5b0258208b8e761348db799ef19,497b8822afdb329df7e593163c058667365610ead0920b891c63d218ed3d89d0,No-Dq-R,3,0,0.0,0.0,0,0,0,0,0
0.0,2000000,1002,11,e72e11f26afb0198cde016403baeaea88c48e5b0258208b8e761348db799ef19,497b8822afdb329df7e593163c058667365610ead0920b891c63d218ed3d89d0,No-Dq-R,4,0,0.0,0.0,0,0,0,0,0
0.0,2000000,1002,11,e72e11f26afb0198cde016403baeaea88c48e5b0258208b8e761348db799ef19,497b8822afdb329df7e593163c058667365610ead0920b891c63d218ed3d89d0,Fixed-Dc,1,0,0.0,0.0,0.0,0,0,0,0
0.0,2000000,1002,11,e72e11f26afb0198cde016403baeaea88c48e5b0258208b8e761348db799ef19,497b8822afdb329df7e593163c058667365610ead0920b891c63d218ed3d89d0,Fixed-Dc,2,0,0.0,0.0,0,0,0,0,0
0.0,2000000,1002,11,e72e11f26afb0198cde016403baeaea88c48e5b0258208b8e761348db799ef19,497b8822afdb329df7e593163c058667365610ead0920b891c63d218ed3d89d0,Fixed-Dc,3,0,0.0,0.0,0,0,0,0,0
0.0,2000000,1002,11,e72e11f26afb0198cde016403baeaea88c48e5b0258208b8e761348db799ef19,497b8822afdb329df7e593163c058667365610ead0920b891c63d218ed3d89d0,Fixed-Dc,4,0,0.0,0.0,0,0,0,0,0
0.0,2000000,1002,11,e72e11f26afb0198cde016403baeaea88c48e5b0258208b8e761348db799ef19,497b8822afdb329df7e593163c058667365610ead0920b891c63d218ed3d89d0,Decoupled,1,0,,,,,,0,0
0.0,2000000,1002,11,e72e11f26afb0198cde016403baeaea88c48e5b0258208b8e761348db799ef19,497b8822afdb329df7e593163c058667365610ead0920b891c63d218ed3d89d0,Decoupled,2,0,,,,,,0,0
0.0,2000000,1002,11,e72e11f26afb0198cde016403baeaea88c48e5b0258208b8e761348db799ef19,497b8822afdb329df7e593163c058667365610ead0920b891c63d218ed3d89d0,Decoupled,3,0,,,,,,0,0
0.0,2000000,1002,11,e72e11f26afb0198cde016403baeaea88c48e5b0258208b8e761348db799ef19,497b8822afdb329df7e593163c058667365610ead0920b891c63d218ed3d89d0,Decoupled,4,0,,,,,,0,0
0.0,2000000,1003,7,f40ab8b60d12a434070fb2affe129e78d7b3600cf84595d59db639512fd72da8,497b8822afdb329df7e593163c058667365610ead0920b891c63d218ed3d89d0,No-Dq-R,1,0,0.0,0.0,0.0,0,0,0,0
0.0,2000000,1003,7,f40ab8b60d12a434070fb2affe129e78d7b3600cf84595d59db639512fd72da8,497b8822afdb329df7e593163c058667365610ead0920b891c63d218ed3d89d0,No-Dq-R,2,0,0.0,0.0,0,0,0,0,0
0.0,2000000,1003,7,f40ab8b60d12a434070fb2affe129e78d7b3600cf84595d59db639512fd72da8,497b8822afdb329df7e593163c058667365610ead0920b891c63d218ed3d89d0,No-Dq-R,3,0,0.0,0.0,0,0,0,0,0
0.0,2000000,1003,7,f40ab8b60d12a434070fb2affe129e78d7b3600cf84595d59db639512fd72da8,497b8822afdb329df7e593163c058667365610ead0920b891c63d218ed3d89d0,No-Dq-R,4,0,0.0,0.0,0,0,0,0,0
0.0,2000000,1003,7,f40ab8b60d12a434070fb2affe129e78d7b3600cf84595d59db639512fd72da8,497b8822afdb329df7e593163c058667365610ead0920b891c63d218ed3d89d0,Fixed-Dc,1,0,0.0,0.0,0.0,0,0,0,0
0.0,2000000,1003,7,f40ab8b60d12a434070fb2affe129e78d7b3600cf84595d59db639512fd72da8,497b8822afdb329df7e593163c058667365610ead0920b891c63d218ed3d89d0,Fixed-Dc,2,0,0.0,0.0,0,0,0,0,0
0.0,2000000,1003,7,f40ab8b60d12a434070fb2affe129e78d7b3600cf84595d59db639512fd72da8,497b8822afdb329df7e593163c058667365610ead0920b891c63d218ed3d89d0,Fixed-Dc,3,0,0.0,0.0,0,0,0,0,0
0.0,2000000,1003,7,f40ab8b60d12a434070fb2affe129e78d7b3600cf84595d59db639512fd72da8,497b8822afdb329df7e593163c058667365610ead0920b891c63d218ed3d89d0,Fixed-Dc,4,0,0.0,0.0,0,0,0,0,0
0.0,2000000,1003,7,f40ab8b60d12a434070fb2affe129e78d7b3600cf84595d59db639512fd72da8,497b8822afdb329df7e593163c058667365610ead0920b891c63d218ed3d89d0,Decoupled,1,0,,,,,,0,0
0.0,2000000,1003,7,f40ab8b60d12a434070fb2affe129e78d7b3600cf84595d59db639512fd72da8,497b8822afdb329df7e593163c058667365610ead0920b891c63d218ed3d89d0,Decoupled,2,0,,,,,,0,0
0.0,2000000,1003,7,f40ab8b60d12a434070fb2affe129e78d7b3600cf84595d59db639512fd72da8,497b8822afdb329df7e593163c058667365610ead0920b891c63d218ed3d89d0,Decoupled,3,0,,,,,,0,0
0.0,2000000,1003,7,f40ab8b60d12a434070fb2affe129e78d7b3600cf84595d59db639512fd72da8,497b8822afdb329df7e593163c058667365610ead0920b891c63d218ed3d89d0,Decoupled,4,0,,,,,,0,0
0.0,2000000,1003,11,f40ab8b60d12a434070fb2affe129e78d7b3600cf84595d59db639512fd72da8,497b8822afdb329df7e593163c058667365610ead0920b891c63d218ed3d89d0,No-Dq-R,1,0,0.0,0.0,0.0,0,0,0,0
0.0,2000000,1003,11,f40ab8b60d12a434070fb2affe129e78d7b3600cf84595d59db639512fd72da8,497b8822afdb329df7e593163c058667365610ead0920b891c63d218ed3d89d0,No-Dq-R,2,0,0.0,0.0,0,0,0,0,0
0.0,2000000,1003,11,f40ab8b60d12a434070fb2affe129e78d7b3600cf84595d59db639512fd72da8,497b8822afdb329df7e593163c058667365610ead0920b891c63d218ed3d89d0,No-Dq-R,3,0,0.0,0.0,0,0,0,0,0
0.0,2000000,1003,11,f40ab8b60d12a434070fb2affe129e78d7b3600cf84595d59db639512fd72da8,497b8822afdb329df7e593163c058667365610ead0920b891c63d218ed3d89d0,No-Dq-R,4,0,0.0,0.0,0,0,0,0,0
0.0,2000000,1003,11,f40ab8b60d12a434070fb2affe129e78d7b3600cf84595d59db639512fd72da8,497b8822afdb329df7e593163c058667365610ead0920b891c63d218ed3d89d0,Fixed-Dc,1,0,0.0,0.0,0.0,0,0,0,0
0.0,2000000,1003,11,f40ab8b60d12a434070fb2affe129e78d7b3600cf84595d59db639512fd72da8,497b8822afdb329df7e593163c058667365610ead0920b891c63d218ed3d89d0,Fixed-Dc,2,0,0.0,0.0,0,0,0,0,0
0.0,2000000,1003,11,f40ab8b60d12a434070fb2affe129e78d7b3600cf84595d59db639512fd72da8,497b8822afdb329df7e593163c058667365610ead0920b891c63d218ed3d89d0,Fixed-Dc,3,0,0.0,0.0,0,0,0,0,0
0.0,2000000,1003,11,f40ab8b60d12a434070fb2affe129e78d7b3600cf84595d59db639512fd72da8,497b8822afdb329df7e593163c058667365610ead0920b891c63d218ed3d89d0,Fixed-Dc,4,0,0.0,0.0,0,0,0,0,0
0.0,2000000,1003,11,f40ab8b60d12a434070fb2affe129e78d7b3600cf84595d59db639512fd72da8,497b8822afdb329df7e593163c058667365610ead0920b891c63d218ed3d89d0,Decoupled,1,0,,,,,,0,0
0.0,2000000,1003,11,f40ab8b60d12a434070fb2affe129e78d7b3600cf84595d59db639512fd72da8,497b8822afdb329df7e593163c058667365610ead0920b891c63d218ed3d89d0,Decoupled,2,0,,,,,,0,0
0.0,2000000,1003,11,f40ab8b60d12a434070fb2affe129e78d7b3600cf84595d59db639512fd72da8,497b8822afdb329df7e593163c058667365610ead0920b891c63d218ed3d89d0,Decoupled,3,0,,,,,,0,0
0.0,2000000,1003,11,f40ab8b60d12a434070fb2affe129e78d7b3600cf84595d59db639512fd72da8,497b8822afdb329df7e593163c058667365610ead0920b891c63d218ed3d89d0,Decoupled,4,0,,,,,,0,0
0.0,2000000,1004,7,4af99fac0e899d5ca52098687a6be910f56b166e7c5e4b06688e279f0362c788,497b8822afdb329df7e593163c058667365610ead0920b891c63d218ed3d89d0,No-Dq-R,1,0,0.0,0.0,0.0,0,0,0,0
0.0,2000000,1004,7,4af99fac0e899d5ca52098687a6be910f56b166e7c5e4b06688e279f0362c788,497b8822afdb329df7e593163c058667365610ead0920b891c63d218ed3d89d0,No-Dq-R,2,0,0.0,0.0,0,0,0,0,0
0.0,2000000,1004,7,4af99fac0e899d5ca52098687a6be910f56b166e7c5e4b06688e279f0362c788,497b8822afdb329df7e593163c058667365610ead0920b891c63d218ed3d89d0,No-Dq-R,3,0,0.0,0.0,0,0,0,0,0
0.0,2000000,1004,7,4af99fac0e899d5ca52098687a6be910f56b166e7c5e4b06688e279f0362c788,497b8822afdb329df7e593163c058667365610ead0920b891c63d218ed3d89d0,No-Dq-R,4,0,0.0,0.0,0,0,0,0,0
0.0,2000000,1004,7,4af99fac0e899d5ca52098687a6be910f56b166e7c5e4b06688e279f0362c788,497b8822afdb329df7e593163c058667365610ead0920b891c63d218ed3d89d0,Fixed-Dc,1,0,0.0,0.0,0.0,0,0,0,0
0.0,2000000,1004,7,4af99fac0e899d5ca52098687a6be910f56b166e7c5e4b06688e279f0362c788,497b8822afdb329df7e593163c058667365610ead0920b891c63d218ed3d89d0,Fixed-Dc,2,0,0.0,0.0,0,0,0,0,0
0.0,2000000,1004,7,4af99fac0e899d5ca52098687a6be910f56b166e7c5e4b06688e279f0362c788,497b8822afdb329df7e593163c058667365610ead0920b891c63d218ed3d89d0,Fixed-Dc,3,0,0.0,0.0,0,0,0,0,0
0.0,2000000,1004,7,4af99fac0e899d5ca52098687a6be910f56b166e7c5e4b06688e279f0362c788,497b8822afdb329df7e593163c058667365610ead0920b891c63d218ed3d89d0,Fixed-Dc,4,0,0.0,0.0,0,0,0,0,0
0.0,2000000,1004,7,4af99fac0e899d5ca52098687a6be910f56b166e7c5e4b06688e279f0362c788,497b8822afdb329df7e593163c058667365610ead0920b891c63d218ed3d89d0,Decoupled,1,0,,,,,,0,0
0.0,2000000,1004,7,4af99fac0e899d5ca52098687a6be910f56b166e7c5e4b06688e279f0362c788,497b8822afdb329df7e593163c058667365610ead0920b891c63d218ed3d89d0,Decoupled,2,0,,,,,,0,0
0.0,2000000,1004,7,4af99fac0e899d5ca52098687a6be910f56b166e7c5e4b06688e279f0362c788,497b8822afdb329df7e593163c058667365610ead0920b891c63d218ed3d89d0,Decoupled,3,0,,,,,,0,0
0.0,2000000,1004,7,4af99fac0e899d5ca52098687a6be910f56b166e7c5e4b06688e279f0362c788,497b8822afdb329df7e593163c058667365610ead0920b891c63d218ed3d89d0,Decoupled,4,0,,,,,,0,0
0.0,2000000,1004,11,4af99fac0e899d5ca52098687a6be910f56b166e7c5e4b06688e279f0362c788,497b8822afdb329df7e593163c058667365610ead0920b891c63d218ed3d89d0,No-Dq-R,1,0,0.0,0.0,0.0,0,0,0,0
0.0,2000000,1004,11,4af99fac0e899d5ca52098687a6be910f56b166e7c5e4b06688e279f0362c788,497b8822afdb329df7e593163c058667365610ead0920b891c63d218ed3d89d0,No-Dq-R,2,0,0.0,0.0,0,0,0,0,0
0.0,2000000,1004,11,4af99fac0e899d5ca52098687a6be910f56b166e7c5e4b06688e279f0362c788,497b8822afdb329df7e593163c058667365610ead0920b891c63d218ed3d89d0,No-Dq-R,3,0,0.0,0.0,0,0,0,0,0
0.0,2000000,1004,11,4af99fac0e899d5ca52098687a6be910f56b166e7c5e4b06688e279f0362c788,497b8822afdb329df7e593163c058667365610ead0920b891c63d218ed3d89d0,No-Dq-R,4,0,0.0,0.0,0,0,0,0,0
0.0,2000000,1004,11,4af99fac0e899d5ca52098687a6be910f56b166e7c5e4b06688e279f0362c788,497b8822afdb329df7e593163c058667365610ead0920b891c63d218ed3d89d0,Fixed-Dc,1,0,0.0,0.0,0.0,0,0,0,0
0.0,2000000,1004,11,4af99fac0e899d5ca52098687a6be910f56b166e7c5e4b06688e279f0362c788,497b8822afdb329df7e593163c058667365610ead0920b891c63d218ed3d89d0,Fixed-Dc,2,0,0.0,0.0,0,0,0,0,0
0.0,2000000,1004,11,4af99fac0e899d5ca52098687a6be910f56b166e7c5e4b06688e279f0362c788,497b8822afdb329df7e593163c058667365610ead0920b891c63d218ed3d89d0,Fixed-Dc,3,0,0.0,0.0,0,0,0,0,0
0.0,2000000,1004,11,4af99fac0e899d5ca52098687a6be910f56b166e7c5e4b06688e279f0362c788,497b8822afdb329df7e593163c058667365610ead0920b891c63d218ed3d89d0,Fixed-Dc,4,0,0.0,0.0,0,0,0,0,0
0.0,2000000,1004,11,4af99fac0e899d5ca52098687a6be910f56b166e7c5e4b06688e279f0362c788,497b8822afdb329df7e593163c058667365610ead0920b891c63d218ed3d89d0,Decoupled,1,0,,,,,,0,0
0.0,2000000,1004,11,4af99fac0e899d5ca52098687a6be910f56b166e7c5e4b06688e279f0362c788,497b8822afdb329df7e593163c058667365610ead0920b891c63d218ed3d89d0,Decoupled,2,0,,,,,,0,0
0.0,2000000,1004,11,4af99fac0e899d5ca52098687a6be910f56b166e7c5e4b06688e279f0362c788,497b8822afdb329df7e593163c058667365610ead0920b891c63d218ed3d89d0,Decoupled,3,0,,,,,,0,0
0.0,2000000,1004,11,4af99fac0e899d5ca52098687a6be910f56b166e7c5e4b06688e279f0362c788,497b8822afdb329df7e593163c058667365610ead0920b891c63d218ed3d89d0,Decoupled,4,0,,,,,,0,0
0.0,2000000,1005,7,df30494bb7800fed2b8fa267e1ffc2f16fe111dd4310227d31f4ccae9aaaa080,497b8822afdb329df7e593163c058667365610ead0920b891c63d218ed3d89d0,No-Dq-R,1,0,0.0,0.0,0.0,0,0,0,0
0.0,2000000,1005,7,df30494bb7800fed2b8fa267e1ffc2f16fe111dd4310227d31f4ccae9aaaa080,497b8822afdb329df7e593163c058667365610ead0920b891c63d218ed3d89d0,No-Dq-R,2,0,0.0,0.0,0,0,0,0,0
0.0,2000000,1005,7,df30494bb7800fed2b8fa267e1ffc2f16fe111dd4310227d31f4ccae9aaaa080,497b8822afdb329df7e593163c058667365610ead0920b891c63d218ed3d89d0,No-Dq-R,3,0,0.0,0.0,0,0,0,0,0
0.0,2000000,1005,7,df30494bb7800fed2b8fa267e1ffc2f16fe111dd4310227d31f4ccae9aaaa080,497b8822afdb329df7e593163c058667365610ead0920b891c63d218ed3d89d0,No-Dq-R,4,0,0.0,0.0,0,0,0,0,0
0.0,2000000,1005,7,df30494bb7800fed2b8fa267e1ffc2f16fe111dd4310227d31f4ccae9aaaa080,497b8822afdb329df7e593163c058667365610ead0920b891c63d218ed3d89d0,Fixed-Dc,1,0,0.0,0.0,0.0,0,0,0,0
0.0,2000000,1005,7,df30494bb7800fed2b8fa267e1ffc2f16fe111dd4310227d31f4ccae9aaaa080,497b8822afdb329df7e593163c058667365610ead0920b891c63d218ed3d89d0,Fixed-Dc,2,0,0.0,0.0,0,0,0,0,0
0.0,2000000,1005,7,df30494bb7800fed2b8fa267e1ffc2f16fe111dd4310227d31f4ccae9aaaa080,497b8822afdb329df7e593163c058667365610ead0920b891c63d218ed3d89d0,Fixed-Dc,3,0,0.0,0.0,0,0,0,0,0
0.0,2000000,1005,7,df30494bb7800fed2b8fa267e1ffc2f16fe111dd4310227d31f4ccae9aaaa080,497b8822afdb329df7e593163c058667365610ead0920b891c63d218ed3d89d0,Fixed-Dc,4,0,0.0,0.0,0,0,0,0,0
0.0,2000000,1005,7,df30494bb7800fed2b8fa267e1ffc2f16fe111dd4310227d31f4ccae9aaaa080,497b8822afdb329df7e593163c058667365610ead0920b891c63d218ed3d89d0,Decoupled,1,0,,,,,,0,0
0.0,2000000,1005,7,df30494bb7800fed2b8fa267e1ffc2f16fe111dd4310227d31f4ccae9aaaa080,497b8822afdb329df7e593163c058667365610ead0920b891c63d218ed3d89d0,Decoupled,2,0,,,,,,0,0
0.0,2000000,1005,7,df30494bb7800fed2b8fa267e1ffc2f16fe111dd4310227d31f4ccae9aaaa080,497b8822afdb329df7e593163c058667365610ead0920b891c63d218ed3d89d0,Decoupled,3,0,,,,,,0,0
0.0,2000000,1005,7,df30494bb7800fed2b8fa267e1ffc2f16fe111dd4310227d31f4ccae9aaaa080,497b8822afdb329df7e593163c058667365610ead0920b891c63d218ed3d89d0,Decoupled,4,0,,,,,,0,0
0.0,2000000,1005,11,df30494bb7800fed2b8fa267e1ffc2f16fe111dd4310227d31f4ccae9aaaa080,497b8822afdb329df7e593163c058667365610ead0920b891c63d218ed3d89d0,No-Dq-R,1,0,0.0,0.0,0.0,0,0,0,0
0.0,2000000,1005,11,df30494bb7800fed2b8fa267e1ffc2f16fe111dd4310227d31f4ccae9aaaa080,497b8822afdb329df7e593163c058667365610ead0920b891c63d218ed3d89d0,No-Dq-R,2,0,0.0,0.0,0,0,0,0,0
0.0,2000000,1005,11,df30494bb7800fed2b8fa267e1ffc2f16fe111dd4310227d31f4ccae9aaaa080,497b8822afdb329df7e593163c058667365610ead0920b891c63d218ed3d89d0,No-Dq-R,3,0,0.0,0.0,0,0,0,0,0
0.0,2000000,1005,11,df30494bb7800fed2b8fa267e1ffc2f16fe111dd4310227d31f4ccae9aaaa080,497b8822afdb329df7e593163c058667365610ead0920b891c63d218ed3d89d0,No-Dq-R,4,0,0.0,0.0,0,0,0,0,0
0.0,2000000,1005,11,df30494bb7800fed2b8fa267e1ffc2f16fe111dd4310227d31f4ccae9aaaa080,497b8822afdb329df7e593163c058667365610ead0920b891c63d218ed3d89d0,Fixed-Dc,1,0,0.0,0.0,0.0,0,0,0,0
0.0,2000000,1005,11,df30494bb7800fed2b8fa267e1ffc2f16fe111dd4310227d31f4ccae9aaaa080,497b8822afdb329df7e593163c058667365610ead0920b891c63d218ed3d89d0,Fixed-Dc,2,0,0.0,0.0,0,0,0,0,0
0.0,2000000,1005,11,df30494bb7800fed2b8fa267e1ffc2f16fe111dd4310227d31f4ccae9aaaa080,497b8822afdb329df7e593163c058667365610ead0920b891c63d218ed3d89d0,Fixed-Dc,3,0,0.0,0.0,0,0,0,0,0
0.0,2000000,1005,11,df30494bb7800fed2b8fa267e1ffc2f16fe111dd4310227d31f4ccae9aaaa080,497b8822afdb329df7e593163c058667365610ead0920b891c63d218ed3d89d0,Fixed-Dc,4,0,0.0,0.0,0,0,0,0,0
0.0,2000000,1005,11,df30494bb7800fed2b8fa267e1ffc2f16fe111dd4310227d31f4ccae9aaaa080,497b8822afdb329df7e593163c058667365610ead0920b891c63d218ed3d89d0,Decoupled,1,0,,,,,,0,0
0.0,2000000,1005,11,df30494bb7800fed2b8fa267e1ffc2f16fe111dd4310227d31f4ccae9aaaa080,497b8822afdb329df7e593163c058667365610ead0920b891c63d218ed3d89d0,Decoupled,2,0,,,,,,0,0
0.0,2000000,1005,11,df30494bb7800fed2b8fa267e1ffc2f16fe111dd4310227d31f4ccae9aaaa080,497b8822afdb329df7e593163c058667365610ead0920b891c63d218ed3d89d0,Decoupled,3,0,,,,,,0,0
0.0,2000000,1005,11,df30494bb7800fed2b8fa267e1ffc2f16fe111dd4310227d31f4ccae9aaaa080,497b8822afdb329df7e593163c058667365610ead0920b891c63d218ed3d89d0,Decoupled,4,0,,,,,,0,0
0.0,2000000,1006,7,7c8cb0a9c5ed570d82ae7e8abd7a6424d9759676c0506a02693c978fb0ed8bc4,497b8822afdb329df7e593163c058667365610ead0920b891c63d218ed3d89d0,No-Dq-R,1,0,0.0,0.0,0.0,0,0,0,0
0.0,2000000,1006,7,7c8cb0a9c5ed570d82ae7e8abd7a6424d9759676c0506a02693c978fb0ed8bc4,497b8822afdb329df7e593163c058667365610ead0920b891c63d218ed3d89d0,No-Dq-R,2,0,0.0,0.0,0,0,0,0,0
0.0,2000000,1006,7,7c8cb0a9c5ed570d82ae7e8abd7a6424d9759676c0506a02693c978fb0ed8bc4,497b8822afdb329df7e593163c058667365610ead0920b891c63d218ed3d89d0,No-Dq-R,3,0,0.0,0.0,0,0,0,0,0
0.0,2000000,1006,7,7c8cb0a9c5ed570d82ae7e8abd7a6424d9759676c0506a02693c978fb0ed8bc4,497b8822afdb329df7e593163c058667365610ead0920b891c63d218ed3d89d0,No-Dq-R,4,0,0.0,0.0,0,0,0,0,0
0.0,2000000,1006,7,7c8cb0a9c5ed570d82ae7e8abd7a6424d9759676c0506a02693c978fb0ed8bc4,497b8822afdb329df7e593163c058667365610ead0920b891c63d218ed3d89d0,Fixed-Dc,1,0,0.0,0.0,0.0,0,0,0,0
0.0,2000000,1006,7,7c8cb0a9c5ed570d82ae7e8abd7a6424d9759676c0506a02693c978fb0ed8bc4,497b8822afdb329df7e593163c058667365610ead0920b891c63d218ed3d89d0,Fixed-Dc,2,0,0.0,0.0,0,0,0,0,0
0.0,2000000,1006,7,7c8cb0a9c5ed570d82ae7e8abd7a6424d9759676c0506a02693c978fb0ed8bc4,497b8822afdb329df7e593163c058667365610ead0920b891c63d218ed3d89d0,Fixed-Dc,3,0,0.0,0.0,0,0,0,0,0
0.0,2000000,1006,7,7c8cb0a9c5ed570d82ae7e8abd7a6424d9759676c0506a02693c978fb0ed8bc4,497b8822afdb329df7e593163c058667365610ead0920b891c63d218ed3d89d0,Fixed-Dc,4,0,0.0,0.0,0,0,0,0,0
0.0,2000000,1006,7,7c8cb0a9c5ed570d82ae7e8abd7a6424d9759676c0506a02693c978fb0ed8bc4,497b8822afdb329df7e593163c058667365610ead0920b891c63d218ed3d89d0,Decoupled,1,0,,,,,,0,0
0.0,2000000,1006,7,7c8cb0a9c5ed570d82ae7e8abd7a6424d9759676c0506a02693c978fb0ed8bc4,497b8822afdb329df7e593163c058667365610ead0920b891c63d218ed3d89d0,Decoupled,2,0,,,,,,0,0
0.0,2000000,1006,7,7c8cb0a9c5ed570d82ae7e8abd7a6424d9759676c0506a02693c978fb0ed8bc4,497b8822afdb329df7e593163c058667365610ead0920b891c63d218ed3d89d0,Decoupled,3,0,,,,,,0,0
0.0,2000000,1006,7,7c8cb0a9c5ed570d82ae7e8abd7a6424d9759676c0506a02693c978fb0ed8bc4,497b8822afdb329df7e593163c058667365610ead0920b891c63d218ed3d89d0,Decoupled,4,0,,,,,,0,0
0.0,2000000,1006,11,7c8cb0a9c5ed570d82ae7e8abd7a6424d9759676c0506a02693c978fb0ed8bc4,497b8822afdb329df7e593163c058667365610ead0920b891c63d218ed3d89d0,No-Dq-R,1,0,0.0,0.0,0.0,0,0,0,0
0.0,2000000,1006,11,7c8cb0a9c5ed570d82ae7e8abd7a6424d9759676c0506a02693c978fb0ed8bc4,497b8822afdb329df7e593163c058667365610ead0920b891c63d218ed3d89d0,No-Dq-R,2,0,0.0,0.0,0,0,0,0,0
0.0,2000000,1006,11,7c8cb0a9c5ed570d82ae7e8abd7a6424d9759676c0506a02693c978fb0ed8bc4,497b8822afdb329df7e593163c058667365610ead0920b891c63d218ed3d89d0,No-Dq-R,3,0,0.0,0.0,0,0,0,0,0
0.0,2000000,1006,11,7c8cb0a9c5ed570d82ae7e8abd7a6424d9759676c0506a02693c978fb0ed8bc4,497b8822afdb329df7e593163c058667365610ead0920b891c63d218ed3d89d0,No-Dq-R,4,0,0.0,0.0,0,0,0,0,0
0.0,2000000,1006,11,7c8cb0a9c5ed570d82ae7e8abd7a6424d9759676c0506a02693c978fb0ed8bc4,497b8822afdb329df7e593163c058667365610ead0920b891c63d218ed3d89d0,Fixed-Dc,1,0,0.0,0.0,0.0,0,0,0,0
0.0,2000000,1006,11,7c8cb0a9c5ed570d82ae7e8abd7a6424d9759676c0506a02693c978fb0ed8bc4,497b8822afdb329df7e593163c058667365610ead0920b891c63d218ed3d89d0,Fixed-Dc,2,0,0.0,0.0,0,0,0,0,0
0.0,2000000,1006,11,7c8cb0a9c5ed570d82ae7e8abd7a6424d9759676c0506a02693c978fb0ed8bc4,497b8822afdb329df7e593163c058667365610ead0920b891c63d218ed3d89d0,Fixed-Dc,3,0,0.0,0.0,0,0,0,0,0
0.0,2000000,1006,11,7c8cb0a9c5ed570d82ae7e8abd7a6424d9759676c0506a02693c978fb0ed8bc4,497b8822afdb329df7e593163c058667365610ead0920b891c63d218ed3d89d0,Fixed-Dc,4,0,0.0,0.0,0,0,0,0,0
0.0,2000000,1006,11,7c8cb0a9c5ed570d82ae7e8abd7a6424d9759676c0506a02693c978fb0ed8bc4,497b8822afdb329df7e593163c058667365610ead0920b891c63d218ed3d89d0,Decoupled,1,0,,,,,,0,0
0.0,2000000,1006,11,7c8cb0a9c5ed570d82ae7e8abd7a6424d9759676c0506a02693c978fb0ed8bc4,497b8822afdb329df7e593163c058667365610ead0920b891c63d218ed3d89d0,Decoupled,2,0,,,,,,0,0
0.0,2000000,1006,11,7c8cb0a9c5ed570d82ae7e8abd7a6424d9759676c0506a02693c978fb0ed8bc4,497b8822afdb329df7e593163c058667365610ead0920b891c63d218ed3d89d0,Decoupled,3,0,,,,,,0,0
0.0,2000000,1006,11,7c8cb0a9c5ed570d82ae7e8abd7a6424d9759676c0506a02693c978fb0ed8bc4,497b8822afdb329df7e593163c058667365610ead0920b891c63d218ed3d89d0,Decoupled,4,0,,,,,,0,0
0.0,2000000,1007,7,2b6e7e5aee943f7df75f8f3b3bf12c280735e7bb7e216a218123e915feecfae3,497b8822afdb329df7e593163c058667365610ead0920b891c63d218ed3d89d0,No-Dq-R,1,0,0.0,0.0,0.0,0,0,0,0
0.0,2000000,1007,7,2b6e7e5aee943f7df75f8f3b3bf12c280735e7bb7e216a218123e915feecfae3,497b8822afdb329df7e593163c058667365610ead0920b891c63d218ed3d89d0,No-Dq-R,2,0,0.0,0.0,0,0,0,0,0
0.0,2000000,1007,7,2b6e7e5aee943f7df75f8f3b3bf12c280735e7bb7e216a218123e915feecfae3,497b8822afdb329df7e593163c058667365610ead0920b891c63d218ed3d89d0,No-Dq-R,3,0,0.0,0.0,0,0,0,0,0
0.0,2000000,1007,7,2b6e7e5aee943f7df75f8f3b3bf12c280735e7bb7e216a218123e915feecfae3,497b8822afdb329df7e593163c058667365610ead0920b891c63d218ed3d89d0,No-Dq-R,4,0,0.0,0.0,0,0,0,0,0
0.0,2000000,1007,7,2b6e7e5aee943f7df75f8f3b3bf12c280735e7bb7e216a218123e915feecfae3,497b8822afdb329df7e593163c058667365610ead0920b891c63d218ed3d89d0,Fixed-Dc,1,0,0.0,0.0,0.0,0,0,0,0
0.0,2000000,1007,7,2b6e7e5aee943f7df75f8f3b3bf12c280735e7bb7e216a218123e915feecfae3,497b8822afdb329df7e593163c058667365610ead0920b891c63d218ed3d89d0,Fixed-Dc,2,0,0.0,0.0,0,0,0,0,0
0.0,2000000,1007,7,2b6e7e5aee943f7df75f8f3b3bf12c280735e7bb7e216a218123e915feecfae3,497b8822afdb329df7e593163c058667365610ead0920b891c63d218ed3d89d0,Fixed-Dc,3,0,0.0,0.0,0,0,0,0,0
0.0,2000000,1007,7,2b6e7e5aee943f7df75f8f3b3bf12c280735e7bb7e216a218123e915feecfae3,497b8822afdb329df7e593163c058667365610ead0920b891c63d218ed3d89d0,Fixed-Dc,4,0,0.0,0.0,0,0,0,0,0
0.0,2000000,1007,7,2b6e7e5aee943f7df75f8f3b3bf12c280735e7bb7e216a218123e915feecfae3,497b8822afdb329df7e593163c058667365610ead0920b891c63d218ed3d89d0,Decoupled,1,0,,,,,,0,0
0.0,2000000,1007,7,2b6e7e5aee943f7df75f8f3b3bf12c280735e7bb7e216a218123e915feecfae3,497b8822afdb329df7e593163c058667365610ead0920b891c63d218ed3d89d0,Decoupled,2,0,,,,,,0,0
0.0,2000000,1007,7,2b6e7e5aee943f7df75f8f3b3bf12c280735e7bb7e216a218123e915feecfae3,497b8822afdb329df7e593163c058667365610ead0920b891c63d218ed3d89d0,Decoupled,3,0,,,,,,0,0
0.0,2000000,1007,7,2b6e7e5aee943f7df75f8f3b3bf12c280735e7bb7e216a218123e915feecfae3,497b8822afdb329df7e593163c058667365610ead0920b891c63d218ed3d89d0,Decoupled,4,0,,,,,,0,0
0.0,2000000,1007,11,2b6e7e5aee943f7df75f8f3b3bf12c280735e7bb7e216a218123e915feecfae3,497b8822afdb329df7e593163c058667365610ead0920b891c63d218ed3d89d0,No-Dq-R,1,0,0.0,0.0,0.0,0,0,0,0
0.0,2000000,1007,11,2b6e7e5aee943f7df75f8f3b3bf12c280735e7bb7e216a218123e915feecfae3,497b8822afdb329df7e593163c058667365610ead0920b891c63d218ed3d89d0,No-Dq-R,2,0,0.0,0.0,0,0,0,0,0
0.0,2000000,1007,11,2b6e7e5aee943f7df75f8f3b3bf12c280735e7bb7e216a218123e915feecfae3,497b8822afdb329df7e593163c058667365610ead0920b891c63d218ed3d89d0,No-Dq-R,3,0,0.0,0.0,0,0,0,0,0
0.0,2000000,1007,11,2b6e7e5aee943f7df75f8f3b3bf12c280735e7bb7e216a218123e915feecfae3,497b8822afdb329df7e593163c058667365610ead0920b891c63d218ed3d89d0,No-Dq-R,4,0,0.0,0.0,0,0,0,0,0
0.0,2000000,1007,11,2b6e7e5aee943f7df75f8f3b3bf12c280735e7bb7e216a218123e915feecfae3,497b8822afdb329df7e593163c058667365610ead0920b891c63d218ed3d89d0,Fixed-Dc,1,0,0.0,0.0,0.0,0,0,0,0
0.0,2000000,1007,11,2b6e7e5aee943f7df75f8f3b3bf12c280735e7bb7e216a218123e915feecfae3,497b8822afdb329df7e593163c058667365610ead0920b891c63d218ed3d89d0,Fixed-Dc,2,0,0.0,0.0,0,0,0,0,0
0.0,2000000,1007,11,2b6e7e5aee943f7df75f8f3b3bf12c280735e7bb7e216a218123e915feecfae3,497b8822afdb329df7e593163c058667365610ead0920b891c63d218ed3d89d0,Fixed-Dc,3,0,0.0,0.0,0,0,0,0,0
0.0,2000000,1007,11,2b6e7e5aee943f7df75f8f3b3bf12c280735e7bb7e216a218123e915feecfae3,497b8822afdb329df7e593163c058667365610ead0920b891c63d218ed3d89d0,Fixed-Dc,4,0,0.0,0.0,0,0,0,0,0
0.0,2000000,1007,11,2b6e7e5aee943f7df75f8f3b3bf12c280735e7bb7e216a218123e915feecfae3,497b8822afdb329df7e593163c058667365610ead0920b891c63d218ed3d89d0,Decoupled,1,0,,,,,,0,0
0.0,2000000,1007,11,2b6e7e5aee943f7df75f8f3b3bf12c280735e7bb7e216a218123e915feecfae3,497b8822afdb329df7e593163c058667365610ead0920b891c63d218ed3d89d0,Decoupled,2,0,,,,,,0,0
0.0,2000000,1007,11,2b6e7e5aee943f7df75f8f3b3bf12c280735e7bb7e216a218123e915feecfae3,497b8822afdb329df7e593163c058667365610ead0920b891c63d218ed3d89d0,Decoupled,3,0,,,,,,0,0
0.0,2000000,1007,11,2b6e7e5aee943f7df75f8f3b3bf12c280735e7bb7e216a218123e915feecfae3,497b8822afdb329df7e593163c058667365610ead0920b891c63d218ed3d89d0,Decoupled,4,0,,,,,,0,0
0.0,2000000,1008,7,33f5437a0c8e3eea23f0836874c575d2c85f724c3ad048adb0e283b0c33ffd79,497b8822afdb329df7e593163c058667365610ead0920b891c63d218ed3d89d0,No-Dq-R,1,0,0.0,0.0,0.0,0,0,0,0
0.0,2000000,1008,7,33f5437a0c8e3eea23f0836874c575d2c85f724c3ad048adb0e283b0c33ffd79,497b8822afdb329df7e593163c058667365610ead0920b891c63d218ed3d89d0,No-Dq-R,2,0,0.0,0.0,0,0,0,0,0
0.0,2000000,1008,7,33f5437a0c8e3eea23f0836874c575d2c85f724c3ad048adb0e283b0c33ffd79,497b8822afdb329df7e593163c058667365610ead0920b891c63d218ed3d89d0,No-Dq-R,3,0,0.0,0.0,0,0,0,0,0
0.0,2000000,1008,7,33f5437a0c8e3eea23f0836874c575d2c85f724c3ad048adb0e283b0c33ffd79,497b8822afdb329df7e593163c058667365610ead0920b891c63d218ed3d89d0,No-Dq-R,4,0,0.0,0.0,0,0,0,0,0
0.0,2000000,1008,7,33f5437a0c8e3eea23f0836874c575d2c85f724c3ad048adb0e283b0c33ffd79,497b8822afdb329df7e593163c058667365610ead0920b891c63d218ed3d89d0,Fixed-Dc,1,0,0.0,0.0,0.0,0,0,0,0
0.0,2000000,1008,7,33f5437a0c8e3eea23f0836874c575d2c85f724c3ad048adb0e283b0c33ffd79,497b8822afdb329df7e593163c058667365610ead0920b891c63d218ed3d89d0,Fixed-Dc,2,0,0.0,0.0,0,0,0,0,0
0.0,2000000,1008,7,33f5437a0c8e3eea23f0836874c575d2c85f724c3ad048adb0e283b0c33ffd79,497b8822afdb329df7e593163c058667365610ead0920b891c63d218ed3d89d0,Fixed-Dc,3,0,0.0,0.0,0,0,0,0,0
0.0,2000000,1008,7,33f5437a0c8e3eea23f0836874c575d2c85f724c3ad048adb0e283b0c33ffd79,497b8822afdb329df7e593163c058667365610ead0920b891c63d218ed3d89d0,Fixed-Dc,4,0,0.0,0.0,0,0,0,0,0
0.0,2000000,1008,7,33f5437a0c8e3eea23f0836874c575d2c85f724c3ad048adb0e283b0c33ffd79,497b8822afdb329df7e593163c058667365610ead0920b891c63d218ed3d89d0,Decoupled,1,0,,,,,,0,0
0.0,2000000,1008,7,33f5437a0c8e3eea23f0836874c575d2c85f724c3ad048adb0e283b0c33ffd79,497b8822afdb329df7e593163c058667365610ead0920b891c63d218ed3d89d0,Decoupled,2,0,,,,,,0,0
0.0,2000000,1008,7,33f5437a0c8e3eea23f0836874c575d2c85f724c3ad048adb0e283b0c33ffd79,497b8822afdb329df7e593163c058667365610ead0920b891c63d218ed3d89d0,Decoupled,3,0,,,,,,0,0
0.0,2000000,1008,7,33f5437a0c8e3eea23f0836874c575d2c85f724c3ad048adb0e283b0c33ffd79,497b8822afdb329df7e593163c058667365610ead0920b891c63d218ed3d89d0,Decoupled,4,0,,,,,,0,0
0.0,2000000,1008,11,33f5437a0c8e3eea23f0836874c575d2c85f724c3ad048adb0e283b0c33ffd79,497b8822afdb329df7e593163c058667365610ead0920b891c63d218ed3d89d0,No-Dq-R,1,0,0.0,0.0,0.0,0,0,0,0
0.0,2000000,1008,11,33f5437a0c8e3eea23f0836874c575d2c85f724c3ad048adb0e283b0c33ffd79,497b8822afdb329df7e593163c058667365610ead0920b891c63d218ed3d89d0,No-Dq-R,2,0,0.0,0.0,0,0,0,0,0
0.0,2000000,1008,11,33f5437a0c8e3eea23f0836874c575d2c85f724c3ad048adb0e283b0c33ffd79,497b8822afdb329df7e593163c058667365610ead0920b891c63d218ed3d89d0,No-Dq-R,3,0,0.0,0.0,0,0,0,0,0
0.0,2000000,1008,11,33f5437a0c8e3eea23f0836874c575d2c85f724c3ad048adb0e283b0c33ffd79,497b8822afdb329df7e593163c058667365610ead0920b891c63d218ed3d89d0,No-Dq-R,4,0,0.0,0.0,0,0,0,0,0
0.0,2000000,1008,11,33f5437a0c8e3eea23f0836874c575d2c85f724c3ad048adb0e283b0c33ffd79,497b8822afdb329df7e593163c058667365610ead0920b891c63d218ed3d89d0,Fixed-Dc,1,0,0.0,0.0,0.0,0,0,0,0
0.0,2000000,1008,11,33f5437a0c8e3eea23f0836874c575d2c85f724c3ad048adb0e283b0c33ffd79,497b8822afdb329df7e593163c058667365610ead0920b891c63d218ed3d89d0,Fixed-Dc,2,0,0.0,0.0,0,0,0,0,0
0.0,2000000,1008,11,33f5437a0c8e3eea23f0836874c575d2c85f724c3ad048adb0e283b0c33ffd79,497b8822afdb329df7e593163c058667365610ead0920b891c63d218ed3d89d0,Fixed-Dc,3,0,0.0,0.0,0,0,0,0,0
0.0,2000000,1008,11,33f5437a0c8e3eea23f0836874c575d2c85f724c3ad048adb0e283b0c33ffd79,497b8822afdb329df7e593163c058667365610ead0920b891c63d218ed3d89d0,Fixed-Dc,4,0,0.0,0.0,0,0,0,0,0
0.0,2000000,1008,11,33f5437a0c8e3eea23f0836874c575d2c85f724c3ad048adb0e283b0c33ffd79,497b8822afdb329df7e593163c058667365610ead0920b891c63d218ed3d89d0,Decoupled,1,0,,,,,,0,0
0.0,2000000,1008,11,33f5437a0c8e3eea23f0836874c575d2c85f724c3ad048adb0e283b0c33ffd79,497b8822afdb329df7e593163c058667365610ead0920b891c63d218ed3d89d0,Decoupled,2,0,,,,,,0,0
0.0,2000000,1008,11,33f5437a0c8e3eea23f0836874c575d2c85f724c3ad048adb0e283b0c33ffd79,497b8822afdb329df7e593163c058667365610ead0920b891c63d218ed3d89d0,Decoupled,3,0,,,,,,0,0
0.0,2000000,1008,11,33f5437a0c8e3eea23f0836874c575d2c85f724c3ad048adb0e283b0c33ffd79,497b8822afdb329df7e593163c058667365610ead0920b891c63d218ed3d89d0,Decoupled,4,0,,,,,,0,0
0.0,2000000,1009,7,4795f3c999aba8fe6d61e21bd510fbd9cdd9094f39766591916124e19451c2fb,497b8822afdb329df7e593163c058667365610ead0920b891c63d218ed3d89d0,No-Dq-R,1,0,0.0,0.0,0.0,0,0,0,0
0.0,2000000,1009,7,4795f3c999aba8fe6d61e21bd510fbd9cdd9094f39766591916124e19451c2fb,497b8822afdb329df7e593163c058667365610ead0920b891c63d218ed3d89d0,No-Dq-R,2,0,0.0,0.0,0,0,0,0,0
0.0,2000000,1009,7,4795f3c999aba8fe6d61e21bd510fbd9cdd9094f39766591916124e19451c2fb,497b8822afdb329df7e593163c058667365610ead0920b891c63d218ed3d89d0,No-Dq-R,3,0,0.0,0.0,0,0,0,0,0
0.0,2000000,1009,7,4795f3c999aba8fe6d61e21bd510fbd9cdd9094f39766591916124e19451c2fb,497b8822afdb329df7e593163c058667365610ead0920b891c63d218ed3d89d0,No-Dq-R,4,0,0.0,0.0,0,0,0,0,0
0.0,2000000,1009,7,4795f3c999aba8fe6d61e21bd510fbd9cdd9094f39766591916124e19451c2fb,497b8822afdb329df7e593163c058667365610ead0920b891c63d218ed3d89d0,Fixed-Dc,1,0,0.0,0.0,0.0,0,0,0,0
0.0,2000000,1009,7,4795f3c999aba8fe6d61e21bd510fbd9cdd9094f39766591916124e19451c2fb,497b8822afdb329df7e593163c058667365610ead0920b891c63d218ed3d89d0,Fixed-Dc,2,0,0.0,0.0,0,0,0,0,0
0.0,2000000,1009,7,4795f3c999aba8fe6d61e21bd510fbd9cdd9094f39766591916124e19451c2fb,497b8822afdb329df7e593163c058667365610ead0920b891c63d218ed3d89d0,Fixed-Dc,3,0,0.0,0.0,0,0,0,0,0
0.0,2000000,1009,7,4795f3c999aba8fe6d61e21bd510fbd9cdd9094f39766591916124e19451c2fb,497b8822afdb329df7e593163c058667365610ead0920b891c63d218ed3d89d0,Fixed-Dc,4,0,0.0,0.0,0,0,0,0,0
0.0,2000000,1009,7,4795f3c999aba8fe6d61e21bd510fbd9cdd9094f39766591916124e19451c2fb,497b8822afdb329df7e593163c058667365610ead0920b891c63d218ed3d89d0,Decoupled,1,0,,,,,,0,0
0.0,2000000,1009,7,4795f3c999aba8fe6d61e21bd510fbd9cdd9094f39766591916124e19451c2fb,497b8822afdb329df7e593163c058667365610ead0920b891c63d218ed3d89d0,Decoupled,2,0,,,,,,0,0
0.0,2000000,1009,7,4795f3c999aba8fe6d61e21bd510fbd9cdd9094f39766591916124e19451c2fb,497b8822afdb329df7e593163c058667365610ead0920b891c63d218ed3d89d0,Decoupled,3,0,,,,,,0,0
0.0,2000000,1009,7,4795f3c999aba8fe6d61e21bd510fbd9cdd9094f39766591916124e19451c2fb,497b8822afdb329df7e593163c058667365610ead0920b891c63d218ed3d89d0,Decoupled,4,0,,,,,,0,0
0.0,2000000,1009,11,4795f3c999aba8fe6d61e21bd510fbd9cdd9094f39766591916124e19451c2fb,497b8822afdb329df7e593163c058667365610ead0920b891c63d218ed3d89d0,No-Dq-R,1,0,0.0,0.0,0.0,0,0,0,0
0.0,2000000,1009,11,4795f3c999aba8fe6d61e21bd510fbd9cdd9094f39766591916124e19451c2fb,497b8822afdb329df7e593163c058667365610ead0920b891c63d218ed3d89d0,No-Dq-R,2,0,0.0,0.0,0,0,0,0,0
0.0,2000000,1009,11,4795f3c999aba8fe6d61e21bd510fbd9cdd9094f39766591916124e19451c2fb,497b8822afdb329df7e593163c058667365610ead0920b891c63d218ed3d89d0,No-Dq-R,3,0,0.0,0.0,0,0,0,0,0
0.0,2000000,1009,11,4795f3c999aba8fe6d61e21bd510fbd9cdd9094f39766591916124e19451c2fb,497b8822afdb329df7e593163c058667365610ead0920b891c63d218ed3d89d0,No-Dq-R,4,0,0.0,0.0,0,0,0,0,0
0.0,2000000,1009,11,4795f3c999aba8fe6d61e21bd510fbd9cdd9094f39766591916124e19451c2fb,497b8822afdb329df7e593163c058667365610ead0920b891c63d218ed3d89d0,Fixed-Dc,1,0,0.0,0.0,0.0,0,0,0,0
0.0,2000000,1009,11,4795f3c999aba8fe6d61e21bd510fbd9cdd9094f39766591916124e19451c2fb,497b8822afdb329df7e593163c058667365610ead0920b891c63d218ed3d89d0,Fixed-Dc,2,0,0.0,0.0,0,0,0,0,0
0.0,2000000,1009,11,4795f3c999aba8fe6d61e21bd510fbd9cdd9094f39766591916124e19451c2fb,497b8822afdb329df7e593163c058667365610ead0920b891c63d218ed3d89d0,Fixed-Dc,3,0,0.0,0.0,0,0,0,0,0
0.0,2000000,1009,11,4795f3c999aba8fe6d61e21bd510fbd9cdd9094f39766591916124e19451c2fb,497b8822afdb329df7e593163c058667365610ead0920b891c63d218ed3d89d0,Fixed-Dc,4,0,0.0,0.0,0,0,0,0,0
0.0,2000000,1009,11,4795f3c999aba8fe6d61e21bd510fbd9cdd9094f39766591916124e19451c2fb,497b8822afdb329df7e593163c058667365610ead0920b891c63d218ed3d89d0,Decoupled,1,0,,,,,,0,0
0.0,2000000,1009,11,4795f3c999aba8fe6d61e21bd510fbd9cdd9094f39766591916124e19451c2fb,497b8822afdb329df7e593163c058667365610ead0920b891c63d218ed3d89d0,Decoupled,2,0,,,,,,0,0
0.0,2000000,1009,11,4795f3c999aba8fe6d61e21bd510fbd9cdd9094f39766591916124e19451c2fb,497b8822afdb329df7e593163c058667365610ead0920b891c63d218ed3d89d0,Decoupled,3,0,,,,,,0,0
0.0,2000000,1009,11,4795f3c999aba8fe6d61e21bd510fbd9cdd9094f39766591916124e19451c2fb,497b8822afdb329df7e593163c058667365610ead0920b891c63d218ed3d89d0,Decoupled,4,0,,,,,,0,0
0.0,2000000,1010,7,91e654ec90bb31a3031cde07ea4a535232ff0464da95b8daa79e3a697ea7c704,497b8822afdb329df7e593163c058667365610ead0920b891c63d218ed3d89d0,No-Dq-R,1,0,0.0,0.0,0.0,0,0,0,0
0.0,2000000,1010,7,91e654ec90bb31a3031cde07ea4a535232ff0464da95b8daa79e3a697ea7c704,497b8822afdb329df7e593163c058667365610ead0920b891c63d218ed3d89d0,No-Dq-R,2,0,0.0,0.0,0,0,0,0,0
0.0,2000000,1010,7,91e654ec90bb31a3031cde07ea4a535232ff0464da95b8daa79e3a697ea7c704,497b8822afdb329df7e593163c058667365610ead0920b891c63d218ed3d89d0,No-Dq-R,3,0,0.0,0.0,0,0,0,0,0
0.0,2000000,1010,7,91e654ec90bb31a3031cde07ea4a535232ff0464da95b8daa79e3a697ea7c704,497b8822afdb329df7e593163c058667365610ead0920b891c63d218ed3d89d0,No-Dq-R,4,0,0.0,0.0,0,0,0,0,0
0.0,2000000,1010,7,91e654ec90bb31a3031cde07ea4a535232ff0464da95b8daa79e3a697ea7c704,497b8822afdb329df7e593163c058667365610ead0920b891c63d218ed3d89d0,Fixed-Dc,1,0,0.0,0.0,0.0,0,0,0,0
0.0,2000000,1010,7,91e654ec90bb31a3031cde07ea4a535232ff0464da95b8daa79e3a697ea7c704,497b8822afdb329df7e593163c058667365610ead0920b891c63d218ed3d89d0,Fixed-Dc,2,0,0.0,0.0,0,0,0,0,0
0.0,2000000,1010,7,91e654ec90bb31a3031cde07ea4a535232ff0464da95b8daa79e3a697ea7c704,497b8822afdb329df7e593163c058667365610ead0920b891c63d218ed3d89d0,Fixed-Dc,3,0,0.0,0.0,0,0,0,0,0
0.0,2000000,1010,7,91e654ec90bb31a3031cde07ea4a535232ff0464da95b8daa79e3a697ea7c704,497b8822afdb329df7e593163c058667365610ead0920b891c63d218ed3d89d0,Fixed-Dc,4,0,0.0,0.0,0,0,0,0,0
0.0,2000000,1010,7,91e654ec90bb31a3031cde07ea4a535232ff0464da95b8daa79e3a697ea7c704,497b8822afdb329df7e593163c058667365610ead0920b891c63d218ed3d89d0,Decoupled,1,0,,,,,,0,0
0.0,2000000,1010,7,91e654ec90bb31a3031cde07ea4a535232ff0464da95b8daa79e3a697ea7c704,497b8822afdb329df7e593163c058667365610ead0920b891c63d218ed3d89d0,Decoupled,2,0,,,,,,0,0
0.0,2000000,1010,7,91e654ec90bb31a3031cde07ea4a535232ff0464da95b8daa79e3a697ea7c704,497b8822afdb329df7e593163c058667365610ead0920b891c63d218ed3d89d0,Decoupled,3,0,,,,,,0,0
0.0,2000000,1010,7,91e654ec90bb31a3031cde07ea4a535232ff0464da95b8daa79e3a697ea7c704,497b8822afdb329df7e593163c058667365610ead0920b891c63d218ed3d89d0,Decoupled,4,0,,,,,,0,0
0.0,2000000,1010,11,91e654ec90bb31a3031cde07ea4a535232ff0464da95b8daa79e3a697ea7c704,497b8822afdb329df7e593163c058667365610ead0920b891c63d218ed3d89d0,No-Dq-R,1,0,0.0,0.0,0.0,0,0,0,0
0.0,2000000,1010,11,91e654ec90bb31a3031cde07ea4a535232ff0464da95b8daa79e3a697ea7c704,497b8822afdb329df7e593163c058667365610ead0920b891c63d218ed3d89d0,No-Dq-R,2,0,0.0,0.0,0,0,0,0,0
0.0,2000000,1010,11,91e654ec90bb31a3031cde07ea4a535232ff0464da95b8daa79e3a697ea7c704,497b8822afdb329df7e593163c058667365610ead0920b891c63d218ed3d89d0,No-Dq-R,3,0,0.0,0.0,0,0,0,0,0
0.0,2000000,1010,11,91e654ec90bb31a3031cde07ea4a535232ff0464da95b8daa79e3a697ea7c704,497b8822afdb329df7e593163c058667365610ead0920b891c63d218ed3d89d0,No-Dq-R,4,0,0.0,0.0,0,0,0,0,0
0.0,2000000,1010,11,91e654ec90bb31a3031cde07ea4a535232ff0464da95b8daa79e3a697ea7c704,497b8822afdb329df7e593163c058667365610ead0920b891c63d218ed3d89d0,Fixed-Dc,1,0,0.0,0.0,0.0,0,0,0,0
0.0,2000000,1010,11,91e654ec90bb31a3031cde07ea4a535232ff0464da95b8daa79e3a697ea7c704,497b8822afdb329df7e593163c058667365610ead0920b891c63d218ed3d89d0,Fixed-Dc,2,0,0.0,0.0,0,0,0,0,0
0.0,2000000,1010,11,91e654ec90bb31a3031cde07ea4a535232ff0464da95b8daa79e3a697ea7c704,497b8822afdb329df7e593163c058667365610ead0920b891c63d218ed3d89d0,Fixed-Dc,3,0,0.0,0.0,0,0,0,0,0
0.0,2000000,1010,11,91e654ec90bb31a3031cde07ea4a535232ff0464da95b8daa79e3a697ea7c704,497b8822afdb329df7e593163c058667365610ead0920b891c63d218ed3d89d0,Fixed-Dc,4,0,0.0,0.0,0,0,0,0,0
0.0,2000000,1010,11,91e654ec90bb31a3031cde07ea4a535232ff0464da95b8daa79e3a697ea7c704,497b8822afdb329df7e593163c058667365610ead0920b891c63d218ed3d89d0,Decoupled,1,0,,,,,,0,0
0.0,2000000,1010,11,91e654ec90bb31a3031cde07ea4a535232ff0464da95b8daa79e3a697ea7c704,497b8822afdb329df7e593163c058667365610ead0920b891c63d218ed3d89d0,Decoupled,2,0,,,,,,0,0
0.0,2000000,1010,11,91e654ec90bb31a3031cde07ea4a535232ff0464da95b8daa79e3a697ea7c704,497b8822afdb329df7e593163c058667365610ead0920b891c63d218ed3d89d0,Decoupled,3,0,,,,,,0,0
0.0,2000000,1010,11,91e654ec90bb31a3031cde07ea4a535232ff0464da95b8daa79e3a697ea7c704,497b8822afdb329df7e593163c058667365610ead0920b891c63d218ed3d89d0,Decoupled,4,0,,,,,,0,0
0.0,2000000,1011,7,14540a11a401b1ada70db085c7d710d6eeafaeeb9cbfae16ee3fe80ee01b5c36,497b8822afdb329df7e593163c058667365610ead0920b891c63d218ed3d89d0,No-Dq-R,1,0,0.0,0.0,0.0,0,0,0,0
0.0,2000000,1011,7,14540a11a401b1ada70db085c7d710d6eeafaeeb9cbfae16ee3fe80ee01b5c36,497b8822afdb329df7e593163c058667365610ead0920b891c63d218ed3d89d0,No-Dq-R,2,0,0.0,0.0,0,0,0,0,0
0.0,2000000,1011,7,14540a11a401b1ada70db085c7d710d6eeafaeeb9cbfae16ee3fe80ee01b5c36,497b8822afdb329df7e593163c058667365610ead0920b891c63d218ed3d89d0,No-Dq-R,3,0,0.0,0.0,0,0,0,0,0
0.0,2000000,1011,7,14540a11a401b1ada70db085c7d710d6eeafaeeb9cbfae16ee3fe80ee01b5c36,497b8822afdb329df7e593163c058667365610ead0920b891c63d218ed3d89d0,No-Dq-R,4,0,0.0,0.0,0,0,0,0,0
0.0,2000000,1011,7,14540a11a401b1ada70db085c7d710d6eeafaeeb9cbfae16ee3fe80ee01b5c36,497b8822afdb329df7e593163c058667365610ead0920b891c63d218ed3d89d0,Fixed-Dc,1,0,0.0,0.0,0.0,0,0,0,0
0.0,2000000,1011,7,14540a11a401b1ada70db085c7d710d6eeafaeeb9cbfae16ee3fe80ee01b5c36,497b8822afdb329df7e593163c058667365610ead0920b891c63d218ed3d89d0,Fixed-Dc,2,0,0.0,0.0,0,0,0,0,0
0.0,2000000,1011,7,14540a11a401b1ada70db085c7d710d6eeafaeeb9cbfae16ee3fe80ee01b5c36,497b8822afdb329df7e593163c058667365610ead0920b891c63d218ed3d89d0,Fixed-Dc,3,0,0.0,0.0,0,0,0,0,0
0.0,2000000,1011,7,14540a11a401b1ada70db085c7d710d6eeafaeeb9cbfae16ee3fe80ee01b5c36,497b8822afdb329df7e593163c058667365610ead0920b891c63d218ed3d89d0,Fixed-Dc,4,0,0.0,0.0,0,0,0,0,0
0.0,2000000,1011,7,14540a11a401b1ada70db085c7d710d6eeafaeeb9cbfae16ee3fe80ee01b5c36,497b8822afdb329df7e593163c058667365610ead0920b891c63d218ed3d89d0,Decoupled,1,0,,,,,,0,0
0.0,2000000,1011,7,14540a11a401b1ada70db085c7d710d6eeafaeeb9cbfae16ee3fe80ee01b5c36,497b8822afdb329df7e593163c058667365610ead0920b891c63d218ed3d89d0,Decoupled,2,0,,,,,,0,0
0.0,2000000,1011,7,14540a11a401b1ada70db085c7d710d6eeafaeeb9cbfae16ee3fe80ee01b5c36,497b8822afdb329df7e593163c058667365610ead0920b891c63d218ed3d89d0,Decoupled,3,0,,,,,,0,0
0.0,2000000,1011,7,14540a11a401b1ada70db085c7d710d6eeafaeeb9cbfae16ee3fe80ee01b5c36,497b8822afdb329df7e593163c058667365610ead0920b891c63d218ed3d89d0,Decoupled,4,0,,,,,,0,0
0.0,2000000,1011,11,14540a11a401b1ada70db085c7d710d6eeafaeeb9cbfae16ee3fe80ee01b5c36,497b8822afdb329df7e593163c058667365610ead0920b891c63d218ed3d89d0,No-Dq-R,1,0,0.0,0.0,0.0,0,0,0,0
0.0,2000000,1011,11,14540a11a401b1ada70db085c7d710d6eeafaeeb9cbfae16ee3fe80ee01b5c36,497b8822afdb329df7e593163c058667365610ead0920b891c63d218ed3d89d0,No-Dq-R,2,0,0.0,0.0,0,0,0,0,0
0.0,2000000,1011,11,14540a11a401b1ada70db085c7d710d6eeafaeeb9cbfae16ee3fe80ee01b5c36,497b8822afdb329df7e593163c058667365610ead0920b891c63d218ed3d89d0,No-Dq-R,3,0,0.0,0.0,0,0,0,0,0
0.0,2000000,1011,11,14540a11a401b1ada70db085c7d710d6eeafaeeb9cbfae16ee3fe80ee01b5c36,497b8822afdb329df7e593163c058667365610ead0920b891c63d218ed3d89d0,No-Dq-R,4,0,0.0,0.0,0,0,0,0,0
0.0,2000000,1011,11,14540a11a401b1ada70db085c7d710d6eeafaeeb9cbfae16ee3fe80ee01b5c36,497b8822afdb329df7e593163c058667365610ead0920b891c63d218ed3d89d0,Fixed-Dc,1,0,0.0,0.0,0.0,0,0,0,0
0.0,2000000,1011,11,14540a11a401b1ada70db085c7d710d6eeafaeeb9cbfae16ee3fe80ee01b5c36,497b8822afdb329df7e593163c058667365610ead0920b891c63d218ed3d89d0,Fixed-Dc,2,0,0.0,0.0,0,0,0,0,0
0.0,2000000,1011,11,14540a11a401b1ada70db085c7d710d6eeafaeeb9cbfae16ee3fe80ee01b5c36,497b8822afdb329df7e593163c058667365610ead0920b891c63d218ed3d89d0,Fixed-Dc,3,0,0.0,0.0,0,0,0,0,0
0.0,2000000,1011,11,14540a11a401b1ada70db085c7d710d6eeafaeeb9cbfae16ee3fe80ee01b5c36,497b8822afdb329df7e593163c058667365610ead0920b891c63d218ed3d89d0,Fixed-Dc,4,0,0.0,0.0,0,0,0,0,0
0.0,2000000,1011,11,14540a11a401b1ada70db085c7d710d6eeafaeeb9cbfae16ee3fe80ee01b5c36,497b8822afdb329df7e593163c058667365610ead0920b891c63d218ed3d89d0,Decoupled,1,0,,,,,,0,0
0.0,2000000,1011,11,14540a11a401b1ada70db085c7d710d6eeafaeeb9cbfae16ee3fe80ee01b5c36,497b8822afdb329df7e593163c058667365610ead0920b891c63d218ed3d89d0,Decoupled,2,0,,,,,,0,0
0.0,2000000,1011,11,14540a11a401b1ada70db085c7d710d6eeafaeeb9cbfae16ee3fe80ee01b5c36,497b8822afdb329df7e593163c058667365610ead0920b891c63d218ed3d89d0,Decoupled,3,0,,,,,,0,0
0.0,2000000,1011,11,14540a11a401b1ada70db085c7d710d6eeafaeeb9cbfae16ee3fe80ee01b5c36,497b8822afdb329df7e593163c058667365610ead0920b891c63d218ed3d89d0,Decoupled,4,0,,,,,,0,0
0.0,2000000,1012,7,cdb0f556582371e9fd60b855fcc19de8e950a10b816900df5baf752f84039f1b,497b8822afdb329df7e593163c058667365610ead0920b891c63d218ed3d89d0,No-Dq-R,1,0,0.0,0.0,0.0,0,0,0,0
0.0,2000000,1012,7,cdb0f556582371e9fd60b855fcc19de8e950a10b816900df5baf752f84039f1b,497b8822afdb329df7e593163c058667365610ead0920b891c63d218ed3d89d0,No-Dq-R,2,0,0.0,0.0,0,0,0,0,0
0.0,2000000,1012,7,cdb0f556582371e9fd60b855fcc19de8e950a10b816900df5baf752f84039f1b,497b8822afdb329df7e593163c058667365610ead0920b891c63d218ed3d89d0,No-Dq-R,3,0,0.0,0.0,0,0,0,0,0
0.0,2000000,1012,7,cdb0f556582371e9fd60b855fcc19de8e950a10b816900df5baf752f84039f1b,497b8822afdb329df7e593163c058667365610ead0920b891c63d218ed3d89d0,No-Dq-R,4,0,0.0,0.0,0,0,0,0,0
0.0,2000000,1012,7,cdb0f556582371e9fd60b855fcc19de8e950a10b816900df5baf752f84039f1b,497b8822afdb329df7e593163c058667365610ead0920b891c63d218ed3d89d0,Fixed-Dc,1,0,0.0,0.0,0.0,0,0,0,0
0.0,2000000,1012,7,cdb0f556582371e9fd60b855fcc19de8e950a10b816900df5baf752f84039f1b,497b8822afdb329df7e593163c058667365610ead0920b891c63d218ed3d89d0,Fixed-Dc,2,0,0.0,0.0,0,0,0,0,0
0.0,2000000,1012,7,cdb0f556582371e9fd60b855fcc19de8e950a10b816900df5baf752f84039f1b,497b8822afdb329df7e593163c058667365610ead0920b891c63d218ed3d89d0,Fixed-Dc,3,0,0.0,0.0,0,0,0,0,0
0.0,2000000,1012,7,cdb0f556582371e9fd60b855fcc19de8e950a10b816900df5baf752f84039f1b,497b8822afdb329df7e593163c058667365610ead0920b891c63d218ed3d89d0,Fixed-Dc,4,0,0.0,0.0,0,0,0,0,0
0.0,2000000,1012,7,cdb0f556582371e9fd60b855fcc19de8e950a10b816900df5baf752f84039f1b,497b8822afdb329df7e593163c058667365610ead0920b891c63d218ed3d89d0,Decoupled,1,0,,,,,,0,0
0.0,2000000,1012,7,cdb0f556582371e9fd60b855fcc19de8e950a10b816900df5baf752f84039f1b,497b8822afdb329df7e593163c058667365610ead0920b891c63d218ed3d89d0,Decoupled,2,0,,,,,,0,0
0.0,2000000,1012,7,cdb0f556582371e9fd60b855fcc19de8e950a10b816900df5baf752f84039f1b,497b8822afdb329df7e593163c058667365610ead0920b891c63d218ed3d89d0,Decoupled,3,0,,,,,,0,0
0.0,2000000,1012,7,cdb0f556582371e9fd60b855fcc19de8e950a10b816900df5baf752f84039f1b,497b8822afdb329df7e593163c058667365610ead0920b891c63d218ed3d89d0,Decoupled,4,0,,,,,,0,0
0.0,2000000,1012,11,cdb0f556582371e9fd60b855fcc19de8e950a10b816900df5baf752f84039f1b,497b8822afdb329df7e593163c058667365610ead0920b891c63d218ed3d89d0,No-Dq-R,1,0,0.0,0.0,0.0,0,0,0,0
0.0,2000000,1012,11,cdb0f556582371e9fd60b855fcc19de8e950a10b816900df5baf752f84039f1b,497b8822afdb329df7e593163c058667365610ead0920b891c63d218ed3d89d0,No-Dq-R,2,0,0.0,0.0,0,0,0,0,0
0.0,2000000,1012,11,cdb0f556582371e9fd60b855fcc19de8e950a10b816900df5baf752f84039f1b,497b8822afdb329df7e593163c058667365610ead0920b891c63d218ed3d89d0,No-Dq-R,3,0,0.0,0.0,0,0,0,0,0
0.0,2000000,1012,11,cdb0f556582371e9fd60b855fcc19de8e950a10b816900df5baf752f84039f1b,497b8822afdb329df7e593163c058667365610ead0920b891c63d218ed3d89d0,No-Dq-R,4,0,0.0,0.0,0,0,0,0,0
0.0,2000000,1012,11,cdb0f556582371e9fd60b855fcc19de8e950a10b816900df5baf752f84039f1b,497b8822afdb329df7e593163c058667365610ead0920b891c63d218ed3d89d0,Fixed-Dc,1,0,0.0,0.0,0.0,0,0,0,0
0.0,2000000,1012,11,cdb0f556582371e9fd60b855fcc19de8e950a10b816900df5baf752f84039f1b,497b8822afdb329df7e593163c058667365610ead0920b891c63d218ed3d89d0,Fixed-Dc,2,0,0.0,0.0,0,0,0,0,0
0.0,2000000,1012,11,cdb0f556582371e9fd60b855fcc19de8e950a10b816900df5baf752f84039f1b,497b8822afdb329df7e593163c058667365610ead0920b891c63d218ed3d89d0,Fixed-Dc,3,0,0.0,0.0,0,0,0,0,0
0.0,2000000,1012,11,cdb0f556582371e9fd60b855fcc19de8e950a10b816900df5baf752f84039f1b,497b8822afdb329df7e593163c058667365610ead0920b891c63d218ed3d89d0,Fixed-Dc,4,0,0.0,0.0,0,0,0,0,0
0.0,2000000,1012,11,cdb0f556582371e9fd60b855fcc19de8e950a10b816900df5baf752f84039f1b,497b8822afdb329df7e593163c058667365610ead0920b891c63d218ed3d89d0,Decoupled,1,0,,,,,,0,0
0.0,2000000,1012,11,cdb0f556582371e9fd60b855fcc19de8e950a10b816900df5baf752f84039f1b,497b8822afdb329df7e593163c058667365610ead0920b891c63d218ed3d89d0,Decoupled,2,0,,,,,,0,0
0.0,2000000,1012,11,cdb0f556582371e9fd60b855fcc19de8e950a10b816900df5baf752f84039f1b,497b8822afdb329df7e593163c058667365610ead0920b891c63d218ed3d89d0,Decoupled,3,0,,,,,,0,0
0.0,2000000,1012,11,cdb0f556582371e9fd60b855fcc19de8e950a10b816900df5baf752f84039f1b,497b8822afdb329df7e593163c058667365610ead0920b891c63d218ed3d89d0,Decoupled,4,0,,,,,,0,0
0.0,2000000,1013,7,38b20a40d088f85a4195c48c17887953bc04a08e4c10682d683fa8f6ddef40d5,497b8822afdb329df7e593163c058667365610ead0920b891c63d218ed3d89d0,No-Dq-R,1,0,0.0,0.0,0.0,0,0,0,0
0.0,2000000,1013,7,38b20a40d088f85a4195c48c17887953bc04a08e4c10682d683fa8f6ddef40d5,497b8822afdb329df7e593163c058667365610ead0920b891c63d218ed3d89d0,No-Dq-R,2,0,0.0,0.0,0,0,0,0,0
0.0,2000000,1013,7,38b20a40d088f85a4195c48c17887953bc04a08e4c10682d683fa8f6ddef40d5,497b8822afdb329df7e593163c058667365610ead0920b891c63d218ed3d89d0,No-Dq-R,3,0,0.0,0.0,0,0,0,0,0
0.0,2000000,1013,7,38b20a40d088f85a4195c48c17887953bc04a08e4c10682d683fa8f6ddef40d5,497b8822afdb329df7e593163c058667365610ead0920b891c63d218ed3d89d0,No-Dq-R,4,0,0.0,0.0,0,0,0,0,0
0.0,2000000,1013,7,38b20a40d088f85a4195c48c17887953bc04a08e4c10682d683fa8f6ddef40d5,497b8822afdb329df7e593163c058667365610ead0920b891c63d218ed3d89d0,Fixed-Dc,1,0,0.0,0.0,0.0,0,0,0,0
0.0,2000000,1013,7,38b20a40d088f85a4195c48c17887953bc04a08e4c10682d683fa8f6ddef40d5,497b8822afdb329df7e593163c058667365610ead0920b891c63d218ed3d89d0,Fixed-Dc,2,0,0.0,0.0,0,0,0,0,0
0.0,2000000,1013,7,38b20a40d088f85a4195c48c17887953bc04a08e4c10682d683fa8f6ddef40d5,497b8822afdb329df7e593163c058667365610ead0920b891c63d218ed3d89d0,Fixed-Dc,3,0,0.0,0.0,0,0,0,0,0
0.0,2000000,1013,7,38b20a40d088f85a4195c48c17887953bc04a08e4c10682d683fa8f6ddef40d5,497b8822afdb329df7e593163c058667365610ead0920b891c63d218ed3d89d0,Fixed-Dc,4,0,0.0,0.0,0,0,0,0,0
0.0,2000000,1013,7,38b20a40d088f85a4195c48c17887953bc04a08e4c10682d683fa8f6ddef40d5,497b8822afdb329df7e593163c058667365610ead0920b891c63d218ed3d89d0,Decoupled,1,0,,,,,,0,0
0.0,2000000,1013,7,38b20a40d088f85a4195c48c17887953bc04a08e4c10682d683fa8f6ddef40d5,497b8822afdb329df7e593163c058667365610ead0920b891c63d218ed3d89d0,Decoupled,2,0,,,,,,0,0
0.0,2000000,1013,7,38b20a40d088f85a4195c48c17887953bc04a08e4c10682d683fa8f6ddef40d5,497b8822afdb329df7e593163c058667365610ead0920b891c63d218ed3d89d0,Decoupled,3,0,,,,,,0,0
0.0,2000000,1013,7,38b20a40d088f85a4195c48c17887953bc04a08e4c10682d683fa8f6ddef40d5,497b8822afdb329df7e593163c058667365610ead0920b891c63d218ed3d89d0,Decoupled,4,0,,,,,,0,0
0.0,2000000,1013,11,38b20a40d088f85a4195c48c17887953bc04a08e4c10682d683fa8f6ddef40d5,497b8822afdb329df7e593163c058667365610ead0920b891c63d218ed3d89d0,No-Dq-R,1,0,0.0,0.0,0.0,0,0,0,0
0.0,2000000,1013,11,38b20a40d088f85a4195c48c17887953bc04a08e4c10682d683fa8f6ddef40d5,497b8822afdb329df7e593163c058667365610ead0920b891c63d218ed3d89d0,No-Dq-R,2,0,0.0,0.0,0,0,0,0,0
0.0,2000000,1013,11,38b20a40d088f85a4195c48c17887953bc04a08e4c10682d683fa8f6ddef40d5,497b8822afdb329df7e593163c058667365610ead0920b891c63d218ed3d89d0,No-Dq-R,3,0,0.0,0.0,0,0,0,0,0
0.0,2000000,1013,11,38b20a40d088f85a4195c48c17887953bc04a08e4c10682d683fa8f6ddef40d5,497b8822afdb329df7e593163c058667365610ead0920b891c63d218ed3d89d0,No-Dq-R,4,0,0.0,0.0,0,0,0,0,0
0.0,2000000,1013,11,38b20a40d088f85a4195c48c17887953bc04a08e4c10682d683fa8f6ddef40d5,497b8822afdb329df7e593163c058667365610ead0920b891c63d218ed3d89d0,Fixed-Dc,1,0,0.0,0.0,0.0,0,0,0,0
0.0,2000000,1013,11,38b20a40d088f85a4195c48c17887953bc04a08e4c10682d683fa8f6ddef40d5,497b8822afdb329df7e593163c058667365610ead0920b891c63d218ed3d89d0,Fixed-Dc,2,0,0.0,0.0,0,0,0,0,0
0.0,2000000,1013,11,38b20a40d088f85a4195c48c17887953bc04a08e4c10682d683fa8f6ddef40d5,497b8822afdb329df7e593163c058667365610ead0920b891c63d218ed3d89d0,Fixed-Dc,3,0,0.0,0.0,0,0,0,0,0
0.0,2000000,1013,11,38b20a40d088f85a4195c48c17887953bc04a08e4c10682d683fa8f6ddef40d5,497b8822afdb329df7e593163c058667365610ead0920b891c63d218ed3d89d0,Fixed-Dc,4,0,0.0,0.0,0,0,0,0,0
0.0,2000000,1013,11,38b20a40d088f85a4195c48c17887953bc04a08e4c10682d683fa8f6ddef40d5,497b8822afdb329df7e593163c058667365610ead0920b891c63d218ed3d89d0,Decoupled,1,0,,,,,,0,0
0.0,2000000,1013,11,38b20a40d088f85a4195c48c17887953bc04a08e4c10682d683fa8f6ddef40d5,497b8822afdb329df7e593163c058667365610ead0920b891c63d218ed3d89d0,Decoupled,2,0,,,,,,0,0
0.0,2000000,1013,11,38b20a40d088f85a4195c48c17887953bc04a08e4c10682d683fa8f6ddef40d5,497b8822afdb329df7e593163c058667365610ead0920b891c63d218ed3d89d0,Decoupled,3,0,,,,,,0,0
0.0,2000000,1013,11,38b20a40d088f85a4195c48c17887953bc04a08e4c10682d683fa8f6ddef40d5,497b8822afdb329df7e593163c058667365610ead0920b891c63d218ed3d89d0,Decoupled,4,0,,,,,,0,0
0.0,2000000,1014,7,5169a35e48ff862f02f288f240244bf79f0ad2348c857d9bfd7a083ab594cfff,497b8822afdb329df7e593163c058667365610ead0920b891c63d218ed3d89d0,No-Dq-R,1,0,0.0,0.0,0.0,0,0,0,0
0.0,2000000,1014,7,5169a35e48ff862f02f288f240244bf79f0ad2348c857d9bfd7a083ab594cfff,497b8822afdb329df7e593163c058667365610ead0920b891c63d218ed3d89d0,No-Dq-R,2,0,0.0,0.0,0,0,0,0,0
0.0,2000000,1014,7,5169a35e48ff862f02f288f240244bf79f0ad2348c857d9bfd7a083ab594cfff,497b8822afdb329df7e593163c058667365610ead0920b891c63d218ed3d89d0,No-Dq-R,3,0,0.0,0.0,0,0,0,0,0
0.0,2000000,1014,7,5169a35e48ff862f02f288f240244bf79f0ad2348c857d9bfd7a083ab594cfff,497b8822afdb329df7e593163c058667365610ead0920b891c63d218ed3d89d0,No-Dq-R,4,0,0.0,0.0,0,0,0,0,0
0.0,2000000,1014,7,5169a35e48ff862f02f288f240244bf79f0ad2348c857d9bfd7a083ab594cfff,497b8822afdb329df7e593163c058667365610ead0920b891c63d218ed3d89d0,Fixed-Dc,1,0,0.0,0.0,0.0,0,0,0,0
0.0,2000000,1014,7,5169a35e48ff862f02f288f240244bf79f0ad2348c857d9bfd7a083ab594cfff,497b8822afdb329df7e593163c058667365610ead0920b891c63d218ed3d89d0,Fixed-Dc,2,0,0.0,0.0,0,0,0,0,0
0.0,2000000,1014,7,5169a35e48ff862f02f288f240244bf79f0ad2348c857d9bfd7a083ab594cfff,497b8822afdb329df7e593163c058667365610ead0920b891c63d218ed3d89d0,Fixed-Dc,3,0,0.0,0.0,0,0,0,0,0
0.0,2000000,1014,7,5169a35e48ff862f02f288f240244bf79f0ad2348c857d9bfd7a083ab594cfff,497b8822afdb329df7e593163c058667365610ead0920b891c63d218ed3d89d0,Fixed-Dc,4,0,0.0,0.0,0,0,0,0,0
0.0,2000000,1014,7,5169a35e48ff862f02f288f240244bf79f0ad2348c857d9bfd7a083ab594cfff,497b8822afdb329df7e593163c058667365610ead0920b891c63d218ed3d89d0,Decoupled,1,0,,,,,,0,0
0.0,2000000,1014,7,5169a35e48ff862f02f288f240244bf79f0ad2348c857d9bfd7a083ab594cfff,497b8822afdb329df7e593163c058667365610ead0920b891c63d218ed3d89d0,Decoupled,2,0,,,,,,0,0
0.0,2000000,1014,7,5169a35e48ff862f02f288f240244bf79f0ad2348c857d9bfd7a083ab594cfff,497b8822afdb329df7e593163c058667365610ead0920b891c63d218ed3d89d0,Decoupled,3,0,,,,,,0,0
0.0,2000000,1014,7,5169a35e48ff862f02f288f240244bf79f0ad2348c857d9bfd7a083ab594cfff,497b8822afdb329df7e593163c058667365610ead0920b891c63d218ed3d89d0,Decoupled,4,0,,,,,,0,0
0.0,2000000,1014,11,5169a35e48ff862f02f288f240244bf79f0ad2348c857d9bfd7a083ab594cfff,497b8822afdb329df7e593163c058667365610ead0920b891c63d218ed3d89d0,No-Dq-R,1,0,0.0,0.0,0.0,0,0,0,0
0.0,2000000,1014,11,5169a35e48ff862f02f288f240244bf79f0ad2348c857d9bfd7a083ab594cfff,497b8822afdb329df7e593163c058667365610ead0920b891c63d218ed3d89d0,No-Dq-R,2,0,0.0,0.0,0,0,0,0,0
0.0,2000000,1014,11,5169a35e48ff862f02f288f240244bf79f0ad2348c857d9bfd7a083ab594cfff,497b8822afdb329df7e593163c058667365610ead0920b891c63d218ed3d89d0,No-Dq-R,3,0,0.0,0.0,0,0,0,0,0
0.0,2000000,1014,11,5169a35e48ff862f02f288f240244bf79f0ad2348c857d9bfd7a083ab594cfff,497b8822afdb329df7e593163c058667365610ead0920b891c63d218ed3d89d0,No-Dq-R,4,0,0.0,0.0,0,0,0,0,0
0.0,2000000,1014,11,5169a35e48ff862f02f288f240244bf79f0ad2348c857d9bfd7a083ab594cfff,497b8822afdb329df7e593163c058667365610ead0920b891c63d218ed3d89d0,Fixed-Dc,1,0,0.0,0.0,0.0,0,0,0,0
0.0,2000000,1014,11,5169a35e48ff862f02f288f240244bf79f0ad2348c857d9bfd7a083ab594cfff,497b8822afdb329df7e593163c058667365610ead0920b891c63d218ed3d89d0,Fixed-Dc,2,0,0.0,0.0,0,0,0,0,0
0.0,2000000,1014,11,5169a35e48ff862f02f288f240244bf79f0ad2348c857d9bfd7a083ab594cfff,497b8822afdb329df7e593163c058667365610ead0920b891c63d218ed3d89d0,Fixed-Dc,3,0,0.0,0.0,0,0,0,0,0
0.0,2000000,1014,11,5169a35e48ff862f02f288f240244bf79f0ad2348c857d9bfd7a083ab594cfff,497b8822afdb329df7e593163c058667365610ead0920b891c63d218ed3d89d0,Fixed-Dc,4,0,0.0,0.0,0,0,0,0,0
0.0,2000000,1014,11,5169a35e48ff862f02f288f240244bf79f0ad2348c857d9bfd7a083ab594cfff,497b8822afdb329df7e593163c058667365610ead0920b891c63d218ed3d89d0,Decoupled,1,0,,,,,,0,0
0.0,2000000,1014,11,5169a35e48ff862f02f288f240244bf79f0ad2348c857d9bfd7a083ab594cfff,497b8822afdb329df7e593163c058667365610ead0920b891c63d218ed3d89d0,Decoupled,2,0,,,,,,0,0
0.0,2000000,1014,11,5169a35e48ff862f02f288f240244bf79f0ad2348c857d9bfd7a083ab594cfff,497b8822afdb329df7e593163c058667365610ead0920b891c63d218ed3d89d0,Decoupled,3,0,,,,,,0,0
0.0,2000000,1014,11,5169a35e48ff862f02f288f240244bf79f0ad2348c857d9bfd7a083ab594cfff,497b8822afdb329df7e593163c058667365610ead0920b891c63d218ed3d89d0,Decoupled,4,0,,,,,,0,0
0.0,2000000,1015,7,e20699706df492965dd55706bfc1dd92fec13c9c59db2063e6626434e0aa2567,497b8822afdb329df7e593163c058667365610ead0920b891c63d218ed3d89d0,No-Dq-R,1,0,0.0,0.0,0.0,0,0,0,0
0.0,2000000,1015,7,e20699706df492965dd55706bfc1dd92fec13c9c59db2063e6626434e0aa2567,497b8822afdb329df7e593163c058667365610ead0920b891c63d218ed3d89d0,No-Dq-R,2,0,0.0,0.0,0,0,0,0,0
0.0,2000000,1015,7,e20699706df492965dd55706bfc1dd92fec13c9c59db2063e6626434e0aa2567,497b8822afdb329df7e593163c058667365610ead0920b891c63d218ed3d89d0,No-Dq-R,3,0,0.0,0.0,0,0,0,0,0
0.0,2000000,1015,7,e20699706df492965dd55706bfc1dd92fec13c9c59db2063e6626434e0aa2567,497b8822afdb329df7e593163c058667365610ead0920b891c63d218ed3d89d0,No-Dq-R,4,0,0.0,0.0,0,0,0,0,0
0.0,2000000,1015,7,e20699706df492965dd55706bfc1dd92fec13c9c59db2063e6626434e0aa2567,497b8822afdb329df7e593163c058667365610ead0920b891c63d218ed3d89d0,Fixed-Dc,1,0,0.0,0.0,0.0,0,0,0,0
0.0,2000000,1015,7,e20699706df492965dd55706bfc1dd92fec13c9c59db2063e6626434e0aa2567,497b8822afdb329df7e593163c058667365610ead0920b891c63d218ed3d89d0,Fixed-Dc,2,0,0.0,0.0,0,0,0,0,0
0.0,2000000,1015,7,e20699706df492965dd55706bfc1dd92fec13c9c59db2063e6626434e0aa2567,497b8822afdb329df7e593163c058667365610ead0920b891c63d218ed3d89d0,Fixed-Dc,3,0,0.0,0.0,0,0,0,0,0
0.0,2000000,1015,7,e20699706df492965dd55706bfc1dd92fec13c9c59db2063e6626434e0aa2567,497b8822afdb329df7e593163c058667365610ead0920b891c63d218ed3d89d0,Fixed-Dc,4,0,0.0,0.0,0,0,0,0,0
0.0,2000000,1015,7,e20699706df492965dd55706bfc1dd92fec13c9c59db2063e6626434e0aa2567,497b8822afdb329df7e593163c058667365610ead0920b891c63d218ed3d89d0,Decoupled,1,0,,,,,,0,0
0.0,2000000,1015,7,e20699706df492965dd55706bfc1dd92fec13c9c59db2063e6626434e0aa2567,497b8822afdb329df7e593163c058667365610ead0920b891c63d218ed3d89d0,Decoupled,2,0,,,,,,0,0
0.0,2000000,1015,7,e20699706df492965dd55706bfc1dd92fec13c9c59db2063e6626434e0aa2567,497b8822afdb329df7e593163c058667365610ead0920b891c63d218ed3d89d0,Decoupled,3,0,,,,,,0,0
0.0,2000000,1015,7,e20699706df492965dd55706bfc1dd92fec13c9c59db2063e6626434e0aa2567,497b8822afdb329df7e593163c058667365610ead0920b891c63d218ed3d89d0,Decoupled,4,0,,,,,,0,0
0.0,2000000,1015,11,e20699706df492965dd55706bfc1dd92fec13c9c59db2063e6626434e0aa2567,497b8822afdb329df7e593163c058667365610ead0920b891c63d218ed3d89d0,No-Dq-R,1,0,0.0,0.0,0.0,0,0,0,0
0.0,2000000,1015,11,e20699706df492965dd55706bfc1dd92fec13c9c59db2063e6626434e0aa2567,497b8822afdb329df7e593163c058667365610ead0920b891c63d218ed3d89d0,No-Dq-R,2,0,0.0,0.0,0,0,0,0,0
0.0,2000000,1015,11,e20699706df492965dd55706bfc1dd92fec13c9c59db2063e6626434e0aa2567,497b8822afdb329df7e593163c058667365610ead0920b891c63d218ed3d89d0,No-Dq-R,3,0,0.0,0.0,0,0,0,0,0
0.0,2000000,1015,11,e20699706df492965dd55706bfc1dd92fec13c9c59db2063e6626434e0aa2567,497b8822afdb329df7e593163c058667365610ead0920b891c63d218ed3d89d0,No-Dq-R,4,0,0.0,0.0,0,0,0,0,0
0.0,2000000,1015,11,e20699706df492965dd55706bfc1dd92fec13c9c59db2063e6626434e0aa2567,497b8822afdb329df7e593163c058667365610ead0920b891c63d218ed3d89d0,Fixed-Dc,1,0,0.0,0.0,0.0,0,0,0,0
0.0,2000000,1015,11,e20699706df492965dd55706bfc1dd92fec13c9c59db2063e6626434e0aa2567,497b8822afdb329df7e593163c058667365610ead0920b891c63d218ed3d89d0,Fixed-Dc,2,0,0.0,0.0,0,0,0,0,0
0.0,2000000,1015,11,e20699706df492965dd55706bfc1dd92fec13c9c59db2063e6626434e0aa2567,497b8822afdb329df7e593163c058667365610ead0920b891c63d218ed3d89d0,Fixed-Dc,3,0,0.0,0.0,0,0,0,0,0
0.0,2000000,1015,11,e20699706df492965dd55706bfc1dd92fec13c9c59db2063e6626434e0aa2567,497b8822afdb329df7e593163c058667365610ead0920b891c63d218ed3d89d0,Fixed-Dc,4,0,0.0,0.0,0,0,0,0,0
0.0,2000000,1015,11,e20699706df492965dd55706bfc1dd92fec13c9c59db2063e6626434e0aa2567,497b8822afdb329df7e593163c058667365610ead0920b891c63d218ed3d89d0,Decoupled,1,0,,,,,,0,0
0.0,2000000,1015,11,e20699706df492965dd55706bfc1dd92fec13c9c59db2063e6626434e0aa2567,497b8822afdb329df7e593163c058667365610ead0920b891c63d218ed3d89d0,Decoupled,2,0,,,,,,0,0
0.0,2000000,1015,11,e20699706df492965dd55706bfc1dd92fec13c9c59db2063e6626434e0aa2567,497b8822afdb329df7e593163c058667365610ead0920b891c63d218ed3d89d0,Decoupled,3,0,,,,,,0,0
0.0,2000000,1015,11,e20699706df492965dd55706bfc1dd92fec13c9c59db2063e6626434e0aa2567,497b8822afdb329df7e593163c058667365610ead0920b891c63d218ed3d89d0,Decoupled,4,0,,,,,,0,0
0.0,2000000,1016,7,680861bf9ce8ee7d312bfd37e3334980d31b8505b70e34a090b8c34a768fe92d,497b8822afdb329df7e593163c058667365610ead0920b891c63d218ed3d89d0,No-Dq-R,1,0,0.0,0.0,0.0,0,0,0,0
0.0,2000000,1016,7,680861bf9ce8ee7d312bfd37e3334980d31b8505b70e34a090b8c34a768fe92d,497b8822afdb329df7e593163c058667365610ead0920b891c63d218ed3d89d0,No-Dq-R,2,0,0.0,0.0,0,0,0,0,0
0.0,2000000,1016,7,680861bf9ce8ee7d312bfd37e3334980d31b8505b70e34a090b8c34a768fe92d,497b8822afdb329df7e593163c058667365610ead0920b891c63d218ed3d89d0,No-Dq-R,3,0,0.0,0.0,0,0,0,0,0
0.0,2000000,1016,7,680861bf9ce8ee7d312bfd37e3334980d31b8505b70e34a090b8c34a768fe92d,497b8822afdb329df7e593163c058667365610ead0920b891c63d218ed3d89d0,No-Dq-R,4,0,0.0,0.0,0,0,0,0,0
0.0,2000000,1016,7,680861bf9ce8ee7d312bfd37e3334980d31b8505b70e34a090b8c34a768fe92d,497b8822afdb329df7e593163c058667365610ead0920b891c63d218ed3d89d0,Fixed-Dc,1,0,0.0,0.0,0.0,0,0,0,0
0.0,2000000,1016,7,680861bf9ce8ee7d312bfd37e3334980d31b8505b70e34a090b8c34a768fe92d,497b8822afdb329df7e593163c058667365610ead0920b891c63d218ed3d89d0,Fixed-Dc,2,0,0.0,0.0,0,0,0,0,0
0.0,2000000,1016,7,680861bf9ce8ee7d312bfd37e3334980d31b8505b70e34a090b8c34a768fe92d,497b8822afdb329df7e593163c058667365610ead0920b891c63d218ed3d89d0,Fixed-Dc,3,0,0.0,0.0,0,0,0,0,0
0.0,2000000,1016,7,680861bf9ce8ee7d312bfd37e3334980d31b8505b70e34a090b8c34a768fe92d,497b8822afdb329df7e593163c058667365610ead0920b891c63d218ed3d89d0,Fixed-Dc,4,0,0.0,0.0,0,0,0,0,0
0.0,2000000,1016,7,680861bf9ce8ee7d312bfd37e3334980d31b8505b70e34a090b8c34a768fe92d,497b8822afdb329df7e593163c058667365610ead0920b891c63d218ed3d89d0,Decoupled,1,0,,,,,,0,0
0.0,2000000,1016,7,680861bf9ce8ee7d312bfd37e3334980d31b8505b70e34a090b8c34a768fe92d,497b8822afdb329df7e593163c058667365610ead0920b891c63d218ed3d89d0,Decoupled,2,0,,,,,,0,0
0.0,2000000,1016,7,680861bf9ce8ee7d312bfd37e3334980d31b8505b70e34a090b8c34a768fe92d,497b8822afdb329df7e593163c058667365610ead0920b891c63d218ed3d89d0,Decoupled,3,0,,,,,,0,0
0.0,2000000,1016,7,680861bf9ce8ee7d312bfd37e3334980d31b8505b70e34a090b8c34a768fe92d,497b8822afdb329df7e593163c058667365610ead0920b891c63d218ed3d89d0,Decoupled,4,0,,,,,,0,0
0.0,2000000,1016,11,680861bf9ce8ee7d312bfd37e3334980d31b8505b70e34a090b8c34a768fe92d,497b8822afdb329df7e593163c058667365610ead0920b891c63d218ed3d89d0,No-Dq-R,1,0,0.0,0.0,0.0,0,0,0,0
0.0,2000000,1016,11,680861bf9ce8ee7d312bfd37e3334980d31b8505b70e34a090b8c34a768fe92d,497b8822afdb329df7e593163c058667365610ead0920b891c63d218ed3d89d0,No-Dq-R,2,0,0.0,0.0,0,0,0,0,0
0.0,2000000,1016,11,680861bf9ce8ee7d312bfd37e3334980d31b8505b70e34a090b8c34a768fe92d,497b8822afdb329df7e593163c058667365610ead0920b891c63d218ed3d89d0,No-Dq-R,3,0,0.0,0.0,0,0,0,0,0
0.0,2000000,1016,11,680861bf9ce8ee7d312bfd37e3334980d31b8505b70e34a090b8c34a768fe92d,497b8822afdb329df7e593163c058667365610ead0920b891c63d218ed3d89d0,No-Dq-R,4,0,0.0,0.0,0,0,0,0,0
0.0,2000000,1016,11,680861bf9ce8ee7d312bfd37e3334980d31b8505b70e34a090b8c34a768fe92d,497b8822afdb329df7e593163c058667365610ead0920b891c63d218ed3d89d0,Fixed-Dc,1,0,0.0,0.0,0.0,0,0,0,0
0.0,2000000,1016,11,680861bf9ce8ee7d312bfd37e3334980d31b8505b70e34a090b8c34a768fe92d,497b8822afdb329df7e593163c058667365610ead0920b891c63d218ed3d89d0,Fixed-Dc,2,0,0.0,0.0,0,0,0,0,0
0.0,2000000,1016,11,680861bf9ce8ee7d312bfd37e3334980d31b8505b70e34a090b8c34a768fe92d,497b8822afdb329df7e593163c058667365610ead0920b891c63d218ed3d89d0,Fixed-Dc,3,0,0.0,0.0,0,0,0,0,0
0.0,2000000,1016,11,680861bf9ce8ee7d312bfd37e3334980d31b8505b70e34a090b8c34a768fe92d,497b8822afdb329df7e593163c058667365610ead0920b891c63d218ed3d89d0,Fixed-Dc,4,0,0.0,0.0,0,0,0,0,0
0.0,2000000,1016,11,680861bf9ce8ee7d312bfd37e3334980d31b8505b70e34a090b8c34a768fe92d,497b8822afdb329df7e593163c058667365610ead0920b891c63d218ed3d89d0,Decoupled,1,0,,,,,,0,0
0.0,2000000,1016,11,680861bf9ce8ee7d312bfd37e3334980d31b8505b70e34a090b8c34a768fe92d,497b8822afdb329df7e593163c058667365610ead0920b891c63d218ed3d89d0,Decoupled,2,0,,,,,,0,0
0.0,2000000,1016,11,680861bf9ce8ee7d312bfd37e3334980d31b8505b70e34a090b8c34a768fe92d,497b8822afdb329df7e593163c058667365610ead0920b891c63d218ed3d89d0,Decoupled,3,0,,,,,,0,0
0.0,2000000,1016,11,680861bf9ce8ee7d312bfd37e3334980d31b8505b70e34a090b8c34a768fe92d,497b8822afdb329df7e593163c058667365610ead0920b891c63d218ed3d89d0,Decoupled,4,0,,,,,,0,0
0.0,2000000,1017,7,0f716f3d0b0f2a69cc298e5a2d7d049f948f44c4085bddf998e6dba874a5b75b,497b8822afdb329df7e593163c058667365610ead0920b891c63d218ed3d89d0,No-Dq-R,1,0,0.0,0.0,0.0,0,0,0,0
0.0,2000000,1017,7,0f716f3d0b0f2a69cc298e5a2d7d049f948f44c4085bddf998e6dba874a5b75b,497b8822afdb329df7e593163c058667365610ead0920b891c63d218ed3d89d0,No-Dq-R,2,0,0.0,0.0,0,0,0,0,0
0.0,2000000,1017,7,0f716f3d0b0f2a69cc298e5a2d7d049f948f44c4085bddf998e6dba874a5b75b,497b8822afdb329df7e593163c058667365610ead0920b891c63d218ed3d89d0,No-Dq-R,3,0,0.0,0.0,0,0,0,0,0
0.0,2000000,1017,7,0f716f3d0b0f2a69cc298e5a2d7d049f948f44c4085bddf998e6dba874a5b75b,497b8822afdb329df7e593163c058667365610ead0920b891c63d218ed3d89d0,No-Dq-R,4,0,0.0,0.0,0,0,0,0,0
0.0,2000000,1017,7,0f716f3d0b0f2a69cc298e5a2d7d049f948f44c4085bddf998e6dba874a5b75b,497b8822afdb329df7e593163c058667365610ead0920b891c63d218ed3d89d0,Fixed-Dc,1,0,0.0,0.0,0.0,0,0,0,0
0.0,2000000,1017,7,0f716f3d0b0f2a69cc298e5a2d7d049f948f44c4085bddf998e6dba874a5b75b,497b8822afdb329df7e593163c058667365610ead0920b891c63d218ed3d89d0,Fixed-Dc,2,0,0.0,0.0,0,0,0,0,0
0.0,2000000,1017,7,0f716f3d0b0f2a69cc298e5a2d7d049f948f44c4085bddf998e6dba874a5b75b,497b8822afdb329df7e593163c058667365610ead0920b891c63d218ed3d89d0,Fixed-Dc,3,0,0.0,0.0,0,0,0,0,0
0.0,2000000,1017,7,0f716f3d0b0f2a69cc298e5a2d7d049f948f44c4085bddf998e6dba874a5b75b,497b8822afdb329df7e593163c058667365610ead0920b891c63d218ed3d89d0,Fixed-Dc,4,0,0.0,0.0,0,0,0,0,0
0.0,2000000,1017,7,0f716f3d0b0f2a69cc298e5a2d7d049f948f44c4085bddf998e6dba874a5b75b,497b8822afdb329df7e593163c058667365610ead0920b891c63d218ed3d89d0,Decoupled,1,0,,,,,,0,0
0.0,2000000,1017,7,0f716f3d0b0f2a69cc298e5a2d7d049f948f44c4085bddf998e6dba874a5b75b,497b8822afdb329df7e593163c058667365610ead0920b891c63d218ed3d89d0,Decoupled,2,0,,,,,,0,0
0.0,2000000,1017,7,0f716f3d0b0f2a69cc298e5a2d7d049f948f44c4085bddf998e6dba874a5b75b,497b8822afdb329df7e593163c058667365610ead0920b891c63d218ed3d89d0,Decoupled,3,0,,,,,,0,0
0.0,2000000,1017,7,0f716f3d0b0f2a69cc298e5a2d7d049f948f44c4085bddf998e6dba874a5b75b,497b8822afdb329df7e593163c058667365610ead0920b891c63d218ed3d89d0,Decoupled,4,0,,,,,,0,0
0.0,2000000,1017,11,0f716f3d0b0f2a69cc298e5a2d7d049f948f44c4085bddf998e6dba874a5b75b,497b8822afdb329df7e593163c058667365610ead0920b891c63d218ed3d89d0,No-Dq-R,1,0,0.0,0.0,0.0,0,0,0,0
0.0,2000000,1017,11,0f716f3d0b0f2a69cc298e5a2d7d049f948f44c4085bddf998e6dba874a5b75b,497b8822afdb329df7e593163c058667365610ead0920b891c63d218ed3d89d0,No-Dq-R,2,0,0.0,0.0,0,0,0,0,0
0.0,2000000,1017,11,0f716f3d0b0f2a69cc298e5a2d7d049f948f44c4085bddf998e6dba874a5b75b,497b8822afdb329df7e593163c058667365610ead0920b891c63d218ed3d89d0,No-Dq-R,3,0,0.0,0.0,0,0,0,0,0
0.0,2000000,1017,11,0f716f3d0b0f2a69cc298e5a2d7d049f948f44c4085bddf998e6dba874a5b75b,497b8822afdb329df7e593163c058667365610ead0920b891c63d218ed3d89d0,No-Dq-R,4,0,0.0,0.0,0,0,0,0,0
0.0,2000000,1017,11,0f716f3d0b0f2a69cc298e5a2d7d049f948f44c4085bddf998e6dba874a5b75b,497b8822afdb329df7e593163c058667365610ead0920b891c63d218ed3d89d0,Fixed-Dc,1,0,0.0,0.0,0.0,0,0,0,0
0.0,2000000,1017,11,0f716f3d0b0f2a69cc298e5a2d7d049f948f44c4085bddf998e6dba874a5b75b,497b8822afdb329df7e593163c058667365610ead0920b891c63d218ed3d89d0,Fixed-Dc,2,0,0.0,0.0,0,0,0,0,0
0.0,2000000,1017,11,0f716f3d0b0f2a69cc298e5a2d7d049f948f44c4085bddf998e6dba874a5b75b,497b8822afdb329df7e593163c058667365610ead0920b891c63d218ed3d89d0,Fixed-Dc,3,0,0.0,0.0,0,0,0,0,0
0.0,2000000,1017,11,0f716f3d0b0f2a69cc298e5a2d7d049f948f44c4085bddf998e6dba874a5b75b,497b8822afdb329df7e593163c058667365610ead0920b891c63d218ed3d89d0,Fixed-Dc,4,0,0.0,0.0,0,0,0,0,0
0.0,2000000,1017,11,0f716f3d0b0f2a69cc298e5a2d7d049f948f44c4085bddf998e6dba874a5b75b,497b8822afdb329df7e593163c058667365610ead0920b891c63d218ed3d89d0,Decoupled,1,0,,,,,,0,0
0.0,2000000,1017,11,0f716f3d0b0f2a69cc298e5a2d7d049f948f44c4085bddf998e6dba874a5b75b,497b8822afdb329df7e593163c058667365610ead0920b891c63d218ed3d89d0,Decoupled,2,0,,,,,,0,0
0.0,2000000,1017,11,0f716f3d0b0f2a69cc298e5a2d7d049f948f44c4085bddf998e6dba874a5b75b,497b8822afdb329df7e593163c058667365610ead0920b891c63d218ed3d89d0,Decoupled,3,0,,,,,,0,0
0.0,2000000,1017,11,0f716f3d0b0f2a69cc298e5a2d7d049f948f44c4085bddf998e6dba874a5b75b,497b8822afdb329df7e593163c058667365610ead0920b891c63d218ed3d89d0,Decoupled,4,0,,,,,,0,0
0.0,2000000,1018,7,ef31db2b2ad6285f4fc1ceb9c2fd5268bf751cba23fbd36b3dfbbb465e833e2f,497b8822afdb329df7e593163c058667365610ead0920b891c63d218ed3d89d0,No-Dq-R,1,0,0.0,0.0,0.0,0,0,0,0
0.0,2000000,1018,7,ef31db2b2ad6285f4fc1ceb9c2fd5268bf751cba23fbd36b3dfbbb465e833e2f,497b8822afdb329df7e593163c058667365610ead0920b891c63d218ed3d89d0,No-Dq-R,2,0,0.0,0.0,0,0,0,0,0
0.0,2000000,1018,7,ef31db2b2ad6285f4fc1ceb9c2fd5268bf751cba23fbd36b3dfbbb465e833e2f,497b8822afdb329df7e593163c058667365610ead0920b891c63d218ed3d89d0,No-Dq-R,3,0,0.0,0.0,0,0,0,0,0
0.0,2000000,1018,7,ef31db2b2ad6285f4fc1ceb9c2fd5268bf751cba23fbd36b3dfbbb465e833e2f,497b8822afdb329df7e593163c058667365610ead0920b891c63d218ed3d89d0,No-Dq-R,4,0,0.0,0.0,0,0,0,0,0
0.0,2000000,1018,7,ef31db2b2ad6285f4fc1ceb9c2fd5268bf751cba23fbd36b3dfbbb465e833e2f,497b8822afdb329df7e593163c058667365610ead0920b891c63d218ed3d89d0,Fixed-Dc,1,0,0.0,0.0,0.0,0,0,0,0
0.0,2000000,1018,7,ef31db2b2ad6285f4fc1ceb9c2fd5268bf751cba23fbd36b3dfbbb465e833e2f,497b8822afdb329df7e593163c058667365610ead0920b891c63d218ed3d89d0,Fixed-Dc,2,0,0.0,0.0,0,0,0,0,0
0.0,2000000,1018,7,ef31db2b2ad6285f4fc1ceb9c2fd5268bf751cba23fbd36b3dfbbb465e833e2f,497b8822afdb329df7e593163c058667365610ead0920b891c63d218ed3d89d0,Fixed-Dc,3,0,0.0,0.0,0,0,0,0,0
0.0,2000000,1018,7,ef31db2b2ad6285f4fc1ceb9c2fd5268bf751cba23fbd36b3dfbbb465e833e2f,497b8822afdb329df7e593163c058667365610ead0920b891c63d218ed3d89d0,Fixed-Dc,4,0,0.0,0.0,0,0,0,0,0
0.0,2000000,1018,7,ef31db2b2ad6285f4fc1ceb9c2fd5268bf751cba23fbd36b3dfbbb465e833e2f,497b8822afdb329df7e593163c058667365610ead0920b891c63d218ed3d89d0,Decoupled,1,0,,,,,,0,0
0.0,2000000,1018,7,ef31db2b2ad6285f4fc1ceb9c2fd5268bf751cba23fbd36b3dfbbb465e833e2f,497b8822afdb329df7e593163c058667365610ead0920b891c63d218ed3d89d0,Decoupled,2,0,,,,,,0,0
0.0,2000000,1018,7,ef31db2b2ad6285f4fc1ceb9c2fd5268bf751cba23fbd36b3dfbbb465e833e2f,497b8822afdb329df7e593163c058667365610ead0920b891c63d218ed3d89d0,Decoupled,3,0,,,,,,0,0
0.0,2000000,1018,7,ef31db2b2ad6285f4fc1ceb9c2fd5268bf751cba23fbd36b3dfbbb465e833e2f,497b8822afdb329df7e593163c058667365610ead0920b891c63d218ed3d89d0,Decoupled,4,0,,,,,,0,0
0.0,2000000,1018,11,ef31db2b2ad6285f4fc1ceb9c2fd5268bf751cba23fbd36b3dfbbb465e833e2f,497b8822afdb329df7e593163c058667365610ead0920b891c63d218ed3d89d0,No-Dq-R,1,0,0.0,0.0,0.0,0,0,0,0
0.0,2000000,1018,11,ef31db2b2ad6285f4fc1ceb9c2fd5268bf751cba23fbd36b3dfbbb465e833e2f,497b8822afdb329df7e593163c058667365610ead0920b891c63d218ed3d89d0,No-Dq-R,2,0,0.0,0.0,0,0,0,0,0
0.0,2000000,1018,11,ef31db2b2ad6285f4fc1ceb9c2fd5268bf751cba23fbd36b3dfbbb465e833e2f,497b8822afdb329df7e593163c058667365610ead0920b891c63d218ed3d89d0,No-Dq-R,3,0,0.0,0.0,0,0,0,0,0
0.0,2000000,1018,11,ef31db2b2ad6285f4fc1ceb9c2fd5268bf751cba23fbd36b3dfbbb465e833e2f,497b8822afdb329df7e593163c058667365610ead0920b891c63d218ed3d89d0,No-Dq-R,4,0,0.0,0.0,0,0,0,0,0
0.0,2000000,1018,11,ef31db2b2ad6285f4fc1ceb9c2fd5268bf751cba23fbd36b3dfbbb465e833e2f,497b8822afdb329df7e593163c058667365610ead0920b891c63d218ed3d89d0,Fixed-Dc,1,0,0.0,0.0,0.0,0,0,0,0
0.0,2000000,1018,11,ef31db2b2ad6285f4fc1ceb9c2fd5268bf751cba23fbd36b3dfbbb465e833e2f,497b8822afdb329df7e593163c058667365610ead0920b891c63d218ed3d89d0,Fixed-Dc,2,0,0.0,0.0,0,0,0,0,0
0.0,2000000,1018,11,ef31db2b2ad6285f4fc1ceb9c2fd5268bf751cba23fbd36b3dfbbb465e833e2f,497b8822afdb329df7e593163c058667365610ead0920b891c63d218ed3d89d0,Fixed-Dc,3,0,0.0,0.0,0,0,0,0,0
0.0,2000000,1018,11,ef31db2b2ad6285f4fc1ceb9c2fd5268bf751cba23fbd36b3dfbbb465e833e2f,497b8822afdb329df7e593163c058667365610ead0920b891c63d218ed3d89d0,Fixed-Dc,4,0,0.0,0.0,0,0,0,0,0
0.0,2000000,1018,11,ef31db2b2ad6285f4fc1ceb9c2fd5268bf751cba23fbd36b3dfbbb465e833e2f,497b8822afdb329df7e593163c058667365610ead0920b891c63d218ed3d89d0,Decoupled,1,0,,,,,,0,0
0.0,2000000,1018,11,ef31db2b2ad6285f4fc1ceb9c2fd5268bf751cba23fbd36b3dfbbb465e833e2f,497b8822afdb329df7e593163c058667365610ead0920b891c63d218ed3d89d0,Decoupled,2,0,,,,,,0,0
0.0,2000000,1018,11,ef31db2b2ad6285f4fc1ceb9c2fd5268bf751cba23fbd36b3dfbbb465e833e2f,497b8822afdb329df7e593163c058667365610ead0920b891c63d218ed3d89d0,Decoupled,3,0,,,,,,0,0
0.0,2000000,1018,11,ef31db2b2ad6285f4fc1ceb9c2fd5268bf751cba23fbd36b3dfbbb465e833e2f,497b8822afdb329df7e593163c058667365610ead0920b891c63d218ed3d89d0,Decoupled,4,0,,,,,,0,0
0.0,2000000,1019,7,88b0f787004587798b447fea19c8ea20e85ff14661fc7380ecf28549eaedf7ed,497b8822afdb329df7e593163c058667365610ead0920b891c63d218ed3d89d0,No-Dq-R,1,0,0.0,0.0,0.0,0,0,0,0
0.0,2000000,1019,7,88b0f787004587798b447fea19c8ea20e85ff14661fc7380ecf28549eaedf7ed,497b8822afdb329df7e593163c058667365610ead0920b891c63d218ed3d89d0,No-Dq-R,2,0,0.0,0.0,0,0,0,0,0
0.0,2000000,1019,7,88b0f787004587798b447fea19c8ea20e85ff14661fc7380ecf28549eaedf7ed,497b8822afdb329df7e593163c058667365610ead0920b891c63d218ed3d89d0,No-Dq-R,3,0,0.0,0.0,0,0,0,0,0
0.0,2000000,1019,7,88b0f787004587798b447fea19c8ea20e85ff14661fc7380ecf28549eaedf7ed,497b8822afdb329df7e593163c058667365610ead0920b891c63d218ed3d89d0,No-Dq-R,4,0,0.0,0.0,0,0,0,0,0
0.0,2000000,1019,7,88b0f787004587798b447fea19c8ea20e85ff14661fc7380ecf28549eaedf7ed,497b8822afdb329df7e593163c058667365610ead0920b891c63d218ed3d89d0,Fixed-Dc,1,0,0.0,0.0,0.0,0,0,0,0
0.0,2000000,1019,7,88b0f787004587798b447fea19c8ea20e85ff14661fc7380ecf28549eaedf7ed,497b8822afdb329df7e593163c058667365610ead0920b891c63d218ed3d89d0,Fixed-Dc,2,0,0.0,0.0,0,0,0,0,0
0.0,2000000,1019,7,88b0f787004587798b447fea19c8ea20e85ff14661fc7380ecf28549eaedf7ed,497b8822afdb329df7e593163c058667365610ead0920b891c63d218ed3d89d0,Fixed-Dc,3,0,0.0,0.0,0,0,0,0,0
0.0,2000000,1019,7,88b0f787004587798b447fea19c8ea20e85ff14661fc7380ecf28549eaedf7ed,497b8822afdb329df7e593163c058667365610ead0920b891c63d218ed3d89d0,Fixed-Dc,4,0,0.0,0.0,0,0,0,0,0
0.0,2000000,1019,7,88b0f787004587798b447fea19c8ea20e85ff14661fc7380ecf28549eaedf7ed,497b8822afdb329df7e593163c058667365610ead0920b891c63d218ed3d89d0,Decoupled,1,0,,,,,,0,0
0.0,2000000,1019,7,88b0f787004587798b447fea19c8ea20e85ff14661fc7380ecf28549eaedf7ed,497b8822afdb329df7e593163c058667365610ead0920b891c63d218ed3d89d0,Decoupled,2,0,,,,,,0,0
0.0,2000000,1019,7,88b0f787004587798b447fea19c8ea20e85ff14661fc7380ecf28549eaedf7ed,497b8822afdb329df7e593163c058667365610ead0920b891c63d218ed3d89d0,Decoupled,3,0,,,,,,0,0
0.0,2000000,1019,7,88b0f787004587798b447fea19c8ea20e85ff14661fc7380ecf28549eaedf7ed,497b8822afdb329df7e593163c058667365610ead0920b891c63d218ed3d89d0,Decoupled,4,0,,,,,,0,0
0.0,2000000,1019,11,88b0f787004587798b447fea19c8ea20e85ff14661fc7380ecf28549eaedf7ed,497b8822afdb329df7e593163c058667365610ead0920b891c63d218ed3d89d0,No-Dq-R,1,0,0.0,0.0,0.0,0,0,0,0
0.0,2000000,1019,11,88b0f787004587798b447fea19c8ea20e85ff14661fc7380ecf28549eaedf7ed,497b8822afdb329df7e593163c058667365610ead0920b891c63d218ed3d89d0,No-Dq-R,2,0,0.0,0.0,0,0,0,0,0
0.0,2000000,1019,11,88b0f787004587798b447fea19c8ea20e85ff14661fc7380ecf28549eaedf7ed,497b8822afdb329df7e593163c058667365610ead0920b891c63d218ed3d89d0,No-Dq-R,3,0,0.0,0.0,0,0,0,0,0
0.0,2000000,1019,11,88b0f787004587798b447fea19c8ea20e85ff14661fc7380ecf28549eaedf7ed,497b8822afdb329df7e593163c058667365610ead0920b891c63d218ed3d89d0,No-Dq-R,4,0,0.0,0.0,0,0,0,0,0
0.0,2000000,1019,11,88b0f787004587798b447fea19c8ea20e85ff14661fc7380ecf28549eaedf7ed,497b8822afdb329df7e593163c058667365610ead0920b891c63d218ed3d89d0,Fixed-Dc,1,0,0.0,0.0,0.0,0,0,0,0
0.0,2000000,1019,11,88b0f787004587798b447fea19c8ea20e85ff14661fc7380ecf28549eaedf7ed,497b8822afdb329df7e593163c058667365610ead0920b891c63d218ed3d89d0,Fixed-Dc,2,0,0.0,0.0,0,0,0,0,0
0.0,2000000,1019,11,88b0f787004587798b447fea19c8ea20e85ff14661fc7380ecf28549eaedf7ed,497b8822afdb329df7e593163c058667365610ead0920b891c63d218ed3d89d0,Fixed-Dc,3,0,0.0,0.0,0,0,0,0,0
0.0,2000000,1019,11,88b0f787004587798b447fea19c8ea20e85ff14661fc7380ecf28549eaedf7ed,497b8822afdb329df7e593163c058667365610ead0920b891c63d218ed3d89d0,Fixed-Dc,4,0,0.0,0.0,0,0,0,0,0
0.0,2000000,1019,11,88b0f787004587798b447fea19c8ea20e85ff14661fc7380ecf28549eaedf7ed,497b8822afdb329df7e593163c058667365610ead0920b891c63d218ed3d89d0,Decoupled,1,0,,,,,,0,0
0.0,2000000,1019,11,88b0f787004587798b447fea19c8ea20e85ff14661fc7380ecf28549eaedf7ed,497b8822afdb329df7e593163c058667365610ead0920b891c63d218ed3d89d0,Decoupled,2,0,,,,,,0,0
0.0,2000000,1019,11,88b0f787004587798b447fea19c8ea20e85ff14661fc7380ecf28549eaedf7ed,497b8822afdb329df7e593163c058667365610ead0920b891c63d218ed3d89d0,Decoupled,3,0,,,,,,0,0
0.0,2000000,1019,11,88b0f787004587798b447fea19c8ea20e85ff14661fc7380ecf28549eaedf7ed,497b8822afdb329df7e593163c058667365610ead0920b891c63d218ed3d89d0,Decoupled,4,0,,,,,,0,0
0.0,2000000,1020,7,85ee434f3d09fe274c0da15953777e7464f77de1b905f97050002f690e97d53c,497b8822afdb329df7e593163c058667365610ead0920b891c63d218ed3d89d0,No-Dq-R,1,0,0.0,0.0,0.0,0,0,0,0
0.0,2000000,1020,7,85ee434f3d09fe274c0da15953777e7464f77de1b905f97050002f690e97d53c,497b8822afdb329df7e593163c058667365610ead0920b891c63d218ed3d89d0,No-Dq-R,2,0,0.0,0.0,0,0,0,0,0
0.0,2000000,1020,7,85ee434f3d09fe274c0da15953777e7464f77de1b905f97050002f690e97d53c,497b8822afdb329df7e593163c058667365610ead0920b891c63d218ed3d89d0,No-Dq-R,3,0,0.0,0.0,0,0,0,0,0
0.0,2000000,1020,7,85ee434f3d09fe274c0da15953777e7464f77de1b905f97050002f690e97d53c,497b8822afdb329df7e593163c058667365610ead0920b891c63d218ed3d89d0,No-Dq-R,4,0,0.0,0.0,0,0,0,0,0
0.0,2000000,1020,7,85ee434f3d09fe274c0da15953777e7464f77de1b905f97050002f690e97d53c,497b8822afdb329df7e593163c058667365610ead0920b891c63d218ed3d89d0,Fixed-Dc,1,0,0.0,0.0,0.0,0,0,0,0
0.0,2000000,1020,7,85ee434f3d09fe274c0da15953777e7464f77de1b905f97050002f690e97d53c,497b8822afdb329df7e593163c058667365610ead0920b891c63d218ed3d89d0,Fixed-Dc,2,0,0.0,0.0,0,0,0,0,0
0.0,2000000,1020,7,85ee434f3d09fe274c0da15953777e7464f77de1b905f97050002f690e97d53c,497b8822afdb329df7e593163c058667365610ead0920b891c63d218ed3d89d0,Fixed-Dc,3,0,0.0,0.0,0,0,0,0,0
0.0,2000000,1020,7,85ee434f3d09fe274c0da15953777e7464f77de1b905f97050002f690e97d53c,497b8822afdb329df7e593163c058667365610ead0920b891c63d218ed3d89d0,Fixed-Dc,4,0,0.0,0.0,0,0,0,0,0
0.0,2000000,1020,7,85ee434f3d09fe274c0da15953777e7464f77de1b905f97050002f690e97d53c,497b8822afdb329df7e593163c058667365610ead0920b891c63d218ed3d89d0,Decoupled,1,0,,,,,,0,0
0.0,2000000,1020,7,85ee434f3d09fe274c0da15953777e7464f77de1b905f97050002f690e97d53c,497b8822afdb329df7e593163c058667365610ead0920b891c63d218ed3d89d0,Decoupled,2,0,,,,,,0,0
0.0,2000000,1020,7,85ee434f3d09fe274c0da15953777e7464f77de1b905f97050002f690e97d53c,497b8822afdb329df7e593163c058667365610ead0920b891c63d218ed3d89d0,Decoupled,3,0,,,,,,0,0
0.0,2000000,1020,7,85ee434f3d09fe274c0da15953777e7464f77de1b905f97050002f690e97d53c,497b8822afdb329df7e593163c058667365610ead0920b891c63d218ed3d89d0,Decoupled,4,0,,,,,,0,0
0.0,2000000,1020,11,85ee434f3d09fe274c0da15953777e7464f77de1b905f97050002f690e97d53c,497b8822afdb329df7e593163c058667365610ead0920b891c63d218ed3d89d0,No-Dq-R,1,0,0.0,0.0,0.0,0,0,0,0
0.0,2000000,1020,11,85ee434f3d09fe274c0da15953777e7464f77de1b905f97050002f690e97d53c,497b8822afdb329df7e593163c058667365610ead0920b891c63d218ed3d89d0,No-Dq-R,2,0,0.0,0.0,0,0,0,0,0
0.0,2000000,1020,11,85ee434f3d09fe274c0da15953777e7464f77de1b905f97050002f690e97d53c,497b8822afdb329df7e593163c058667365610ead0920b891c63d218ed3d89d0,No-Dq-R,3,0,0.0,0.0,0,0,0,0,0
0.0,2000000,1020,11,85ee434f3d09fe274c0da15953777e7464f77de1b905f97050002f690e97d53c,497b8822afdb329df7e593163c058667365610ead0920b891c63d218ed3d89d0,No-Dq-R,4,0,0.0,0.0,0,0,0,0,0
0.0,2000000,1020,11,85ee434f3d09fe274c0da15953777e7464f77de1b905f97050002f690e97d53c,497b8822afdb329df7e593163c058667365610ead0920b891c63d218ed3d89d0,Fixed-Dc,1,0,0.0,0.0,0.0,0,0,0,0
0.0,2000000,1020,11,85ee434f3d09fe274c0da15953777e7464f77de1b905f97050002f690e97d53c,497b8822afdb329df7e593163c058667365610ead0920b891c63d218ed3d89d0,Fixed-Dc,2,0,0.0,0.0,0,0,0,0,0
0.0,2000000,1020,11,85ee434f3d09fe274c0da15953777e7464f77de1b905f97050002f690e97d53c,497b8822afdb329df7e593163c058667365610ead0920b891c63d218ed3d89d0,Fixed-Dc,3,0,0.0,0.0,0,0,0,0,0
0.0,2000000,1020,11,85ee434f3d09fe274c0da15953777e7464f77de1b905f97050002f690e97d53c,497b8822afdb329df7e593163c058667365610ead0920b891c63d218ed3d89d0,Fixed-Dc,4,0,0.0,0.0,0,0,0,0,0
0.0,2000000,1020,11,85ee434f3d09fe274c0da15953777e7464f77de1b905f97050002f690e97d53c,497b8822afdb329df7e593163c058667365610ead0920b891c63d218ed3d89d0,Decoupled,1,0,,,,,,0,0
0.0,2000000,1020,11,85ee434f3d09fe274c0da15953777e7464f77de1b905f97050002f690e97d53c,497b8822afdb329df7e593163c058667365610ead0920b891c63d218ed3d89d0,Decoupled,2,0,,,,,,0,0
0.0,2000000,1020,11,85ee434f3d09fe274c0da15953777e7464f77de1b905f97050002f690e97d53c,497b8822afdb329df7e593163c058667365610ead0920b891c63d218ed3d89d0,Decoupled,3,0,,,,,,0,0
0.0,2000000,1020,11,85ee434f3d09fe274c0da15953777e7464f77de1b905f97050002f690e97d53c,497b8822afdb329df7e593163c058667365610ead0920b891c63d218ed3d89d0,Decoupled,4,0,,,,,,0,0
0.0,2000000,1021,7,393c28bd7abbcee8841521591b90b05e3f47e60fa56dedd19c5853601c1ba888,497b8822afdb329df7e593163c058667365610ead0920b891c63d218ed3d89d0,No-Dq-R,1,0,0.0,0.0,0.0,0,0,0,0
0.0,2000000,1021,7,393c28bd7abbcee8841521591b90b05e3f47e60fa56dedd19c5853601c1ba888,497b8822afdb329df7e593163c058667365610ead0920b891c63d218ed3d89d0,No-Dq-R,2,0,0.0,0.0,0,0,0,0,0
0.0,2000000,1021,7,393c28bd7abbcee8841521591b90b05e3f47e60fa56dedd19c5853601c1ba888,497b8822afdb329df7e593163c058667365610ead0920b891c63d218ed3d89d0,No-Dq-R,3,0,0.0,0.0,0,0,0,0,0
0.0,2000000,1021,7,393c28bd7abbcee8841521591b90b05e3f47e60fa56dedd19c5853601c1ba888,497b8822afdb329df7e593163c058667365610ead0920b891c63d218ed3d89d0,No-Dq-R,4,0,0.0,0.0,0,0,0,0,0
0.0,2000000,1021,7,393c28bd7abbcee8841521591b90b05e3f47e60fa56dedd19c5853601c1ba888,497b8822afdb329df7e593163c058667365610ead0920b891c63d218ed3d89d0,Fixed-Dc,1,0,0.0,0.0,0.0,0,0,0,0
0.0,2000000,1021,7,393c28bd7abbcee8841521591b90b05e3f47e60fa56dedd19c5853601c1ba888,497b8822afdb329df7e593163c058667365610ead0920b891c63d218ed3d89d0,Fixed-Dc,2,0,0.0,0.0,0,0,0,0,0
0.0,2000000,1021,7,393c28bd7abbcee8841521591b90b05e3f47e60fa56dedd19c5853601c1ba888,497b8822afdb329df7e593163c058667365610ead0920b891c63d218ed3d89d0,Fixed-Dc,3,0,0.0,0.0,0,0,0,0,0
0.0,2000000,1021,7,393c28bd7abbcee8841521591b90b05e3f47e60fa56dedd19c5853601c1ba888,497b8822afdb329df7e593163c058667365610ead0920b891c63d218ed3d89d0,Fixed-Dc,4,0,0.0,0.0,0,0,0,0,0
0.0,2000000,1021,7,393c28bd7abbcee8841521591b90b05e3f47e60fa56dedd19c5853601c1ba888,497b8822afdb329df7e593163c058667365610ead0920b891c63d218ed3d89d0,Decoupled,1,0,,,,,,0,0
0.0,2000000,1021,7,393c28bd7abbcee8841521591b90b05e3f47e60fa56dedd19c5853601c1ba888,497b8822afdb329df7e593163c058667365610ead0920b891c63d218ed3d89d0,Decoupled,2,0,,,,,,0,0
0.0,2000000,1021,7,393c28bd7abbcee8841521591b90b05e3f47e60fa56dedd19c5853601c1ba888,497b8822afdb329df7e593163c058667365610ead0920b891c63d218ed3d89d0,Decoupled,3,0,,,,,,0,0
0.0,2000000,1021,7,393c28bd7abbcee8841521591b90b05e3f47e60fa56dedd19c5853601c1ba888,497b8822afdb329df7e593163c058667365610ead0920b891c63d218ed3d89d0,Decoupled,4,0,,,,,,0,0
0.0,2000000,1021,11,393c28bd7abbcee8841521591b90b05e3f47e60fa56dedd19c5853601c1ba888,497b8822afdb329df7e593163c058667365610ead0920b891c63d218ed3d89d0,No-Dq-R,1,0,0.0,0.0,0.0,0,0,0,0
0.0,2000000,1021,11,393c28bd7abbcee8841521591b90b05e3f47e60fa56dedd19c5853601c1ba888,497b8822afdb329df7e593163c058667365610ead0920b891c63d218ed3d89d0,No-Dq-R,2,0,0.0,0.0,0,0,0,0,0
0.0,2000000,1021,11,393c28bd7abbcee8841521591b90b05e3f47e60fa56dedd19c5853601c1ba888,497b8822afdb329df7e593163c058667365610ead0920b891c63d218ed3d89d0,No-Dq-R,3,0,0.0,0.0,0,0,0,0,0
0.0,2000000,1021,11,393c28bd7abbcee8841521591b90b05e3f47e60fa56dedd19c5853601c1ba888,497b8822afdb329df7e593163c058667365610ead0920b891c63d218ed3d89d0,No-Dq-R,4,0,0.0,0.0,0,0,0,0,0
0.0,2000000,1021,11,393c28bd7abbcee8841521591b90b05e3f47e60fa56dedd19c5853601c1ba888,497b8822afdb329df7e593163c058667365610ead0920b891c63d218ed3d89d0,Fixed-Dc,1,0,0.0,0.0,0.0,0,0,0,0
0.0,2000000,1021,11,393c28bd7abbcee8841521591b90b05e3f47e60fa56dedd19c5853601c1ba888,497b8822afdb329df7e593163c058667365610ead0920b891c63d218ed3d89d0,Fixed-Dc,2,0,0.0,0.0,0,0,0,0,0
0.0,2000000,1021,11,393c28bd7abbcee8841521591b90b05e3f47e60fa56dedd19c5853601c1ba888,497b8822afdb329df7e593163c058667365610ead0920b891c63d218ed3d89d0,Fixed-Dc,3,0,0.0,0.0,0,0,0,0,0
0.0,2000000,1021,11,393c28bd7abbcee8841521591b90b05e3f47e60fa56dedd19c5853601c1ba888,497b8822afdb329df7e593163c058667365610ead0920b891c63d218ed3d89d0,Fixed-Dc,4,0,0.0,0.0,0,0,0,0,0
0.0,2000000,1021,11,393c28bd7abbcee8841521591b90b05e3f47e60fa56dedd19c5853601c1ba888,497b8822afdb329df7e593163c058667365610ead0920b891c63d218ed3d89d0,Decoupled,1,0,,,,,,0,0
0.0,2000000,1021,11,393c28bd7abbcee8841521591b90b05e3f47e60fa56dedd19c5853601c1ba888,497b8822afdb329df7e593163c058667365610ead0920b891c63d218ed3d89d0,Decoupled,2,0,,,,,,0,0
0.0,2000000,1021,11,393c28bd7abbcee8841521591b90b05e3f47e60fa56dedd19c5853601c1ba888,497b8822afdb329df7e593163c058667365610ead0920b891c63d218ed3d89d0,Decoupled,3,0,,,,,,0,0
0.0,2000000,1021,11,393c28bd7abbcee8841521591b90b05e3f47e60fa56dedd19c5853601c1ba888,497b8822afdb329df7e593163c058667365610ead0920b891c63d218ed3d89d0,Decoupled,4,0,,,,,,0,0
0.0,2000000,1022,7,b35e288ee0bfc4c68bb8390e5a27dc13df4185e2ce28ff58eb5fc8a0687663dd,497b8822afdb329df7e593163c058667365610ead0920b891c63d218ed3d89d0,No-Dq-R,1,0,0.0,0.0,0.0,0,0,0,0
0.0,2000000,1022,7,b35e288ee0bfc4c68bb8390e5a27dc13df4185e2ce28ff58eb5fc8a0687663dd,497b8822afdb329df7e593163c058667365610ead0920b891c63d218ed3d89d0,No-Dq-R,2,0,0.0,0.0,0,0,0,0,0
0.0,2000000,1022,7,b35e288ee0bfc4c68bb8390e5a27dc13df4185e2ce28ff58eb5fc8a0687663dd,497b8822afdb329df7e593163c058667365610ead0920b891c63d218ed3d89d0,No-Dq-R,3,0,0.0,0.0,0,0,0,0,0
0.0,2000000,1022,7,b35e288ee0bfc4c68bb8390e5a27dc13df4185e2ce28ff58eb5fc8a0687663dd,497b8822afdb329df7e593163c058667365610ead0920b891c63d218ed3d89d0,No-Dq-R,4,0,0.0,0.0,0,0,0,0,0
0.0,2000000,1022,7,b35e288ee0bfc4c68bb8390e5a27dc13df4185e2ce28ff58eb5fc8a0687663dd,497b8822afdb329df7e593163c058667365610ead0920b891c63d218ed3d89d0,Fixed-Dc,1,0,0.0,0.0,0.0,0,0,0,0
0.0,2000000,1022,7,b35e288ee0bfc4c68bb8390e5a27dc13df4185e2ce28ff58eb5fc8a0687663dd,497b8822afdb329df7e593163c058667365610ead0920b891c63d218ed3d89d0,Fixed-Dc,2,0,0.0,0.0,0,0,0,0,0
0.0,2000000,1022,7,b35e288ee0bfc4c68bb8390e5a27dc13df4185e2ce28ff58eb5fc8a0687663dd,497b8822afdb329df7e593163c058667365610ead0920b891c63d218ed3d89d0,Fixed-Dc,3,0,0.0,0.0,0,0,0,0,0
0.0,2000000,1022,7,b35e288ee0bfc4c68bb8390e5a27dc13df4185e2ce28ff58eb5fc8a0687663dd,497b8822afdb329df7e593163c058667365610ead0920b891c63d218ed3d89d0,Fixed-Dc,4,0,0.0,0.0,0,0,0,0,0
0.0,2000000,1022,7,b35e288ee0bfc4c68bb8390e5a27dc13df4185e2ce28ff58eb5fc8a0687663dd,497b8822afdb329df7e593163c058667365610ead0920b891c63d218ed3d89d0,Decoupled,1,0,,,,,,0,0
0.0,2000000,1022,7,b35e288ee0bfc4c68bb8390e5a27dc13df4185e2ce28ff58eb5fc8a0687663dd,497b8822afdb329df7e593163c058667365610ead0920b891c63d218ed3d89d0,Decoupled,2,0,,,,,,0,0
0.0,2000000,1022,7,b35e288ee0bfc4c68bb8390e5a27dc13df4185e2ce28ff58eb5fc8a0687663dd,497b8822afdb329df7e593163c058667365610ead0920b891c63d218ed3d89d0,Decoupled,3,0,,,,,,0,0
0.0,2000000,1022,7,b35e288ee0bfc4c68bb8390e5a27dc13df4185e2ce28ff58eb5fc8a0687663dd,497b8822afdb329df7e593163c058667365610ead0920b891c63d218ed3d89d0,Decoupled,4,0,,,,,,0,0
0.0,2000000,1022,11,b35e288ee0bfc4c68bb8390e5a27dc13df4185e2ce28ff58eb5fc8a0687663dd,497b8822afdb329df7e593163c058667365610ead0920b891c63d218ed3d89d0,No-Dq-R,1,0,0.0,0.0,0.0,0,0,0,0
0.0,2000000,1022,11,b35e288ee0bfc4c68bb8390e5a27dc13df4185e2ce28ff58eb5fc8a0687663dd,497b8822afdb329df7e593163c058667365610ead0920b891c63d218ed3d89d0,No-Dq-R,2,0,0.0,0.0,0,0,0,0,0
0.0,2000000,1022,11,b35e288ee0bfc4c68bb8390e5a27dc13df4185e2ce28ff58eb5fc8a0687663dd,497b8822afdb329df7e593163c058667365610ead0920b891c63d218ed3d89d0,No-Dq-R,3,0,0.0,0.0,0,0,0,0,0
0.0,2000000,1022,11,b35e288ee0bfc4c68bb8390e5a27dc13df4185e2ce28ff58eb5fc8a0687663dd,497b8822afdb329df7e593163c058667365610ead0920b891c63d218ed3d89d0,No-Dq-R,4,0,0.0,0.0,0,0,0,0,0
0.0,2000000,1022,11,b35e288ee0bfc4c68bb8390e5a27dc13df4185e2ce28ff58eb5fc8a0687663dd,497b8822afdb329df7e593163c058667365610ead0920b891c63d218ed3d89d0,Fixed-Dc,1,0,0.0,0.0,0.0,0,0,0,0
0.0,2000000,1022,11,b35e288ee0bfc4c68bb8390e5a27dc13df4185e2ce28ff58eb5fc8a0687663dd,497b8822afdb329df7e593163c058667365610ead0920b891c63d218ed3d89d0,Fixed-Dc,2,0,0.0,0.0,0,0,0,0,0
0.0,2000000,1022,11,b35e288ee0bfc4c68bb8390e5a27dc13df4185e2ce28ff58eb5fc8a0687663dd,497b8822afdb329df7e593163c058667365610ead0920b891c63d218ed3d89d0,Fixed-Dc,3,0,0.0,0.0,0,0,0,0,0
0.0,2000000,1022,11,b35e288ee0bfc4c68bb8390e5a27dc13df4185e2ce28ff58eb5fc8a0687663dd,497b8822afdb329df7e593163c058667365610ead0920b891c63d218ed3d89d0,Fixed-Dc,4,0,0.0,0.0,0,0,0,0,0
0.0,2000000,1022,11,b35e288ee0bfc4c68bb8390e5a27dc13df4185e2ce28ff58eb5fc8a0687663dd,497b8822afdb329df7e593163c058667365610ead0920b891c63d218ed3d89d0,Decoupled,1,0,,,,,,0,0
0.0,2000000,1022,11,b35e288ee0bfc4c68bb8390e5a27dc13df4185e2ce28ff58eb5fc8a0687663dd,497b8822afdb329df7e593163c058667365610ead0920b891c63d218ed3d89d0,Decoupled,2,0,,,,,,0,0
0.0,2000000,1022,11,b35e288ee0bfc4c68bb8390e5a27dc13df4185e2ce28ff58eb5fc8a0687663dd,497b8822afdb329df7e593163c058667365610ead0920b891c63d218ed3d89d0,Decoupled,3,0,,,,,,0,0
0.0,2000000,1022,11,b35e288ee0bfc4c68bb8390e5a27dc13df4185e2ce28ff58eb5fc8a0687663dd,497b8822afdb329df7e593163c058667365610ead0920b891c63d218ed3d89d0,Decoupled,4,0,,,,,,0,0
0.0,2000000,1023,7,c2a2f9c6f1324f65ab73de5b4acc223aebca48c53b591165001e8c98a1067241,497b8822afdb329df7e593163c058667365610ead0920b891c63d218ed3d89d0,No-Dq-R,1,0,0.0,0.0,0.0,0,0,0,0
0.0,2000000,1023,7,c2a2f9c6f1324f65ab73de5b4acc223aebca48c53b591165001e8c98a1067241,497b8822afdb329df7e593163c058667365610ead0920b891c63d218ed3d89d0,No-Dq-R,2,0,0.0,0.0,0,0,0,0,0
0.0,2000000,1023,7,c2a2f9c6f1324f65ab73de5b4acc223aebca48c53b591165001e8c98a1067241,497b8822afdb329df7e593163c058667365610ead0920b891c63d218ed3d89d0,No-Dq-R,3,0,0.0,0.0,0,0,0,0,0
0.0,2000000,1023,7,c2a2f9c6f1324f65ab73de5b4acc223aebca48c53b591165001e8c98a1067241,497b8822afdb329df7e593163c058667365610ead0920b891c63d218ed3d89d0,No-Dq-R,4,0,0.0,0.0,0,0,0,0,0
0.0,2000000,1023,7,c2a2f9c6f1324f65ab73de5b4acc223aebca48c53b591165001e8c98a1067241,497b8822afdb329df7e593163c058667365610ead0920b891c63d218ed3d89d0,Fixed-Dc,1,0,0.0,0.0,0.0,0,0,0,0
0.0,2000000,1023,7,c2a2f9c6f1324f65ab73de5b4acc223aebca48c53b591165001e8c98a1067241,497b8822afdb329df7e593163c058667365610ead0920b891c63d218ed3d89d0,Fixed-Dc,2,0,0.0,0.0,0,0,0,0,0
0.0,2000000,1023,7,c2a2f9c6f1324f65ab73de5b4acc223aebca48c53b591165001e8c98a1067241,497b8822afdb329df7e593163c058667365610ead0920b891c63d218ed3d89d0,Fixed-Dc,3,0,0.0,0.0,0,0,0,0,0
0.0,2000000,1023,7,c2a2f9c6f1324f65ab73de5b4acc223aebca48c53b591165001e8c98a1067241,497b8822afdb329df7e593163c058667365610ead0920b891c63d218ed3d89d0,Fixed-Dc,4,0,0.0,0.0,0,0,0,0,0
0.0,2000000,1023,7,c2a2f9c6f1324f65ab73de5b4acc223aebca48c53b591165001e8c98a1067241,497b8822afdb329df7e593163c058667365610ead0920b891c63d218ed3d89d0,Decoupled,1,0,,,,,,0,0
0.0,2000000,1023,7,c2a2f9c6f1324f65ab73de5b4acc223aebca48c53b591165001e8c98a1067241,497b8822afdb329df7e593163c058667365610ead0920b891c63d218ed3d89d0,Decoupled,2,0,,,,,,0,0
0.0,2000000,1023,7,c2a2f9c6f1324f65ab73de5b4acc223aebca48c53b591165001e8c98a1067241,497b8822afdb329df7e593163c058667365610ead0920b891c63d218ed3d89d0,Decoupled,3,0,,,,,,0,0
0.0,2000000,1023,7,c2a2f9c6f1324f65ab73de5b4acc223aebca48c53b591165001e8c98a1067241,497b8822afdb329df7e593163c058667365610ead0920b891c63d218ed3d89d0,Decoupled,4,0,,,,,,0,0
0.0,2000000,1023,11,c2a2f9c6f1324f65ab73de5b4acc223aebca48c53b591165001e8c98a1067241,497b8822afdb329df7e593163c058667365610ead0920b891c63d218ed3d89d0,No-Dq-R,1,0,0.0,0.0,0.0,0,0,0,0
0.0,2000000,1023,11,c2a2f9c6f1324f65ab73de5b4acc223aebca48c53b591165001e8c98a1067241,497b8822afdb329df7e593163c058667365610ead0920b891c63d218ed3d89d0,No-Dq-R,2,0,0.0,0.0,0,0,0,0,0
0.0,2000000,1023,11,c2a2f9c6f1324f65ab73de5b4acc223aebca48c53b591165001e8c98a1067241,497b8822afdb329df7e593163c058667365610ead0920b891c63d218ed3d89d0,No-Dq-R,3,0,0.0,0.0,0,0,0,0,0
0.0,2000000,1023,11,c2a2f9c6f1324f65ab73de5b4acc223aebca48c53b591165001e8c98a1067241,497b8822afdb329df7e593163c058667365610ead0920b891c63d218ed3d89d0,No-Dq-R,4,0,0.0,0.0,0,0,0,0,0
0.0,2000000,1023,11,c2a2f9c6f1324f65ab73de5b4acc223aebca48c53b591165001e8c98a1067241,497b8822afdb329df7e593163c058667365610ead0920b891c63d218ed3d89d0,Fixed-Dc,1,0,0.0,0.0,0.0,0,0,0,0
0.0,2000000,1023,11,c2a2f9c6f1324f65ab73de5b4acc223aebca48c53b591165001e8c98a1067241,497b8822afdb329df7e593163c058667365610ead0920b891c63d218ed3d89d0,Fixed-Dc,2,0,0.0,0.0,0,0,0,0,0
0.0,2000000,1023,11,c2a2f9c6f1324f65ab73de5b4acc223aebca48c53b591165001e8c98a1067241,497b8822afdb329df7e593163c058667365610ead0920b891c63d218ed3d89d0,Fixed-Dc,3,0,0.0,0.0,0,0,0,0,0
0.0,2000000,1023,11,c2a2f9c6f1324f65ab73de5b4acc223aebca48c53b591165001e8c98a1067241,497b8822afdb329df7e593163c058667365610ead0920b891c63d218ed3d89d0,Fixed-Dc,4,0,0.0,0.0,0,0,0,0,0
0.0,2000000,1023,11,c2a2f9c6f1324f65ab73de5b4acc223aebca48c53b591165001e8c98a1067241,497b8822afdb329df7e593163c058667365610ead0920b891c63d218ed3d89d0,Decoupled,1,0,,,,,,0,0
0.0,2000000,1023,11,c2a2f9c6f1324f65ab73de5b4acc223aebca48c53b591165001e8c98a1067241,497b8822afdb329df7e593163c058667365610ead0920b891c63d218ed3d89d0,Decoupled,2,0,,,,,,0,0
0.0,2000000,1023,11,c2a2f9c6f1324f65ab73de5b4acc223aebca48c53b591165001e8c98a1067241,497b8822afdb329df7e593163c058667365610ead0920b891c63d218ed3d89d0,Decoupled,3,0,,,,,,0,0
0.0,2000000,1023,11,c2a2f9c6f1324f65ab73de5b4acc223aebca48c53b591165001e8c98a1067241,497b8822afdb329df7e593163c058667365610ead0920b891c63d218ed3d89d0,Decoupled,4,0,,,,,,0,0
0.0,2000000,1024,7,e36fcb17ca41013a2f2850e37b9cb35929e2e961499b9d63802ed2f036cceef4,497b8822afdb329df7e593163c058667365610ead0920b891c63d218ed3d89d0,No-Dq-R,1,0,0.0,0.0,0.0,0,0,0,0
0.0,2000000,1024,7,e36fcb17ca41013a2f2850e37b9cb35929e2e961499b9d63802ed2f036cceef4,497b8822afdb329df7e593163c058667365610ead0920b891c63d218ed3d89d0,No-Dq-R,2,0,0.0,0.0,0,0,0,0,0
0.0,2000000,1024,7,e36fcb17ca41013a2f2850e37b9cb35929e2e961499b9d63802ed2f036cceef4,497b8822afdb329df7e593163c058667365610ead0920b891c63d218ed3d89d0,No-Dq-R,3,0,0.0,0.0,0,0,0,0,0
0.0,2000000,1024,7,e36fcb17ca41013a2f2850e37b9cb35929e2e961499b9d63802ed2f036cceef4,497b8822afdb329df7e593163c058667365610ead0920b891c63d218ed3d89d0,No-Dq-R,4,0,0.0,0.0,0,0,0,0,0
0.0,2000000,1024,7,e36fcb17ca41013a2f2850e37b9cb35929e2e961499b9d63802ed2f036cceef4,497b8822afdb329df7e593163c058667365610ead0920b891c63d218ed3d89d0,Fixed-Dc,1,0,0.0,0.0,0.0,0,0,0,0
0.0,2000000,1024,7,e36fcb17ca41013a2f2850e37b9cb35929e2e961499b9d63802ed2f036cceef4,497b8822afdb329df7e593163c058667365610ead0920b891c63d218ed3d89d0,Fixed-Dc,2,0,0.0,0.0,0,0,0,0,0
0.0,2000000,1024,7,e36fcb17ca41013a2f2850e37b9cb35929e2e961499b9d63802ed2f036cceef4,497b8822afdb329df7e593163c058667365610ead0920b891c63d218ed3d89d0,Fixed-Dc,3,0,0.0,0.0,0,0,0,0,0
0.0,2000000,1024,7,e36fcb17ca41013a2f2850e37b9cb35929e2e961499b9d63802ed2f036cceef4,497b8822afdb329df7e593163c058667365610ead0920b891c63d218ed3d89d0,Fixed-Dc,4,0,0.0,0.0,0,0,0,0,0
0.0,2000000,1024,7,e36fcb17ca41013a2f2850e37b9cb35929e2e961499b9d63802ed2f036cceef4,497b8822afdb329df7e593163c058667365610ead0920b891c63d218ed3d89d0,Decoupled,1,0,,,,,,0,0
0.0,2000000,1024,7,e36fcb17ca41013a2f2850e37b9cb35929e2e961499b9d63802ed2f036cceef4,497b8822afdb329df7e593163c058667365610ead0920b891c63d218ed3d89d0,Decoupled,2,0,,,,,,0,0
0.0,2000000,1024,7,e36fcb17ca41013a2f2850e37b9cb35929e2e961499b9d63802ed2f036cceef4,497b8822afdb329df7e593163c058667365610ead0920b891c63d218ed3d89d0,Decoupled,3,0,,,,,,0,0
0.0,2000000,1024,7,e36fcb17ca41013a2f2850e37b9cb35929e2e961499b9d63802ed2f036cceef4,497b8822afdb329df7e593163c058667365610ead0920b891c63d218ed3d89d0,Decoupled,4,0,,,,,,0,0
0.0,2000000,1024,11,e36fcb17ca41013a2f2850e37b9cb35929e2e961499b9d63802ed2f036cceef4,497b8822afdb329df7e593163c058667365610ead0920b891c63d218ed3d89d0,No-Dq-R,1,0,0.0,0.0,0.0,0,0,0,0
0.0,2000000,1024,11,e36fcb17ca41013a2f2850e37b9cb35929e2e961499b9d63802ed2f036cceef4,497b8822afdb329df7e593163c058667365610ead0920b891c63d218ed3d89d0,No-Dq-R,2,0,0.0,0.0,0,0,0,0,0
0.0,2000000,1024,11,e36fcb17ca41013a2f2850e37b9cb35929e2e961499b9d63802ed2f036cceef4,497b8822afdb329df7e593163c058667365610ead0920b891c63d218ed3d89d0,No-Dq-R,3,0,0.0,0.0,0,0,0,0,0
0.0,2000000,1024,11,e36fcb17ca41013a2f2850e37b9cb35929e2e961499b9d63802ed2f036cceef4,497b8822afdb329df7e593163c058667365610ead0920b891c63d218ed3d89d0,No-Dq-R,4,0,0.0,0.0,0,0,0,0,0
0.0,2000000,1024,11,e36fcb17ca41013a2f2850e37b9cb35929e2e961499b9d63802ed2f036cceef4,497b8822afdb329df7e593163c058667365610ead0920b891c63d218ed3d89d0,Fixed-Dc,1,0,0.0,0.0,0.0,0,0,0,0
0.0,2000000,1024,11,e36fcb17ca41013a2f2850e37b9cb35929e2e961499b9d63802ed2f036cceef4,497b8822afdb329df7e593163c058667365610ead0920b891c63d218ed3d89d0,Fixed-Dc,2,0,0.0,0.0,0,0,0,0,0
0.0,2000000,1024,11,e36fcb17ca41013a2f2850e37b9cb35929e2e961499b9d63802ed2f036cceef4,497b8822afdb329df7e593163c058667365610ead0920b891c63d218ed3d89d0,Fixed-Dc,3,0,0.0,0.0,0,0,0,0,0
0.0,2000000,1024,11,e36fcb17ca41013a2f2850e37b9cb35929e2e961499b9d63802ed2f036cceef4,497b8822afdb329df7e593163c058667365610ead0920b891c63d218ed3d89d0,Fixed-Dc,4,0,0.0,0.0,0,0,0,0,0
0.0,2000000,1024,11,e36fcb17ca41013a2f2850e37b9cb35929e2e961499b9d63802ed2f036cceef4,497b8822afdb329df7e593163c058667365610ead0920b891c63d218ed3d89d0,Decoupled,1,0,,,,,,0,0
0.0,2000000,1024,11,e36fcb17ca41013a2f2850e37b9cb35929e2e961499b9d63802ed2f036cceef4,497b8822afdb329df7e593163c058667365610ead0920b891c63d218ed3d89d0,Decoupled,2,0,,,,,,0,0
0.0,2000000,1024,11,e36fcb17ca41013a2f2850e37b9cb35929e2e961499b9d63802ed2f036cceef4,497b8822afdb329df7e593163c058667365610ead0920b891c63d218ed3d89d0,Decoupled,3,0,,,,,,0,0
0.0,2000000,1024,11,e36fcb17ca41013a2f2850e37b9cb35929e2e961499b9d63802ed2f036cceef4,497b8822afdb329df7e593163c058667365610ead0920b891c63d218ed3d89d0,Decoupled,4,0,,,,,,0,0
0.0,2000000,1025,7,5d74d5b163ea187b0972d57feab699f42edb25ab37e68e22df3ca6503e1871cb,497b8822afdb329df7e593163c058667365610ead0920b891c63d218ed3d89d0,No-Dq-R,1,0,0.0,0.0,0.0,0,0,0,0
0.0,2000000,1025,7,5d74d5b163ea187b0972d57feab699f42edb25ab37e68e22df3ca6503e1871cb,497b8822afdb329df7e593163c058667365610ead0920b891c63d218ed3d89d0,No-Dq-R,2,0,0.0,0.0,0,0,0,0,0
0.0,2000000,1025,7,5d74d5b163ea187b0972d57feab699f42edb25ab37e68e22df3ca6503e1871cb,497b8822afdb329df7e593163c058667365610ead0920b891c63d218ed3d89d0,No-Dq-R,3,0,0.0,0.0,0,0,0,0,0
0.0,2000000,1025,7,5d74d5b163ea187b0972d57feab699f42edb25ab37e68e22df3ca6503e1871cb,497b8822afdb329df7e593163c058667365610ead0920b891c63d218ed3d89d0,No-Dq-R,4,0,0.0,0.0,0,0,0,0,0
0.0,2000000,1025,7,5d74d5b163ea187b0972d57feab699f42edb25ab37e68e22df3ca6503e1871cb,497b8822afdb329df7e593163c058667365610ead0920b891c63d218ed3d89d0,Fixed-Dc,1,0,0.0,0.0,0.0,0,0,0,0
0.0,2000000,1025,7,5d74d5b163ea187b0972d57feab699f42edb25ab37e68e22df3ca6503e1871cb,497b8822afdb329df7e593163c058667365610ead0920b891c63d218ed3d89d0,Fixed-Dc,2,0,0.0,0.0,0,0,0,0,0
0.0,2000000,1025,7,5d74d5b163ea187b0972d57feab699f42edb25ab37e68e22df3ca6503e1871cb,497b8822afdb329df7e593163c058667365610ead0920b891c63d218ed3d89d0,Fixed-Dc,3,0,0.0,0.0,0,0,0,0,0
0.0,2000000,1025,7,5d74d5b163ea187b0972d57feab699f42edb25ab37e68e22df3ca6503e1871cb,497b8822afdb329df7e593163c058667365610ead0920b891c63d218ed3d89d0,Fixed-Dc,4,0,0.0,0.0,0,0,0,0,0
0.0,2000000,1025,7,5d74d5b163ea187b0972d57feab699f42edb25ab37e68e22df3ca6503e1871cb,497b8822afdb329df7e593163c058667365610ead0920b891c63d218ed3d89d0,Decoupled,1,0,,,,,,0,0
0.0,2000000,1025,7,5d74d5b163ea187b0972d57feab699f42edb25ab37e68e22df3ca6503e1871cb,497b8822afdb329df7e593163c058667365610ead0920b891c63d218ed3d89d0,Decoupled,2,0,,,,,,0,0
0.0,2000000,1025,7,5d74d5b163ea187b0972d57feab699f42edb25ab37e68e22df3ca6503e1871cb,497b8822afdb329df7e593163c058667365610ead0920b891c63d218ed3d89d0,Decoupled,3,0,,,,,,0,0
0.0,2000000,1025,7,5d74d5b163ea187b0972d57feab699f42edb25ab37e68e22df3ca6503e1871cb,497b8822afdb329df7e593163c058667365610ead0920b891c63d218ed3d89d0,Decoupled,4,0,,,,,,0,0
0.0,2000000,1025,11,5d74d5b163ea187b0972d57feab699f42edb25ab37e68e22df3ca6503e1871cb,497b8822afdb329df7e593163c058667365610ead0920b891c63d218ed3d89d0,No-Dq-R,1,0,0.0,0.0,0.0,0,0,0,0
0.0,2000000,1025,11,5d74d5b163ea187b0972d57feab699f42edb25ab37e68e22df3ca6503e1871cb,497b8822afdb329df7e593163c058667365610ead0920b891c63d218ed3d89d0,No-Dq-R,2,0,0.0,0.0,0,0,0,0,0
0.0,2000000,1025,11,5d74d5b163ea187b0972d57feab699f42edb25ab37e68e22df3ca6503e1871cb,497b8822afdb329df7e593163c058667365610ead0920b891c63d218ed3d89d0,No-Dq-R,3,0,0.0,0.0,0,0,0,0,0
0.0,2000000,1025,11,5d74d5b163ea187b0972d57feab699f42edb25ab37e68e22df3ca6503e1871cb,497b8822afdb329df7e593163c058667365610ead0920b891c63d218ed3d89d0,No-Dq-R,4,0,0.0,0.0,0,0,0,0,0
0.0,2000000,1025,11,5d74d5b163ea187b0972d57feab699f42edb25ab37e68e22df3ca6503e1871cb,497b8822afdb329df7e593163c058667365610ead0920b891c63d218ed3d89d0,Fixed-Dc,1,0,0.0,0.0,0.0,0,0,0,0
0.0,2000000,1025,11,5d74d5b163ea187b0972d57feab699f42edb25ab37e68e22df3ca6503e1871cb,497b8822afdb329df7e593163c058667365610ead0920b891c63d218ed3d89d0,Fixed-Dc,2,0,0.0,0.0,0,0,0,0,0
0.0,2000000,1025,11,5d74d5b163ea187b0972d57feab699f42edb25ab37e68e22df3ca6503e1871cb,497b8822afdb329df7e593163c058667365610ead0920b891c63d218ed3d89d0,Fixed-Dc,3,0,0.0,0.0,0,0,0,0,0
0.0,2000000,1025,11,5d74d5b163ea187b0972d57feab699f42edb25ab37e68e22df3ca6503e1871cb,497b8822afdb329df7e593163c058667365610ead0920b891c63d218ed3d89d0,Fixed-Dc,4,0,0.0,0.0,0,0,0,0,0
0.0,2000000,1025,11,5d74d5b163ea187b0972d57feab699f42edb25ab37e68e22df3ca6503e1871cb,497b8822afdb329df7e593163c058667365610ead0920b891c63d218ed3d89d0,Decoupled,1,0,,,,,,0,0
0.0,2000000,1025,11,5d74d5b163ea187b0972d57feab699f42edb25ab37e68e22df3ca6503e1871cb,497b8822afdb329df7e593163c058667365610ead0920b891c63d218ed3d89d0,Decoupled,2,0,,,,,,0,0
0.0,2000000,1025,11,5d74d5b163ea187b0972d57feab699f42edb25ab37e68e22df3ca6503e1871cb,497b8822afdb329df7e593163c058667365610ead0920b891c63d218ed3d89d0,Decoupled,3,0,,,,,,0,0
0.0,2000000,1025,11,5d74d5b163ea187b0972d57feab699f42edb25ab37e68e22df3ca6503e1871cb,497b8822afdb329df7e593163c058667365610ead0920b891c63d218ed3d89d0,Decoupled,4,0,,,,,,0,0
0.0,2000000,1026,7,d769f9a66c5c7f01d26d89d8984caca779c4019d5ba7dab89d12fca14537758e,497b8822afdb329df7e593163c058667365610ead0920b891c63d218ed3d89d0,No-Dq-R,1,0,0.0,0.0,0.0,0,0,0,0
0.0,2000000,1026,7,d769f9a66c5c7f01d26d89d8984caca779c4019d5ba7dab89d12fca14537758e,497b8822afdb329df7e593163c058667365610ead0920b891c63d218ed3d89d0,No-Dq-R,2,0,0.0,0.0,0,0,0,0,0
0.0,2000000,1026,7,d769f9a66c5c7f01d26d89d8984caca779c4019d5ba7dab89d12fca14537758e,497b8822afdb329df7e593163c058667365610ead0920b891c63d218ed3d89d0,No-Dq-R,3,0,0.0,0.0,0,0,0,0,0
0.0,2000000,1026,7,d769f9a66c5c7f01d26d89d8984caca779c4019d5ba7dab89d12fca14537758e,497b8822afdb329df7e593163c058667365610ead0920b891c63d218ed3d89d0,No-Dq-R,4,0,0.0,0.0,0,0,0,0,0
0.0,2000000,1026,7,d769f9a66c5c7f01d26d89d8984caca779c4019d5ba7dab89d12fca14537758e,497b8822afdb329df7e593163c058667365610ead0920b891c63d218ed3d89d0,Fixed-Dc,1,0,0.0,0.0,0.0,0,0,0,0
0.0,2000000,1026,7,d769f9a66c5c7f01d26d89d8984caca779c4019d5ba7dab89d12fca14537758e,497b8822afdb329df7e593163c058667365610ead0920b891c63d218ed3d89d0,Fixed-Dc,2,0,0.0,0.0,0,0,0,0,0
0.0,2000000,1026,7,d769f9a66c5c7f01d26d89d8984caca779c4019d5ba7dab89d12fca14537758e,497b8822afdb329df7e593163c058667365610ead0920b891c63d218ed3d89d0,Fixed-Dc,3,0,0.0,0.0,0,0,0,0,0
0.0,2000000,1026,7,d769f9a66c5c7f01d26d89d8984caca779c4019d5ba7dab89d12fca14537758e,497b8822afdb329df7e593163c058667365610ead0920b891c63d218ed3d89d0,Fixed-Dc,4,0,0.0,0.0,0,0,0,0,0
0.0,2000000,1026,7,d769f9a66c5c7f01d26d89d8984caca779c4019d5ba7dab89d12fca14537758e,497b8822afdb329df7e593163c058667365610ead0920b891c63d218ed3d89d0,Decoupled,1,0,,,,,,0,0
0.0,2000000,1026,7,d769f9a66c5c7f01d26d89d8984caca779c4019d5ba7dab89d12fca14537758e,497b8822afdb329df7e593163c058667365610ead0920b891c63d218ed3d89d0,Decoupled,2,0,,,,,,0,0
0.0,2000000,1026,7,d769f9a66c5c7f01d26d89d8984caca779c4019d5ba7dab89d12fca14537758e,497b8822afdb329df7e593163c058667365610ead0920b891c63d218ed3d89d0,Decoupled,3,0,,,,,,0,0
0.0,2000000,1026,7,d769f9a66c5c7f01d26d89d8984caca779c4019d5ba7dab89d12fca14537758e,497b8822afdb329df7e593163c058667365610ead0920b891c63d218ed3d89d0,Decoupled,4,0,,,,,,0,0
0.0,2000000,1026,11,d769f9a66c5c7f01d26d89d8984caca779c4019d5ba7dab89d12fca14537758e,497b8822afdb329df7e593163c058667365610ead0920b891c63d218ed3d89d0,No-Dq-R,1,0,0.0,0.0,0.0,0,0,0,0
0.0,2000000,1026,11,d769f9a66c5c7f01d26d89d8984caca779c4019d5ba7dab89d12fca14537758e,497b8822afdb329df7e593163c058667365610ead0920b891c63d218ed3d89d0,No-Dq-R,2,0,0.0,0.0,0,0,0,0,0
0.0,2000000,1026,11,d769f9a66c5c7f01d26d89d8984caca779c4019d5ba7dab89d12fca14537758e,497b8822afdb329df7e593163c058667365610ead0920b891c63d218ed3d89d0,No-Dq-R,3,0,0.0,0.0,0,0,0,0,0
0.0,2000000,1026,11,d769f9a66c5c7f01d26d89d8984caca779c4019d5ba7dab89d12fca14537758e,497b8822afdb329df7e593163c058667365610ead0920b891c63d218ed3d89d0,No-Dq-R,4,0,0.0,0.0,0,0,0,0,0
0.0,2000000,1026,11,d769f9a66c5c7f01d26d89d8984caca779c4019d5ba7dab89d12fca14537758e,497b8822afdb329df7e593163c058667365610ead0920b891c63d218ed3d89d0,Fixed-Dc,1,0,0.0,0.0,0.0,0,0,0,0
0.0,2000000,1026,11,d769f9a66c5c7f01d26d89d8984caca779c4019d5ba7dab89d12fca14537758e,497b8822afdb329df7e593163c058667365610ead0920b891c63d218ed3d89d0,Fixed-Dc,2,0,0.0,0.0,0,0,0,0,0
0.0,2000000,1026,11,d769f9a66c5c7f01d26d89d8984caca779c4019d5ba7dab89d12fca14537758e,497b8822afdb329df7e593163c058667365610ead0920b891c63d218ed3d89d0,Fixed-Dc,3,0,0.0,0.0,0,0,0,0,0
0.0,2000000,1026,11,d769f9a66c5c7f01d26d89d8984caca779c4019d5ba7dab89d12fca14537758e,497b8822afdb329df7e593163c058667365610ead0920b891c63d218ed3d89d0,Fixed-Dc,4,0,0.0,0.0,0,0,0,0,0
0.0,2000000,1026,11,d769f9a66c5c7f01d26d89d8984caca779c4019d5ba7dab89d12fca14537758e,497b8822afdb329df7e593163c058667365610ead0920b891c63d218ed3d89d0,Decoupled,1,0,,,,,,0,0
0.0,2000000,1026,11,d769f9a66c5c7f01d26d89d8984caca779c4019d5ba7dab89d12fca14537758e,497b8822afdb329df7e593163c058667365610ead0920b891c63d218ed3d89d0,Decoupled,2,0,,,,,,0,0
0.0,2000000,1026,11,d769f9a66c5c7f01d26d89d8984caca779c4019d5ba7dab89d12fca14537758e,497b8822afdb329df7e593163c058667365610ead0920b891c63d218ed3d89d0,Decoupled,3,0,,,,,,0,0
0.0,2000000,1026,11,d769f9a66c5c7f01d26d89d8984caca779c4019d5ba7dab89d12fca14537758e,497b8822afdb329df7e593163c058667365610ead0920b891c63d218ed3d89d0,Decoupled,4,0,,,,,,0,0
0.0,2000000,1027,7,7f0d9efc068d130a87bd2f63134961a17f690f1ee15601580fa117eb17e5ae55,497b8822afdb329df7e593163c058667365610ead0920b891c63d218ed3d89d0,No-Dq-R,1,0,0.0,0.0,0.0,0,0,0,0
0.0,2000000,1027,7,7f0d9efc068d130a87bd2f63134961a17f690f1ee15601580fa117eb17e5ae55,497b8822afdb329df7e593163c058667365610ead0920b891c63d218ed3d89d0,No-Dq-R,2,0,0.0,0.0,0,0,0,0,0
0.0,2000000,1027,7,7f0d9efc068d130a87bd2f63134961a17f690f1ee15601580fa117eb17e5ae55,497b8822afdb329df7e593163c058667365610ead0920b891c63d218ed3d89d0,No-Dq-R,3,0,0.0,0.0,0,0,0,0,0
0.0,2000000,1027,7,7f0d9efc068d130a87bd2f63134961a17f690f1ee15601580fa117eb17e5ae55,497b8822afdb329df7e593163c058667365610ead0920b891c63d218ed3d89d0,No-Dq-R,4,0,0.0,0.0,0,0,0,0,0
0.0,2000000,1027,7,7f0d9efc068d130a87bd2f63134961a17f690f1ee15601580fa117eb17e5ae55,497b8822afdb329df7e593163c058667365610ead0920b891c63d218ed3d89d0,Fixed-Dc,1,0,0.0,0.0,0.0,0,0,0,0
0.0,2000000,1027,7,7f0d9efc068d130a87bd2f63134961a17f690f1ee15601580fa117eb17e5ae55,497b8822afdb329df7e593163c058667365610ead0920b891c63d218ed3d89d0,Fixed-Dc,2,0,0.0,0.0,0,0,0,0,0
0.0,2000000,1027,7,7f0d9efc068d130a87bd2f63134961a17f690f1ee15601580fa117eb17e5ae55,497b8822afdb329df7e593163c058667365610ead0920b891c63d218ed3d89d0,Fixed-Dc,3,0,0.0,0.0,0,0,0,0,0
0.0,2000000,1027,7,7f0d9efc068d130a87bd2f63134961a17f690f1ee15601580fa117eb17e5ae55,497b8822afdb329df7e593163c058667365610ead0920b891c63d218ed3d89d0,Fixed-Dc,4,0,0.0,0.0,0,0,0,0,0
0.0,2000000,1027,7,7f0d9efc068d130a87bd2f63134961a17f690f1ee15601580fa117eb17e5ae55,497b8822afdb329df7e593163c058667365610ead0920b891c63d218ed3d89d0,Decoupled,1,0,,,,,,0,0
0.0,2000000,1027,7,7f0d9efc068d130a87bd2f63134961a17f690f1ee15601580fa117eb17e5ae55,497b8822afdb329df7e593163c058667365610ead0920b891c63d218ed3d89d0,Decoupled,2,0,,,,,,0,0
0.0,2000000,1027,7,7f0d9efc068d130a87bd2f63134961a17f690f1ee15601580fa117eb17e5ae55,497b8822afdb329df7e593163c058667365610ead0920b891c63d218ed3d89d0,Decoupled,3,0,,,,,,0,0
0.0,2000000,1027,7,7f0d9efc068d130a87bd2f63134961a17f690f1ee15601580fa117eb17e5ae55,497b8822afdb329df7e593163c058667365610ead0920b891c63d218ed3d89d0,Decoupled,4,0,,,,,,0,0
0.0,2000000,1027,11,7f0d9efc068d130a87bd2f63134961a17f690f1ee15601580fa117eb17e5ae55,497b8822afdb329df7e593163c058667365610ead0920b891c63d218ed3d89d0,No-Dq-R,1,0,0.0,0.0,0.0,0,0,0,0
0.0,2000000,1027,11,7f0d9efc068d130a87bd2f63134961a17f690f1ee15601580fa117eb17e5ae55,497b8822afdb329df7e593163c058667365610ead0920b891c63d218ed3d89d0,No-Dq-R,2,0,0.0,0.0,0,0,0,0,0
0.0,2000000,1027,11,7f0d9efc068d130a87bd2f63134961a17f690f1ee15601580fa117eb17e5ae55,497b8822afdb329df7e593163c058667365610ead0920b891c63d218ed3d89d0,No-Dq-R,3,0,0.0,0.0,0,0,0,0,0
0.0,2000000,1027,11,7f0d9efc068d130a87bd2f63134961a17f690f1ee15601580fa117eb17e5ae55,497b8822afdb329df7e593163c058667365610ead0920b891c63d218ed3d89d0,No-Dq-R,4,0,0.0,0.0,0,0,0,0,0
0.0,2000000,1027,11,7f0d9efc068d130a87bd2f63134961a17f690f1ee15601580fa117eb17e5ae55,497b8822afdb329df7e593163c058667365610ead0920b891c63d218ed3d89d0,Fixed-Dc,1,0,0.0,0.0,0.0,0,0,0,0
0.0,2000000,1027,11,7f0d9efc068d130a87bd2f63134961a17f690f1ee15601580fa117eb17e5ae55,497b8822afdb329df7e593163c058667365610ead0920b891c63d218ed3d89d0,Fixed-Dc,2,0,0.0,0.0,0,0,0,0,0
0.0,2000000,1027,11,7f0d9efc068d130a87bd2f63134961a17f690f1ee15601580fa117eb17e5ae55,497b8822afdb329df7e593163c058667365610ead0920b891c63d218ed3d89d0,Fixed-Dc,3,0,0.0,0.0,0,0,0,0,0
0.0,2000000,1027,11,7f0d9efc068d130a87bd2f63134961a17f690f1ee15601580fa117eb17e5ae55,497b8822afdb329df7e593163c058667365610ead0920b891c63d218ed3d89d0,Fixed-Dc,4,0,0.0,0.0,0,0,0,0,0
0.0,2000000,1027,11,7f0d9efc068d130a87bd2f63134961a17f690f1ee15601580fa117eb17e5ae55,497b8822afdb329df7e593163c058667365610ead0920b891c63d218ed3d89d0,Decoupled,1,0,,,,,,0,0
0.0,2000000,1027,11,7f0d9efc068d130a87bd2f63134961a17f690f1ee15601580fa117eb17e5ae55,497b8822afdb329df7e593163c058667365610ead0920b891c63d218ed3d89d0,Decoupled,2,0,,,,,,0,0
0.0,2000000,1027,11,7f0d9efc068d130a87bd2f63134961a17f690f1ee15601580fa117eb17e5ae55,497b8822afdb329df7e593163c058667365610ead0920b891c63d218ed3d89d0,Decoupled,3,0,,,,,,0,0
0.0,2000000,1027,11,7f0d9efc068d130a87bd2f63134961a17f690f1ee15601580fa117eb17e5ae55,497b8822afdb329df7e593163c058667365610ead0920b891c63d218ed3d89d0,Decoupled,4,0,,,,,,0,0
0.0,2000000,1028,7,3989f392afff376d3dbe6c6dcba4546ca160e12e45a49e1cd42ae7a45a412716,497b8822afdb329df7e593163c058667365610ead0920b891c63d218ed3d89d0,No-Dq-R,1,0,0.0,0.0,0.0,0,0,0,0
0.0,2000000,1028,7,3989f392afff376d3dbe6c6dcba4546ca160e12e45a49e1cd42ae7a45a412716,497b8822afdb329df7e593163c058667365610ead0920b891c63d218ed3d89d0,No-Dq-R,2,0,0.0,0.0,0,0,0,0,0
0.0,2000000,1028,7,3989f392afff376d3dbe6c6dcba4546ca160e12e45a49e1cd42ae7a45a412716,497b8822afdb329df7e593163c058667365610ead0920b891c63d218ed3d89d0,No-Dq-R,3,0,0.0,0.0,0,0,0,0,0
0.0,2000000,1028,7,3989f392afff376d3dbe6c6dcba4546ca160e12e45a49e1cd42ae7a45a412716,497b8822afdb329df7e593163c058667365610ead0920b891c63d218ed3d89d0,No-Dq-R,4,0,0.0,0.0,0,0,0,0,0
0.0,2000000,1028,7,3989f392afff376d3dbe6c6dcba4546ca160e12e45a49e1cd42ae7a45a412716,497b8822afdb329df7e593163c058667365610ead0920b891c63d218ed3d89d0,Fixed-Dc,1,0,0.0,0.0,0.0,0,0,0,0
0.0,2000000,1028,7,3989f392afff376d3dbe6c6dcba4546ca160e12e45a49e1cd42ae7a45a412716,497b8822afdb329df7e593163c058667365610ead0920b891c63d218ed3d89d0,Fixed-Dc,2,0,0.0,0.0,0,0,0,0,0
0.0,2000000,1028,7,3989f392afff376d3dbe6c6dcba4546ca160e12e45a49e1cd42ae7a45a412716,497b8822afdb329df7e593163c058667365610ead0920b891c63d218ed3d89d0,Fixed-Dc,3,0,0.0,0.0,0,0,0,0,0
0.0,2000000,1028,7,3989f392afff376d3dbe6c6dcba4546ca160e12e45a49e1cd42ae7a45a412716,497b8822afdb329df7e593163c058667365610ead0920b891c63d218ed3d89d0,Fixed-Dc,4,0,0.0,0.0,0,0,0,0,0
0.0,2000000,1028,7,3989f392afff376d3dbe6c6dcba4546ca160e12e45a49e1cd42ae7a45a412716,497b8822afdb329df7e593163c058667365610ead0920b891c63d218ed3d89d0,Decoupled,1,0,,,,,,0,0
0.0,2000000,1028,7,3989f392afff376d3dbe6c6dcba4546ca160e12e45a49e1cd42ae7a45a412716,497b8822afdb329df7e593163c058667365610ead0920b891c63d218ed3d89d0,Decoupled,2,0,,,,,,0,0
0.0,2000000,1028,7,3989f392afff376d3dbe6c6dcba4546ca160e12e45a49e1cd42ae7a45a412716,497b8822afdb329df7e593163c058667365610ead0920b891c63d218ed3d89d0,Decoupled,3,0,,,,,,0,0
0.0,2000000,1028,7,3989f392afff376d3dbe6c6dcba4546ca160e12e45a49e1cd42ae7a45a412716,497b8822afdb329df7e593163c058667365610ead0920b891c63d218ed3d89d0,Decoupled,4,0,,,,,,0,0
0.0,2000000,1028,11,3989f392afff376d3dbe6c6dcba4546ca160e12e45a49e1cd42ae7a45a412716,497b8822afdb329df7e593163c058667365610ead0920b891c63d218ed3d89d0,No-Dq-R,1,0,0.0,0.0,0.0,0,0,0,0
0.0,2000000,1028,11,3989f392afff376d3dbe6c6dcba4546ca160e12e45a49e1cd42ae7a45a412716,497b8822afdb329df7e593163c058667365610ead0920b891c63d218ed3d89d0,No-Dq-R,2,0,0.0,0.0,0,0,0,0,0
0.0,2000000,1028,11,3989f392afff376d3dbe6c6dcba4546ca160e12e45a49e1cd42ae7a45a412716,497b8822afdb329df7e593163c058667365610ead0920b891c63d218ed3d89d0,No-Dq-R,3,0,0.0,0.0,0,0,0,0,0
0.0,2000000,1028,11,3989f392afff376d3dbe6c6dcba4546ca160e12e45a49e1cd42ae7a45a412716,497b8822afdb329df7e593163c058667365610ead0920b891c63d218ed3d89d0,No-Dq-R,4,0,0.0,0.0,0,0,0,0,0
0.0,2000000,1028,11,3989f392afff376d3dbe6c6dcba4546ca160e12e45a49e1cd42ae7a45a412716,497b8822afdb329df7e593163c058667365610ead0920b891c63d218ed3d89d0,Fixed-Dc,1,0,0.0,0.0,0.0,0,0,0,0
0.0,2000000,1028,11,3989f392afff376d3dbe6c6dcba4546ca160e12e45a49e1cd42ae7a45a412716,497b8822afdb329df7e593163c058667365610ead0920b891c63d218ed3d89d0,Fixed-Dc,2,0,0.0,0.0,0,0,0,0,0
0.0,2000000,1028,11,3989f392afff376d3dbe6c6dcba4546ca160e12e45a49e1cd42ae7a45a412716,497b8822afdb329df7e593163c058667365610ead0920b891c63d218ed3d89d0,Fixed-Dc,3,0,0.0,0.0,0,0,0,0,0
0.0,2000000,1028,11,3989f392afff376d3dbe6c6dcba4546ca160e12e45a49e1cd42ae7a45a412716,497b8822afdb329df7e593163c058667365610ead0920b891c63d218ed3d89d0,Fixed-Dc,4,0,0.0,0.0,0,0,0,0,0
0.0,2000000,1028,11,3989f392afff376d3dbe6c6dcba4546ca160e12e45a49e1cd42ae7a45a412716,497b8822afdb329df7e593163c058667365610ead0920b891c63d218ed3d89d0,Decoupled,1,0,,,,,,0,0
0.0,2000000,1028,11,3989f392afff376d3dbe6c6dcba4546ca160e12e45a49e1cd42ae7a45a412716,497b8822afdb329df7e593163c058667365610ead0920b891c63d218ed3d89d0,Decoupled,2,0,,,,,,0,0
0.0,2000000,1028,11,3989f392afff376d3dbe6c6dcba4546ca160e12e45a49e1cd42ae7a45a412716,497b8822afdb329df7e593163c058667365610ead0920b891c63d218ed3d89d0,Decoupled,3,0,,,,,,0,0
0.0,2000000,1028,11,3989f392afff376d3dbe6c6dcba4546ca160e12e45a49e1cd42ae7a45a412716,497b8822afdb329df7e593163c058667365610ead0920b891c63d218ed3d89d0,Decoupled,4,0,,,,,,0,0
0.0,2000000,1029,7,2ae8710341ed943ec1e57e5adfd8aebd751b5273c7510f40c42505ec6bcd5872,497b8822afdb329df7e593163c058667365610ead0920b891c63d218ed3d89d0,No-Dq-R,1,0,0.0,0.0,0.0,0,0,0,0
0.0,2000000,1029,7,2ae8710341ed943ec1e57e5adfd8aebd751b5273c7510f40c42505ec6bcd5872,497b8822afdb329df7e593163c058667365610ead0920b891c63d218ed3d89d0,No-Dq-R,2,0,0.0,0.0,0,0,0,0,0
0.0,2000000,1029,7,2ae8710341ed943ec1e57e5adfd8aebd751b5273c7510f40c42505ec6bcd5872,497b8822afdb329df7e593163c058667365610ead0920b891c63d218ed3d89d0,No-Dq-R,3,0,0.0,0.0,0,0,0,0,0
0.0,2000000,1029,7,2ae8710341ed943ec1e57e5adfd8aebd751b5273c7510f40c42505ec6bcd5872,497b8822afdb329df7e593163c058667365610ead0920b891c63d218ed3d89d0,No-Dq-R,4,0,0.0,0.0,0,0,0,0,0
0.0,2000000,1029,7,2ae8710341ed943ec1e57e5adfd8aebd751b5273c7510f40c42505ec6bcd5872,497b8822afdb329df7e593163c058667365610ead0920b891c63d218ed3d89d0,Fixed-Dc,1,0,0.0,0.0,0.0,0,0,0,0
0.0,2000000,1029,7,2ae8710341ed943ec1e57e5adfd8aebd751b5273c7510f40c42505ec6bcd5872,497b8822afdb329df7e593163c058667365610ead0920b891c63d218ed3d89d0,Fixed-Dc,2,0,0.0,0.0,0,0,0,0,0
0.0,2000000,1029,7,2ae8710341ed943ec1e57e5adfd8aebd751b5273c7510f40c42505ec6bcd5872,497b8822afdb329df7e593163c058667365610ead0920b891c63d218ed3d89d0,Fixed-Dc,3,0,0.0,0.0,0,0,0,0,0
0.0,2000000,1029,7,2ae8710341ed943ec1e57e5adfd8aebd751b5273c7510f40c42505ec6bcd5872,497b8822afdb329df7e593163c058667365610ead0920b891c63d218ed3d89d0,Fixed-Dc,4,0,0.0,0.0,0,0,0,0,0
0.0,2000000,1029,7,2ae8710341ed943ec1e57e5adfd8aebd751b5273c7510f40c42505ec6bcd5872,497b8822afdb329df7e593163c058667365610ead0920b891c63d218ed3d89d0,Decoupled,1,0,,,,,,0,0
0.0,2000000,1029,7,2ae8710341ed943ec1e57e5adfd8aebd751b5273c7510f40c42505ec6bcd5872,497b8822afdb329df7e593163c058667365610ead0920b891c63d218ed3d89d0,Decoupled,2,0,,,,,,0,0
0.0,2000000,1029,7,2ae8710341ed943ec1e57e5adfd8aebd751b5273c7510f40c42505ec6bcd5872,497b8822afdb329df7e593163c058667365610ead0920b891c63d218ed3d89d0,Decoupled,3,0,,,,,,0,0
0.0,2000000,1029,7,2ae8710341ed943ec1e57e5adfd8aebd751b5273c7510f40c42505ec6bcd5872,497b8822afdb329df7e593163c058667365610ead0920b891c63d218ed3d89d0,Decoupled,4,0,,,,,,0,0
0.0,2000000,1029,11,2ae8710341ed943ec1e57e5adfd8aebd751b5273c7510f40c42505ec6bcd5872,497b8822afdb329df7e593163c058667365610ead0920b891c63d218ed3d89d0,No-Dq-R,1,0,0.0,0.0,0.0,0,0,0,0
0.0,2000000,1029,11,2ae8710341ed943ec1e57e5adfd8aebd751b5273c7510f40c42505ec6bcd5872,497b8822afdb329df7e593163c058667365610ead0920b891c63d218ed3d89d0,No-Dq-R,2,0,0.0,0.0,0,0,0,0,0
0.0,2000000,1029,11,2ae8710341ed943ec1e57e5adfd8aebd751b5273c7510f40c42505ec6bcd5872,497b8822afdb329df7e593163c058667365610ead0920b891c63d218ed3d89d0,No-Dq-R,3,0,0.0,0.0,0,0,0,0,0
0.0,2000000,1029,11,2ae8710341ed943ec1e57e5adfd8aebd751b5273c7510f40c42505ec6bcd5872,497b8822afdb329df7e593163c058667365610ead0920b891c63d218ed3d89d0,No-Dq-R,4,0,0.0,0.0,0,0,0,0,0
0.0,2000000,1029,11,2ae8710341ed943ec1e57e5adfd8aebd751b5273c7510f40c42505ec6bcd5872,497b8822afdb329df7e593163c058667365610ead0920b891c63d218ed3d89d0,Fixed-Dc,1,0,0.0,0.0,0.0,0,0,0,0
0.0,2000000,1029,11,2ae8710341ed943ec1e57e5adfd8aebd751b5273c7510f40c42505ec6bcd5872,497b8822afdb329df7e593163c058667365610ead0920b891c63d218ed3d89d0,Fixed-Dc,2,0,0.0,0.0,0,0,0,0,0
0.0,2000000,1029,11,2ae8710341ed943ec1e57e5adfd8aebd751b5273c7510f40c42505ec6bcd5872,497b8822afdb329df7e593163c058667365610ead0920b891c63d218ed3d89d0,Fixed-Dc,3,0,0.0,0.0,0,0,0,0,0
0.0,2000000,1029,11,2ae8710341ed943ec1e57e5adfd8aebd751b5273c7510f40c42505ec6bcd5872,497b8822afdb329df7e593163c058667365610ead0920b891c63d218ed3d89d0,Fixed-Dc,4,0,0.0,0.0,0,0,0,0,0
0.0,2000000,1029,11,2ae8710341ed943ec1e57e5adfd8aebd751b5273c7510f40c42505ec6bcd5872,497b8822afdb329df7e593163c058667365610ead0920b891c63d218ed3d89d0,Decoupled,1,0,,,,,,0,0
0.0,2000000,1029,11,2ae8710341ed943ec1e57e5adfd8aebd751b5273c7510f40c42505ec6bcd5872,497b8822afdb329df7e593163c058667365610ead0920b891c63d218ed3d89d0,Decoupled,2,0,,,,,,0,0
0.0,2000000,1029,11,2ae8710341ed943ec1e57e5adfd8aebd751b5273c7510f40c42505ec6bcd5872,497b8822afdb329df7e593163c058667365610ead0920b891c63d218ed3d89d0,Decoupled,3,0,,,,,,0,0
0.0,2000000,1029,11,2ae8710341ed943ec1e57e5adfd8aebd751b5273c7510f40c42505ec6bcd5872,497b8822afdb329df7e593163c058667365610ead0920b891c63d218ed3d89d0,Decoupled,4,0,,,,,,0,0
0.0,2000000,1030,7,35fbaf0f83ee5ecdd44c8b139e9e8d74f31e4d9d7f176ddcc0cbe0d94552ea47,497b8822afdb329df7e593163c058667365610ead0920b891c63d218ed3d89d0,No-Dq-R,1,0,0.0,0.0,0.0,0,0,0,0
0.0,2000000,1030,7,35fbaf0f83ee5ecdd44c8b139e9e8d74f31e4d9d7f176ddcc0cbe0d94552ea47,497b8822afdb329df7e593163c058667365610ead0920b891c63d218ed3d89d0,No-Dq-R,2,0,0.0,0.0,0,0,0,0,0
0.0,2000000,1030,7,35fbaf0f83ee5ecdd44c8b139e9e8d74f31e4d9d7f176ddcc0cbe0d94552ea47,497b8822afdb329df7e593163c058667365610ead0920b891c63d218ed3d89d0,No-Dq-R,3,0,0.0,0.0,0,0,0,0,0
0.0,2000000,1030,7,35fbaf0f83ee5ecdd44c8b139e9e8d74f31e4d9d7f176ddcc0cbe0d94552ea47,497b8822afdb329df7e593163c058667365610ead0920b891c63d218ed3d89d0,No-Dq-R,4,0,0.0,0.0,0,0,0,0,0
0.0,2000000,1030,7,35fbaf0f83ee5ecdd44c8b139e9e8d74f31e4d9d7f176ddcc0cbe0d94552ea47,497b8822afdb329df7e593163c058667365610ead0920b891c63d218ed3d89d0,Fixed-Dc,1,0,0.0,0.0,0.0,0,0,0,0
0.0,2000000,1030,7,35fbaf0f83ee5ecdd44c8b139e9e8d74f31e4d9d7f176ddcc0cbe0d94552ea47,497b8822afdb329df7e593163c058667365610ead0920b891c63d218ed3d89d0,Fixed-Dc,2,0,0.0,0.0,0,0,0,0,0
0.0,2000000,1030,7,35fbaf0f83ee5ecdd44c8b139e9e8d74f31e4d9d7f176ddcc0cbe0d94552ea47,497b8822afdb329df7e593163c058667365610ead0920b891c63d218ed3d89d0,Fixed-Dc,3,0,0.0,0.0,0,0,0,0,0
0.0,2000000,1030,7,35fbaf0f83ee5ecdd44c8b139e9e8d74f31e4d9d7f176ddcc0cbe0d94552ea47,497b8822afdb329df7e593163c058667365610ead0920b891c63d218ed3d89d0,Fixed-Dc,4,0,0.0,0.0,0,0,0,0,0
0.0,2000000,1030,7,35fbaf0f83ee5ecdd44c8b139e9e8d74f31e4d9d7f176ddcc0cbe0d94552ea47,497b8822afdb329df7e593163c058667365610ead0920b891c63d218ed3d89d0,Decoupled,1,0,,,,,,0,0
0.0,2000000,1030,7,35fbaf0f83ee5ecdd44c8b139e9e8d74f31e4d9d7f176ddcc0cbe0d94552ea47,497b8822afdb329df7e593163c058667365610ead0920b891c63d218ed3d89d0,Decoupled,2,0,,,,,,0,0
0.0,2000000,1030,7,35fbaf0f83ee5ecdd44c8b139e9e8d74f31e4d9d7f176ddcc0cbe0d94552ea47,497b8822afdb329df7e593163c058667365610ead0920b891c63d218ed3d89d0,Decoupled,3,0,,,,,,0,0
0.0,2000000,1030,7,35fbaf0f83ee5ecdd44c8b139e9e8d74f31e4d9d7f176ddcc0cbe0d94552ea47,497b8822afdb329df7e593163c058667365610ead0920b891c63d218ed3d89d0,Decoupled,4,0,,,,,,0,0
0.0,2000000,1030,11,35fbaf0f83ee5ecdd44c8b139e9e8d74f31e4d9d7f176ddcc0cbe0d94552ea47,497b8822afdb329df7e593163c058667365610ead0920b891c63d218ed3d89d0,No-Dq-R,1,0,0.0,0.0,0.0,0,0,0,0
0.0,2000000,1030,11,35fbaf0f83ee5ecdd44c8b139e9e8d74f31e4d9d7f176ddcc0cbe0d94552ea47,497b8822afdb329df7e593163c058667365610ead0920b891c63d218ed3d89d0,No-Dq-R,2,0,0.0,0.0,0,0,0,0,0
0.0,2000000,1030,11,35fbaf0f83ee5ecdd44c8b139e9e8d74f31e4d9d7f176ddcc0cbe0d94552ea47,497b8822afdb329df7e593163c058667365610ead0920b891c63d218ed3d89d0,No-Dq-R,3,0,0.0,0.0,0,0,0,0,0
0.0,2000000,1030,11,35fbaf0f83ee5ecdd44c8b139e9e8d74f31e4d9d7f176ddcc0cbe0d94552ea47,497b8822afdb329df7e593163c058667365610ead0920b891c63d218ed3d89d0,No-Dq-R,4,0,0.0,0.0,0,0,0,0,0
0.0,2000000,1030,11,35fbaf0f83ee5ecdd44c8b139e9e8d74f31e4d9d7f176ddcc0cbe0d94552ea47,497b8822afdb329df7e593163c058667365610ead0920b891c63d218ed3d89d0,Fixed-Dc,1,0,0.0,0.0,0.0,0,0,0,0
0.0,2000000,1030,11,35fbaf0f83ee5ecdd44c8b139e9e8d74f31e4d9d7f176ddcc0cbe0d94552ea47,497b8822afdb329df7e593163c058667365610ead0920b891c63d218ed3d89d0,Fixed-Dc,2,0,0.0,0.0,0,0,0,0,0
0.0,2000000,1030,11,35fbaf0f83ee5ecdd44c8b139e9e8d74f31e4d9d7f176ddcc0cbe0d94552ea47,497b8822afdb329df7e593163c058667365610ead0920b891c63d218ed3d89d0,Fixed-Dc,3,0,0.0,0.0,0,0,0,0,0
0.0,2000000,1030,11,35fbaf0f83ee5ecdd44c8b139e9e8d74f31e4d9d7f176ddcc0cbe0d94552ea47,497b8822afdb329df7e593163c058667365610ead0920b891c63d218ed3d89d0,Fixed-Dc,4,0,0.0,0.0,0,0,0,0,0
0.0,2000000,1030,11,35fbaf0f83ee5ecdd44c8b139e9e8d74f31e4d9d7f176ddcc0cbe0d94552ea47,497b8822afdb329df7e593163c058667365610ead0920b891c63d218ed3d89d0,Decoupled,1,0,,,,,,0,0
0.0,2000000,1030,11,35fbaf0f83ee5ecdd44c8b139e9e8d74f31e4d9d7f176ddcc0cbe0d94552ea47,497b8822afdb329df7e593163c058667365610ead0920b891c63d218ed3d89d0,Decoupled,2,0,,,,,,0,0
0.0,2000000,1030,11,35fbaf0f83ee5ecdd44c8b139e9e8d74f31e4d9d7f176ddcc0cbe0d94552ea47,497b8822afdb329df7e593163c058667365610ead0920b891c63d218ed3d89d0,Decoupled,3,0,,,,,,0,0
0.0,2000000,1030,11,35fbaf0f83ee5ecdd44c8b139e9e8d74f31e4d9d7f176ddcc0cbe0d94552ea47,497b8822afdb329df7e593163c058667365610ead0920b891c63d218ed3d89d0,Decoupled,4,0,,,,,,0,0
0.0,2000000,1031,7,8c16d438cde81d99489a99e5f18af8e7bdf3267f198a2cc20c0af0e4109b2577,497b8822afdb329df7e593163c058667365610ead0920b891c63d218ed3d89d0,No-Dq-R,1,0,0.0,0.0,0.0,0,0,0,0
0.0,2000000,1031,7,8c16d438cde81d99489a99e5f18af8e7bdf3267f198a2cc20c0af0e4109b2577,497b8822afdb329df7e593163c058667365610ead0920b891c63d218ed3d89d0,No-Dq-R,2,0,0.0,0.0,0,0,0,0,0
0.0,2000000,1031,7,8c16d438cde81d99489a99e5f18af8e7bdf3267f198a2cc20c0af0e4109b2577,497b8822afdb329df7e593163c058667365610ead0920b891c63d218ed3d89d0,No-Dq-R,3,0,0.0,0.0,0,0,0,0,0
0.0,2000000,1031,7,8c16d438cde81d99489a99e5f18af8e7bdf3267f198a2cc20c0af0e4109b2577,497b8822afdb329df7e593163c058667365610ead0920b891c63d218ed3d89d0,No-Dq-R,4,0,0.0,0.0,0,0,0,0,0
0.0,2000000,1031,7,8c16d438cde81d99489a99e5f18af8e7bdf3267f198a2cc20c0af0e4109b2577,497b8822afdb329df7e593163c058667365610ead0920b891c63d218ed3d89d0,Fixed-Dc,1,0,0.0,0.0,0.0,0,0,0,0
0.0,2000000,1031,7,8c16d438cde81d99489a99e5f18af8e7bdf3267f198a2cc20c0af0e4109b2577,497b8822afdb329df7e593163c058667365610ead0920b891c63d218ed3d89d0,Fixed-Dc,2,0,0.0,0.0,0,0,0,0,0
0.0,2000000,1031,7,8c16d438cde81d99489a99e5f18af8e7bdf3267f198a2cc20c0af0e4109b2577,497b8822afdb329df7e593163c058667365610ead0920b891c63d218ed3d89d0,Fixed-Dc,3,0,0.0,0.0,0,0,0,0,0
0.0,2000000,1031,7,8c16d438cde81d99489a99e5f18af8e7bdf3267f198a2cc20c0af0e4109b2577,497b8822afdb329df7e593163c058667365610ead0920b891c63d218ed3d89d0,Fixed-Dc,4,0,0.0,0.0,0,0,0,0,0
0.0,2000000,1031,7,8c16d438cde81d99489a99e5f18af8e7bdf3267f198a2cc20c0af0e4109b2577,497b8822afdb329df7e593163c058667365610ead0920b891c63d218ed3d89d0,Decoupled,1,0,,,,,,0,0
0.0,2000000,1031,7,8c16d438cde81d99489a99e5f18af8e7bdf3267f198a2cc20c0af0e4109b2577,497b8822afdb329df7e593163c058667365610ead0920b891c63d218ed3d89d0,Decoupled,2,0,,,,,,0,0
0.0,2000000,1031,7,8c16d438cde81d99489a99e5f18af8e7bdf3267f198a2cc20c0af0e4109b2577,497b8822afdb329df7e593163c058667365610ead0920b891c63d218ed3d89d0,Decoupled,3,0,,,,,,0,0
0.0,2000000,1031,7,8c16d438cde81d99489a99e5f18af8e7bdf3267f198a2cc20c0af0e4109b2577,497b8822afdb329df7e593163c058667365610ead0920b891c63d218ed3d89d0,Decoupled,4,0,,,,,,0,0
0.0,2000000,1031,11,8c16d438cde81d99489a99e5f18af8e7bdf3267f198a2cc20c0af0e4109b2577,497b8822afdb329df7e593163c058667365610ead0920b891c63d218ed3d89d0,No-Dq-R,1,0,0.0,0.0,0.0,0,0,0,0
0.0,2000000,1031,11,8c16d438cde81d99489a99e5f18af8e7bdf3267f198a2cc20c0af0e4109b2577,497b8822afdb329df7e593163c058667365610ead0920b891c63d218ed3d89d0,No-Dq-R,2,0,0.0,0.0,0,0,0,0,0
0.0,2000000,1031,11,8c16d438cde81d99489a99e5f18af8e7bdf3267f198a2cc20c0af0e4109b2577,497b8822afdb329df7e593163c058667365610ead0920b891c63d218ed3d89d0,No-Dq-R,3,0,0.0,0.0,0,0,0,0,0
0.0,2000000,1031,11,8c16d438cde81d99489a99e5f18af8e7bdf3267f198a2cc20c0af0e4109b2577,497b8822afdb329df7e593163c058667365610ead0920b891c63d218ed3d89d0,No-Dq-R,4,0,0.0,0.0,0,0,0,0,0
0.0,2000000,1031,11,8c16d438cde81d99489a99e5f18af8e7bdf3267f198a2cc20c0af0e4109b2577,497b8822afdb329df7e593163c058667365610ead0920b891c63d218ed3d89d0,Fixed-Dc,1,0,0.0,0.0,0.0,0,0,0,0
0.0,2000000,1031,11,8c16d438cde81d99489a99e5f18af8e7bdf3267f198a2cc20c0af0e4109b2577,497b8822afdb329df7e593163c058667365610ead0920b891c63d218ed3d89d0,Fixed-Dc,2,0,0.0,0.0,0,0,0,0,0
0.0,2000000,1031,11,8c16d438cde81d99489a99e5f18af8e7bdf3267f198a2cc20c0af0e4109b2577,497b8822afdb329df7e593163c058667365610ead0920b891c63d218ed3d89d0,Fixed-Dc,3,0,0.0,0.0,0,0,0,0,0
0.0,2000000,1031,11,8c16d438cde81d99489a99e5f18af8e7bdf3267f198a2cc20c0af0e4109b2577,497b8822afdb329df7e593163c058667365610ead0920b891c63d218ed3d89d0,Fixed-Dc,4,0,0.0,0.0,0,0,0,0,0
0.0,2000000,1031,11,8c16d438cde81d99489a99e5f18af8e7bdf3267f198a2cc20c0af0e4109b2577,497b8822afdb329df7e593163c058667365610ead0920b891c63d218ed3d89d0,Decoupled,1,0,,,,,,0,0
0.0,2000000,1031,11,8c16d438cde81d99489a99e5f18af8e7bdf3267f198a2cc20c0af0e4109b2577,497b8822afdb329df7e593163c058667365610ead0920b891c63d218ed3d89d0,Decoupled,2,0,,,,,,0,0
0.0,2000000,1031,11,8c16d438cde81d99489a99e5f18af8e7bdf3267f198a2cc20c0af0e4109b2577,497b8822afdb329df7e593163c058667365610ead0920b891c63d218ed3d89d0,Decoupled,3,0,,,,,,0,0
0.0,2000000,1031,11,8c16d438cde81d99489a99e5f18af8e7bdf3267f198a2cc20c0af0e4109b2577,497b8822afdb329df7e593163c058667365610ead0920b891c63d218ed3d89d0,Decoupled,4,0,,,,,,0,0
0.35,800000,1000,7,32530615ad04775529787e20da33b87f5d71f8b3e9f62c033479fac96859892c,497b8822afdb329df7e593163c058667365610ead0920b891c63d218ed3d89d0,No-Dq-R,1,0,0.0,0.0,0.0,0,0,0,0
0.35,800000,1000,7,32530615ad04775529787e20da33b87f5d71f8b3e9f62c033479fac96859892c,497b8822afdb329df7e593163c058667365610ead0920b891c63d218ed3d89d0,No-Dq-R,2,-1577547,0.08208662442891002,0.07471007014232739,1.0,1,0,0,0
0.35,800000,1000,7,32530615ad04775529787e20da33b87f5d71f8b3e9f62c033479fac96859892c,497b8822afdb329df7e593163c058667365610ead0920b891c63d218ed3d89d0,No-Dq-R,3,-822453,0.043356535300267396,0.049148814147985664,0,0,0,0,0
0.35,800000,1000,7,32530615ad04775529787e20da33b87f5d71f8b3e9f62c033479fac96859892c,497b8822afdb329df7e593163c058667365610ead0920b891c63d218ed3d89d0,No-Dq-R,4,-2334453,0.057662179992657714,0.06892596737813844,0,0,0,0,0
0.35,800000,1000,7,32530615ad04775529787e20da33b87f5d71f8b3e9f62c033479fac96859892c,497b8822afdb329df7e593163c058667365610ead0920b891c63d218ed3d89d0,Fixed-Dc,1,-10296,0.0005751911128104581,0.0005305810181225334,0.0,0,0,0,0
0.35,800000,1000,7,32530615ad04775529787e20da33b87f5d71f8b3e9f62c033479fac96859892c,497b8822afdb329df7e593163c058667365610ead0920b891c63d218ed3d89d0,Fixed-Dc,2,-764582,0.025316639080006365,0.020921697320332222,0,0,0,0,0
0.35,800000,1000,7,32530615ad04775529787e20da33b87f5d71f8b3e9f62c033479fac96859892c,497b8822afdb329df7e593163c058667365610ead0920b891c63d218ed3d89d0,Fixed-Dc,3,12965,-0.000145407282850174,-0.00021547175887481895,0,0,0,0,0
0.35,800000,1000,7,32530615ad04775529787e20da33b87f5d71f8b3e9f62c033479fac96859892c,497b8822afdb329df7e593163c058667365610ead0920b891c63d218ed3d89d0,Fixed-Dc,4,12965,-4.737561089851461e-05,-0.00012320623673489628,0,0,0,0,0
0.35,800000,1000,7,32530615ad04775529787e20da33b87f5d71f8b3e9f62c033479fac96859892c,497b8822afdb329df7e593163c058667365610ead0920b891c63d218ed3d89d0,Decoupled,1,0,,,,,,0,0
0.35,800000,1000,7,32530615ad04775529787e20da33b87f5d71f8b3e9f62c033479fac96859892c,497b8822afdb329df7e593163c058667365610ead0920b891c63d218ed3d89d0,Decoupled,2,-777547,,,,,,0,0
0.35,800000,1000,7,32530615ad04775529787e20da33b87f5d71f8b3e9f62c033479fac96859892c,497b8822afdb329df7e593163c058667365610ead0920b891c63d218ed3d89d0,Decoupled,3,777547,,,,,,0,0
0.35,800000,1000,7,32530615ad04775529787e20da33b87f5d71f8b3e9f62c033479fac96859892c,497b8822afdb329df7e593163c058667365610ead0920b891c63d218ed3d89d0,Decoupled,4,65547,,,,,,0,0
0.35,800000,1000,11,32530615ad04775529787e20da33b87f5d71f8b3e9f62c033479fac96859892c,497b8822afdb329df7e593163c058667365610ead0920b891c63d218ed3d89d0,No-Dq-R,1,0,0.0,0.0,0.0,0,0,0,0
0.35,800000,1000,11,32530615ad04775529787e20da33b87f5d71f8b3e9f62c033479fac96859892c,497b8822afdb329df7e593163c058667365610ead0920b891c63d218ed3d89d0,No-Dq-R,2,-1577547,0.08208662442891002,0.07471007014232739,1.0,1,0,0,0
0.35,800000,1000,11,32530615ad04775529787e20da33b87f5d71f8b3e9f62c033479fac96859892c,497b8822afdb329df7e593163c058667365610ead0920b891c63d218ed3d89d0,No-Dq-R,3,-822453,0.04573492212976449,0.049148814147985664,0,0,0,0,0
0.35,800000,1000,11,32530615ad04775529787e20da33b87f5d71f8b3e9f62c033479fac96859892c,497b8822afdb329df7e593163c058667365610ead0920b891c63d218ed3d89d0,No-Dq-R,4,-2334453,0.057662179992657714,0.06892596737813844,0,0,0,0,0
0.35,800000,1000,11,32530615ad04775529787e20da33b87f5d71f8b3e9f62c033479fac96859892c,497b8822afdb329df7e593163c058667365610ead0920b891c63d218ed3d89d0,Fixed-Dc,1,-10296,0.00047628322832871106,0.0005305810181225334,0.0,0,0,0,0
0.35,800000,1000,11,32530615ad04775529787e20da33b87f5d71f8b3e9f62c033479fac96859892c,497b8822afdb329df7e593163c058667365610ead0920b891c63d218ed3d89d0,Fixed-Dc,2,-764582,0.025316639080006365,0.020921697320332222,0,0,0,0,0
0.35,800000,1000,11,32530615ad04775529787e20da33b87f5d71f8b3e9f62c033479fac96859892c,497b8822afdb329df7e593163c058667365610ead0920b891c63d218ed3d89d0,Fixed-Dc,3,12965,-0.0001403441863915278,-0.00021547175887481895,0,0,0,0,0
0.35,800000,1000,11,32530615ad04775529787e20da33b87f5d71f8b3e9f62c033479fac96859892c,497b8822afdb329df7e593163c058667365610ead0920b891c63d218ed3d89d0,Fixed-Dc,4,12965,-4.737561089851461e-05,-0.00012320623673489628,0,0,0,0,0
0.35,800000,1000,11,32530615ad04775529787e20da33b87f5d71f8b3e9f62c033479fac96859892c,497b8822afdb329df7e593163c058667365610ead0920b891c63d218ed3d89d0,Decoupled,1,0,,,,,,0,0
0.35,800000,1000,11,32530615ad04775529787e20da33b87f5d71f8b3e9f62c033479fac96859892c,497b8822afdb329df7e593163c058667365610ead0920b891c63d218ed3d89d0,Decoupled,2,-777547,,,,,,0,0
0.35,800000,1000,11,32530615ad04775529787e20da33b87f5d71f8b3e9f62c033479fac96859892c,497b8822afdb329df7e593163c058667365610ead0920b891c63d218ed3d89d0,Decoupled,3,777547,,,,,,0,0
0.35,800000,1000,11,32530615ad04775529787e20da33b87f5d71f8b3e9f62c033479fac96859892c,497b8822afdb329df7e593163c058667365610ead0920b891c63d218ed3d89d0,Decoupled,4,65547,,,,,,0,0
0.35,800000,1001,7,da07a09dcdf65011b13910f2d6891cf5c54a6176baa4ed634c4232406d07a210,497b8822afdb329df7e593163c058667365610ead0920b891c63d218ed3d89d0,No-Dq-R,1,0,0.0,0.0,0.0,0,0,0,0
0.35,800000,1001,7,da07a09dcdf65011b13910f2d6891cf5c54a6176baa4ed634c4232406d07a210,497b8822afdb329df7e593163c058667365610ead0920b891c63d218ed3d89d0,No-Dq-R,2,-688000,0.05145291321084,0.04910525779882968,1.0,1,0,0,0
0.35,800000,1001,7,da07a09dcdf65011b13910f2d6891cf5c54a6176baa4ed634c4232406d07a210,497b8822afdb329df7e593163c058667365610ead0920b891c63d218ed3d89d0,No-Dq-R,3,-1600000,0.06971986524450047,0.07044867040812314,0,0,0,0,0
0.35,800000,1001,7,da07a09dcdf65011b13910f2d6891cf5c54a6176baa4ed634c4232406d07a210,497b8822afdb329df7e593163c058667365610ead0920b891c63d218ed3d89d0,No-Dq-R,4,-2354286,0.04940574557959093,0.060856271168189646,0.0,0,0,1,0
0.35,800000,1001,7,da07a09dcdf65011b13910f2d6891cf5c54a6176baa4ed634c4232406d07a210,497b8822afdb329df7e593163c058667365610ead0920b891c63d218ed3d89d0,Fixed-Dc,1,12965,-0.0007255404583967895,-0.0006694666581993358,0.0,0,0,0,0
0.35,800000,1001,7,da07a09dcdf65011b13910f2d6891cf5c54a6176baa4ed634c4232406d07a210,497b8822afdb329df7e593163c058667365610ead0920b891c63d218ed3d89d0,Fixed-Dc,2,12965,-0.0004504742901111358,-0.00037815893980525095,0,0,0,0,0
0.35,800000,1001,7,da07a09dcdf65011b13910f2d6891cf5c54a6176baa4ed634c4232406d07a210,497b8822afdb329df7e593163c058667365610ead0920b891c63d218ed3d89d0,Fixed-Dc,3,12965,-0.000145407282850174,-0.00021547175887481895,0,0,0,0,0
0.35,800000,1001,7,da07a09dcdf65011b13910f2d6891cf5c54a6176baa4ed634c4232406d07a210,497b8822afdb329df7e593163c058667365610ead0920b891c63d218ed3d89d0,Fixed-Dc,4,-719789,0.0022348051395429946,0.006474390348417403,0.0,0,0,1,0
0.35,800000,1001,7,da07a09dcdf65011b13910f2d6891cf5c54a6176baa4ed634c4232406d07a210,497b8822afdb329df7e593163c058667365610ead0920b891c63d218ed3d89d0,Decoupled,1,0,,,,,,0,0
0.35,800000,1001,7,da07a09dcdf65011b13910f2d6891cf5c54a6176baa4ed634c4232406d07a210,497b8822afdb329df7e593163c058667365610ead0920b891c63d218ed3d89d0,Decoupled,2,112000,,,,,,0,0
0.35,800000,1001,7,da07a09dcdf65011b13910f2d6891cf5c54a6176baa4ed634c4232406d07a210,497b8822afdb329df7e593163c058667365610ead0920b891c63d218ed3d89d0,Decoupled,3,0,,,,,,0,0
0.35,800000,1001,7,da07a09dcdf65011b13910f2d6891cf5c54a6176baa4ed634c4232406d07a210,497b8822afdb329df7e593163c058667365610ead0920b891c63d218ed3d89d0,Decoupled,4,45714,,,,,,0,0
0.35,800000,1001,11,da07a09dcdf65011b13910f2d6891cf5c54a6176baa4ed634c4232406d07a210,497b8822afdb329df7e593163c058667365610ead0920b891c63d218ed3d89d0,No-Dq-R,1,0,0.0,0.0,0.0,0,0,0,0
0.35,800000,1001,11,da07a09dcdf65011b13910f2d6891cf5c54a6176baa4ed634c4232406d07a210,497b8822afdb329df7e593163c058667365610ead0920b891c63d218ed3d89d0,No-Dq-R,2,-688000,0.05145291321084,0.04910525779882968,1.0,1,0,0,0
0.35,800000,1001,11,da07a09dcdf65011b13910f2d6891cf5c54a6176baa4ed634c4232406d07a210,497b8822afdb329df7e593163c058667365610ead0920b891c63d218ed3d89d0,No-Dq-R,3,-1600000,0.0626272107568423,0.07044867040812314,0,0,0,0,0
0.35,800000,1001,11,da07a09dcdf65011b13910f2d6891cf5c54a6176baa4ed634c4232406d07a210,497b8822afdb329df7e593163c058667365610ead0920b891c63d218ed3d89d0,No-Dq-R,4,-2354286,0.04940574557959093,0.060856271168189646,0.0,0,0,1,0
0.35,800000,1001,11,da07a09dcdf65011b13910f2d6891cf5c54a6176baa4ed634c4232406d07a210,497b8822afdb329df7e593163c058667365610ead0920b891c63d218ed3d89d0,Fixed-Dc,1,12965,-0.0006011415817875898,-0.0006694666581993358,0.0,0,0,0,0
0.35,800000,1001,11,da07a09dcdf65011b13910f2d6891cf5c54a6176baa4ed634c4232406d07a210,497b8822afdb329df7e593163c058667365610ead0920b891c63d218ed3d89d0,Fixed-Dc,2,12965,-0.0004504742901111358,-0.00037815893980525095,0,0,0,0,0
0.35,800000,1001,11,da07a09dcdf65011b13910f2d6891cf5c54a6176baa4ed634c4232406d07a210,497b8822afdb329df7e593163c058667365610ead0920b891c63d218ed3d89d0,Fixed-Dc,3,12965,-0.0001403441863915278,-0.00021547175887481895,0,0,0,0,0
0.35,800000,1001,11,da07a09dcdf65011b13910f2d6891cf5c54a6176baa4ed634c4232406d07a210,497b8822afdb329df7e593163c058667365610ead0920b891c63d218ed3d89d0,Fixed-Dc,4,-719789,0.0022348051395429946,0.006474390348417403,0.0,0,0,1,0
0.35,800000,1001,11,da07a09dcdf65011b13910f2d6891cf5c54a6176baa4ed634c4232406d07a210,497b8822afdb329df7e593163c058667365610ead0920b891c63d218ed3d89d0,Decoupled,1,0,,,,,,0,0
0.35,800000,1001,11,da07a09dcdf65011b13910f2d6891cf5c54a6176baa4ed634c4232406d07a210,497b8822afdb329df7e593163c058667365610ead0920b891c63d218ed3d89d0,Decoupled,2,112000,,,,,,0,0
0.35,800000,1001,11,da07a09dcdf65011b13910f2d6891cf5c54a6176baa4ed634c4232406d07a210,497b8822afdb329df7e593163c058667365610ead0920b891c63d218ed3d89d0,Decoupled,3,0,,,,,,0,0
0.35,800000,1001,11,da07a09dcdf65011b13910f2d6891cf5c54a6176baa4ed634c4232406d07a210,497b8822afdb329df7e593163c058667365610ead0920b891c63d218ed3d89d0,Decoupled,4,45714,,,,,,0,0
0.35,800000,1002,7,c2a4962d9642df3410080239cb8db23a174df1a0aff0380aa712d4d04c2c8508,497b8822afdb329df7e593163c058667365610ead0920b891c63d218ed3d89d0,No-Dq-R,1,0,0.0,0.0,0.0,0,0,0,0
0.35,800000,1002,7,c2a4962d9642df3410080239cb8db23a174df1a0aff0380aa712d4d04c2c8508,497b8822afdb329df7e593163c058667365610ead0920b891c63d218ed3d89d0,No-Dq-R,2,-800000,0.056319511058792515,0.053410213882189916,1.0,1,0,0,0
0.35,800000,1002,7,c2a4962d9642df3410080239cb8db23a174df1a0aff0380aa712d4d04c2c8508,497b8822afdb329df7e593163c058667365610ead0920b891c63d218ed3d89d0,No-Dq-R,3,-1600000,0.06971986524450047,0.07044867040812314,0,0,0,0,0
0.35,800000,1002,7,c2a4962d9642df3410080239cb8db23a174df1a0aff0380aa712d4d04c2c8508,497b8822afdb329df7e593163c058667365610ead0920b891c63d218ed3d89d0,No-Dq-R,4,-2354286,0.054127749898242594,0.06554280324201639,0,0,0,0,0
0.35,800000,1002,7,c2a4962d9642df3410080239cb8db23a174df1a0aff0380aa712d4d04c2c8508,497b8822afdb329df7e593163c058667365610ead0920b891c63d218ed3d89d0,Fixed-Dc,1,-396050,0.02151078261023298,0.01974510334993007,0.0,0,0,0,0
0.35,800000,1002,7,c2a4962d9642df3410080239cb8db23a174df1a0aff0380aa712d4d04c2c8508,497b8822afdb329df7e593163c058667365610ead0920b891c63d218ed3d89d0,Fixed-Dc,2,12965,-0.0004504742901111358,-0.00037815893980525095,0,0,0,0,0
0.35,800000,1002,7,c2a4962d9642df3410080239cb8db23a174df1a0aff0380aa712d4d04c2c8508,497b8822afdb329df7e593163c058667365610ead0920b891c63d218ed3d89d0,Fixed-Dc,3,12965,-0.000145407282850174,-0.00021547175887481895,0,0,0,0,0
0.35,800000,1002,7,c2a4962d9642df3410080239cb8db23a174df1a0aff0380aa712d4d04c2c8508,497b8822afdb329df7e593163c058667365610ead0920b891c63d218ed3d89d0,Fixed-Dc,4,-304622,0.0010387346411752096,0.0028261195946993056,0,0,0,0,0
0.35,800000,1002,7,c2a4962d9642df3410080239cb8db23a174df1a0aff0380aa712d4d04c2c8508,497b8822afdb329df7e593163c058667365610ead0920b891c63d218ed3d89d0,Decoupled,1,0,,,,,,0,0
0.35,800000,1002,7,c2a4962d9642df3410080239cb8db23a174df1a0aff0380aa712d4d04c2c8508,497b8822afdb329df7e593163c058667365610ead0920b891c63d218ed3d89d0,Decoupled,2,0,,,,,,0,0
0.35,800000,1002,7,c2a4962d9642df3410080239cb8db23a174df1a0aff0380aa712d4d04c2c8508,497b8822afdb329df7e593163c058667365610ead0920b891c63d218ed3d89d0,Decoupled,3,0,,,,,,0,0
0.35,800000,1002,7,c2a4962d9642df3410080239cb8db23a174df1a0aff0380aa712d4d04c2c8508,497b8822afdb329df7e593163c058667365610ead0920b891c63d218ed3d89d0,Decoupled,4,45714,,,,,,0,0
0.35,800000,1002,11,c2a4962d9642df3410080239cb8db23a174df1a0aff0380aa712d4d04c2c8508,497b8822afdb329df7e593163c058667365610ead0920b891c63d218ed3d89d0,No-Dq-R,1,0,0.0,0.0,0.0,0,0,0,0
0.35,800000,1002,11,c2a4962d9642df3410080239cb8db23a174df1a0aff0380aa712d4d04c2c8508,497b8822afdb329df7e593163c058667365610ead0920b891c63d218ed3d89d0,No-Dq-R,2,-800000,0.056319511058792515,0.053410213882189916,1.0,1,0,0,0
0.35,800000,1002,11,c2a4962d9642df3410080239cb8db23a174df1a0aff0380aa712d4d04c2c8508,497b8822afdb329df7e593163c058667365610ead0920b891c63d218ed3d89d0,No-Dq-R,3,-1600000,0.0626272107568423,0.07044867040812314,0,0,0,0,0
0.35,800000,1002,11,c2a4962d9642df3410080239cb8db23a174df1a0aff0380aa712d4d04c2c8508,497b8822afdb329df7e593163c058667365610ead0920b891c63d218ed3d89d0,No-Dq-R,4,-2354286,0.054127749898242594,0.06554280324201639,0,0,0,0,0
0.35,800000,1002,11,c2a4962d9642df3410080239cb8db23a174df1a0aff0380aa712d4d04c2c8508,497b8822afdb329df7e593163c058667365610ead0920b891c63d218ed3d89d0,Fixed-Dc,1,-396050,0.017632562945540387,0.01974510334993007,0.0,0,0,0,0
0.35,800000,1002,11,c2a4962d9642df3410080239cb8db23a174df1a0aff0380aa712d4d04c2c8508,497b8822afdb329df7e593163c058667365610ead0920b891c63d218ed3d89d0,Fixed-Dc,2,12965,-0.0004504742901111358,-0.00037815893980525095,0,0,0,0,0
0.35,800000,1002,11,c2a4962d9642df3410080239cb8db23a174df1a0aff0380aa712d4d04c2c8508,497b8822afdb329df7e593163c058667365610ead0920b891c63d218ed3d89d0,Fixed-Dc,3,12965,-0.0001403441863915278,-0.00021547175887481895,0,0,0,0,0
0.35,800000,1002,11,c2a4962d9642df3410080239cb8db23a174df1a0aff0380aa712d4d04c2c8508,497b8822afdb329df7e593163c058667365610ead0920b891c63d218ed3d89d0,Fixed-Dc,4,-304622,0.0010387346411752096,0.0028261195946993056,0,0,0,0,0
0.35,800000,1002,11,c2a4962d9642df3410080239cb8db23a174df1a0aff0380aa712d4d04c2c8508,497b8822afdb329df7e593163c058667365610ead0920b891c63d218ed3d89d0,Decoupled,1,0,,,,,,0,0
0.35,800000,1002,11,c2a4962d9642df3410080239cb8db23a174df1a0aff0380aa712d4d04c2c8508,497b8822afdb329df7e593163c058667365610ead0920b891c63d218ed3d89d0,Decoupled,2,0,,,,,,0,0
0.35,800000,1002,11,c2a4962d9642df3410080239cb8db23a174df1a0aff0380aa712d4d04c2c8508,497b8822afdb329df7e593163c058667365610ead0920b891c63d218ed3d89d0,Decoupled,3,0,,,,,,0,0
0.35,800000,1002,11,c2a4962d9642df3410080239cb8db23a174df1a0aff0380aa712d4d04c2c8508,497b8822afdb329df7e593163c058667365610ead0920b891c63d218ed3d89d0,Decoupled,4,45714,,,,,,0,0
0.35,800000,1003,7,219bf282ea534b9ded68c2b6bfda008aa587dfb7cb517c560d271556fcec2508,497b8822afdb329df7e593163c058667365610ead0920b891c63d218ed3d89d0,No-Dq-R,1,0,0.0,0.0,0.0,0,0,0,0
0.35,800000,1003,7,219bf282ea534b9ded68c2b6bfda008aa587dfb7cb517c560d271556fcec2508,497b8822afdb329df7e593163c058667365610ead0920b891c63d218ed3d89d0,No-Dq-R,2,-800000,0.056319511058792515,0.053410213882189916,1.0,1,0,0,0
0.35,800000,1003,7,219bf282ea534b9ded68c2b6bfda008aa587dfb7cb517c560d271556fcec2508,497b8822afdb329df7e593163c058667365610ead0920b891c63d218ed3d89d0,No-Dq-R,3,-1600000,0.06971986524450047,0.07044867040812314,0,0,0,0,0
0.35,800000,1003,7,219bf282ea534b9ded68c2b6bfda008aa587dfb7cb517c560d271556fcec2508,497b8822afdb329df7e593163c058667365610ead0920b891c63d218ed3d89d0,No-Dq-R,4,-2354286,0.055306098545261695,0.06671035013556159,0,0,0,0,0
0.35,800000,1003,7,219bf282ea534b9ded68c2b6bfda008aa587dfb7cb517c560d271556fcec2508,497b8822afdb329df7e593163c058667365610ead0920b891c63d218ed3d89d0,Fixed-Dc,1,-297036,0.01624927049998315,0.014934424431790272,0.0,0,0,0,0
0.35,800000,1003,7,219bf282ea534b9ded68c2b6bfda008aa587dfb7cb517c560d271556fcec2508,497b8822afdb329df7e593163c058667365610ead0920b891c63d218ed3d89d0,Fixed-Dc,2,12965,-0.0004504742901111358,-0.00037815893980525095,0,0,0,0,0
0.35,800000,1003,7,219bf282ea534b9ded68c2b6bfda008aa587dfb7cb517c560d271556fcec2508,497b8822afdb329df7e593163c058667365610ead0920b891c63d218ed3d89d0,Fixed-Dc,3,12965,-0.000145407282850174,-0.00021547175887481895,0,0,0,0,0
0.35,800000,1003,7,219bf282ea534b9ded68c2b6bfda008aa587dfb7cb517c560d271556fcec2508,497b8822afdb329df7e593163c058667365610ead0920b891c63d218ed3d89d0,Fixed-Dc,4,-205608,0.0007165481535608698,0.0019217946877302938,0,0,0,0,0
0.35,800000,1003,7,219bf282ea534b9ded68c2b6bfda008aa587dfb7cb517c560d271556fcec2508,497b8822afdb329df7e593163c058667365610ead0920b891c63d218ed3d89d0,Decoupled,1,0,,,,,,0,0
0.35,800000,1003,7,219bf282ea534b9ded68c2b6bfda008aa587dfb7cb517c560d271556fcec2508,497b8822afdb329df7e593163c058667365610ead0920b891c63d218ed3d89d0,Decoupled,2,0,,,,,,0,0
0.35,800000,1003,7,219bf282ea534b9ded68c2b6bfda008aa587dfb7cb517c560d271556fcec2508,497b8822afdb329df7e593163c058667365610ead0920b891c63d218ed3d89d0,Decoupled,3,0,,,,,,0,0
0.35,800000,1003,7,219bf282ea534b9ded68c2b6bfda008aa587dfb7cb517c560d271556fcec2508,497b8822afdb329df7e593163c058667365610ead0920b891c63d218ed3d89d0,Decoupled,4,45714,,,,,,0,0
0.35,800000,1003,11,219bf282ea534b9ded68c2b6bfda008aa587dfb7cb517c560d271556fcec2508,497b8822afdb329df7e593163c058667365610ead0920b891c63d218ed3d89d0,No-Dq-R,1,0,0.0,0.0,0.0,0,0,0,0
0.35,800000,1003,11,219bf282ea534b9ded68c2b6bfda008aa587dfb7cb517c560d271556fcec2508,497b8822afdb329df7e593163c058667365610ead0920b891c63d218ed3d89d0,No-Dq-R,2,-800000,0.056319511058792515,0.053410213882189916,1.0,1,0,0,0
0.35,800000,1003,11,219bf282ea534b9ded68c2b6bfda008aa587dfb7cb517c560d271556fcec2508,497b8822afdb329df7e593163c058667365610ead0920b891c63d218ed3d89d0,No-Dq-R,3,-1600000,0.0626272107568423,0.07044867040812314,0,0,0,0,0
0.35,800000,1003,11,219bf282ea534b9ded68c2b6bfda008aa587dfb7cb517c560d271556fcec2508,497b8822afdb329df7e593163c058667365610ead0920b891c63d218ed3d89d0,No-Dq-R,4,-2354286,0.055306098545261695,0.06671035013556159,0,0,0,0,0
0.35,800000,1003,11,219bf282ea534b9ded68c2b6bfda008aa587dfb7cb517c560d271556fcec2508,497b8822afdb329df7e593163c058667365610ead0920b891c63d218ed3d89d0,Fixed-Dc,1,-297036,0.0133545609811071,0.014934424431790272,0.0,0,0,0,0
0.35,800000,1003,11,219bf282ea534b9ded68c2b6bfda008aa587dfb7cb517c560d271556fcec2508,497b8822afdb329df7e593163c058667365610ead0920b891c63d218ed3d89d0,Fixed-Dc,2,12965,-0.0004504742901111358,-0.00037815893980525095,0,0,0,0,0
0.35,800000,1003,11,219bf282ea534b9ded68c2b6bfda008aa587dfb7cb517c560d271556fcec2508,497b8822afdb329df7e593163c058667365610ead0920b891c63d218ed3d89d0,Fixed-Dc,3,12965,-0.0001403441863915278,-0.00021547175887481895,0,0,0,0,0
0.35,800000,1003,11,219bf282ea534b9ded68c2b6bfda008aa587dfb7cb517c560d271556fcec2508,497b8822afdb329df7e593163c058667365610ead0920b891c63d218ed3d89d0,Fixed-Dc,4,-205608,0.0007165481535608698,0.0019217946877302938,0,0,0,0,0
0.35,800000,1003,11,219bf282ea534b9ded68c2b6bfda008aa587dfb7cb517c560d271556fcec2508,497b8822afdb329df7e593163c058667365610ead0920b891c63d218ed3d89d0,Decoupled,1,0,,,,,,0,0
0.35,800000,1003,11,219bf282ea534b9ded68c2b6bfda008aa587dfb7cb517c560d271556fcec2508,497b8822afdb329df7e593163c058667365610ead0920b891c63d218ed3d89d0,Decoupled,2,0,,,,,,0,0
0.35,800000,1003,11,219bf282ea534b9ded68c2b6bfda008aa587dfb7cb517c560d271556fcec2508,497b8822afdb329df7e593163c058667365610ead0920b891c63d218ed3d89d0,Decoupled,3,0,,,,,,0,0
0.35,800000,1003,11,219bf282ea534b9ded68c2b6bfda008aa587dfb7cb517c560d271556fcec2508,497b8822afdb329df7e593163c058667365610ead0920b891c63d218ed3d89d0,Decoupled,4,45714,,,,,,0,0
0.35,800000,1004,7,6bc1f0f280300de631be9472282be06a1a3ac4fe84803a9ec61170042bf91948,497b8822afdb329df7e593163c058667365610ead0920b891c63d218ed3d89d0,No-Dq-R,1,0,0.0,0.0,0.0,0,0,0,0
0.35,800000,1004,7,6bc1f0f280300de631be9472282be06a1a3ac4fe84803a9ec61170042bf91948,497b8822afdb329df7e593163c058667365610ead0920b891c63d218ed3d89d0,No-Dq-R,2,-1544611,0.08104448578695411,0.07386227974239734,1.0,1,0,0,0
0.35,800000,1004,7,6bc1f0f280300de631be9472282be06a1a3ac4fe84803a9ec61170042bf91948,497b8822afdb329df7e593163c058667365610ead0920b891c63d218ed3d89d0,No-Dq-R,3,-855389,0.04442209321839441,0.04999660454791571,0,0,0,0,0
0.35,800000,1004,7,6bc1f0f280300de631be9472282be06a1a3ac4fe84803a9ec61170042bf91948,497b8822afdb329df7e593163c058667365610ead0920b891c63d218ed3d89d0,No-Dq-R,4,-2367389,0.05819346656494667,0.06964546625954338,0,0,0,0,0
0.35,800000,1004,7,6bc1f0f280300de631be9472282be06a1a3ac4fe84803a9ec61170042bf91948,497b8822afdb329df7e593163c058667365610ead0920b891c63d218ed3d89d0,Fixed-Dc,1,12965,-0.0007255404583967895,-0.0006694666581993358,0.0,0,0,0,0
0.35,800000,1004,7,6bc1f0f280300de631be9472282be06a1a3ac4fe84803a9ec61170042bf91948,497b8822afdb329df7e593163c058667365610ead0920b891c63d218ed3d89d0,Fixed-Dc,2,-731646,0.02427450043805046,0.020073906920402174,0,0,0,0,0
0.35,800000,1004,7,6bc1f0f280300de631be9472282be06a1a3ac4fe84803a9ec61170042bf91948,497b8822afdb329df7e593163c058667365610ead0920b891c63d218ed3d89d0,Fixed-Dc,3,12965,-0.000145407282850174,-0.00021547175887481895,0,0,0,0,0
0.35,800000,1004,7,6bc1f0f280300de631be9472282be06a1a3ac4fe84803a9ec61170042bf91948,497b8822afdb329df7e593163c058667365610ead0920b891c63d218ed3d89d0,Fixed-Dc,4,12965,-4.737561089851461e-05,-0.00012320623673489628,0,0,0,0,0
0.35,800000,1004,7,6bc1f0f280300de631be9472282be06a1a3ac4fe84803a9ec61170042bf91948,497b8822afdb329df7e593163c058667365610ead0920b891c63d218ed3d89d0,Decoupled,1,0,,,,,,0,0
0.35,800000,1004,7,6bc1f0f280300de631be9472282be06a1a3ac4fe84803a9ec61170042bf91948,497b8822afdb329df7e593163c058667365610ead0920b891c63d218ed3d89d0,Decoupled,2,-744611,,,,,,0,0
0.35,800000,1004,7,6bc1f0f280300de631be9472282be06a1a3ac4fe84803a9ec61170042bf91948,497b8822afdb329df7e593163c058667365610ead0920b891c63d218ed3d89d0,Decoupled,3,744611,,,,,,0,0
0.35,800000,1004,7,6bc1f0f280300de631be9472282be06a1a3ac4fe84803a9ec61170042bf91948,497b8822afdb329df7e593163c058667365610ead0920b891c63d218ed3d89d0,Decoupled,4,32611,,,,,,0,0
0.35,800000,1004,11,6bc1f0f280300de631be9472282be06a1a3ac4fe84803a9ec61170042bf91948,497b8822afdb329df7e593163c058667365610ead0920b891c63d218ed3d89d0,No-Dq-R,1,0,0.0,0.0,0.0,0,0,0,0
0.35,800000,1004,11,6bc1f0f280300de631be9472282be06a1a3ac4fe84803a9ec61170042bf91948,497b8822afdb329df7e593163c058667365610ead0920b891c63d218ed3d89d0,No-Dq-R,2,-1544611,0.08104448578695411,0.07386227974239734,1.0,1,0,0,0
0.35,800000,1004,11,6bc1f0f280300de631be9472282be06a1a3ac4fe84803a9ec61170042bf91948,497b8822afdb329df7e593163c058667365610ead0920b891c63d218ed3d89d0,No-Dq-R,3,-855389,0.046393164212036375,0.04999660454791571,0,0,0,0,0
0.35,800000,1004,11,6bc1f0f280300de631be9472282be06a1a3ac4fe84803a9ec61170042bf91948,497b8822afdb329df7e593163c058667365610ead0920b891c63d218ed3d89d0,No-Dq-R,4,-2367389,0.05819346656494667,0.06964546625954338,0,0,0,0,0
0.35,800000,1004,11,6bc1f0f280300de631be9472282be06a1a3ac4fe84803a9ec61170042bf91948,497b8822afdb329df7e593163c058667365610ead0920b891c63d218ed3d89d0,Fixed-Dc,1,12965,-0.0006011415817875898,-0.0006694666581993358,0.0,0,0,0,0
0.35,800000,1004,11,6bc1f0f280300de631be9472282be06a1a3ac4fe84803a9ec61170042bf91948,497b8822afdb329df7e593163c058667365610ead0920b891c63d218ed3d89d0,Fixed-Dc,2,-731646,0.02427450043805046,0.020073906920402174,0,0,0,0,0
0.35,800000,1004,11,6bc1f0f280300de631be9472282be06a1a3ac4fe84803a9ec61170042bf91948,497b8822afdb329df7e593163c058667365610ead0920b891c63d218ed3d89d0,Fixed-Dc,3,12965,-0.0001403441863915278,-0.00021547175887481895,0,0,0,0,0
0.35,800000,1004,11,6bc1f0f280300de631be9472282be06a1a3ac4fe84803a9ec61170042bf91948,497b8822afdb329df7e593163c058667365610ead0920b891c63d218ed3d89d0,Fixed-Dc,4,12965,-4.737561089851461e-05,-0.00012320623673489628,0,0,0,0,0
0.35,800000,1004,11,6bc1f0f280300de631be9472282be06a1a3ac4fe84803a9ec61170042bf91948,497b8822afdb329df7e593163c058667365610ead0920b891c63d218ed3d89d0,Decoupled,1,0,,,,,,0,0
0.35,800000,1004,11,6bc1f0f280300de631be9472282be06a1a3ac4fe84803a9ec61170042bf91948,497b8822afdb329df7e593163c058667365610ead0920b891c63d218ed3d89d0,Decoupled,2,-744611,,,,,,0,0
0.35,800000,1004,11,6bc1f0f280300de631be9472282be06a1a3ac4fe84803a9ec61170042bf91948,497b8822afdb329df7e593163c058667365610ead0920b891c63d218ed3d89d0,Decoupled,3,744611,,,,,,0,0
0.35,800000,1004,11,6bc1f0f280300de631be9472282be06a1a3ac4fe84803a9ec61170042bf91948,497b8822afdb329df7e593163c058667365610ead0920b891c63d218ed3d89d0,Decoupled,4,32611,,,,,,0,0
0.35,800000,1005,7,b35bc7209a771bae8535ef47a49c430c20a4b29b5d8bf45f764e9f1d92ec51a5,497b8822afdb329df7e593163c058667365610ead0920b891c63d218ed3d89d0,No-Dq-R,1,0,0.0,0.0,0.0,0,0,0,0
0.35,800000,1005,7,b35bc7209a771bae8535ef47a49c430c20a4b29b5d8bf45f764e9f1d92ec51a5,497b8822afdb329df7e593163c058667365610ead0920b891c63d218ed3d89d0,No-Dq-R,2,-800000,0.056319511058792515,0.053410213882189916,1.0,1,0,0,0
0.35,800000,1005,7,b35bc7209a771bae8535ef47a49c430c20a4b29b5d8bf45f764e9f1d92ec51a5,497b8822afdb329df7e593163c058667365610ead0920b891c63d218ed3d89d0,No-Dq-R,3,-1600000,0.06971986524450047,0.07044867040812314,0,0,0,0,0
0.35,800000,1005,7,b35bc7209a771bae8535ef47a49c430c20a4b29b5d8bf45f764e9f1d92ec51a5,497b8822afdb329df7e593163c058667365610ead0920b891c63d218ed3d89d0,No-Dq-R,4,-2354286,0.05602650461746056,0.06742380195760433,0,0,0,0,0
0.35,800000,1005,7,b35bc7209a771bae8535ef47a49c430c20a4b29b5d8bf45f764e9f1d92ec51a5,497b8822afdb329df7e593163c058667365610ead0920b891c63d218ed3d89d0,Fixed-Dc,1,-237346,0.013040498594106387,0.011994446883833665,0.0,0,0,0,0
0.35,800000,1005,7,b35bc7209a771bae8535ef47a49c430c20a4b29b5d8bf45f764e9f1d92ec51a5,497b8822afdb329df7e593163c058667365610ead0920b891c63d218ed3d89d0,Fixed-Dc,2,12965,-0.0004504742901111358,-0.00037815893980525095,0,0,0,0,0
0.35,800000,1005,7,b35bc7209a771bae8535ef47a49c430c20a4b29b5d8bf45f764e9f1d92ec51a5,497b8822afdb329df7e593163c058667365610ead0920b891c63d218ed3d89d0,Fixed-Dc,3,12965,-0.000145407282850174,-0.00021547175887481895,0,0,0,0,0
0.35,800000,1005,7,b35bc7209a771bae8535ef47a49c430c20a4b29b5d8bf45f764e9f1d92ec51a5,497b8822afdb329df7e593163c058667365610ead0920b891c63d218ed3d89d0,Fixed-Dc,4,-145918,0.0005151993184577819,0.00137004219522735,0,0,0,0,0
0.35,800000,1005,7,b35bc7209a771bae8535ef47a49c430c20a4b29b5d8bf45f764e9f1d92ec51a5,497b8822afdb329df7e593163c058667365610ead0920b891c63d218ed3d89d0,Decoupled,1,0,,,,,,0,0
0.35,800000,1005,7,b35bc7209a771bae8535ef47a49c430c20a4b29b5d8bf45f764e9f1d92ec51a5,497b8822afdb329df7e593163c058667365610ead0920b891c63d218ed3d89d0,Decoupled,2,0,,,,,,0,0
0.35,800000,1005,7,b35bc7209a771bae8535ef47a49c430c20a4b29b5d8bf45f764e9f1d92ec51a5,497b8822afdb329df7e593163c058667365610ead0920b891c63d218ed3d89d0,Decoupled,3,0,,,,,,0,0
0.35,800000,1005,7,b35bc7209a771bae8535ef47a49c430c20a4b29b5d8bf45f764e9f1d92ec51a5,497b8822afdb329df7e593163c058667365610ead0920b891c63d218ed3d89d0,Decoupled,4,45714,,,,,,0,0
0.35,800000,1005,11,b35bc7209a771bae8535ef47a49c430c20a4b29b5d8bf45f764e9f1d92ec51a5,497b8822afdb329df7e593163c058667365610ead0920b891c63d218ed3d89d0,No-Dq-R,1,0,0.0,0.0,0.0,0,0,0,0
0.35,800000,1005,11,b35bc7209a771bae8535ef47a49c430c20a4b29b5d8bf45f764e9f1d92ec51a5,497b8822afdb329df7e593163c058667365610ead0920b891c63d218ed3d89d0,No-Dq-R,2,-800000,0.056319511058792515,0.053410213882189916,1.0,1,0,0,0
0.35,800000,1005,11,b35bc7209a771bae8535ef47a49c430c20a4b29b5d8bf45f764e9f1d92ec51a5,497b8822afdb329df7e593163c058667365610ead0920b891c63d218ed3d89d0,No-Dq-R,3,-1600000,0.0626272107568423,0.07044867040812314,0,0,0,0,0
0.35,800000,1005,11,b35bc7209a771bae8535ef47a49c430c20a4b29b5d8bf45f764e9f1d92ec51a5,497b8822afdb329df7e593163c058667365610ead0920b891c63d218ed3d89d0,No-Dq-R,4,-2354286,0.05602650461746056,0.06742380195760433,0,0,0,0,0
0.35,800000,1005,11,b35bc7209a771bae8535ef47a49c430c20a4b29b5d8bf45f764e9f1d92ec51a5,497b8822afdb329df7e593163c058667365610ead0920b891c63d218ed3d89d0,Fixed-Dc,1,-237346,0.010734262106657066,0.011994446883833665,0.0,0,0,0,0
0.35,800000,1005,11,b35bc7209a771bae8535ef47a49c430c20a4b29b5d8bf45f764e9f1d92ec51a5,497b8822afdb329df7e593163c058667365610ead0920b891c63d218ed3d89d0,Fixed-Dc,2,12965,-0.0004504742901111358,-0.00037815893980525095,0,0,0,0,0
0.35,800000,1005,11,b35bc7209a771bae8535ef47a49c430c20a4b29b5d8bf45f764e9f1d92ec51a5,497b8822afdb329df7e593163c058667365610ead0920b891c63d218ed3d89d0,Fixed-Dc,3,12965,-0.0001403441863915278,-0.00021547175887481895,0,0,0,0,0
0.35,800000,1005,11,b35bc7209a771bae8535ef47a49c430c20a4b29b5d8bf45f764e9f1d92ec51a5,497b8822afdb329df7e593163c058667365610ead0920b891c63d218ed3d89d0,Fixed-Dc,4,-145918,0.0005151993184577819,0.00137004219522735,0,0,0,0,0
0.35,800000,1005,11,b35bc7209a771bae8535ef47a49c430c20a4b29b5d8bf45f764e9f1d92ec51a5,497b8822afdb329df7e593163c058667365610ead0920b891c63d218ed3d89d0,Decoupled,1,0,,,,,,0,0
0.35,800000,1005,11,b35bc7209a771bae8535ef47a49c430c20a4b29b5d8bf45f764e9f1d92ec51a5,497b8822afdb329df7e593163c058667365610ead0920b891c63d218ed3d89d0,Decoupled,2,0,,,,,,0,0
0.35,800000,1005,11,b35bc7209a771bae8535ef47a49c430c20a4b29b5d8bf45f764e9f1d92ec51a5,497b8822afdb329df7e593163c058667365610ead0920b891c63d218ed3d89d0,Decoupled,3,0,,,,,,0,0
0.35,800000,1005,11,b35bc7209a771bae8535ef47a49c430c20a4b29b5d8bf45f764e9f1d92ec51a5,497b8822afdb329df7e593163c058667365610ead0920b891c63d218ed3d89d0,Decoupled,4,45714,,,,,,0,0
0.35,800000,1006,7,bd83fab21a5366c6dc433dedcf4b7d9198a485efeffed6dad1b69ddac56522d2,497b8822afdb329df7e593163c058667365610ead0920b891c63d218ed3d89d0,No-Dq-R,1,0,0.0,0.0,0.0,0,0,0,0
0.35,800000,1006,7,bd83fab21a5366c6dc433dedcf4b7d9198a485efeffed6dad1b69ddac56522d2,497b8822afdb329df7e593163c058667365610ead0920b891c63d218ed3d89d0,No-Dq-R,2,-1232115,0.0709451857499317,0.06558506936126579,1.0,1,0,0,0
0.35,800000,1006,7,bd83fab21a5366c6dc433dedcf4b7d9198a485efeffed6dad1b69ddac56522d2,497b8822afdb329df7e593163c058667365610ead0920b891c63d218ed3d89d0,No-Dq-R,3,-1167885,0.054751441484559404,0.05827381492904726,0,0,0,0,0
0.35,800000,1006,7,bd83fab21a5366c6dc433dedcf4b7d9198a485efeffed6dad1b69ddac56522d2,497b8822afdb329df7e593163c058667365610ead0920b891c63d218ed3d89d0,No-Dq-R,4,-2400000,0.05872356008459795,0.07036168231863998,0,0,0,0,0
0.35,800000,1006,7,bd83fab21a5366c6dc433dedcf4b7d9198a485efeffed6dad1b69ddac56522d2,497b8822afdb329df7e593163c058667365610ead0920b891c63d218ed3d89d0,Fixed-Dc,1,12965,-0.0007255404583967895,-0.0006694666581993358,0.0,0,0,0,0
0.35,800000,1006,7,bd83fab21a5366c6dc433dedcf4b7d9198a485efeffed6dad1b69ddac56522d2,497b8822afdb329df7e593163c058667365610ead0920b891c63d218ed3d89d0,Fixed-Dc,2,-419150,0.014175200401028043,0.011796696539270624,0,0,0,0,0
0.35,800000,1006,7,bd83fab21a5366c6dc433dedcf4b7d9198a485efeffed6dad1b69ddac56522d2,497b8822afdb329df7e593163c058667365610ead0920b891c63d218ed3d89d0,Fixed-Dc,3,12965,-0.000145407282850174,-0.00021547175887481895,0,0,0,0,0
0.35,800000,1006,7,bd83fab21a5366c6dc433dedcf4b7d9198a485efeffed6dad1b69ddac56522d2,497b8822afdb329df7e593163c058667365610ead0920b891c63d218ed3d89d0,Fixed-Dc,4,12965,-4.737561089851461e-05,-0.00012320623673489628,0,0,0,0,0
0.35,800000,1006,7,bd83fab21a5366c6dc433dedcf4b7d9198a485efeffed6dad1b69ddac56522d2,497b8822afdb329df7e593163c058667365610ead0920b891c63d218ed3d89d0,Decoupled,1,0,,,,,,0,0
0.35,800000,1006,7,bd83fab21a5366c6dc433dedcf4b7d9198a485efeffed6dad1b69ddac56522d2,497b8822afdb329df7e593163c058667365610ead0920b891c63d218ed3d89d0,Decoupled,2,-432115,,,,,,0,0
0.35,800000,1006,7,bd83fab21a5366c6dc433dedcf4b7d9198a485efeffed6dad1b69ddac56522d2,497b8822afdb329df7e593163c058667365610ead0920b891c63d218ed3d89d0,Decoupled,3,432115,,,,,,0,0
0.35,800000,1006,7,bd83fab21a5366c6dc433dedcf4b7d9198a485efeffed6dad1b69ddac56522d2,497b8822afdb329df7e593163c058667365610ead0920b891c63d218ed3d89d0,Decoupled,4,0,,,,,,0,0
0.35,800000,1006,11,bd83fab21a5366c6dc433dedcf4b7d9198a485efeffed6dad1b69ddac56522d2,497b8822afdb329df7e593163c058667365610ead0920b891c63d218ed3d89d0,No-Dq-R,1,0,0.0,0.0,0.0,0,0,0,0
0.35,800000,1006,11,bd83fab21a5366c6dc433dedcf4b7d9198a485efeffed6dad1b69ddac56522d2,497b8822afdb329df7e593163c058667365610ead0920b891c63d218ed3d89d0,No-Dq-R,2,-1232115,0.0709451857499317,0.06558506936126579,1.0,1,0,0,0
0.35,800000,1006,11,bd83fab21a5366c6dc433dedcf4b7d9198a485efeffed6dad1b69ddac56522d2,497b8822afdb329df7e593163c058667365610ead0920b891c63d218ed3d89d0,No-Dq-R,3,-1167885,0.05288411772682239,0.05827381492904726,0,0,0,0,0
0.35,800000,1006,11,bd83fab21a5366c6dc433dedcf4b7d9198a485efeffed6dad1b69ddac56522d2,497b8822afdb329df7e593163c058667365610ead0920b891c63d218ed3d89d0,No-Dq-R,4,-2400000,0.05872356008459795,0.07036168231863998,0,0,0,0,0
0.35,800000,1006,11,bd83fab21a5366c6dc433dedcf4b7d9198a485efeffed6dad1b69ddac56522d2,497b8822afdb329df7e593163c058667365610ead0920b891c63d218ed3d89d0,Fixed-Dc,1,12965,-0.0006011415817875898,-0.0006694666581993358,0.0,0,0,0,0
0.35,800000,1006,11,bd83fab21a5366c6dc433dedcf4b7d9198a485efeffed6dad1b69ddac56522d2,497b8822afdb329df7e593163c058667365610ead0920b891c63d218ed3d89d0,Fixed-Dc,2,-419150,0.014175200401028043,0.011796696539270624,0,0,0,0,0
0.35,800000,1006,11,bd83fab21a5366c6dc433dedcf4b7d9198a485efeffed6dad1b69ddac56522d2,497b8822afdb329df7e593163c058667365610ead0920b891c63d218ed3d89d0,Fixed-Dc,3,12965,-0.0001403441863915278,-0.00021547175887481895,0,0,0,0,0
0.35,800000,1006,11,bd83fab21a5366c6dc433dedcf4b7d9198a485efeffed6dad1b69ddac56522d2,497b8822afdb329df7e593163c058667365610ead0920b891c63d218ed3d89d0,Fixed-Dc,4,12965,-4.737561089851461e-05,-0.00012320623673489628,0,0,0,0,0
0.35,800000,1006,11,bd83fab21a5366c6dc433dedcf4b7d9198a485efeffed6dad1b69ddac56522d2,497b8822afdb329df7e593163c058667365610ead0920b891c63d218ed3d89d0,Decoupled,1,0,,,,,,0,0
0.35,800000,1006,11,bd83fab21a5366c6dc433dedcf4b7d9198a485efeffed6dad1b69ddac56522d2,497b8822afdb329df7e593163c058667365610ead0920b891c63d218ed3d89d0,Decoupled,2,-432115,,,,,,0,0
0.35,800000,1006,11,bd83fab21a5366c6dc433dedcf4b7d9198a485efeffed6dad1b69ddac56522d2,497b8822afdb329df7e593163c058667365610ead0920b891c63d218ed3d89d0,Decoupled,3,432115,,,,,,0,0
0.35,800000,1006,11,bd83fab21a5366c6dc433dedcf4b7d9198a485efeffed6dad1b69ddac56522d2,497b8822afdb329df7e593163c058667365610ead0920b891c63d218ed3d89d0,Decoupled,4,0,,,,,,0,0
0.35,800000,1007,7,1863af454143a621a21c78a560aaf1302726e42c4e1623e8cbf6010ea0e481c6,497b8822afdb329df7e593163c058667365610ead0920b891c63d218ed3d89d0,No-Dq-R,1,0,0.0,0.0,0.0,0,0,0,0
0.35,800000,1007,7,1863af454143a621a21c78a560aaf1302726e42c4e1623e8cbf6010ea0e481c6,497b8822afdb329df7e593163c058667365610ead0920b891c63d218ed3d89d0,No-Dq-R,2,-798566,0.05625672616516508,0.053354576103147755,1.0,1,0,0,0
0.35,800000,1007,7,1863af454143a621a21c78a560aaf1302726e42c4e1623e8cbf6010ea0e481c6,497b8822afdb329df7e593163c058667365610ead0920b891c63d218ed3d89d0,No-Dq-R,3,-1600000,0.06971986524450047,0.07044867040812314,0,0,0,0,0
0.35,800000,1007,7,1863af454143a621a21c78a560aaf1302726e42c4e1623e8cbf6010ea0e481c6,497b8822afdb329df7e593163c058667365610ead0920b891c63d218ed3d89d0,No-Dq-R,4,-2354286,0.050631625682222126,0.06207422274773716,0,0,0,0,0
0.35,800000,1007,7,1863af454143a621a21c78a560aaf1302726e42c4e1623e8cbf6010ea0e481c6,497b8822afdb329df7e593163c058667365610ead0920b891c63d218ed3d89d0,Fixed-Dc,1,-700469,0.03722231322027003,0.03403285526850919,0.0,0,0,0,0
0.35,800000,1007,7,1863af454143a621a21c78a560aaf1302726e42c4e1623e8cbf6010ea0e481c6,497b8822afdb329df7e593163c058667365610ead0920b891c63d218ed3d89d0,Fixed-Dc,2,12965,-0.0004504742901111358,-0.00037815893980525095,0,0,0,0,0
0.35,800000,1007,7,1863af454143a621a21c78a560aaf1302726e42c4e1623e8cbf6010ea0e481c6,497b8822afdb329df7e593163c058667365610ead0920b891c63d218ed3d89d0,Fixed-Dc,3,12965,-0.000145407282850174,-0.00021547175887481895,0,0,0,0,0
0.35,800000,1007,7,1863af454143a621a21c78a560aaf1302726e42c4e1623e8cbf6010ea0e481c6,497b8822afdb329df7e593163c058667365610ead0920b891c63d218ed3d89d0,Fixed-Dc,4,-609041,0.0019395953173638736,0.005523345236144783,0,0,0,0,0
0.35,800000,1007,7,1863af454143a621a21c78a560aaf1302726e42c4e1623e8cbf6010ea0e481c6,497b8822afdb329df7e593163c058667365610ead0920b891c63d218ed3d89d0,Decoupled,1,0,,,,,,0,0
0.35,800000,1007,7,1863af454143a621a21c78a560aaf1302726e42c4e1623e8cbf6010ea0e481c6,497b8822afdb329df7e593163c058667365610ead0920b891c63d218ed3d89d0,Decoupled,2,1434,,,,,,0,0
0.35,800000,1007,7,1863af454143a621a21c78a560aaf1302726e42c4e1623e8cbf6010ea0e481c6,497b8822afdb329df7e593163c058667365610ead0920b891c63d218ed3d89d0,Decoupled,3,0,,,,,,0,0
0.35,800000,1007,7,1863af454143a621a21c78a560aaf1302726e42c4e1623e8cbf6010ea0e481c6,497b8822afdb329df7e593163c058667365610ead0920b891c63d218ed3d89d0,Decoupled,4,45714,,,,,,0,1
0.35,800000,1007,11,1863af454143a621a21c78a560aaf1302726e42c4e1623e8cbf6010ea0e481c6,497b8822afdb329df7e593163c058667365610ead0920b891c63d218ed3d89d0,No-Dq-R,1,0,0.0,0.0,0.0,0,0,0,0
0.35,800000,1007,11,1863af454143a621a21c78a560aaf1302726e42c4e1623e8cbf6010ea0e481c6,497b8822afdb329df7e593163c058667365610ead0920b891c63d218ed3d89d0,No-Dq-R,2,-798566,0.05625672616516508,0.053354576103147755,1.0,1,0,0,0
0.35,800000,1007,11,1863af454143a621a21c78a560aaf1302726e42c4e1623e8cbf6010ea0e481c6,497b8822afdb329df7e593163c058667365610ead0920b891c63d218ed3d89d0,No-Dq-R,3,-1600000,0.0626272107568423,0.07044867040812314,0,0,0,0,0
0.35,800000,1007,11,1863af454143a621a21c78a560aaf1302726e42c4e1623e8cbf6010ea0e481c6,497b8822afdb329df7e593163c058667365610ead0920b891c63d218ed3d89d0,No-Dq-R,4,-2354286,0.050631625682222126,0.06207422274773716,0,0,0,0,0
0.35,800000,1007,11,1863af454143a621a21c78a560aaf1302726e42c4e1623e8cbf6010ea0e481c6,497b8822afdb329df7e593163c058667365610ead0920b891c63d218ed3d89d0,Fixed-Dc,1,-700469,0.03026434758781882,0.03403285526850919,0.0,0,0,0,0
0.35,800000,1007,11,1863af454143a621a21c78a560aaf1302726e42c4e1623e8cbf6010ea0e481c6,497b8822afdb329df7e593163c058667365610ead0920b891c63d218ed3d89d0,Fixed-Dc,2,12965,-0.0004504742901111358,-0.00037815893980525095,0,0,0,0,0
0.35,800000,1007,11,1863af454143a621a21c78a560aaf1302726e42c4e1623e8cbf6010ea0e481c6,497b8822afdb329df7e593163c058667365610ead0920b891c63d218ed3d89d0,Fixed-Dc,3,12965,-0.0001403441863915278,-0.00021547175887481895,0,0,0,0,0
0.35,800000,1007,11,1863af454143a621a21c78a560aaf1302726e42c4e1623e8cbf6010ea0e481c6,497b8822afdb329df7e593163c058667365610ead0920b891c63d218ed3d89d0,Fixed-Dc,4,-609041,0.0019395953173638736,0.005523345236144783,0,0,0,0,0
0.35,800000,1007,11,1863af454143a621a21c78a560aaf1302726e42c4e1623e8cbf6010ea0e481c6,497b8822afdb329df7e593163c058667365610ead0920b891c63d218ed3d89d0,Decoupled,1,0,,,,,,0,0
0.35,800000,1007,11,1863af454143a621a21c78a560aaf1302726e42c4e1623e8cbf6010ea0e481c6,497b8822afdb329df7e593163c058667365610ead0920b891c63d218ed3d89d0,Decoupled,2,1434,,,,,,0,0
0.35,800000,1007,11,1863af454143a621a21c78a560aaf1302726e42c4e1623e8cbf6010ea0e481c6,497b8822afdb329df7e593163c058667365610ead0920b891c63d218ed3d89d0,Decoupled,3,0,,,,,,0,0
0.35,800000,1007,11,1863af454143a621a21c78a560aaf1302726e42c4e1623e8cbf6010ea0e481c6,497b8822afdb329df7e593163c058667365610ead0920b891c63d218ed3d89d0,Decoupled,4,45714,,,,,,0,1
0.35,800000,1008,7,7b8da05240a4bd15d7148d83fbf5e921db0abc969aa64b8d883d625d5712b6d9,497b8822afdb329df7e593163c058667365610ead0920b891c63d218ed3d89d0,No-Dq-R,1,0,0.0,0.0,0.0,0,0,0,0
0.35,800000,1008,7,7b8da05240a4bd15d7148d83fbf5e921db0abc969aa64b8d883d625d5712b6d9,497b8822afdb329df7e593163c058667365610ead0920b891c63d218ed3d89d0,No-Dq-R,2,-800000,0.056319511058792515,0.053410213882189916,1.0,1,0,0,0
0.35,800000,1008,7,7b8da05240a4bd15d7148d83fbf5e921db0abc969aa64b8d883d625d5712b6d9,497b8822afdb329df7e593163c058667365610ead0920b891c63d218ed3d89d0,No-Dq-R,3,-1600000,0.06971986524450047,0.07044867040812314,0,0,0,0,0
0.35,800000,1008,7,7b8da05240a4bd15d7148d83fbf5e921db0abc969aa64b8d883d625d5712b6d9,497b8822afdb329df7e593163c058667365610ead0920b891c63d218ed3d89d0,No-Dq-R,4,-2354286,0.05418340691834728,0.0655979664666263,0,0,0,0,0
0.35,800000,1008,7,7b8da05240a4bd15d7148d83fbf5e921db0abc969aa64b8d883d625d5712b6d9,497b8822afdb329df7e593163c058667365610ead0920b891c63d218ed3d89d0,Fixed-Dc,1,-391334,0.021261894676874782,0.01951782742440067,0.0,0,0,0,0
0.35,800000,1008,7,7b8da05240a4bd15d7148d83fbf5e921db0abc969aa64b8d883d625d5712b6d9,497b8822afdb329df7e593163c058667365610ead0920b891c63d218ed3d89d0,Fixed-Dc,2,12965,-0.0004504742901111358,-0.00037815893980525095,0,0,0,0,0
0.35,800000,1008,7,7b8da05240a4bd15d7148d83fbf5e921db0abc969aa64b8d883d625d5712b6d9,497b8822afdb329df7e593163c058667365610ead0920b891c63d218ed3d89d0,Fixed-Dc,3,12965,-0.000145407282850174,-0.00021547175887481895,0,0,0,0,0
0.35,800000,1008,7,7b8da05240a4bd15d7148d83fbf5e921db0abc969aa64b8d883d625d5712b6d9,497b8822afdb329df7e593163c058667365610ead0920b891c63d218ed3d89d0,Fixed-Dc,4,-299906,0.001023720107748205,0.002783353343227102,0,0,0,0,0
0.35,800000,1008,7,7b8da05240a4bd15d7148d83fbf5e921db0abc969aa64b8d883d625d5712b6d9,497b8822afdb329df7e593163c058667365610ead0920b891c63d218ed3d89d0,Decoupled,1,0,,,,,,0,0
0.35,800000,1008,7,7b8da05240a4bd15d7148d83fbf5e921db0abc969aa64b8d883d625d5712b6d9,497b8822afdb329df7e593163c058667365610ead0920b891c63d218ed3d89d0,Decoupled,2,0,,,,,,0,0
0.35,800000,1008,7,7b8da05240a4bd15d7148d83fbf5e921db0abc969aa64b8d883d625d5712b6d9,497b8822afdb329df7e593163c058667365610ead0920b891c63d218ed3d89d0,Decoupled,3,0,,,,,,0,0
0.35,800000,1008,7,7b8da05240a4bd15d7148d83fbf5e921db0abc969aa64b8d883d625d5712b6d9,497b8822afdb329df7e593163c058667365610ead0920b891c63d218ed3d89d0,Decoupled,4,45714,,,,,,0,0
0.35,800000,1008,11,7b8da05240a4bd15d7148d83fbf5e921db0abc969aa64b8d883d625d5712b6d9,497b8822afdb329df7e593163c058667365610ead0920b891c63d218ed3d89d0,No-Dq-R,1,0,0.0,0.0,0.0,0,0,0,0
0.35,800000,1008,11,7b8da05240a4bd15d7148d83fbf5e921db0abc969aa64b8d883d625d5712b6d9,497b8822afdb329df7e593163c058667365610ead0920b891c63d218ed3d89d0,No-Dq-R,2,-800000,0.056319511058792515,0.053410213882189916,1.0,1,0,0,0
0.35,800000,1008,11,7b8da05240a4bd15d7148d83fbf5e921db0abc969aa64b8d883d625d5712b6d9,497b8822afdb329df7e593163c058667365610ead0920b891c63d218ed3d89d0,No-Dq-R,3,-1600000,0.0626272107568423,0.07044867040812314,0,0,0,0,0
0.35,800000,1008,11,7b8da05240a4bd15d7148d83fbf5e921db0abc969aa64b8d883d625d5712b6d9,497b8822afdb329df7e593163c058667365610ead0920b891c63d218ed3d89d0,No-Dq-R,4,-2354286,0.05418340691834728,0.0655979664666263,0,0,0,0,0
0.35,800000,1008,11,7b8da05240a4bd15d7148d83fbf5e921db0abc969aa64b8d883d625d5712b6d9,497b8822afdb329df7e593163c058667365610ead0920b891c63d218ed3d89d0,Fixed-Dc,1,-391334,0.017430725397088342,0.01951782742440067,0.0,0,0,0,0
0.35,800000,1008,11,7b8da05240a4bd15d7148d83fbf5e921db0abc969aa64b8d883d625d5712b6d9,497b8822afdb329df7e593163c058667365610ead0920b891c63d218ed3d89d0,Fixed-Dc,2,12965,-0.0004504742901111358,-0.00037815893980525095,0,0,0,0,0
0.35,800000,1008,11,7b8da05240a4bd15d7148d83fbf5e921db0abc969aa64b8d883d625d5712b6d9,497b8822afdb329df7e593163c058667365610ead0920b891c63d218ed3d89d0,Fixed-Dc,3,12965,-0.0001403441863915278,-0.00021547175887481895,0,0,0,0,0
0.35,800000,1008,11,7b8da05240a4bd15d7148d83fbf5e921db0abc969aa64b8d883d625d5712b6d9,497b8822afdb329df7e593163c058667365610ead0920b891c63d218ed3d89d0,Fixed-Dc,4,-299906,0.001023720107748205,0.002783353343227102,0,0,0,0,0
0.35,800000,1008,11,7b8da05240a4bd15d7148d83fbf5e921db0abc969aa64b8d883d625d5712b6d9,497b8822afdb329df7e593163c058667365610ead0920b891c63d218ed3d89d0,Decoupled,1,0,,,,,,0,0
0.35,800000,1008,11,7b8da05240a4bd15d7148d83fbf5e921db0abc969aa64b8d883d625d5712b6d9,497b8822afdb329df7e593163c058667365610ead0920b891c63d218ed3d89d0,Decoupled,2,0,,,,,,0,0
0.35,800000,1008,11,7b8da05240a4bd15d7148d83fbf5e921db0abc969aa64b8d883d625d5712b6d9,497b8822afdb329df7e593163c058667365610ead0920b891c63d218ed3d89d0,Decoupled,3,0,,,,,,0,0
0.35,800000,1008,11,7b8da05240a4bd15d7148d83fbf5e921db0abc969aa64b8d883d625d5712b6d9,497b8822afdb329df7e593163c058667365610ead0920b891c63d218ed3d89d0,Decoupled,4,45714,,,,,,0,0
0.35,800000,1009,7,48620d75f3c6841aeefafc4ad269f5ed13abe8993f543c4c00f394fbcdd9678b,497b8822afdb329df7e593163c058667365610ead0920b891c63d218ed3d89d0,No-Dq-R,1,0,0.0,0.0,0.0,0,0,0,0
0.35,800000,1009,7,48620d75f3c6841aeefafc4ad269f5ed13abe8993f543c4c00f394fbcdd9678b,497b8822afdb329df7e593163c058667365610ead0920b891c63d218ed3d89d0,No-Dq-R,2,-265933,0.03376731974128122,0.033596618821164714,0.7295145415448698,1,0,0,0
0.35,800000,1009,7,48620d75f3c6841aeefafc4ad269f5ed13abe8993f543c4c00f394fbcdd9678b,497b8822afdb329df7e593163c058667365610ead0920b891c63d218ed3d89d0,No-Dq-R,3,-2088353,0.07486859270332796,0.07826577152659903,0,0,0,0,0
0.35,800000,1009,7,48620d75f3c6841aeefafc4ad269f5ed13abe8993f543c4c00f394fbcdd9678b,497b8822afdb329df7e593163c058667365610ead0920b891c63d218ed3d89d0,No-Dq-R,4,-2400000,0.05872356008459795,0.07036168231863998,0,0,0,0,0
0.35,800000,1009,7,48620d75f3c6841aeefafc4ad269f5ed13abe8993f543c4c00f394fbcdd9678b,497b8822afdb329df7e593163c058667365610ead0920b891c63d218ed3d89d0,Fixed-Dc,1,12965,-0.0007255404583967895,-0.0006694666581993358,0.0,0,0,0,0
0.35,800000,1009,7,48620d75f3c6841aeefafc4ad269f5ed13abe8993f543c4c00f394fbcdd9678b,497b8822afdb329df7e593163c058667365610ead0920b891c63d218ed3d89d0,Fixed-Dc,2,12965,-0.0004504742901111358,-0.00037815893980525095,0,0,0,0,0
0.35,800000,1009,7,48620d75f3c6841aeefafc4ad269f5ed13abe8993f543c4c00f394fbcdd9678b,497b8822afdb329df7e593163c058667365610ead0920b891c63d218ed3d89d0,Fixed-Dc,3,-475388,0.005003320175977322,0.00760162935960107,0,0,0,0,0
0.35,800000,1009,7,48620d75f3c6841aeefafc4ad269f5ed13abe8993f543c4c00f394fbcdd9678b,497b8822afdb329df7e593163c058667365610ead0920b891c63d218ed3d89d0,Fixed-Dc,4,12965,-4.737561089851461e-05,-0.00012320623673489628,0,0,0,0,0
0.35,800000,1009,7,48620d75f3c6841aeefafc4ad269f5ed13abe8993f543c4c00f394fbcdd9678b,497b8822afdb329df7e593163c058667365610ead0920b891c63d218ed3d89d0,Decoupled,1,0,,,,,,0,0
0.35,800000,1009,7,48620d75f3c6841aeefafc4ad269f5ed13abe8993f543c4c00f394fbcdd9678b,497b8822afdb329df7e593163c058667365610ead0920b891c63d218ed3d89d0,Decoupled,2,534067,,,,,,0,0
0.35,800000,1009,7,48620d75f3c6841aeefafc4ad269f5ed13abe8993f543c4c00f394fbcdd9678b,497b8822afdb329df7e593163c058667365610ead0920b891c63d218ed3d89d0,Decoupled,3,-488353,,,,,,0,0
0.35,800000,1009,7,48620d75f3c6841aeefafc4ad269f5ed13abe8993f543c4c00f394fbcdd9678b,497b8822afdb329df7e593163c058667365610ead0920b891c63d218ed3d89d0,Decoupled,4,0,,,,,,0,0
0.35,800000,1009,11,48620d75f3c6841aeefafc4ad269f5ed13abe8993f543c4c00f394fbcdd9678b,497b8822afdb329df7e593163c058667365610ead0920b891c63d218ed3d89d0,No-Dq-R,1,0,0.0,0.0,0.0,0,0,0,0
0.35,800000,1009,11,48620d75f3c6841aeefafc4ad269f5ed13abe8993f543c4c00f394fbcdd9678b,497b8822afdb329df7e593163c058667365610ead0920b891c63d218ed3d89d0,No-Dq-R,2,-265933,0.03376731974128122,0.033596618821164714,0.7295145415448698,1,0,0,0
0.35,800000,1009,11,48620d75f3c6841aeefafc4ad269f5ed13abe8993f543c4c00f394fbcdd9678b,497b8822afdb329df7e593163c058667365610ead0920b891c63d218ed3d89d0,No-Dq-R,3,-2088353,0.06759400826986006,0.07826577152659903,0,0,0,0,0
0.35,800000,1009,11,48620d75f3c6841aeefafc4ad269f5ed13abe8993f543c4c00f394fbcdd9678b,497b8822afdb329df7e593163c058667365610ead0920b891c63d218ed3d89d0,No-Dq-R,4,-2400000,0.05872356008459795,0.07036168231863998,0,0,0,0,0
0.35,800000,1009,11,48620d75f3c6841aeefafc4ad269f5ed13abe8993f543c4c00f394fbcdd9678b,497b8822afdb329df7e593163c058667365610ead0920b891c63d218ed3d89d0,Fixed-Dc,1,12965,-0.0006011415817875898,-0.0006694666581993358,0.0,0,0,0,0
0.35,800000,1009,11,48620d75f3c6841aeefafc4ad269f5ed13abe8993f543c4c00f394fbcdd9678b,497b8822afdb329df7e593163c058667365610ead0920b891c63d218ed3d89d0,Fixed-Dc,2,12965,-0.0004504742901111358,-0.00037815893980525095,0,0,0,0,0
0.35,800000,1009,11,48620d75f3c6841aeefafc4ad269f5ed13abe8993f543c4c00f394fbcdd9678b,497b8822afdb329df7e593163c058667365610ead0920b891c63d218ed3d89d0,Fixed-Dc,3,-475388,0.004826453326626234,0.00760162935960107,0,0,0,0,0
0.35,800000,1009,11,48620d75f3c6841aeefafc4ad269f5ed13abe8993f543c4c00f394fbcdd9678b,497b8822afdb329df7e593163c058667365610ead0920b891c63d218ed3d89d0,Fixed-Dc,4,12965,-4.737561089851461e-05,-0.00012320623673489628,0,0,0,0,0
0.35,800000,1009,11,48620d75f3c6841aeefafc4ad269f5ed13abe8993f543c4c00f394fbcdd9678b,497b8822afdb329df7e593163c058667365610ead0920b891c63d218ed3d89d0,Decoupled,1,0,,,,,,0,0
0.35,800000,1009,11,48620d75f3c6841aeefafc4ad269f5ed13abe8993f543c4c00f394fbcdd9678b,497b8822afdb329df7e593163c058667365610ead0920b891c63d218ed3d89d0,Decoupled,2,534067,,,,,,0,0
0.35,800000,1009,11,48620d75f3c6841aeefafc4ad269f5ed13abe8993f543c4c00f394fbcdd9678b,497b8822afdb329df7e593163c058667365610ead0920b891c63d218ed3d89d0,Decoupled,3,-488353,,,,,,0,0
0.35,800000,1009,11,48620d75f3c6841aeefafc4ad269f5ed13abe8993f543c4c00f394fbcdd9678b,497b8822afdb329df7e593163c058667365610ead0920b891c63d218ed3d89d0,Decoupled,4,0,,,,,,0,0
0.35,800000,1010,7,d14bd3db784cd44b9e1707278badc644a5bc2709962940dc008fe43928cd00b1,497b8822afdb329df7e593163c058667365610ead0920b891c63d218ed3d89d0,No-Dq-R,1,0,0.0,0.0,0.0,0,0,0,0
0.35,800000,1010,7,d14bd3db784cd44b9e1707278badc644a5bc2709962940dc008fe43928cd00b1,497b8822afdb329df7e593163c058667365610ead0920b891c63d218ed3d89d0,No-Dq-R,2,0,0.023065669093361496,0.024310784749299152,0,0,0,0,0
0.35,800000,1010,7,d14bd3db784cd44b9e1707278badc644a5bc2709962940dc008fe43928cd00b1,497b8822afdb329df7e593163c058667365610ead0920b891c63d218ed3d89d0,No-Dq-R,3,-2266286,0.07391642153632622,0.07952570993746311,0,0,0,0,0
0.35,800000,1010,7,d14bd3db784cd44b9e1707278badc644a5bc2709962940dc008fe43928cd00b1,497b8822afdb329df7e593163c058667365610ead0920b891c63d218ed3d89d0,No-Dq-R,4,-2400000,0.05872356008459795,0.07036168231863998,0,0,0,0,0
0.35,800000,1010,7,d14bd3db784cd44b9e1707278badc644a5bc2709962940dc008fe43928cd00b1,497b8822afdb329df7e593163c058667365610ead0920b891c63d218ed3d89d0,Fixed-Dc,1,12965,-0.0007255404583967895,-0.0006694666581993358,0.0,0,0,0,0
0.35,800000,1010,7,d14bd3db784cd44b9e1707278badc644a5bc2709962940dc008fe43928cd00b1,497b8822afdb329df7e593163c058667365610ead0920b891c63d218ed3d89d0,Fixed-Dc,2,-1235,4.287203708314147e-05,3.597949496603192e-05,0,0,0,0,0
0.35,800000,1010,7,d14bd3db784cd44b9e1707278badc644a5bc2709962940dc008fe43928cd00b1,497b8822afdb329df7e593163c058667365610ead0920b891c63d218ed3d89d0,Fixed-Dc,3,-755521,0.007665947471361456,0.011820475225907068,0,0,0,0,0
0.35,800000,1010,7,d14bd3db784cd44b9e1707278badc644a5bc2709962940dc008fe43928cd00b1,497b8822afdb329df7e593163c058667365610ead0920b891c63d218ed3d89d0,Fixed-Dc,4,12965,-4.737561089851461e-05,-0.00012320623673489628,0,0,0,0,0
0.35,800000,1010,7,d14bd3db784cd44b9e1707278badc644a5bc2709962940dc008fe43928cd00b1,497b8822afdb329df7e593163c058667365610ead0920b891c63d218ed3d89d0,Decoupled,1,0,,,,,,0,0
0.35,800000,1010,7,d14bd3db784cd44b9e1707278badc644a5bc2709962940dc008fe43928cd00b1,497b8822afdb329df7e593163c058667365610ead0920b891c63d218ed3d89d0,Decoupled,2,800000,,,,,,0,0
0.35,800000,1010,7,d14bd3db784cd44b9e1707278badc644a5bc2709962940dc008fe43928cd00b1,497b8822afdb329df7e593163c058667365610ead0920b891c63d218ed3d89d0,Decoupled,3,-666286,,,,,,0,0
0.35,800000,1010,7,d14bd3db784cd44b9e1707278badc644a5bc2709962940dc008fe43928cd00b1,497b8822afdb329df7e593163c058667365610ead0920b891c63d218ed3d89d0,Decoupled,4,0,,,,,,0,0
0.35,800000,1010,11,d14bd3db784cd44b9e1707278badc644a5bc2709962940dc008fe43928cd00b1,497b8822afdb329df7e593163c058667365610ead0920b891c63d218ed3d89d0,No-Dq-R,1,0,0.0,0.0,0.0,0,0,0,0
0.35,800000,1010,11,d14bd3db784cd44b9e1707278badc644a5bc2709962940dc008fe43928cd00b1,497b8822afdb329df7e593163c058667365610ead0920b891c63d218ed3d89d0,No-Dq-R,2,0,0.023065669093361496,0.024310784749299152,0,0,0,0,0
0.35,800000,1010,11,d14bd3db784cd44b9e1707278badc644a5bc2709962940dc008fe43928cd00b1,497b8822afdb329df7e593163c058667365610ead0920b891c63d218ed3d89d0,No-Dq-R,3,-2266286,0.06777207251385203,0.07952570993746311,0,0,0,0,0
0.35,800000,1010,11,d14bd3db784cd44b9e1707278badc644a5bc2709962940dc008fe43928cd00b1,497b8822afdb329df7e593163c058667365610ead0920b891c63d218ed3d89d0,No-Dq-R,4,-2400000,0.05872356008459795,0.07036168231863998,0,0,0,0,0
0.35,800000,1010,11,d14bd3db784cd44b9e1707278badc644a5bc2709962940dc008fe43928cd00b1,497b8822afdb329df7e593163c058667365610ead0920b891c63d218ed3d89d0,Fixed-Dc,1,12965,-0.0006011415817875898,-0.0006694666581993358,0.0,0,0,0,0
0.35,800000,1010,11,d14bd3db784cd44b9e1707278badc644a5bc2709962940dc008fe43928cd00b1,497b8822afdb329df7e593163c058667365610ead0920b891c63d218ed3d89d0,Fixed-Dc,2,-1235,4.287203708314147e-05,3.597949496603192e-05,0,0,0,0,0
0.35,800000,1010,11,d14bd3db784cd44b9e1707278badc644a5bc2709962940dc008fe43928cd00b1,497b8822afdb329df7e593163c058667365610ead0920b891c63d218ed3d89d0,Fixed-Dc,3,-755521,0.007392465775195756,0.011820475225907068,0,0,0,0,0
0.35,800000,1010,11,d14bd3db784cd44b9e1707278badc644a5bc2709962940dc008fe43928cd00b1,497b8822afdb329df7e593163c058667365610ead0920b891c63d218ed3d89d0,Fixed-Dc,4,12965,-4.737561089851461e-05,-0.00012320623673489628,0,0,0,0,0
0.35,800000,1010,11,d14bd3db784cd44b9e1707278badc644a5bc2709962940dc008fe43928cd00b1,497b8822afdb329df7e593163c058667365610ead0920b891c63d218ed3d89d0,Decoupled,1,0,,,,,,0,0
0.35,800000,1010,11,d14bd3db784cd44b9e1707278badc644a5bc2709962940dc008fe43928cd00b1,497b8822afdb329df7e593163c058667365610ead0920b891c63d218ed3d89d0,Decoupled,2,800000,,,,,,0,0
0.35,800000,1010,11,d14bd3db784cd44b9e1707278badc644a5bc2709962940dc008fe43928cd00b1,497b8822afdb329df7e593163c058667365610ead0920b891c63d218ed3d89d0,Decoupled,3,-666286,,,,,,0,0
0.35,800000,1010,11,d14bd3db784cd44b9e1707278badc644a5bc2709962940dc008fe43928cd00b1,497b8822afdb329df7e593163c058667365610ead0920b891c63d218ed3d89d0,Decoupled,4,0,,,,,,0,0
0.35,800000,1011,7,2b249be9d20331d9458be9b681e9149d826af6ba8c1dcf440314bd8bc7161c21,497b8822afdb329df7e593163c058667365610ead0920b891c63d218ed3d89d0,No-Dq-R,1,0,0.0,0.0,0.0,0,0,0,0
0.35,800000,1011,7,2b249be9d20331d9458be9b681e9149d826af6ba8c1dcf440314bd8bc7161c21,497b8822afdb329df7e593163c058667365610ead0920b891c63d218ed3d89d0,No-Dq-R,2,-1317263,0.07373553424005264,0.0678829341409104,1.0,1,0,0,0
0.35,800000,1011,7,2b249be9d20331d9458be9b681e9149d826af6ba8c1dcf440314bd8bc7161c21,497b8822afdb329df7e593163c058667365610ead0920b891c63d218ed3d89d0,No-Dq-R,3,-1082737,0.051896978378141057,0.05597595014940265,0,0,0,0,0
0.35,800000,1011,7,2b249be9d20331d9458be9b681e9149d826af6ba8c1dcf440314bd8bc7161c21,497b8822afdb329df7e593163c058667365610ead0920b891c63d218ed3d89d0,No-Dq-R,4,-2400000,0.05872356008459795,0.07036168231863998,0,0,0,0,0
0.35,800000,1011,7,2b249be9d20331d9458be9b681e9149d826af6ba8c1dcf440314bd8bc7161c21,497b8822afdb329df7e593163c058667365610ead0920b891c63d218ed3d89d0,Fixed-Dc,1,12965,-0.0007255404583967895,-0.0006694666581993358,0.0,0,0,0,0
0.35,800000,1011,7,2b249be9d20331d9458be9b681e9149d826af6ba8c1dcf440314bd8bc7161c21,497b8822afdb329df7e593163c058667365610ead0920b891c63d218ed3d89d0,Fixed-Dc,2,-504298,0.016965548891148985,0.014094561318915233,0,0,0,0,0
0.35,800000,1011,7,2b249be9d20331d9458be9b681e9149d826af6ba8c1dcf440314bd8bc7161c21,497b8822afdb329df7e593163c058667365610ead0920b891c63d218ed3d89d0,Fixed-Dc,3,12965,-0.000145407282850174,-0.00021547175887481895,0,0,0,0,0
0.35,800000,1011,7,2b249be9d20331d9458be9b681e9149d826af6ba8c1dcf440314bd8bc7161c21,497b8822afdb329df7e593163c058667365610ead0920b891c63d218ed3d89d0,Fixed-Dc,4,12965,-4.737561089851461e-05,-0.00012320623673489628,0,0,0,0,0
0.35,800000,1011,7,2b249be9d20331d9458be9b681e9149d826af6ba8c1dcf440314bd8bc7161c21,497b8822afdb329df7e593163c058667365610ead0920b891c63d218ed3d89d0,Decoupled,1,0,,,,,,0,0
0.35,800000,1011,7,2b249be9d20331d9458be9b681e9149d826af6ba8c1dcf440314bd8bc7161c21,497b8822afdb329df7e593163c058667365610ead0920b891c63d218ed3d89d0,Decoupled,2,-517263,,,,,,0,0
0.35,800000,1011,7,2b249be9d20331d9458be9b681e9149d826af6ba8c1dcf440314bd8bc7161c21,497b8822afdb329df7e593163c058667365610ead0920b891c63d218ed3d89d0,Decoupled,3,517263,,,,,,0,0
0.35,800000,1011,7,2b249be9d20331d9458be9b681e9149d826af6ba8c1dcf440314bd8bc7161c21,497b8822afdb329df7e593163c058667365610ead0920b891c63d218ed3d89d0,Decoupled,4,0,,,,,,0,0
0.35,800000,1011,11,2b249be9d20331d9458be9b681e9149d826af6ba8c1dcf440314bd8bc7161c21,497b8822afdb329df7e593163c058667365610ead0920b891c63d218ed3d89d0,No-Dq-R,1,0,0.0,0.0,0.0,0,0,0,0
0.35,800000,1011,11,2b249be9d20331d9458be9b681e9149d826af6ba8c1dcf440314bd8bc7161c21,497b8822afdb329df7e593163c058667365610ead0920b891c63d218ed3d89d0,No-Dq-R,2,-1317263,0.07373553424005264,0.0678829341409104,1.0,1,0,0,0
0.35,800000,1011,11,2b249be9d20331d9458be9b681e9149d826af6ba8c1dcf440314bd8bc7161c21,497b8822afdb329df7e593163c058667365610ead0920b891c63d218ed3d89d0,No-Dq-R,3,-1082737,0.05107074472328482,0.05597595014940265,0,0,0,0,0
0.35,800000,1011,11,2b249be9d20331d9458be9b681e9149d826af6ba8c1dcf440314bd8bc7161c21,497b8822afdb329df7e593163c058667365610ead0920b891c63d218ed3d89d0,No-Dq-R,4,-2400000,0.05872356008459795,0.07036168231863998,0,0,0,0,0
0.35,800000,1011,11,2b249be9d20331d9458be9b681e9149d826af6ba8c1dcf440314bd8bc7161c21,497b8822afdb329df7e593163c058667365610ead0920b891c63d218ed3d89d0,Fixed-Dc,1,12965,-0.0006011415817875898,-0.0006694666581993358,0.0,0,0,0,0
0.35,800000,1011,11,2b249be9d20331d9458be9b681e9149d826af6ba8c1dcf440314bd8bc7161c21,497b8822afdb329df7e593163c058667365610ead0920b891c63d218ed3d89d0,Fixed-Dc,2,-504298,0.016965548891148985,0.014094561318915233,0,0,0,0,0
0.35,800000,1011,11,2b249be9d20331d9458be9b681e9149d826af6ba8c1dcf440314bd8bc7161c21,497b8822afdb329df7e593163c058667365610ead0920b891c63d218ed3d89d0,Fixed-Dc,3,12965,-0.0001403441863915278,-0.00021547175887481895,0,0,0,0,0
0.35,800000,1011,11,2b249be9d20331d9458be9b681e9149d826af6ba8c1dcf440314bd8bc7161c21,497b8822afdb329df7e593163c058667365610ead0920b891c63d218ed3d89d0,Fixed-Dc,4,12965,-4.737561089851461e-05,-0.00012320623673489628,0,0,0,0,0
0.35,800000,1011,11,2b249be9d20331d9458be9b681e9149d826af6ba8c1dcf440314bd8bc7161c21,497b8822afdb329df7e593163c058667365610ead0920b891c63d218ed3d89d0,Decoupled,1,0,,,,,,0,0
0.35,800000,1011,11,2b249be9d20331d9458be9b681e9149d826af6ba8c1dcf440314bd8bc7161c21,497b8822afdb329df7e593163c058667365610ead0920b891c63d218ed3d89d0,Decoupled,2,-517263,,,,,,0,0
0.35,800000,1011,11,2b249be9d20331d9458be9b681e9149d826af6ba8c1dcf440314bd8bc7161c21,497b8822afdb329df7e593163c058667365610ead0920b891c63d218ed3d89d0,Decoupled,3,517263,,,,,,0,0
0.35,800000,1011,11,2b249be9d20331d9458be9b681e9149d826af6ba8c1dcf440314bd8bc7161c21,497b8822afdb329df7e593163c058667365610ead0920b891c63d218ed3d89d0,Decoupled,4,0,,,,,,0,0
0.35,800000,1012,7,86a6f904a6ed273e389d970f1739fa6d9fb5f1648bca9016f32bc4b9a5322bb0,497b8822afdb329df7e593163c058667365610ead0920b891c63d218ed3d89d0,No-Dq-R,1,0,0.0,0.0,0.0,0,0,0,0
0.35,800000,1012,7,86a6f904a6ed273e389d970f1739fa6d9fb5f1648bca9016f32bc4b9a5322bb0,497b8822afdb329df7e593163c058667365610ead0920b891c63d218ed3d89d0,No-Dq-R,2,-1197957,0.06981753089477555,0.06465411885125205,1.0,1,0,0,0
0.35,800000,1012,7,86a6f904a6ed273e389d970f1739fa6d9fb5f1648bca9016f32bc4b9a5322bb0,497b8822afdb329df7e593163c058667365610ead0920b891c63d218ed3d89d0,No-Dq-R,3,-1202043,0.05590512501231376,0.059204765439061,0,0,0,0,0
0.35,800000,1012,7,86a6f904a6ed273e389d970f1739fa6d9fb5f1648bca9016f32bc4b9a5322bb0,497b8822afdb329df7e593163c058667365610ead0920b891c63d218ed3d89d0,No-Dq-R,4,-2400000,0.05872356008459795,0.07036168231863998,0,0,0,0,0
0.35,800000,1012,7,86a6f904a6ed273e389d970f1739fa6d9fb5f1648bca9016f32bc4b9a5322bb0,497b8822afdb329df7e593163c058667365610ead0920b891c63d218ed3d89d0,Fixed-Dc,1,12965,-0.0007255404583967895,-0.0006694666581993358,0.0,0,0,0,0
0.35,800000,1012,7,86a6f904a6ed273e389d970f1739fa6d9fb5f1648bca9016f32bc4b9a5322bb0,497b8822afdb329df7e593163c058667365610ead0920b891c63d218ed3d89d0,Fixed-Dc,2,-384992,0.013047545545871897,0.010865746029256884,0,0,0,0,0
0.35,800000,1012,7,86a6f904a6ed273e389d970f1739fa6d9fb5f1648bca9016f32bc4b9a5322bb0,497b8822afdb329df7e593163c058667365610ead0920b891c63d218ed3d89d0,Fixed-Dc,3,12965,-0.000145407282850174,-0.00021547175887481895,0,0,0,0,0
0.35,800000,1012,7,86a6f904a6ed273e389d970f1739fa6d9fb5f1648bca9016f32bc4b9a5322bb0,497b8822afdb329df7e593163c058667365610ead0920b891c63d218ed3d89d0,Fixed-Dc,4,12965,-4.737561089851461e-05,-0.00012320623673489628,0,0,0,0,0
0.35,800000,1012,7,86a6f904a6ed273e389d970f1739fa6d9fb5f1648bca9016f32bc4b9a5322bb0,497b8822afdb329df7e593163c058667365610ead0920b891c63d218ed3d89d0,Decoupled,1,0,,,,,,0,0
0.35,800000,1012,7,86a6f904a6ed273e389d970f1739fa6d9fb5f1648bca9016f32bc4b9a5322bb0,497b8822afdb329df7e593163c058667365610ead0920b891c63d218ed3d89d0,Decoupled,2,-397957,,,,,,0,0
0.35,800000,1012,7,86a6f904a6ed273e389d970f1739fa6d9fb5f1648bca9016f32bc4b9a5322bb0,497b8822afdb329df7e593163c058667365610ead0920b891c63d218ed3d89d0,Decoupled,3,397957,,,,,,0,0
0.35,800000,1012,7,86a6f904a6ed273e389d970f1739fa6d9fb5f1648bca9016f32bc4b9a5322bb0,497b8822afdb329df7e593163c058667365610ead0920b891c63d218ed3d89d0,Decoupled,4,0,,,,,,0,0
0.35,800000,1012,11,86a6f904a6ed273e389d970f1739fa6d9fb5f1648bca9016f32bc4b9a5322bb0,497b8822afdb329df7e593163c058667365610ead0920b891c63d218ed3d89d0,No-Dq-R,1,0,0.0,0.0,0.0,0,0,0,0
0.35,800000,1012,11,86a6f904a6ed273e389d970f1739fa6d9fb5f1648bca9016f32bc4b9a5322bb0,497b8822afdb329df7e593163c058667365610ead0920b891c63d218ed3d89d0,No-Dq-R,2,-1197957,0.06981753089477555,0.06465411885125205,1.0,1,0,0,0
0.35,800000,1012,11,86a6f904a6ed273e389d970f1739fa6d9fb5f1648bca9016f32bc4b9a5322bb0,497b8822afdb329df7e593163c058667365610ead0920b891c63d218ed3d89d0,No-Dq-R,3,-1202043,0.05362118825249129,0.059204765439061,0,0,0,0,0
0.35,800000,1012,11,86a6f904a6ed273e389d970f1739fa6d9fb5f1648bca9016f32bc4b9a5322bb0,497b8822afdb329df7e593163c058667365610ead0920b891c63d218ed3d89d0,No-Dq-R,4,-2400000,0.05872356008459795,0.07036168231863998,0,0,0,0,0
0.35,800000,1012,11,86a6f904a6ed273e389d970f1739fa6d9fb5f1648bca9016f32bc4b9a5322bb0,497b8822afdb329df7e593163c058667365610ead0920b891c63d218ed3d89d0,Fixed-Dc,1,12965,-0.0006011415817875898,-0.0006694666581993358,0.0,0,0,0,0
0.35,800000,1012,11,86a6f904a6ed273e389d970f1739fa6d9fb5f1648bca9016f32bc4b9a5322bb0,497b8822afdb329df7e593163c058667365610ead0920b891c63d218ed3d89d0,Fixed-Dc,2,-384992,0.013047545545871897,0.010865746029256884,0,0,0,0,0
0.35,800000,1012,11,86a6f904a6ed273e389d970f1739fa6d9fb5f1648bca9016f32bc4b9a5322bb0,497b8822afdb329df7e593163c058667365610ead0920b891c63d218ed3d89d0,Fixed-Dc,3,12965,-0.0001403441863915278,-0.00021547175887481895,0,0,0,0,0
0.35,800000,1012,11,86a6f904a6ed273e389d970f1739fa6d9fb5f1648bca9016f32bc4b9a5322bb0,497b8822afdb329df7e593163c058667365610ead0920b891c63d218ed3d89d0,Fixed-Dc,4,12965,-4.737561089851461e-05,-0.00012320623673489628,0,0,0,0,0
0.35,800000,1012,11,86a6f904a6ed273e389d970f1739fa6d9fb5f1648bca9016f32bc4b9a5322bb0,497b8822afdb329df7e593163c058667365610ead0920b891c63d218ed3d89d0,Decoupled,1,0,,,,,,0,0
0.35,800000,1012,11,86a6f904a6ed273e389d970f1739fa6d9fb5f1648bca9016f32bc4b9a5322bb0,497b8822afdb329df7e593163c058667365610ead0920b891c63d218ed3d89d0,Decoupled,2,-397957,,,,,,0,0
0.35,800000,1012,11,86a6f904a6ed273e389d970f1739fa6d9fb5f1648bca9016f32bc4b9a5322bb0,497b8822afdb329df7e593163c058667365610ead0920b891c63d218ed3d89d0,Decoupled,3,397957,,,,,,0,0
0.35,800000,1012,11,86a6f904a6ed273e389d970f1739fa6d9fb5f1648bca9016f32bc4b9a5322bb0,497b8822afdb329df7e593163c058667365610ead0920b891c63d218ed3d89d0,Decoupled,4,0,,,,,,0,0
0.35,800000,1013,7,07d9fd0e4bcf971ac6c66529bd242116360bfcf3512bd208ebe77a9baf79808c,497b8822afdb329df7e593163c058667365610ead0920b891c63d218ed3d89d0,No-Dq-R,1,0,0.0,0.0,0.0,0,0,0,0
0.35,800000,1013,7,07d9fd0e4bcf971ac6c66529bd242116360bfcf3512bd208ebe77a9baf79808c,497b8822afdb329df7e593163c058667365610ead0920b891c63d218ed3d89d0,No-Dq-R,2,-800000,0.056319511058792515,0.053410213882189916,1.0,1,0,0,0
0.35,800000,1013,7,07d9fd0e4bcf971ac6c66529bd242116360bfcf3512bd208ebe77a9baf79808c,497b8822afdb329df7e593163c058667365610ead0920b891c63d218ed3d89d0,No-Dq-R,3,-1600000,0.06971986524450047,0.07044867040812314,0,0,0,0,0
0.35,800000,1013,7,07d9fd0e4bcf971ac6c66529bd242116360bfcf3512bd208ebe77a9baf79808c,497b8822afdb329df7e593163c058667365610ead0920b891c63d218ed3d89d0,No-Dq-R,4,-2354286,0.055582196378485105,0.06698381354767924,0,0,0,0,0
0.35,800000,1013,7,07d9fd0e4bcf971ac6c66529bd242116360bfcf3512bd208ebe77a9baf79808c,497b8822afdb329df7e593163c058667365610ead0920b891c63d218ed3d89d0,Fixed-Dc,1,-274085,0.01501879646602311,0.01380757055728743,0.0,0,0,0,0
0.35,800000,1013,7,07d9fd0e4bcf971ac6c66529bd242116360bfcf3512bd208ebe77a9baf79808c,497b8822afdb329df7e593163c058667365610ead0920b891c63d218ed3d89d0,Fixed-Dc,2,12965,-0.0004504742901111358,-0.00037815893980525095,0,0,0,0,0
0.35,800000,1013,7,07d9fd0e4bcf971ac6c66529bd242116360bfcf3512bd208ebe77a9baf79808c,497b8822afdb329df7e593163c058667365610ead0920b891c63d218ed3d89d0,Fixed-Dc,3,12965,-0.000145407282850174,-0.00021547175887481895,0,0,0,0,0
0.35,800000,1013,7,07d9fd0e4bcf971ac6c66529bd242116360bfcf3512bd208ebe77a9baf79808c,497b8822afdb329df7e593163c058667365610ead0920b891c63d218ed3d89d0,Fixed-Dc,4,-182657,0.0006397674874346615,0.0017102343936478692,0,0,0,0,0
0.35,800000,1013,7,07d9fd0e4bcf971ac6c66529bd242116360bfcf3512bd208ebe77a9baf79808c,497b8822afdb329df7e593163c058667365610ead0920b891c63d218ed3d89d0,Decoupled,1,0,,,,,,0,0
0.35,800000,1013,7,07d9fd0e4bcf971ac6c66529bd242116360bfcf3512bd208ebe77a9baf79808c,497b8822afdb329df7e593163c058667365610ead0920b891c63d218ed3d89d0,Decoupled,2,0,,,,,,0,0
0.35,800000,1013,7,07d9fd0e4bcf971ac6c66529bd242116360bfcf3512bd208ebe77a9baf79808c,497b8822afdb329df7e593163c058667365610ead0920b891c63d218ed3d89d0,Decoupled,3,0,,,,,,0,0
0.35,800000,1013,7,07d9fd0e4bcf971ac6c66529bd242116360bfcf3512bd208ebe77a9baf79808c,497b8822afdb329df7e593163c058667365610ead0920b891c63d218ed3d89d0,Decoupled,4,45714,,,,,,0,0
0.35,800000,1013,11,07d9fd0e4bcf971ac6c66529bd242116360bfcf3512bd208ebe77a9baf79808c,497b8822afdb329df7e593163c058667365610ead0920b891c63d218ed3d89d0,No-Dq-R,1,0,0.0,0.0,0.0,0,0,0,0
0.35,800000,1013,11,07d9fd0e4bcf971ac6c66529bd242116360bfcf3512bd208ebe77a9baf79808c,497b8822afdb329df7e593163c058667365610ead0920b891c63d218ed3d89d0,No-Dq-R,2,-800000,0.056319511058792515,0.053410213882189916,1.0,1,0,0,0
0.35,800000,1013,11,07d9fd0e4bcf971ac6c66529bd242116360bfcf3512bd208ebe77a9baf79808c,497b8822afdb329df7e593163c058667365610ead0920b891c63d218ed3d89d0,No-Dq-R,3,-1600000,0.0626272107568423,0.07044867040812314,0,0,0,0,0
0.35,800000,1013,11,07d9fd0e4bcf971ac6c66529bd242116360bfcf3512bd208ebe77a9baf79808c,497b8822afdb329df7e593163c058667365610ead0920b891c63d218ed3d89d0,No-Dq-R,4,-2354286,0.055582196378485105,0.06698381354767924,0,0,0,0,0
0.35,800000,1013,11,07d9fd0e4bcf971ac6c66529bd242116360bfcf3512bd208ebe77a9baf79808c,497b8822afdb329df7e593163c058667365610ead0920b891c63d218ed3d89d0,Fixed-Dc,1,-274085,0.012350753810951742,0.01380757055728743,0.0,0,0,0,0
0.35,800000,1013,11,07d9fd0e4bcf971ac6c66529bd242116360bfcf3512bd208ebe77a9baf79808c,497b8822afdb329df7e593163c058667365610ead0920b891c63d218ed3d89d0,Fixed-Dc,2,12965,-0.0004504742901111358,-0.00037815893980525095,0,0,0,0,0
0.35,800000,1013,11,07d9fd0e4bcf971ac6c66529bd242116360bfcf3512bd208ebe77a9baf79808c,497b8822afdb329df7e593163c058667365610ead0920b891c63d218ed3d89d0,Fixed-Dc,3,12965,-0.0001403441863915278,-0.00021547175887481895,0,0,0,0,0
0.35,800000,1013,11,07d9fd0e4bcf971ac6c66529bd242116360bfcf3512bd208ebe77a9baf79808c,497b8822afdb329df7e593163c058667365610ead0920b891c63d218ed3d89d0,Fixed-Dc,4,-182657,0.0006397674874346615,0.0017102343936478692,0,0,0,0,0
0.35,800000,1013,11,07d9fd0e4bcf971ac6c66529bd242116360bfcf3512bd208ebe77a9baf79808c,497b8822afdb329df7e593163c058667365610ead0920b891c63d218ed3d89d0,Decoupled,1,0,,,,,,0,0
0.35,800000,1013,11,07d9fd0e4bcf971ac6c66529bd242116360bfcf3512bd208ebe77a9baf79808c,497b8822afdb329df7e593163c058667365610ead0920b891c63d218ed3d89d0,Decoupled,2,0,,,,,,0,0
0.35,800000,1013,11,07d9fd0e4bcf971ac6c66529bd242116360bfcf3512bd208ebe77a9baf79808c,497b8822afdb329df7e593163c058667365610ead0920b891c63d218ed3d89d0,Decoupled,3,0,,,,,,0,0
0.35,800000,1013,11,07d9fd0e4bcf971ac6c66529bd242116360bfcf3512bd208ebe77a9baf79808c,497b8822afdb329df7e593163c058667365610ead0920b891c63d218ed3d89d0,Decoupled,4,45714,,,,,,0,0
0.35,800000,1014,7,609b41e9ea9af66ca2d1d18b0bbd75cfb413df0fadfd07a104a510682fb813dc,497b8822afdb329df7e593163c058667365610ead0920b891c63d218ed3d89d0,No-Dq-R,1,0,0.0,0.0,0.0,0,0,0,0
0.35,800000,1014,7,609b41e9ea9af66ca2d1d18b0bbd75cfb413df0fadfd07a104a510682fb813dc,497b8822afdb329df7e593163c058667365610ead0920b891c63d218ed3d89d0,No-Dq-R,2,-800000,0.056319511058792515,0.053410213882189916,1.0,1,0,0,0
0.35,800000,1014,7,609b41e9ea9af66ca2d1d18b0bbd75cfb413df0fadfd07a104a510682fb813dc,497b8822afdb329df7e593163c058667365610ead0920b891c63d218ed3d89d0,No-Dq-R,3,-1600000,0.06971986524450047,0.07044867040812314,0,0,0,0,0
0.35,800000,1014,7,609b41e9ea9af66ca2d1d18b0bbd75cfb413df0fadfd07a104a510682fb813dc,497b8822afdb329df7e593163c058667365610ead0920b891c63d218ed3d89d0,No-Dq-R,4,-2354286,0.05439585144232384,0.06580851102259261,0,0,0,0,0
0.35,800000,1014,7,609b41e9ea9af66ca2d1d18b0bbd75cfb413df0fadfd07a104a510682fb813dc,497b8822afdb329df7e593163c058667365610ead0920b891c63d218ed3d89d0,Fixed-Dc,1,-373369,0.020312223026787812,0.018650357183432664,0.0,0,0,0,0
0.35,800000,1014,7,609b41e9ea9af66ca2d1d18b0bbd75cfb413df0fadfd07a104a510682fb813dc,497b8822afdb329df7e593163c058667365610ead0920b891c63d218ed3d89d0,Fixed-Dc,2,12965,-0.0004504742901111358,-0.00037815893980525095,0,0,0,0,0
0.35,800000,1014,7,609b41e9ea9af66ca2d1d18b0bbd75cfb413df0fadfd07a104a510682fb813dc,497b8822afdb329df7e593163c058667365610ead0920b891c63d218ed3d89d0,Fixed-Dc,3,12965,-0.000145407282850174,-0.00021547175887481895,0,0,0,0,0
0.35,800000,1014,7,609b41e9ea9af66ca2d1d18b0bbd75cfb413df0fadfd07a104a510682fb813dc,497b8822afdb329df7e593163c058667365610ead0920b891c63d218ed3d89d0,Fixed-Dc,4,-281941,0.0009662222383200469,0.002620161264056342,0,0,0,0,0
0.35,800000,1014,7,609b41e9ea9af66ca2d1d18b0bbd75cfb413df0fadfd07a104a510682fb813dc,497b8822afdb329df7e593163c058667365610ead0920b891c63d218ed3d89d0,Decoupled,1,0,,,,,,0,0
0.35,800000,1014,7,609b41e9ea9af66ca2d1d18b0bbd75cfb413df0fadfd07a104a510682fb813dc,497b8822afdb329df7e593163c058667365610ead0920b891c63d218ed3d89d0,Decoupled,2,0,,,,,,0,0
0.35,800000,1014,7,609b41e9ea9af66ca2d1d18b0bbd75cfb413df0fadfd07a104a510682fb813dc,497b8822afdb329df7e593163c058667365610ead0920b891c63d218ed3d89d0,Decoupled,3,0,,,,,,0,0
0.35,800000,1014,7,609b41e9ea9af66ca2d1d18b0bbd75cfb413df0fadfd07a104a510682fb813dc,497b8822afdb329df7e593163c058667365610ead0920b891c63d218ed3d89d0,Decoupled,4,45714,,,,,,0,0
0.35,800000,1014,11,609b41e9ea9af66ca2d1d18b0bbd75cfb413df0fadfd07a104a510682fb813dc,497b8822afdb329df7e593163c058667365610ead0920b891c63d218ed3d89d0,No-Dq-R,1,0,0.0,0.0,0.0,0,0,0,0
0.35,800000,1014,11,609b41e9ea9af66ca2d1d18b0bbd75cfb413df0fadfd07a104a510682fb813dc,497b8822afdb329df7e593163c058667365610ead0920b891c63d218ed3d89d0,No-Dq-R,2,-800000,0.056319511058792515,0.053410213882189916,1.0,1,0,0,0
0.35,800000,1014,11,609b41e9ea9af66ca2d1d18b0bbd75cfb413df0fadfd07a104a510682fb813dc,497b8822afdb329df7e593163c058667365610ead0920b891c63d218ed3d89d0,No-Dq-R,3,-1600000,0.0626272107568423,0.07044867040812314,0,0,0,0,0
0.35,800000,1014,11,609b41e9ea9af66ca2d1d18b0bbd75cfb413df0fadfd07a104a510682fb813dc,497b8822afdb329df7e593163c058667365610ead0920b891c63d218ed3d89d0,No-Dq-R,4,-2354286,0.05439585144232384,0.06580851102259261,0,0,0,0,0
0.35,800000,1014,11,609b41e9ea9af66ca2d1d18b0bbd75cfb413df0fadfd07a104a510682fb813dc,497b8822afdb329df7e593163c058667365610ead0920b891c63d218ed3d89d0,Fixed-Dc,1,-373369,0.016660098107137533,0.018650357183432664,0.0,0,0,0,0
0.35,800000,1014,11,609b41e9ea9af66ca2d1d18b0bbd75cfb413df0fadfd07a104a510682fb813dc,497b8822afdb329df7e593163c058667365610ead0920b891c63d218ed3d89d0,Fixed-Dc,2,12965,-0.0004504742901111358,-0.00037815893980525095,0,0,0,0,0
0.35,800000,1014,11,609b41e9ea9af66ca2d1d18b0bbd75cfb413df0fadfd07a104a510682fb813dc,497b8822afdb329df7e593163c058667365610ead0920b891c63d218ed3d89d0,Fixed-Dc,3,12965,-0.0001403441863915278,-0.00021547175887481895,0,0,0,0,0
0.35,800000,1014,11,609b41e9ea9af66ca2d1d18b0bbd75cfb413df0fadfd07a104a510682fb813dc,497b8822afdb329df7e593163c058667365610ead0920b891c63d218ed3d89d0,Fixed-Dc,4,-281941,0.0009662222383200469,0.002620161264056342,0,0,0,0,0
0.35,800000,1014,11,609b41e9ea9af66ca2d1d18b0bbd75cfb413df0fadfd07a104a510682fb813dc,497b8822afdb329df7e593163c058667365610ead0920b891c63d218ed3d89d0,Decoupled,1,0,,,,,,0,0
0.35,800000,1014,11,609b41e9ea9af66ca2d1d18b0bbd75cfb413df0fadfd07a104a510682fb813dc,497b8822afdb329df7e593163c058667365610ead0920b891c63d218ed3d89d0,Decoupled,2,0,,,,,,0,0
0.35,800000,1014,11,609b41e9ea9af66ca2d1d18b0bbd75cfb413df0fadfd07a104a510682fb813dc,497b8822afdb329df7e593163c058667365610ead0920b891c63d218ed3d89d0,Decoupled,3,0,,,,,,0,0
0.35,800000,1014,11,609b41e9ea9af66ca2d1d18b0bbd75cfb413df0fadfd07a104a510682fb813dc,497b8822afdb329df7e593163c058667365610ead0920b891c63d218ed3d89d0,Decoupled,4,45714,,,,,,0,0
0.35,800000,1015,7,f402666655c54bb34dbbc3ec69f9bb9c3bcd764189319d0586b880424f40492c,497b8822afdb329df7e593163c058667365610ead0920b891c63d218ed3d89d0,No-Dq-R,1,0,0.0,0.0,0.0,0,0,0,0
0.35,800000,1015,7,f402666655c54bb34dbbc3ec69f9bb9c3bcd764189319d0586b880424f40492c,497b8822afdb329df7e593163c058667365610ead0920b891c63d218ed3d89d0,No-Dq-R,2,-586513,0.047107208029251946,0.045274398292626694,1.0,1,0,0,0
0.35,800000,1015,7,f402666655c54bb34dbbc3ec69f9bb9c3bcd764189319d0586b880424f40492c,497b8822afdb329df7e593163c058667365610ead0920b891c63d218ed3d89d0,No-Dq-R,3,-1767773,0.07156405260654458,0.07320287791930641,0,0,0,0,0
0.35,800000,1015,7,f402666655c54bb34dbbc3ec69f9bb9c3bcd764189319d0586b880424f40492c,497b8822afdb329df7e593163c058667365610ead0920b891c63d218ed3d89d0,No-Dq-R,4,-2400000,0.05872356008459795,0.07036168231863998,0,0,0,0,0
0.35,800000,1015,7,f402666655c54bb34dbbc3ec69f9bb9c3bcd764189319d0586b880424f40492c,497b8822afdb329df7e593163c058667365610ead0920b891c63d218ed3d89d0,Fixed-Dc,1,12965,-0.0007255404583967895,-0.0006694666581993358,0.0,0,0,0,0
0.35,800000,1015,7,f402666655c54bb34dbbc3ec69f9bb9c3bcd764189319d0586b880424f40492c,497b8822afdb329df7e593163c058667365610ead0920b891c63d218ed3d89d0,Fixed-Dc,2,12965,-0.0004504742901111358,-0.00037815893980525095,0,0,0,0,0
0.35,800000,1015,7,f402666655c54bb34dbbc3ec69f9bb9c3bcd764189319d0586b880424f40492c,497b8822afdb329df7e593163c058667365610ead0920b891c63d218ed3d89d0,Fixed-Dc,3,-154808,0.00169878007919394,0.002538735752308452,0,0,0,0,0
0.35,800000,1015,7,f402666655c54bb34dbbc3ec69f9bb9c3bcd764189319d0586b880424f40492c,497b8822afdb329df7e593163c058667365610ead0920b891c63d218ed3d89d0,Fixed-Dc,4,12965,-4.737561089851461e-05,-0.00012320623673489628,0,0,0,0,0
0.35,800000,1015,7,f402666655c54bb34dbbc3ec69f9bb9c3bcd764189319d0586b880424f40492c,497b8822afdb329df7e593163c058667365610ead0920b891c63d218ed3d89d0,Decoupled,1,0,,,,,,0,0
0.35,800000,1015,7,f402666655c54bb34dbbc3ec69f9bb9c3bcd764189319d0586b880424f40492c,497b8822afdb329df7e593163c058667365610ead0920b891c63d218ed3d89d0,Decoupled,2,213487,,,,,,0,0
0.35,800000,1015,7,f402666655c54bb34dbbc3ec69f9bb9c3bcd764189319d0586b880424f40492c,497b8822afdb329df7e593163c058667365610ead0920b891c63d218ed3d89d0,Decoupled,3,-167773,,,,,,0,0
0.35,800000,1015,7,f402666655c54bb34dbbc3ec69f9bb9c3bcd764189319d0586b880424f40492c,497b8822afdb329df7e593163c058667365610ead0920b891c63d218ed3d89d0,Decoupled,4,0,,,,,,0,0
0.35,800000,1015,11,f402666655c54bb34dbbc3ec69f9bb9c3bcd764189319d0586b880424f40492c,497b8822afdb329df7e593163c058667365610ead0920b891c63d218ed3d89d0,No-Dq-R,1,0,0.0,0.0,0.0,0,0,0,0
0.35,800000,1015,11,f402666655c54bb34dbbc3ec69f9bb9c3bcd764189319d0586b880424f40492c,497b8822afdb329df7e593163c058667365610ead0920b891c63d218ed3d89d0,No-Dq-R,2,-586513,0.047107208029251946,0.045274398292626694,1.0,1,0,0,0
0.35,800000,1015,11,f402666655c54bb34dbbc3ec69f9bb9c3bcd764189319d0586b880424f40492c,497b8822afdb329df7e593163c058667365610ead0920b891c63d218ed3d89d0,No-Dq-R,3,-1767773,0.0644068828106194,0.07320287791930641,0,0,0,0,0
0.35,800000,1015,11,f402666655c54bb34dbbc3ec69f9bb9c3bcd764189319d0586b880424f40492c,497b8822afdb329df7e593163c058667365610ead0920b891c63d218ed3d89d0,No-Dq-R,4,-2400000,0.05872356008459795,0.07036168231863998,0,0,0,0,0
0.35,800000,1015,11,f402666655c54bb34dbbc3ec69f9bb9c3bcd764189319d0586b880424f40492c,497b8822afdb329df7e593163c058667365610ead0920b891c63d218ed3d89d0,Fixed-Dc,1,12965,-0.0006011415817875898,-0.0006694666581993358,0.0,0,0,0,0
0.35,800000,1015,11,f402666655c54bb34dbbc3ec69f9bb9c3bcd764189319d0586b880424f40492c,497b8822afdb329df7e593163c058667365610ead0920b891c63d218ed3d89d0,Fixed-Dc,2,12965,-0.0004504742901111358,-0.00037815893980525095,0,0,0,0,0
0.35,800000,1015,11,f402666655c54bb34dbbc3ec69f9bb9c3bcd764189319d0586b880424f40492c,497b8822afdb329df7e593163c058667365610ead0920b891c63d218ed3d89d0,Fixed-Dc,3,-154808,0.001639327867385576,0.002538735752308452,0,0,0,0,0
0.35,800000,1015,11,f402666655c54bb34dbbc3ec69f9bb9c3bcd764189319d0586b880424f40492c,497b8822afdb329df7e593163c058667365610ead0920b891c63d218ed3d89d0,Fixed-Dc,4,12965,-4.737561089851461e-05,-0.00012320623673489628,0,0,0,0,0
0.35,800000,1015,11,f402666655c54bb34dbbc3ec69f9bb9c3bcd764189319d0586b880424f40492c,497b8822afdb329df7e593163c058667365610ead0920b891c63d218ed3d89d0,Decoupled,1,0,,,,,,0,0
0.35,800000,1015,11,f402666655c54bb34dbbc3ec69f9bb9c3bcd764189319d0586b880424f40492c,497b8822afdb329df7e593163c058667365610ead0920b891c63d218ed3d89d0,Decoupled,2,213487,,,,,,0,0
0.35,800000,1015,11,f402666655c54bb34dbbc3ec69f9bb9c3bcd764189319d0586b880424f40492c,497b8822afdb329df7e593163c058667365610ead0920b891c63d218ed3d89d0,Decoupled,3,-167773,,,,,,0,0
0.35,800000,1015,11,f402666655c54bb34dbbc3ec69f9bb9c3bcd764189319d0586b880424f40492c,497b8822afdb329df7e593163c058667365610ead0920b891c63d218ed3d89d0,Decoupled,4,0,,,,,,0,0
0.35,800000,1016,7,3eb0339b8314298ed14031b6e956879c56fe87c9e11481569c2fc7c9d9457c41,497b8822afdb329df7e593163c058667365610ead0920b891c63d218ed3d89d0,No-Dq-R,1,0,0.0,0.0,0.0,0,0,0,0
0.35,800000,1016,7,3eb0339b8314298ed14031b6e956879c56fe87c9e11481569c2fc7c9d9457c41,497b8822afdb329df7e593163c058667365610ead0920b891c63d218ed3d89d0,No-Dq-R,2,-1308508,0.07344997750041105,0.06764815524939277,1.0,1,0,0,0
0.35,800000,1016,7,3eb0339b8314298ed14031b6e956879c56fe87c9e11481569c2fc7c9d9457c41,497b8822afdb329df7e593163c058667365610ead0920b891c63d218ed3d89d0,No-Dq-R,3,-1091492,0.052189077197747236,0.05621072904092028,0,0,0,0,0
0.35,800000,1016,7,3eb0339b8314298ed14031b6e956879c56fe87c9e11481569c2fc7c9d9457c41,497b8822afdb329df7e593163c058667365610ead0920b891c63d218ed3d89d0,No-Dq-R,4,-2400000,0.05872356008459795,0.07036168231863998,0,0,0,0,0
0.35,800000,1016,7,3eb0339b8314298ed14031b6e956879c56fe87c9e11481569c2fc7c9d9457c41,497b8822afdb329df7e593163c058667365610ead0920b891c63d218ed3d89d0,Fixed-Dc,1,12965,-0.0007255404583967895,-0.0006694666581993358,0.0,0,0,0,0
0.35,800000,1016,7,3eb0339b8314298ed14031b6e956879c56fe87c9e11481569c2fc7c9d9457c41,497b8822afdb329df7e593163c058667365610ead0920b891c63d218ed3d89d0,Fixed-Dc,2,-495543,0.016679992151507395,0.013859782427397604,0,0,0,0,0
0.35,800000,1016,7,3eb0339b8314298ed14031b6e956879c56fe87c9e11481569c2fc7c9d9457c41,497b8822afdb329df7e593163c058667365610ead0920b891c63d218ed3d89d0,Fixed-Dc,3,12965,-0.000145407282850174,-0.00021547175887481895,0,0,0,0,0
0.35,800000,1016,7,3eb0339b8314298ed14031b6e956879c56fe87c9e11481569c2fc7c9d9457c41,497b8822afdb329df7e593163c058667365610ead0920b891c63d218ed3d89d0,Fixed-Dc,4,12965,-4.737561089851461e-05,-0.00012320623673489628,0,0,0,0,0
0.35,800000,1016,7,3eb0339b8314298ed14031b6e956879c56fe87c9e11481569c2fc7c9d9457c41,497b8822afdb329df7e593163c058667365610ead0920b891c63d218ed3d89d0,Decoupled,1,0,,,,,,0,0
0.35,800000,1016,7,3eb0339b8314298ed14031b6e956879c56fe87c9e11481569c2fc7c9d9457c41,497b8822afdb329df7e593163c058667365610ead0920b891c63d218ed3d89d0,Decoupled,2,-508508,,,,,,0,0
0.35,800000,1016,7,3eb0339b8314298ed14031b6e956879c56fe87c9e11481569c2fc7c9d9457c41,497b8822afdb329df7e593163c058667365610ead0920b891c63d218ed3d89d0,Decoupled,3,508508,,,,,,0,0
0.35,800000,1016,7,3eb0339b8314298ed14031b6e956879c56fe87c9e11481569c2fc7c9d9457c41,497b8822afdb329df7e593163c058667365610ead0920b891c63d218ed3d89d0,Decoupled,4,0,,,,,,0,0
0.35,800000,1016,11,3eb0339b8314298ed14031b6e956879c56fe87c9e11481569c2fc7c9d9457c41,497b8822afdb329df7e593163c058667365610ead0920b891c63d218ed3d89d0,No-Dq-R,1,0,0.0,0.0,0.0,0,0,0,0
0.35,800000,1016,11,3eb0339b8314298ed14031b6e956879c56fe87c9e11481569c2fc7c9d9457c41,497b8822afdb329df7e593163c058667365610ead0920b891c63d218ed3d89d0,No-Dq-R,2,-1308508,0.07344997750041105,0.06764815524939277,1.0,1,0,0,0
0.35,800000,1016,11,3eb0339b8314298ed14031b6e956879c56fe87c9e11481569c2fc7c9d9457c41,497b8822afdb329df7e593163c058667365610ead0920b891c63d218ed3d89d0,No-Dq-R,3,-1091492,0.05125562968570724,0.05621072904092028,0,0,0,0,0
0.35,800000,1016,11,3eb0339b8314298ed14031b6e956879c56fe87c9e11481569c2fc7c9d9457c41,497b8822afdb329df7e593163c058667365610ead0920b891c63d218ed3d89d0,No-Dq-R,4,-2400000,0.05872356008459795,0.07036168231863998,0,0,0,0,0
0.35,800000,1016,11,3eb0339b8314298ed14031b6e956879c56fe87c9e11481569c2fc7c9d9457c41,497b8822afdb329df7e593163c058667365610ead0920b891c63d218ed3d89d0,Fixed-Dc,1,12965,-0.0006011415817875898,-0.0006694666581993358,0.0,0,0,0,0
0.35,800000,1016,11,3eb0339b8314298ed14031b6e956879c56fe87c9e11481569c2fc7c9d9457c41,497b8822afdb329df7e593163c058667365610ead0920b891c63d218ed3d89d0,Fixed-Dc,2,-495543,0.016679992151507395,0.013859782427397604,0,0,0,0,0
0.35,800000,1016,11,3eb0339b8314298ed14031b6e956879c56fe87c9e11481569c2fc7c9d9457c41,497b8822afdb329df7e593163c058667365610ead0920b891c63d218ed3d89d0,Fixed-Dc,3,12965,-0.0001403441863915278,-0.00021547175887481895,0,0,0,0,0
0.35,800000,1016,11,3eb0339b8314298ed14031b6e956879c56fe87c9e11481569c2fc7c9d9457c41,497b8822afdb329df7e593163c058667365610ead0920b891c63d218ed3d89d0,Fixed-Dc,4,12965,-4.737561089851461e-05,-0.00012320623673489628,0,0,0,0,0
0.35,800000,1016,11,3eb0339b8314298ed14031b6e956879c56fe87c9e11481569c2fc7c9d9457c41,497b8822afdb329df7e593163c058667365610ead0920b891c63d218ed3d89d0,Decoupled,1,0,,,,,,0,0
0.35,800000,1016,11,3eb0339b8314298ed14031b6e956879c56fe87c9e11481569c2fc7c9d9457c41,497b8822afdb329df7e593163c058667365610ead0920b891c63d218ed3d89d0,Decoupled,2,-508508,,,,,,0,0
0.35,800000,1016,11,3eb0339b8314298ed14031b6e956879c56fe87c9e11481569c2fc7c9d9457c41,497b8822afdb329df7e593163c058667365610ead0920b891c63d218ed3d89d0,Decoupled,3,508508,,,,,,0,0
0.35,800000,1016,11,3eb0339b8314298ed14031b6e956879c56fe87c9e11481569c2fc7c9d9457c41,497b8822afdb329df7e593163c058667365610ead0920b891c63d218ed3d89d0,Decoupled,4,0,,,,,,0,0
0.35,800000,1017,7,51b1068abfa284457b6571b740581d1aef4b1328db6acc262e871d0cf25d2960,497b8822afdb329df7e593163c058667365610ead0920b891c63d218ed3d89d0,No-Dq-R,1,0,0.0,0.0,0.0,0,0,0,0
0.35,800000,1017,7,51b1068abfa284457b6571b740581d1aef4b1328db6acc262e871d0cf25d2960,497b8822afdb329df7e593163c058667365610ead0920b891c63d218ed3d89d0,No-Dq-R,2,-800000,0.056319511058792515,0.053410213882189916,1.0,1,0,0,0
0.35,800000,1017,7,51b1068abfa284457b6571b740581d1aef4b1328db6acc262e871d0cf25d2960,497b8822afdb329df7e593163c058667365610ead0920b891c63d218ed3d89d0,No-Dq-R,3,-1600000,0.06971986524450047,0.07044867040812314,0,0,0,0,0
0.35,800000,1017,7,51b1068abfa284457b6571b740581d1aef4b1328db6acc262e871d0cf25d2960,497b8822afdb329df7e593163c058667365610ead0920b891c63d218ed3d89d0,No-Dq-R,4,-2354286,0.056117890765515044,0.06751428742918741,0,0,0,0,0
0.35,800000,1017,7,51b1068abfa284457b6571b740581d1aef4b1328db6acc262e871d0cf25d2960,497b8822afdb329df7e593163c058667365610ead0920b891c63d218ed3d89d0,Fixed-Dc,1,-229819,0.012633876495653285,0.01162155902746087,0.0,0,0,0,0
0.35,800000,1017,7,51b1068abfa284457b6571b740581d1aef4b1328db6acc262e871d0cf25d2960,497b8822afdb329df7e593163c058667365610ead0920b891c63d218ed3d89d0,Fixed-Dc,2,12965,-0.0004504742901111358,-0.00037815893980525095,0,0,0,0,0
0.35,800000,1017,7,51b1068abfa284457b6571b740581d1aef4b1328db6acc262e871d0cf25d2960,497b8822afdb329df7e593163c058667365610ead0920b891c63d218ed3d89d0,Fixed-Dc,3,12965,-0.000145407282850174,-0.00021547175887481895,0,0,0,0,0
0.35,800000,1017,7,51b1068abfa284457b6571b740581d1aef4b1328db6acc262e871d0cf25d2960,497b8822afdb329df7e593163c058667365610ead0920b891c63d218ed3d89d0,Fixed-Dc,4,-138391,0.000489424678557393,0.0013001102306165468,0,0,0,0,0
0.35,800000,1017,7,51b1068abfa284457b6571b740581d1aef4b1328db6acc262e871d0cf25d2960,497b8822afdb329df7e593163c058667365610ead0920b891c63d218ed3d89d0,Decoupled,1,0,,,,,,0,0
0.35,800000,1017,7,51b1068abfa284457b6571b740581d1aef4b1328db6acc262e871d0cf25d2960,497b8822afdb329df7e593163c058667365610ead0920b891c63d218ed3d89d0,Decoupled,2,0,,,,,,0,0
0.35,800000,1017,7,51b1068abfa284457b6571b740581d1aef4b1328db6acc262e871d0cf25d2960,497b8822afdb329df7e593163c058667365610ead0920b891c63d218ed3d89d0,Decoupled,3,0,,,,,,0,0
0.35,800000,1017,7,51b1068abfa284457b6571b740581d1aef4b1328db6acc262e871d0cf25d2960,497b8822afdb329df7e593163c058667365610ead0920b891c63d218ed3d89d0,Decoupled,4,45714,,,,,,0,0
0.35,800000,1017,11,51b1068abfa284457b6571b740581d1aef4b1328db6acc262e871d0cf25d2960,497b8822afdb329df7e593163c058667365610ead0920b891c63d218ed3d89d0,No-Dq-R,1,0,0.0,0.0,0.0,0,0,0,0
0.35,800000,1017,11,51b1068abfa284457b6571b740581d1aef4b1328db6acc262e871d0cf25d2960,497b8822afdb329df7e593163c058667365610ead0920b891c63d218ed3d89d0,No-Dq-R,2,-800000,0.056319511058792515,0.053410213882189916,1.0,1,0,0,0
0.35,800000,1017,11,51b1068abfa284457b6571b740581d1aef4b1328db6acc262e871d0cf25d2960,497b8822afdb329df7e593163c058667365610ead0920b891c63d218ed3d89d0,No-Dq-R,3,-1600000,0.0626272107568423,0.07044867040812314,0,0,0,0,0
0.35,800000,1017,11,51b1068abfa284457b6571b740581d1aef4b1328db6acc262e871d0cf25d2960,497b8822afdb329df7e593163c058667365610ead0920b891c63d218ed3d89d0,No-Dq-R,4,-2354286,0.056117890765515044,0.06751428742918741,0,0,0,0,0
0.35,800000,1017,11,51b1068abfa284457b6571b740581d1aef4b1328db6acc262e871d0cf25d2960,497b8822afdb329df7e593163c058667365610ead0920b891c63d218ed3d89d0,Fixed-Dc,1,-229819,0.010401608510627214,0.01162155902746087,0.0,0,0,0,0
0.35,800000,1017,11,51b1068abfa284457b6571b740581d1aef4b1328db6acc262e871d0cf25d2960,497b8822afdb329df7e593163c058667365610ead0920b891c63d218ed3d89d0,Fixed-Dc,2,12965,-0.0004504742901111358,-0.00037815893980525095,0,0,0,0,0
0.35,800000,1017,11,51b1068abfa284457b6571b740581d1aef4b1328db6acc262e871d0cf25d2960,497b8822afdb329df7e593163c058667365610ead0920b891c63d218ed3d89d0,Fixed-Dc,3,12965,-0.0001403441863915278,-0.00021547175887481895,0,0,0,0,0
0.35,800000,1017,11,51b1068abfa284457b6571b740581d1aef4b1328db6acc262e871d0cf25d2960,497b8822afdb329df7e593163c058667365610ead0920b891c63d218ed3d89d0,Fixed-Dc,4,-138391,0.000489424678557393,0.0013001102306165468,0,0,0,0,0
0.35,800000,1017,11,51b1068abfa284457b6571b740581d1aef4b1328db6acc262e871d0cf25d2960,497b8822afdb329df7e593163c058667365610ead0920b891c63d218ed3d89d0,Decoupled,1,0,,,,,,0,0
0.35,800000,1017,11,51b1068abfa284457b6571b740581d1aef4b1328db6acc262e871d0cf25d2960,497b8822afdb329df7e593163c058667365610ead0920b891c63d218ed3d89d0,Decoupled,2,0,,,,,,0,0
0.35,800000,1017,11,51b1068abfa284457b6571b740581d1aef4b1328db6acc262e871d0cf25d2960,497b8822afdb329df7e593163c058667365610ead0920b891c63d218ed3d89d0,Decoupled,3,0,,,,,,0,0
0.35,800000,1017,11,51b1068abfa284457b6571b740581d1aef4b1328db6acc262e871d0cf25d2960,497b8822afdb329df7e593163c058667365610ead0920b891c63d218ed3d89d0,Decoupled,4,45714,,,,,,0,0
0.35,800000,1018,7,0c64a440367b6350ca912c32014e47417b1f80c712cbad1b088bdddf2bf8f9f9,497b8822afdb329df7e593163c058667365610ead0920b891c63d218ed3d89d0,No-Dq-R,1,0,0.0,0.0,0.0,0,0,0,0
0.35,800000,1018,7,0c64a440367b6350ca912c32014e47417b1f80c712cbad1b088bdddf2bf8f9f9,497b8822afdb329df7e593163c058667365610ead0920b891c63d218ed3d89d0,No-Dq-R,2,-1430728,0.07740870120885324,0.07089515072755526,1.0,1,0,0,0
0.35,800000,1018,7,0c64a440367b6350ca912c32014e47417b1f80c712cbad1b088bdddf2bf8f9f9,497b8822afdb329df7e593163c058667365610ead0920b891c63d218ed3d89d0,No-Dq-R,3,-969272,0.04814005405873928,0.0529637335627578,0,0,0,0,0
0.35,800000,1018,7,0c64a440367b6350ca912c32014e47417b1f80c712cbad1b088bdddf2bf8f9f9,497b8822afdb329df7e593163c058667365610ead0920b891c63d218ed3d89d0,No-Dq-R,4,-2400000,0.05872356008459795,0.07036168231863998,0,0,0,0,0
0.35,800000,1018,7,0c64a440367b6350ca912c32014e47417b1f80c712cbad1b088bdddf2bf8f9f9,497b8822afdb329df7e593163c058667365610ead0920b891c63d218ed3d89d0,Fixed-Dc,1,12965,-0.0007255404583967895,-0.0006694666581993358,0.0,0,0,0,0
0.35,800000,1018,7,0c64a440367b6350ca912c32014e47417b1f80c712cbad1b088bdddf2bf8f9f9,497b8822afdb329df7e593163c058667365610ead0920b891c63d218ed3d89d0,Fixed-Dc,2,-617763,0.020638715859949586,0.01710677790556009,0,0,0,0,0
0.35,800000,1018,7,0c64a440367b6350ca912c32014e47417b1f80c712cbad1b088bdddf2bf8f9f9,497b8822afdb329df7e593163c058667365610ead0920b891c63d218ed3d89d0,Fixed-Dc,3,12965,-0.000145407282850174,-0.00021547175887481895,0,0,0,0,0
0.35,800000,1018,7,0c64a440367b6350ca912c32014e47417b1f80c712cbad1b088bdddf2bf8f9f9,497b8822afdb329df7e593163c058667365610ead0920b891c63d218ed3d89d0,Fixed-Dc,4,12965,-4.737561089851461e-05,-0.00012320623673489628,0,0,0,0,0
0.35,800000,1018,7,0c64a440367b6350ca912c32014e47417b1f80c712cbad1b088bdddf2bf8f9f9,497b8822afdb329df7e593163c058667365610ead0920b891c63d218ed3d89d0,Decoupled,1,0,,,,,,0,0
0.35,800000,1018,7,0c64a440367b6350ca912c32014e47417b1f80c712cbad1b088bdddf2bf8f9f9,497b8822afdb329df7e593163c058667365610ead0920b891c63d218ed3d89d0,Decoupled,2,-630728,,,,,,0,0
0.35,800000,1018,7,0c64a440367b6350ca912c32014e47417b1f80c712cbad1b088bdddf2bf8f9f9,497b8822afdb329df7e593163c058667365610ead0920b891c63d218ed3d89d0,Decoupled,3,630728,,,,,,0,0
0.35,800000,1018,7,0c64a440367b6350ca912c32014e47417b1f80c712cbad1b088bdddf2bf8f9f9,497b8822afdb329df7e593163c058667365610ead0920b891c63d218ed3d89d0,Decoupled,4,0,,,,,,0,0
0.35,800000,1018,11,0c64a440367b6350ca912c32014e47417b1f80c712cbad1b088bdddf2bf8f9f9,497b8822afdb329df7e593163c058667365610ead0920b891c63d218ed3d89d0,No-Dq-R,1,0,0.0,0.0,0.0,0,0,0,0
0.35,800000,1018,11,0c64a440367b6350ca912c32014e47417b1f80c712cbad1b088bdddf2bf8f9f9,497b8822afdb329df7e593163c058667365610ead0920b891c63d218ed3d89d0,No-Dq-R,2,-1430728,0.07740870120885324,0.07089515072755526,1.0,1,0,0,0
0.35,800000,1018,11,0c64a440367b6350ca912c32014e47417b1f80c712cbad1b088bdddf2bf8f9f9,497b8822afdb329df7e593163c058667365610ead0920b891c63d218ed3d89d0,No-Dq-R,3,-969272,0.04870675061683727,0.0529637335627578,0,0,0,0,0
0.35,800000,1018,11,0c64a440367b6350ca912c32014e47417b1f80c712cbad1b088bdddf2bf8f9f9,497b8822afdb329df7e593163c058667365610ead0920b891c63d218ed3d89d0,No-Dq-R,4,-2400000,0.05872356008459795,0.07036168231863998,0,0,0,0,0
0.35,800000,1018,11,0c64a440367b6350ca912c32014e47417b1f80c712cbad1b088bdddf2bf8f9f9,497b8822afdb329df7e593163c058667365610ead0920b891c63d218ed3d89d0,Fixed-Dc,1,12965,-0.0006011415817875898,-0.0006694666581993358,0.0,0,0,0,0
0.35,800000,1018,11,0c64a440367b6350ca912c32014e47417b1f80c712cbad1b088bdddf2bf8f9f9,497b8822afdb329df7e593163c058667365610ead0920b891c63d218ed3d89d0,Fixed-Dc,2,-617763,0.020638715859949586,0.01710677790556009,0,0,0,0,0
0.35,800000,1018,11,0c64a440367b6350ca912c32014e47417b1f80c712cbad1b088bdddf2bf8f9f9,497b8822afdb329df7e593163c058667365610ead0920b891c63d218ed3d89d0,Fixed-Dc,3,12965,-0.0001403441863915278,-0.00021547175887481895,0,0,0,0,0
0.35,800000,1018,11,0c64a440367b6350ca912c32014e47417b1f80c712cbad1b088bdddf2bf8f9f9,497b8822afdb329df7e593163c058667365610ead0920b891c63d218ed3d89d0,Fixed-Dc,4,12965,-4.737561089851461e-05,-0.00012320623673489628,0,0,0,0,0
0.35,800000,1018,11,0c64a440367b6350ca912c32014e47417b1f80c712cbad1b088bdddf2bf8f9f9,497b8822afdb329df7e593163c058667365610ead0920b891c63d218ed3d89d0,Decoupled,1,0,,,,,,0,0
0.35,800000,1018,11,0c64a440367b6350ca912c32014e47417b1f80c712cbad1b088bdddf2bf8f9f9,497b8822afdb329df7e593163c058667365610ead0920b891c63d218ed3d89d0,Decoupled,2,-630728,,,,,,0,0
0.35,800000,1018,11,0c64a440367b6350ca912c32014e47417b1f80c712cbad1b088bdddf2bf8f9f9,497b8822afdb329df7e593163c058667365610ead0920b891c63d218ed3d89d0,Decoupled,3,630728,,,,,,0,0
0.35,800000,1018,11,0c64a440367b6350ca912c32014e47417b1f80c712cbad1b088bdddf2bf8f9f9,497b8822afdb329df7e593163c058667365610ead0920b891c63d218ed3d89d0,Decoupled,4,0,,,,,,0,0
0.35,800000,1019,7,2c5e93efd4c9f9c3ba9c5e53c37bb4b4bf32cd1b4d4befd318174f8ee39f29a1,497b8822afdb329df7e593163c058667365610ead0920b891c63d218ed3d89d0,No-Dq-R,1,0,0.0,0.0,0.0,0,0,0,0
0.35,800000,1019,7,2c5e93efd4c9f9c3ba9c5e53c37bb4b4bf32cd1b4d4befd318174f8ee39f29a1,497b8822afdb329df7e593163c058667365610ead0920b891c63d218ed3d89d0,No-Dq-R,2,-790008,0.055882288635218935,0.05302281582105017,1.0,1,0,0,0
0.35,800000,1019,7,2c5e93efd4c9f9c3ba9c5e53c37bb4b4bf32cd1b4d4befd318174f8ee39f29a1,497b8822afdb329df7e593163c058667365610ead0920b891c63d218ed3d89d0,No-Dq-R,3,-1600000,0.06971986524450047,0.07044867040812314,0,0,0,0,0
0.35,800000,1019,7,2c5e93efd4c9f9c3ba9c5e53c37bb4b4bf32cd1b4d4befd318174f8ee39f29a1,497b8822afdb329df7e593163c058667365610ead0920b891c63d218ed3d89d0,No-Dq-R,4,-2354286,0.050536037348523855,0.06197928653294016,0,0,0,0,0
0.35,800000,1019,7,2c5e93efd4c9f9c3ba9c5e53c37bb4b4bf32cd1b4d4befd318174f8ee39f29a1,497b8822afdb329df7e593163c058667365610ead0920b891c63d218ed3d89d0,Fixed-Dc,1,-709027,0.037654116793672365,0.03442383077432032,0.0,0,0,0,0
0.35,800000,1019,7,2c5e93efd4c9f9c3ba9c5e53c37bb4b4bf32cd1b4d4befd318174f8ee39f29a1,497b8822afdb329df7e593163c058667365610ead0920b891c63d218ed3d89d0,Fixed-Dc,2,12965,-0.0004504742901111358,-0.00037815893980525095,0,0,0,0,0
0.35,800000,1019,7,2c5e93efd4c9f9c3ba9c5e53c37bb4b4bf32cd1b4d4befd318174f8ee39f29a1,497b8822afdb329df7e593163c058667365610ead0920b891c63d218ed3d89d0,Fixed-Dc,3,12965,-0.000145407282850174,-0.00021547175887481895,0,0,0,0,0
0.35,800000,1019,7,2c5e93efd4c9f9c3ba9c5e53c37bb4b4bf32cd1b4d4befd318174f8ee39f29a1,497b8822afdb329df7e593163c058667365610ead0920b891c63d218ed3d89d0,Fixed-Dc,4,-617599,0.001963014107095429,0.0055974010346651615,0,0,0,0,0
0.35,800000,1019,7,2c5e93efd4c9f9c3ba9c5e53c37bb4b4bf32cd1b4d4befd318174f8ee39f29a1,497b8822afdb329df7e593163c058667365610ead0920b891c63d218ed3d89d0,Decoupled,1,0,,,,,,0,0
0.35,800000,1019,7,2c5e93efd4c9f9c3ba9c5e53c37bb4b4bf32cd1b4d4befd318174f8ee39f29a1,497b8822afdb329df7e593163c058667365610ead0920b891c63d218ed3d89d0,Decoupled,2,9992,,,,,,0,0
0.35,800000,1019,7,2c5e93efd4c9f9c3ba9c5e53c37bb4b4bf32cd1b4d4befd318174f8ee39f29a1,497b8822afdb329df7e593163c058667365610ead0920b891c63d218ed3d89d0,Decoupled,3,0,,,,,,0,0
0.35,800000,1019,7,2c5e93efd4c9f9c3ba9c5e53c37bb4b4bf32cd1b4d4befd318174f8ee39f29a1,497b8822afdb329df7e593163c058667365610ead0920b891c63d218ed3d89d0,Decoupled,4,45714,,,,,,0,1
0.35,800000,1019,11,2c5e93efd4c9f9c3ba9c5e53c37bb4b4bf32cd1b4d4befd318174f8ee39f29a1,497b8822afdb329df7e593163c058667365610ead0920b891c63d218ed3d89d0,No-Dq-R,1,0,0.0,0.0,0.0,0,0,0,0
0.35,800000,1019,11,2c5e93efd4c9f9c3ba9c5e53c37bb4b4bf32cd1b4d4befd318174f8ee39f29a1,497b8822afdb329df7e593163c058667365610ead0920b891c63d218ed3d89d0,No-Dq-R,2,-790008,0.055882288635218935,0.05302281582105017,1.0,1,0,0,0
0.35,800000,1019,11,2c5e93efd4c9f9c3ba9c5e53c37bb4b4bf32cd1b4d4befd318174f8ee39f29a1,497b8822afdb329df7e593163c058667365610ead0920b891c63d218ed3d89d0,No-Dq-R,3,-1600000,0.0626272107568423,0.07044867040812314,0,0,0,0,0
0.35,800000,1019,11,2c5e93efd4c9f9c3ba9c5e53c37bb4b4bf32cd1b4d4befd318174f8ee39f29a1,497b8822afdb329df7e593163c058667365610ead0920b891c63d218ed3d89d0,No-Dq-R,4,-2354286,0.050536037348523855,0.06197928653294016,0,0,0,0,0
0.35,800000,1019,11,2c5e93efd4c9f9c3ba9c5e53c37bb4b4bf32cd1b4d4befd318174f8ee39f29a1,497b8822afdb329df7e593163c058667365610ead0920b891c63d218ed3d89d0,Fixed-Dc,1,-709027,0.03060838032477975,0.03442383077432032,0.0,0,0,0,0
0.35,800000,1019,11,2c5e93efd4c9f9c3ba9c5e53c37bb4b4bf32cd1b4d4befd318174f8ee39f29a1,497b8822afdb329df7e593163c058667365610ead0920b891c63d218ed3d89d0,Fixed-Dc,2,12965,-0.0004504742901111358,-0.00037815893980525095,0,0,0,0,0
0.35,800000,1019,11,2c5e93efd4c9f9c3ba9c5e53c37bb4b4bf32cd1b4d4befd318174f8ee39f29a1,497b8822afdb329df7e593163c058667365610ead0920b891c63d218ed3d89d0,Fixed-Dc,3,12965,-0.0001403441863915278,-0.00021547175887481895,0,0,0,0,0
0.35,800000,1019,11,2c5e93efd4c9f9c3ba9c5e53c37bb4b4bf32cd1b4d4befd318174f8ee39f29a1,497b8822afdb329df7e593163c058667365610ead0920b891c63d218ed3d89d0,Fixed-Dc,4,-617599,0.001963014107095429,0.0055974010346651615,0,0,0,0,0
0.35,800000,1019,11,2c5e93efd4c9f9c3ba9c5e53c37bb4b4bf32cd1b4d4befd318174f8ee39f29a1,497b8822afdb329df7e593163c058667365610ead0920b891c63d218ed3d89d0,Decoupled,1,0,,,,,,0,0
0.35,800000,1019,11,2c5e93efd4c9f9c3ba9c5e53c37bb4b4bf32cd1b4d4befd318174f8ee39f29a1,497b8822afdb329df7e593163c058667365610ead0920b891c63d218ed3d89d0,Decoupled,2,9992,,,,,,0,0
0.35,800000,1019,11,2c5e93efd4c9f9c3ba9c5e53c37bb4b4bf32cd1b4d4befd318174f8ee39f29a1,497b8822afdb329df7e593163c058667365610ead0920b891c63d218ed3d89d0,Decoupled,3,0,,,,,,0,0
0.35,800000,1019,11,2c5e93efd4c9f9c3ba9c5e53c37bb4b4bf32cd1b4d4befd318174f8ee39f29a1,497b8822afdb329df7e593163c058667365610ead0920b891c63d218ed3d89d0,Decoupled,4,45714,,,,,,0,1
0.35,800000,1020,7,eac3bf88e02c0e7cd6c6f78dda7e9666a91c1d57b33b0d9395817274f50b1ed4,497b8822afdb329df7e593163c058667365610ead0920b891c63d218ed3d89d0,No-Dq-R,1,0,0.0,0.0,0.0,0,0,0,0
0.35,800000,1020,7,eac3bf88e02c0e7cd6c6f78dda7e9666a91c1d57b33b0d9395817274f50b1ed4,497b8822afdb329df7e593163c058667365610ead0920b891c63d218ed3d89d0,No-Dq-R,2,-549018,0.045516839655181385,0.04387564573958169,1.0,1,0,0,0
0.35,800000,1020,7,eac3bf88e02c0e7cd6c6f78dda7e9666a91c1d57b33b0d9395817274f50b1ed4,497b8822afdb329df7e593163c058667365610ead0920b891c63d218ed3d89d0,No-Dq-R,3,-1805268,0.07196523524613213,0.07380841710620845,0,0,0,0,0
0.35,800000,1020,7,eac3bf88e02c0e7cd6c6f78dda7e9666a91c1d57b33b0d9395817274f50b1ed4,497b8822afdb329df7e593163c058667365610ead0920b891c63d218ed3d89d0,No-Dq-R,4,-2400000,0.05872356008459795,0.07036168231863998,0,0,0,0,0
0.35,800000,1020,7,eac3bf88e02c0e7cd6c6f78dda7e9666a91c1d57b33b0d9395817274f50b1ed4,497b8822afdb329df7e593163c058667365610ead0920b891c63d218ed3d89d0,Fixed-Dc,1,12965,-0.0007255404583967895,-0.0006694666581993358,0.0,0,0,0,0
0.35,800000,1020,7,eac3bf88e02c0e7cd6c6f78dda7e9666a91c1d57b33b0d9395817274f50b1ed4,497b8822afdb329df7e593163c058667365610ead0920b891c63d218ed3d89d0,Fixed-Dc,2,12965,-0.0004504742901111358,-0.00037815893980525095,0,0,0,0,0
0.35,800000,1020,7,eac3bf88e02c0e7cd6c6f78dda7e9666a91c1d57b33b0d9395817274f50b1ed4,497b8822afdb329df7e593163c058667365610ead0920b891c63d218ed3d89d0,Fixed-Dc,3,-192303,0.0020999627187814895,0.0031442749392104896,0,0,0,0,0
0.35,800000,1020,7,eac3bf88e02c0e7cd6c6f78dda7e9666a91c1d57b33b0d9395817274f50b1ed4,497b8822afdb329df7e593163c058667365610ead0920b891c63d218ed3d89d0,Fixed-Dc,4,12965,-4.737561089851461e-05,-0.00012320623673489628,0,0,0,0,0
0.35,800000,1020,7,eac3bf88e02c0e7cd6c6f78dda7e9666a91c1d57b33b0d9395817274f50b1ed4,497b8822afdb329df7e593163c058667365610ead0920b891c63d218ed3d89d0,Decoupled,1,0,,,,,,0,0
0.35,800000,1020,7,eac3bf88e02c0e7cd6c6f78dda7e9666a91c1d57b33b0d9395817274f50b1ed4,497b8822afdb329df7e593163c058667365610ead0920b891c63d218ed3d89d0,Decoupled,2,250982,,,,,,0,0
0.35,800000,1020,7,eac3bf88e02c0e7cd6c6f78dda7e9666a91c1d57b33b0d9395817274f50b1ed4,497b8822afdb329df7e593163c058667365610ead0920b891c63d218ed3d89d0,Decoupled,3,-205268,,,,,,0,0
0.35,800000,1020,7,eac3bf88e02c0e7cd6c6f78dda7e9666a91c1d57b33b0d9395817274f50b1ed4,497b8822afdb329df7e593163c058667365610ead0920b891c63d218ed3d89d0,Decoupled,4,0,,,,,,0,0
0.35,800000,1020,11,eac3bf88e02c0e7cd6c6f78dda7e9666a91c1d57b33b0d9395817274f50b1ed4,497b8822afdb329df7e593163c058667365610ead0920b891c63d218ed3d89d0,No-Dq-R,1,0,0.0,0.0,0.0,0,0,0,0
0.35,800000,1020,11,eac3bf88e02c0e7cd6c6f78dda7e9666a91c1d57b33b0d9395817274f50b1ed4,497b8822afdb329df7e593163c058667365610ead0920b891c63d218ed3d89d0,No-Dq-R,2,-549018,0.045516839655181385,0.04387564573958169,1.0,1,0,0,0
0.35,800000,1020,11,eac3bf88e02c0e7cd6c6f78dda7e9666a91c1d57b33b0d9395817274f50b1ed4,497b8822afdb329df7e593163c058667365610ead0920b891c63d218ed3d89d0,No-Dq-R,3,-1805268,0.06479394072419853,0.07380841710620845,0,0,0,0,0
0.35,800000,1020,11,eac3bf88e02c0e7cd6c6f78dda7e9666a91c1d57b33b0d9395817274f50b1ed4,497b8822afdb329df7e593163c058667365610ead0920b891c63d218ed3d89d0,No-Dq-R,4,-2400000,0.05872356008459795,0.07036168231863998,0,0,0,0,0
0.35,800000,1020,11,eac3bf88e02c0e7cd6c6f78dda7e9666a91c1d57b33b0d9395817274f50b1ed4,497b8822afdb329df7e593163c058667365610ead0920b891c63d218ed3d89d0,Fixed-Dc,1,12965,-0.0006011415817875898,-0.0006694666581993358,0.0,0,0,0,0
0.35,800000,1020,11,eac3bf88e02c0e7cd6c6f78dda7e9666a91c1d57b33b0d9395817274f50b1ed4,497b8822afdb329df7e593163c058667365610ead0920b891c63d218ed3d89d0,Fixed-Dc,2,12965,-0.0004504742901111358,-0.00037815893980525095,0,0,0,0,0
0.35,800000,1020,11,eac3bf88e02c0e7cd6c6f78dda7e9666a91c1d57b33b0d9395817274f50b1ed4,497b8822afdb329df7e593163c058667365610ead0920b891c63d218ed3d89d0,Fixed-Dc,3,-192303,0.0020263857809647012,0.0031442749392104896,0,0,0,0,0
0.35,800000,1020,11,eac3bf88e02c0e7cd6c6f78dda7e9666a91c1d57b33b0d9395817274f50b1ed4,497b8822afdb329df7e593163c058667365610ead0920b891c63d218ed3d89d0,Fixed-Dc,4,12965,-4.737561089851461e-05,-0.00012320623673489628,0,0,0,0,0
0.35,800000,1020,11,eac3bf88e02c0e7cd6c6f78dda7e9666a91c1d57b33b0d9395817274f50b1ed4,497b8822afdb329df7e593163c058667365610ead0920b891c63d218ed3d89d0,Decoupled,1,0,,,,,,0,0
0.35,800000,1020,11,eac3bf88e02c0e7cd6c6f78dda7e9666a91c1d57b33b0d9395817274f50b1ed4,497b8822afdb329df7e593163c058667365610ead0920b891c63d218ed3d89d0,Decoupled,2,250982,,,,,,0,0
0.35,800000,1020,11,eac3bf88e02c0e7cd6c6f78dda7e9666a91c1d57b33b0d9395817274f50b1ed4,497b8822afdb329df7e593163c058667365610ead0920b891c63d218ed3d89d0,Decoupled,3,-205268,,,,,,0,0
0.35,800000,1020,11,eac3bf88e02c0e7cd6c6f78dda7e9666a91c1d57b33b0d9395817274f50b1ed4,497b8822afdb329df7e593163c058667365610ead0920b891c63d218ed3d89d0,Decoupled,4,0,,,,,,0,0
0.35,800000,1021,7,6f1394021e96a6bc528e2da0ff2e4b95e8a14f445af742aa2f147242943ec2af,497b8822afdb329df7e593163c058667365610ead0920b891c63d218ed3d89d0,No-Dq-R,1,0,0.0,0.0,0.0,0,0,0,0
0.35,800000,1021,7,6f1394021e96a6bc528e2da0ff2e4b95e8a14f445af742aa2f147242943ec2af,497b8822afdb329df7e593163c058667365610ead0920b891c63d218ed3d89d0,No-Dq-R,2,-800000,0.056319511058792515,0.053410213882189916,1.0,1,0,0,0
0.35,800000,1021,7,6f1394021e96a6bc528e2da0ff2e4b95e8a14f445af742aa2f147242943ec2af,497b8822afdb329df7e593163c058667365610ead0920b891c63d218ed3d89d0,No-Dq-R,3,-1600000,0.06971986524450047,0.07044867040812314,0,0,0,0,0
0.35,800000,1021,7,6f1394021e96a6bc528e2da0ff2e4b95e8a14f445af742aa2f147242943ec2af,497b8822afdb329df7e593163c058667365610ead0920b891c63d218ed3d89d0,No-Dq-R,4,-2354286,0.053626393397321004,0.06504581984933722,0,0,0,0,0
0.35,800000,1021,7,6f1394021e96a6bc528e2da0ff2e4b95e8a14f445af742aa2f147242943ec2af,497b8822afdb329df7e593163c058667365610ead0920b891c63d218ed3d89d0,Fixed-Dc,1,-438710,0.02375444283185124,0.021792639244927026,0.0,0,0,0,0
0.35,800000,1021,7,6f1394021e96a6bc528e2da0ff2e4b95e8a14f445af742aa2f147242943ec2af,497b8822afdb329df7e593163c058667365610ead0920b891c63d218ed3d89d0,Fixed-Dc,2,12965,-0.0004504742901111358,-0.00037815893980525095,0,0,0,0,0
0.35,800000,1021,7,6f1394021e96a6bc528e2da0ff2e4b95e8a14f445af742aa2f147242943ec2af,497b8822afdb329df7e593163c058667365610ead0920b891c63d218ed3d89d0,Fixed-Dc,3,12965,-0.000145407282850174,-0.00021547175887481895,0,0,0,0,0
0.35,800000,1021,7,6f1394021e96a6bc528e2da0ff2e4b95e8a14f445af742aa2f147242943ec2af,497b8822afdb329df7e593163c058667365610ead0920b891c63d218ed3d89d0,Fixed-Dc,4,-347282,0.0011730616463894727,0.0032115934938494184,0,0,0,0,0
0.35,800000,1021,7,6f1394021e96a6bc528e2da0ff2e4b95e8a14f445af742aa2f147242943ec2af,497b8822afdb329df7e593163c058667365610ead0920b891c63d218ed3d89d0,Decoupled,1,0,,,,,,0,0
0.35,800000,1021,7,6f1394021e96a6bc528e2da0ff2e4b95e8a14f445af742aa2f147242943ec2af,497b8822afdb329df7e593163c058667365610ead0920b891c63d218ed3d89d0,Decoupled,2,0,,,,,,0,0
0.35,800000,1021,7,6f1394021e96a6bc528e2da0ff2e4b95e8a14f445af742aa2f147242943ec2af,497b8822afdb329df7e593163c058667365610ead0920b891c63d218ed3d89d0,Decoupled,3,0,,,,,,0,0
0.35,800000,1021,7,6f1394021e96a6bc528e2da0ff2e4b95e8a14f445af742aa2f147242943ec2af,497b8822afdb329df7e593163c058667365610ead0920b891c63d218ed3d89d0,Decoupled,4,45714,,,,,,0,0
0.35,800000,1021,11,6f1394021e96a6bc528e2da0ff2e4b95e8a14f445af742aa2f147242943ec2af,497b8822afdb329df7e593163c058667365610ead0920b891c63d218ed3d89d0,No-Dq-R,1,0,0.0,0.0,0.0,0,0,0,0
0.35,800000,1021,11,6f1394021e96a6bc528e2da0ff2e4b95e8a14f445af742aa2f147242943ec2af,497b8822afdb329df7e593163c058667365610ead0920b891c63d218ed3d89d0,No-Dq-R,2,-800000,0.056319511058792515,0.053410213882189916,1.0,1,0,0,0
0.35,800000,1021,11,6f1394021e96a6bc528e2da0ff2e4b95e8a14f445af742aa2f147242943ec2af,497b8822afdb329df7e593163c058667365610ead0920b891c63d218ed3d89d0,No-Dq-R,3,-1600000,0.0626272107568423,0.07044867040812314,0,0,0,0,0
0.35,800000,1021,11,6f1394021e96a6bc528e2da0ff2e4b95e8a14f445af742aa2f147242943ec2af,497b8822afdb329df7e593163c058667365610ead0920b891c63d218ed3d89d0,No-Dq-R,4,-2354286,0.053626393397321004,0.06504581984933722,0,0,0,0,0
0.35,800000,1021,11,6f1394021e96a6bc528e2da0ff2e4b95e8a14f445af742aa2f147242943ec2af,497b8822afdb329df7e593163c058667365610ead0920b891c63d218ed3d89d0,Fixed-Dc,1,-438710,0.019449685327962207,0.021792639244927026,0.0,0,0,0,0
0.35,800000,1021,11,6f1394021e96a6bc528e2da0ff2e4b95e8a14f445af742aa2f147242943ec2af,497b8822afdb329df7e593163c058667365610ead0920b891c63d218ed3d89d0,Fixed-Dc,2,12965,-0.0004504742901111358,-0.00037815893980525095,0,0,0,0,0
0.35,800000,1021,11,6f1394021e96a6bc528e2da0ff2e4b95e8a14f445af742aa2f147242943ec2af,497b8822afdb329df7e593163c058667365610ead0920b891c63d218ed3d89d0,Fixed-Dc,3,12965,-0.0001403441863915278,-0.00021547175887481895,0,0,0,0,0
0.35,800000,1021,11,6f1394021e96a6bc528e2da0ff2e4b95e8a14f445af742aa2f147242943ec2af,497b8822afdb329df7e593163c058667365610ead0920b891c63d218ed3d89d0,Fixed-Dc,4,-347282,0.0011730616463894727,0.0032115934938494184,0,0,0,0,0
0.35,800000,1021,11,6f1394021e96a6bc528e2da0ff2e4b95e8a14f445af742aa2f147242943ec2af,497b8822afdb329df7e593163c058667365610ead0920b891c63d218ed3d89d0,Decoupled,1,0,,,,,,0,0
0.35,800000,1021,11,6f1394021e96a6bc528e2da0ff2e4b95e8a14f445af742aa2f147242943ec2af,497b8822afdb329df7e593163c058667365610ead0920b891c63d218ed3d89d0,Decoupled,2,0,,,,,,0,0
0.35,800000,1021,11,6f1394021e96a6bc528e2da0ff2e4b95e8a14f445af742aa2f147242943ec2af,497b8822afdb329df7e593163c058667365610ead0920b891c63d218ed3d89d0,Decoupled,3,0,,,,,,0,0
0.35,800000,1021,11,6f1394021e96a6bc528e2da0ff2e4b95e8a14f445af742aa2f147242943ec2af,497b8822afdb329df7e593163c058667365610ead0920b891c63d218ed3d89d0,Decoupled,4,45714,,,,,,0,0
0.35,800000,1022,7,60e3503dde092d0200a5974575d0d7af9e1bb07c0b4970e1087a0df85dce74e6,497b8822afdb329df7e593163c058667365610ead0920b891c63d218ed3d89d0,No-Dq-R,1,0,0.0,0.0,0.0,0,0,0,0
0.35,800000,1022,7,60e3503dde092d0200a5974575d0d7af9e1bb07c0b4970e1087a0df85dce74e6,497b8822afdb329df7e593163c058667365610ead0920b891c63d218ed3d89d0,No-Dq-R,2,-466294,0.042036641625026516,0.040820844533851375,1.0,1,0,0,0
0.35,800000,1022,7,60e3503dde092d0200a5974575d0d7af9e1bb07c0b4970e1087a0df85dce74e6,497b8822afdb329df7e593163c058667365610ead0920b891c63d218ed3d89d0,No-Dq-R,3,-1887992,0.07283642546670088,0.07513171002025687,0,0,0,0,0
0.35,800000,1022,7,60e3503dde092d0200a5974575d0d7af9e1bb07c0b4970e1087a0df85dce74e6,497b8822afdb329df7e593163c058667365610ead0920b891c63d218ed3d89d0,No-Dq-R,4,-2400000,0.05872356008459795,0.07036168231863998,0,0,0,0,0
0.35,800000,1022,7,60e3503dde092d0200a5974575d0d7af9e1bb07c0b4970e1087a0df85dce74e6,497b8822afdb329df7e593163c058667365610ead0920b891c63d218ed3d89d0,Fixed-Dc,1,12965,-0.0007255404583967895,-0.0006694666581993358,0.0,0,0,0,0
0.35,800000,1022,7,60e3503dde092d0200a5974575d0d7af9e1bb07c0b4970e1087a0df85dce74e6,497b8822afdb329df7e593163c058667365610ead0920b891c63d218ed3d89d0,Fixed-Dc,2,12965,-0.0004504742901111358,-0.00037815893980525095,0,0,0,0,0
0.35,800000,1022,7,60e3503dde092d0200a5974575d0d7af9e1bb07c0b4970e1087a0df85dce74e6,497b8822afdb329df7e593163c058667365610ead0920b891c63d218ed3d89d0,Fixed-Dc,3,-275027,0.002971152939350241,0.004467567853258914,0,0,0,0,0
0.35,800000,1022,7,60e3503dde092d0200a5974575d0d7af9e1bb07c0b4970e1087a0df85dce74e6,497b8822afdb329df7e593163c058667365610ead0920b891c63d218ed3d89d0,Fixed-Dc,4,12965,-4.737561089851461e-05,-0.00012320623673489628,0,0,0,0,0
0.35,800000,1022,7,60e3503dde092d0200a5974575d0d7af9e1bb07c0b4970e1087a0df85dce74e6,497b8822afdb329df7e593163c058667365610ead0920b891c63d218ed3d89d0,Decoupled,1,0,,,,,,0,0
0.35,800000,1022,7,60e3503dde092d0200a5974575d0d7af9e1bb07c0b4970e1087a0df85dce74e6,497b8822afdb329df7e593163c058667365610ead0920b891c63d218ed3d89d0,Decoupled,2,333706,,,,,,0,0
0.35,800000,1022,7,60e3503dde092d0200a5974575d0d7af9e1bb07c0b4970e1087a0df85dce74e6,497b8822afdb329df7e593163c058667365610ead0920b891c63d218ed3d89d0,Decoupled,3,-287992,,,,,,0,0
0.35,800000,1022,7,60e3503dde092d0200a5974575d0d7af9e1bb07c0b4970e1087a0df85dce74e6,497b8822afdb329df7e593163c058667365610ead0920b891c63d218ed3d89d0,Decoupled,4,0,,,,,,0,0
0.35,800000,1022,11,60e3503dde092d0200a5974575d0d7af9e1bb07c0b4970e1087a0df85dce74e6,497b8822afdb329df7e593163c058667365610ead0920b891c63d218ed3d89d0,No-Dq-R,1,0,0.0,0.0,0.0,0,0,0,0
0.35,800000,1022,11,60e3503dde092d0200a5974575d0d7af9e1bb07c0b4970e1087a0df85dce74e6,497b8822afdb329df7e593163c058667365610ead0920b891c63d218ed3d89d0,No-Dq-R,2,-466294,0.042036641625026516,0.040820844533851375,1.0,1,0,0,0
0.35,800000,1022,11,60e3503dde092d0200a5974575d0d7af9e1bb07c0b4970e1087a0df85dce74e6,497b8822afdb329df7e593163c058667365610ead0920b891c63d218ed3d89d0,No-Dq-R,3,-1887992,0.06563434013638669,0.07513171002025687,0,0,0,0,0
0.35,800000,1022,11,60e3503dde092d0200a5974575d0d7af9e1bb07c0b4970e1087a0df85dce74e6,497b8822afdb329df7e593163c058667365610ead0920b891c63d218ed3d89d0,No-Dq-R,4,-2400000,0.05872356008459795,0.07036168231863998,0,0,0,0,0
0.35,800000,1022,11,60e3503dde092d0200a5974575d0d7af9e1bb07c0b4970e1087a0df85dce74e6,497b8822afdb329df7e593163c058667365610ead0920b891c63d218ed3d89d0,Fixed-Dc,1,12965,-0.0006011415817875898,-0.0006694666581993358,0.0,0,0,0,0
0.35,800000,1022,11,60e3503dde092d0200a5974575d0d7af9e1bb07c0b4970e1087a0df85dce74e6,497b8822afdb329df7e593163c058667365610ead0920b891c63d218ed3d89d0,Fixed-Dc,2,12965,-0.0004504742901111358,-0.00037815893980525095,0,0,0,0,0
0.35,800000,1022,11,60e3503dde092d0200a5974575d0d7af9e1bb07c0b4970e1087a0df85dce74e6,497b8822afdb329df7e593163c058667365610ead0920b891c63d218ed3d89d0,Fixed-Dc,3,-275027,0.0028667851931528654,0.004467567853258914,0,0,0,0,0
0.35,800000,1022,11,60e3503dde092d0200a5974575d0d7af9e1bb07c0b4970e1087a0df85dce74e6,497b8822afdb329df7e593163c058667365610ead0920b891c63d218ed3d89d0,Fixed-Dc,4,12965,-4.737561089851461e-05,-0.00012320623673489628,0,0,0,0,0
0.35,800000,1022,11,60e3503dde092d0200a5974575d0d7af9e1bb07c0b4970e1087a0df85dce74e6,497b8822afdb329df7e593163c058667365610ead0920b891c63d218ed3d89d0,Decoupled,1,0,,,,,,0,0
0.35,800000,1022,11,60e3503dde092d0200a5974575d0d7af9e1bb07c0b4970e1087a0df85dce74e6,497b8822afdb329df7e593163c058667365610ead0920b891c63d218ed3d89d0,Decoupled,2,333706,,,,,,0,0
0.35,800000,1022,11,60e3503dde092d0200a5974575d0d7af9e1bb07c0b4970e1087a0df85dce74e6,497b8822afdb329df7e593163c058667365610ead0920b891c63d218ed3d89d0,Decoupled,3,-287992,,,,,,0,0
0.35,800000,1022,11,60e3503dde092d0200a5974575d0d7af9e1bb07c0b4970e1087a0df85dce74e6,497b8822afdb329df7e593163c058667365610ead0920b891c63d218ed3d89d0,Decoupled,4,0,,,,,,0,0
0.35,800000,1023,7,b462752128e8821e64dc7cdbcbe933d3bc17b57918d863bb20e8c0f50b6ba258,497b8822afdb329df7e593163c058667365610ead0920b891c63d218ed3d89d0,No-Dq-R,1,0,0.0,0.0,0.0,0,0,0,0
0.35,800000,1023,7,b462752128e8821e64dc7cdbcbe933d3bc17b57918d863bb20e8c0f50b6ba258,497b8822afdb329df7e593163c058667365610ead0920b891c63d218ed3d89d0,No-Dq-R,2,-800000,0.056319511058792515,0.053410213882189916,1.0,1,0,0,0
0.35,800000,1023,7,b462752128e8821e64dc7cdbcbe933d3bc17b57918d863bb20e8c0f50b6ba258,497b8822afdb329df7e593163c058667365610ead0920b891c63d218ed3d89d0,No-Dq-R,3,-1600000,0.06971986524450047,0.07044867040812314,0,0,0,0,0
0.35,800000,1023,7,b462752128e8821e64dc7cdbcbe933d3bc17b57918d863bb20e8c0f50b6ba258,497b8822afdb329df7e593163c058667365610ead0920b891c63d218ed3d89d0,No-Dq-R,4,-2354286,0.05574961978313914,0.06714962073912051,0,0,0,0,0
0.35,800000,1023,7,b462752128e8821e64dc7cdbcbe933d3bc17b57918d863bb20e8c0f50b6ba258,497b8822afdb329df7e593163c058667365610ead0920b891c63d218ed3d89d0,Fixed-Dc,1,-260213,0.014273073762268051,0.013124315708173073,0.0,0,0,0,0
0.35,800000,1023,7,b462752128e8821e64dc7cdbcbe933d3bc17b57918d863bb20e8c0f50b6ba258,497b8822afdb329df7e593163c058667365610ead0920b891c63d218ed3d89d0,Fixed-Dc,2,12965,-0.0004504742901111358,-0.00037815893980525095,0,0,0,0,0
0.35,800000,1023,7,b462752128e8821e64dc7cdbcbe933d3bc17b57918d863bb20e8c0f50b6ba258,497b8822afdb329df7e593163c058667365610ead0920b891c63d218ed3d89d0,Fixed-Dc,3,12965,-0.000145407282850174,-0.00021547175887481895,0,0,0,0,0
0.35,800000,1023,7,b462752128e8821e64dc7cdbcbe933d3bc17b57918d863bb20e8c0f50b6ba258,497b8822afdb329df7e593163c058667365610ead0920b891c63d218ed3d89d0,Fixed-Dc,4,-168785,0.0005929735368041533,0.001582006366860511,0,0,0,0,0
0.35,800000,1023,7,b462752128e8821e64dc7cdbcbe933d3bc17b57918d863bb20e8c0f50b6ba258,497b8822afdb329df7e593163c058667365610ead0920b891c63d218ed3d89d0,Decoupled,1,0,,,,,,0,0
0.35,800000,1023,7,b462752128e8821e64dc7cdbcbe933d3bc17b57918d863bb20e8c0f50b6ba258,497b8822afdb329df7e593163c058667365610ead0920b891c63d218ed3d89d0,Decoupled,2,0,,,,,,0,0
0.35,800000,1023,7,b462752128e8821e64dc7cdbcbe933d3bc17b57918d863bb20e8c0f50b6ba258,497b8822afdb329df7e593163c058667365610ead0920b891c63d218ed3d89d0,Decoupled,3,0,,,,,,0,0
0.35,800000,1023,7,b462752128e8821e64dc7cdbcbe933d3bc17b57918d863bb20e8c0f50b6ba258,497b8822afdb329df7e593163c058667365610ead0920b891c63d218ed3d89d0,Decoupled,4,45714,,,,,,0,0
0.35,800000,1023,11,b462752128e8821e64dc7cdbcbe933d3bc17b57918d863bb20e8c0f50b6ba258,497b8822afdb329df7e593163c058667365610ead0920b891c63d218ed3d89d0,No-Dq-R,1,0,0.0,0.0,0.0,0,0,0,0
0.35,800000,1023,11,b462752128e8821e64dc7cdbcbe933d3bc17b57918d863bb20e8c0f50b6ba258,497b8822afdb329df7e593163c058667365610ead0920b891c63d218ed3d89d0,No-Dq-R,2,-800000,0.056319511058792515,0.053410213882189916,1.0,1,0,0,0
0.35,800000,1023,11,b462752128e8821e64dc7cdbcbe933d3bc17b57918d863bb20e8c0f50b6ba258,497b8822afdb329df7e593163c058667365610ead0920b891c63d218ed3d89d0,No-Dq-R,3,-1600000,0.0626272107568423,0.07044867040812314,0,0,0,0,0
0.35,800000,1023,11,b462752128e8821e64dc7cdbcbe933d3bc17b57918d863bb20e8c0f50b6ba258,497b8822afdb329df7e593163c058667365610ead0920b891c63d218ed3d89d0,No-Dq-R,4,-2354286,0.05574961978313914,0.06714962073912051,0,0,0,0,0
0.35,800000,1023,11,b462752128e8821e64dc7cdbcbe933d3bc17b57918d863bb20e8c0f50b6ba258,497b8822afdb329df7e593163c058667365610ead0920b891c63d218ed3d89d0,Fixed-Dc,1,-260213,0.011741792435480014,0.013124315708173073,0.0,0,0,0,0
0.35,800000,1023,11,b462752128e8821e64dc7cdbcbe933d3bc17b57918d863bb20e8c0f50b6ba258,497b8822afdb329df7e593163c058667365610ead0920b891c63d218ed3d89d0,Fixed-Dc,2,12965,-0.0004504742901111358,-0.00037815893980525095,0,0,0,0,0
0.35,800000,1023,11,b462752128e8821e64dc7cdbcbe933d3bc17b57918d863bb20e8c0f50b6ba258,497b8822afdb329df7e593163c058667365610ead0920b891c63d218ed3d89d0,Fixed-Dc,3,12965,-0.0001403441863915278,-0.00021547175887481895,0,0,0,0,0
0.35,800000,1023,11,b462752128e8821e64dc7cdbcbe933d3bc17b57918d863bb20e8c0f50b6ba258,497b8822afdb329df7e593163c058667365610ead0920b891c63d218ed3d89d0,Fixed-Dc,4,-168785,0.0005929735368041533,0.001582006366860511,0,0,0,0,0
0.35,800000,1023,11,b462752128e8821e64dc7cdbcbe933d3bc17b57918d863bb20e8c0f50b6ba258,497b8822afdb329df7e593163c058667365610ead0920b891c63d218ed3d89d0,Decoupled,1,0,,,,,,0,0
0.35,800000,1023,11,b462752128e8821e64dc7cdbcbe933d3bc17b57918d863bb20e8c0f50b6ba258,497b8822afdb329df7e593163c058667365610ead0920b891c63d218ed3d89d0,Decoupled,2,0,,,,,,0,0
0.35,800000,1023,11,b462752128e8821e64dc7cdbcbe933d3bc17b57918d863bb20e8c0f50b6ba258,497b8822afdb329df7e593163c058667365610ead0920b891c63d218ed3d89d0,Decoupled,3,0,,,,,,0,0
0.35,800000,1023,11,b462752128e8821e64dc7cdbcbe933d3bc17b57918d863bb20e8c0f50b6ba258,497b8822afdb329df7e593163c058667365610ead0920b891c63d218ed3d89d0,Decoupled,4,45714,,,,,,0,0
0.35,800000,1024,7,6a7f187bb80d8b09f092dfd0166998b0e18cb91770c94005e9c5d5f0a628d92f,497b8822afdb329df7e593163c058667365610ead0920b891c63d218ed3d89d0,No-Dq-R,1,0,0.0,0.0,0.0,0,0,0,0
0.35,800000,1024,7,6a7f187bb80d8b09f092dfd0166998b0e18cb91770c94005e9c5d5f0a628d92f,497b8822afdb329df7e593163c058667365610ead0920b891c63d218ed3d89d0,No-Dq-R,2,-800000,0.056319511058792515,0.053410213882189916,1.0,1,0,0,0
0.35,800000,1024,7,6a7f187bb80d8b09f092dfd0166998b0e18cb91770c94005e9c5d5f0a628d92f,497b8822afdb329df7e593163c058667365610ead0920b891c63d218ed3d89d0,No-Dq-R,3,-1600000,0.06971986524450047,0.07044867040812314,0,0,0,0,0
0.35,800000,1024,7,6a7f187bb80d8b09f092dfd0166998b0e18cb91770c94005e9c5d5f0a628d92f,497b8822afdb329df7e593163c058667365610ead0920b891c63d218ed3d89d0,No-Dq-R,4,-2354286,0.05124822896659553,0.06268648519994435,0,0,0,0,0
0.35,800000,1024,7,6a7f187bb80d8b09f092dfd0166998b0e18cb91770c94005e9c5d5f0a628d92f,497b8822afdb329df7e593163c058667365610ead0920b891c63d218ed3d89d0,Fixed-Dc,1,-645574,0.03443986134798371,0.03151126628125156,0.0,0,0,0,0
0.35,800000,1024,7,6a7f187bb80d8b09f092dfd0166998b0e18cb91770c94005e9c5d5f0a628d92f,497b8822afdb329df7e593163c058667365610ead0920b891c63d218ed3d89d0,Fixed-Dc,2,12965,-0.0004504742901111358,-0.00037815893980525095,0,0,0,0,0
0.35,800000,1024,7,6a7f187bb80d8b09f092dfd0166998b0e18cb91770c94005e9c5d5f0a628d92f,497b8822afdb329df7e593163c058667365610ead0920b891c63d218ed3d89d0,Fixed-Dc,3,12965,-0.000145407282850174,-0.00021547175887481895,0,0,0,0,0
0.35,800000,1024,7,6a7f187bb80d8b09f092dfd0166998b0e18cb91770c94005e9c5d5f0a628d92f,497b8822afdb329df7e593163c058667365610ead0920b891c63d218ed3d89d0,Fixed-Dc,4,-554146,0.0017869351703941327,0.005046047956454858,0,0,0,0,0
0.35,800000,1024,7,6a7f187bb80d8b09f092dfd0166998b0e18cb91770c94005e9c5d5f0a628d92f,497b8822afdb329df7e593163c058667365610ead0920b891c63d218ed3d89d0,Decoupled,1,0,,,,,,0,0
0.35,800000,1024,7,6a7f187bb80d8b09f092dfd0166998b0e18cb91770c94005e9c5d5f0a628d92f,497b8822afdb329df7e593163c058667365610ead0920b891c63d218ed3d89d0,Decoupled,2,0,,,,,,0,0
0.35,800000,1024,7,6a7f187bb80d8b09f092dfd0166998b0e18cb91770c94005e9c5d5f0a628d92f,497b8822afdb329df7e593163c058667365610ead0920b891c63d218ed3d89d0,Decoupled,3,0,,,,,,0,0
0.35,800000,1024,7,6a7f187bb80d8b09f092dfd0166998b0e18cb91770c94005e9c5d5f0a628d92f,497b8822afdb329df7e593163c058667365610ead0920b891c63d218ed3d89d0,Decoupled,4,45714,,,,,,0,0
0.35,800000,1024,11,6a7f187bb80d8b09f092dfd0166998b0e18cb91770c94005e9c5d5f0a628d92f,497b8822afdb329df7e593163c058667365610ead0920b891c63d218ed3d89d0,No-Dq-R,1,0,0.0,0.0,0.0,0,0,0,0
0.35,800000,1024,11,6a7f187bb80d8b09f092dfd0166998b0e18cb91770c94005e9c5d5f0a628d92f,497b8822afdb329df7e593163c058667365610ead0920b891c63d218ed3d89d0,No-Dq-R,2,-800000,0.056319511058792515,0.053410213882189916,1.0,1,0,0,0
0.35,800000,1024,11,6a7f187bb80d8b09f092dfd0166998b0e18cb91770c94005e9c5d5f0a628d92f,497b8822afdb329df7e593163c058667365610ead0920b891c63d218ed3d89d0,No-Dq-R,3,-1600000,0.0626272107568423,0.07044867040812314,0,0,0,0,0
0.35,800000,1024,11,6a7f187bb80d8b09f092dfd0166998b0e18cb91770c94005e9c5d5f0a628d92f,497b8822afdb329df7e593163c058667365610ead0920b891c63d218ed3d89d0,No-Dq-R,4,-2354286,0.05124822896659553,0.06268648519994435,0,0,0,0,0
0.35,800000,1024,11,6a7f187bb80d8b09f092dfd0166998b0e18cb91770c94005e9c5d5f0a628d92f,497b8822afdb329df7e593163c058667365610ead0920b891c63d218ed3d89d0,Fixed-Dc,1,-645574,0.02804337202194651,0.03151126628125156,0.0,0,0,0,0
0.35,800000,1024,11,6a7f187bb80d8b09f092dfd0166998b0e18cb91770c94005e9c5d5f0a628d92f,497b8822afdb329df7e593163c058667365610ead0920b891c63d218ed3d89d0,Fixed-Dc,2,12965,-0.0004504742901111358,-0.00037815893980525095,0,0,0,0,0
0.35,800000,1024,11,6a7f187bb80d8b09f092dfd0166998b0e18cb91770c94005e9c5d5f0a628d92f,497b8822afdb329df7e593163c058667365610ead0920b891c63d218ed3d89d0,Fixed-Dc,3,12965,-0.0001403441863915278,-0.00021547175887481895,0,0,0,0,0
0.35,800000,1024,11,6a7f187bb80d8b09f092dfd0166998b0e18cb91770c94005e9c5d5f0a628d92f,497b8822afdb329df7e593163c058667365610ead0920b891c63d218ed3d89d0,Fixed-Dc,4,-554146,0.0017869351703941327,0.005046047956454858,0,0,0,0,0
0.35,800000,1024,11,6a7f187bb80d8b09f092dfd0166998b0e18cb91770c94005e9c5d5f0a628d92f,497b8822afdb329df7e593163c058667365610ead0920b891c63d218ed3d89d0,Decoupled,1,0,,,,,,0,0
0.35,800000,1024,11,6a7f187bb80d8b09f092dfd0166998b0e18cb91770c94005e9c5d5f0a628d92f,497b8822afdb329df7e593163c058667365610ead0920b891c63d218ed3d89d0,Decoupled,2,0,,,,,,0,0
0.35,800000,1024,11,6a7f187bb80d8b09f092dfd0166998b0e18cb91770c94005e9c5d5f0a628d92f,497b8822afdb329df7e593163c058667365610ead0920b891c63d218ed3d89d0,Decoupled,3,0,,,,,,0,0
0.35,800000,1024,11,6a7f187bb80d8b09f092dfd0166998b0e18cb91770c94005e9c5d5f0a628d92f,497b8822afdb329df7e593163c058667365610ead0920b891c63d218ed3d89d0,Decoupled,4,45714,,,,,,0,0
0.35,800000,1025,7,61633da3dc9ec2eb5e546525e92c741a21636b8431b62374c4ca5e29a4124e39,497b8822afdb329df7e593163c058667365610ead0920b891c63d218ed3d89d0,No-Dq-R,1,0,0.0,0.0,0.0,0,0,0,0
0.35,800000,1025,7,61633da3dc9ec2eb5e546525e92c741a21636b8431b62374c4ca5e29a4124e39,497b8822afdb329df7e593163c058667365610ead0920b891c63d218ed3d89d0,No-Dq-R,2,-141566,0.028745481260551986,0.029233737167627782,0.23011782791560875,0,0,0,0
0.35,800000,1025,7,61633da3dc9ec2eb5e546525e92c741a21636b8431b62374c4ca5e29a4124e39,497b8822afdb329df7e593163c058667365610ead0920b891c63d218ed3d89d0,No-Dq-R,3,-2212720,0.07607588666626619,0.0801617712826424,0,0,0,0,0
0.35,800000,1025,7,61633da3dc9ec2eb5e546525e92c741a21636b8431b62374c4ca5e29a4124e39,497b8822afdb329df7e593163c058667365610ead0920b891c63d218ed3d89d0,No-Dq-R,4,-2400000,0.05872356008459795,0.07036168231863998,0,0,0,0,0
0.35,800000,1025,7,61633da3dc9ec2eb5e546525e92c741a21636b8431b62374c4ca5e29a4124e39,497b8822afdb329df7e593163c058667365610ead0920b891c63d218ed3d89d0,Fixed-Dc,1,12965,-0.0007255404583967895,-0.0006694666581993358,0.0,0,0,0,0
0.35,800000,1025,7,61633da3dc9ec2eb5e546525e92c741a21636b8431b62374c4ca5e29a4124e39,497b8822afdb329df7e593163c058667365610ead0920b891c63d218ed3d89d0,Fixed-Dc,2,12965,-0.0004504742901111358,-0.00037815893980525095,0,0,0,0,0
0.35,800000,1025,7,61633da3dc9ec2eb5e546525e92c741a21636b8431b62374c4ca5e29a4124e39,497b8822afdb329df7e593163c058667365610ead0920b891c63d218ed3d89d0,Fixed-Dc,3,-599755,0.006210614138915549,0.009497629115644446,0,0,0,0,0
0.35,800000,1025,7,61633da3dc9ec2eb5e546525e92c741a21636b8431b62374c4ca5e29a4124e39,497b8822afdb329df7e593163c058667365610ead0920b891c63d218ed3d89d0,Fixed-Dc,4,12965,-4.737561089851461e-05,-0.00012320623673489628,0,0,0,0,0
0.35,800000,1025,7,61633da3dc9ec2eb5e546525e92c741a21636b8431b62374c4ca5e29a4124e39,497b8822afdb329df7e593163c058667365610ead0920b891c63d218ed3d89d0,Decoupled,1,0,,,,,,0,0
0.35,800000,1025,7,61633da3dc9ec2eb5e546525e92c741a21636b8431b62374c4ca5e29a4124e39,497b8822afdb329df7e593163c058667365610ead0920b891c63d218ed3d89d0,Decoupled,2,658434,,,,,,0,0
0.35,800000,1025,7,61633da3dc9ec2eb5e546525e92c741a21636b8431b62374c4ca5e29a4124e39,497b8822afdb329df7e593163c058667365610ead0920b891c63d218ed3d89d0,Decoupled,3,-612720,,,,,,0,0
0.35,800000,1025,7,61633da3dc9ec2eb5e546525e92c741a21636b8431b62374c4ca5e29a4124e39,497b8822afdb329df7e593163c058667365610ead0920b891c63d218ed3d89d0,Decoupled,4,0,,,,,,0,0
0.35,800000,1025,11,61633da3dc9ec2eb5e546525e92c741a21636b8431b62374c4ca5e29a4124e39,497b8822afdb329df7e593163c058667365610ead0920b891c63d218ed3d89d0,No-Dq-R,1,0,0.0,0.0,0.0,0,0,0,0
0.35,800000,1025,11,61633da3dc9ec2eb5e546525e92c741a21636b8431b62374c4ca5e29a4124e39,497b8822afdb329df7e593163c058667365610ead0920b891c63d218ed3d89d0,No-Dq-R,2,-141566,0.028745481260551986,0.029233737167627782,0.23011782791560875,0,0,0,0
0.35,800000,1025,11,61633da3dc9ec2eb5e546525e92c741a21636b8431b62374c4ca5e29a4124e39,497b8822afdb329df7e593163c058667365610ead0920b891c63d218ed3d89d0,No-Dq-R,3,-2212720,0.06875774061679985,0.0801617712826424,0,0,0,0,0
0.35,800000,1025,11,61633da3dc9ec2eb5e546525e92c741a21636b8431b62374c4ca5e29a4124e39,497b8822afdb329df7e593163c058667365610ead0920b891c63d218ed3d89d0,No-Dq-R,4,-2400000,0.05872356008459795,0.07036168231863998,0,0,0,0,0
0.35,800000,1025,11,61633da3dc9ec2eb5e546525e92c741a21636b8431b62374c4ca5e29a4124e39,497b8822afdb329df7e593163c058667365610ead0920b891c63d218ed3d89d0,Fixed-Dc,1,12965,-0.0006011415817875898,-0.0006694666581993358,0.0,0,0,0,0
0.35,800000,1025,11,61633da3dc9ec2eb5e546525e92c741a21636b8431b62374c4ca5e29a4124e39,497b8822afdb329df7e593163c058667365610ead0920b891c63d218ed3d89d0,Fixed-Dc,2,12965,-0.0004504742901111358,-0.00037815893980525095,0,0,0,0,0
0.35,800000,1025,11,61633da3dc9ec2eb5e546525e92c741a21636b8431b62374c4ca5e29a4124e39,497b8822afdb329df7e593163c058667365610ead0920b891c63d218ed3d89d0,Fixed-Dc,3,-599755,0.0059901856735660175,0.009497629115644446,0,0,0,0,0
0.35,800000,1025,11,61633da3dc9ec2eb5e546525e92c741a21636b8431b62374c4ca5e29a4124e39,497b8822afdb329df7e593163c058667365610ead0920b891c63d218ed3d89d0,Fixed-Dc,4,12965,-4.737561089851461e-05,-0.00012320623673489628,0,0,0,0,0
0.35,800000,1025,11,61633da3dc9ec2eb5e546525e92c741a21636b8431b62374c4ca5e29a4124e39,497b8822afdb329df7e593163c058667365610ead0920b891c63d218ed3d89d0,Decoupled,1,0,,,,,,0,0
0.35,800000,1025,11,61633da3dc9ec2eb5e546525e92c741a21636b8431b62374c4ca5e29a4124e39,497b8822afdb329df7e593163c058667365610ead0920b891c63d218ed3d89d0,Decoupled,2,658434,,,,,,0,0
0.35,800000,1025,11,61633da3dc9ec2eb5e546525e92c741a21636b8431b62374c4ca5e29a4124e39,497b8822afdb329df7e593163c058667365610ead0920b891c63d218ed3d89d0,Decoupled,3,-612720,,,,,,0,0
0.35,800000,1025,11,61633da3dc9ec2eb5e546525e92c741a21636b8431b62374c4ca5e29a4124e39,497b8822afdb329df7e593163c058667365610ead0920b891c63d218ed3d89d0,Decoupled,4,0,,,,,,0,0
0.35,800000,1026,7,70023ab29c61d5c6599278f98f2be3e64c4d2418b0116ef26fcf43cb7ab7dd90,497b8822afdb329df7e593163c058667365610ead0920b891c63d218ed3d89d0,No-Dq-R,1,0,0.0,0.0,0.0,0,0,0,0
0.35,800000,1026,7,70023ab29c61d5c6599278f98f2be3e64c4d2418b0116ef26fcf43cb7ab7dd90,497b8822afdb329df7e593163c058667365610ead0920b891c63d218ed3d89d0,No-Dq-R,2,-800000,0.056319511058792515,0.053410213882189916,1.0,1,0,0,0
0.35,800000,1026,7,70023ab29c61d5c6599278f98f2be3e64c4d2418b0116ef26fcf43cb7ab7dd90,497b8822afdb329df7e593163c058667365610ead0920b891c63d218ed3d89d0,No-Dq-R,3,-1600000,0.06971986524450047,0.07044867040812314,0,0,0,0,0
0.35,800000,1026,7,70023ab29c61d5c6599278f98f2be3e64c4d2418b0116ef26fcf43cb7ab7dd90,497b8822afdb329df7e593163c058667365610ead0920b891c63d218ed3d89d0,No-Dq-R,4,-2354286,0.05094384565771115,0.06238427361551396,0,0,0,0,0
0.35,800000,1026,7,70023ab29c61d5c6599278f98f2be3e64c4d2418b0116ef26fcf43cb7ab7dd90,497b8822afdb329df7e593163c058667365610ead0920b891c63d218ed3d89d0,Fixed-Dc,1,-672606,0.035812771084945516,0.03275594168424423,0.0,0,0,0,0
0.35,800000,1026,7,70023ab29c61d5c6599278f98f2be3e64c4d2418b0116ef26fcf43cb7ab7dd90,497b8822afdb329df7e593163c058667365610ead0920b891c63d218ed3d89d0,Fixed-Dc,2,12965,-0.0004504742901111358,-0.00037815893980525095,0,0,0,0,0
0.35,800000,1026,7,70023ab29c61d5c6599278f98f2be3e64c4d2418b0116ef26fcf43cb7ab7dd90,497b8822afdb329df7e593163c058667365610ead0920b891c63d218ed3d89d0,Fixed-Dc,3,12965,-0.000145407282850174,-0.00021547175887481895,0,0,0,0,0
0.35,800000,1026,7,70023ab29c61d5c6599278f98f2be3e64c4d2418b0116ef26fcf43cb7ab7dd90,497b8822afdb329df7e593163c058667365610ead0920b891c63d218ed3d89d0,Fixed-Dc,4,-581178,0.0018626388097753854,0.005281575573207353,0,0,0,0,0
0.35,800000,1026,7,70023ab29c61d5c6599278f98f2be3e64c4d2418b0116ef26fcf43cb7ab7dd90,497b8822afdb329df7e593163c058667365610ead0920b891c63d218ed3d89d0,Decoupled,1,0,,,,,,0,0
0.35,800000,1026,7,70023ab29c61d5c6599278f98f2be3e64c4d2418b0116ef26fcf43cb7ab7dd90,497b8822afdb329df7e593163c058667365610ead0920b891c63d218ed3d89d0,Decoupled,2,0,,,,,,0,0
0.35,800000,1026,7,70023ab29c61d5c6599278f98f2be3e64c4d2418b0116ef26fcf43cb7ab7dd90,497b8822afdb329df7e593163c058667365610ead0920b891c63d218ed3d89d0,Decoupled,3,0,,,,,,0,0
0.35,800000,1026,7,70023ab29c61d5c6599278f98f2be3e64c4d2418b0116ef26fcf43cb7ab7dd90,497b8822afdb329df7e593163c058667365610ead0920b891c63d218ed3d89d0,Decoupled,4,45714,,,,,,0,0
0.35,800000,1026,11,70023ab29c61d5c6599278f98f2be3e64c4d2418b0116ef26fcf43cb7ab7dd90,497b8822afdb329df7e593163c058667365610ead0920b891c63d218ed3d89d0,No-Dq-R,1,0,0.0,0.0,0.0,0,0,0,0
0.35,800000,1026,11,70023ab29c61d5c6599278f98f2be3e64c4d2418b0116ef26fcf43cb7ab7dd90,497b8822afdb329df7e593163c058667365610ead0920b891c63d218ed3d89d0,No-Dq-R,2,-800000,0.056319511058792515,0.053410213882189916,1.0,1,0,0,0
0.35,800000,1026,11,70023ab29c61d5c6599278f98f2be3e64c4d2418b0116ef26fcf43cb7ab7dd90,497b8822afdb329df7e593163c058667365610ead0920b891c63d218ed3d89d0,No-Dq-R,3,-1600000,0.0626272107568423,0.07044867040812314,0,0,0,0,0
0.35,800000,1026,11,70023ab29c61d5c6599278f98f2be3e64c4d2418b0116ef26fcf43cb7ab7dd90,497b8822afdb329df7e593163c058667365610ead0920b891c63d218ed3d89d0,No-Dq-R,4,-2354286,0.05094384565771115,0.06238427361551396,0,0,0,0,0
0.35,800000,1026,11,70023ab29c61d5c6599278f98f2be3e64c4d2418b0116ef26fcf43cb7ab7dd90,497b8822afdb329df7e593163c058667365610ead0920b891c63d218ed3d89d0,Fixed-Dc,1,-672606,0.029140124253022925,0.03275594168424423,0.0,0,0,0,0
0.35,800000,1026,11,70023ab29c61d5c6599278f98f2be3e64c4d2418b0116ef26fcf43cb7ab7dd90,497b8822afdb329df7e593163c058667365610ead0920b891c63d218ed3d89d0,Fixed-Dc,2,12965,-0.0004504742901111358,-0.00037815893980525095,0,0,0,0,0
0.35,800000,1026,11,70023ab29c61d5c6599278f98f2be3e64c4d2418b0116ef26fcf43cb7ab7dd90,497b8822afdb329df7e593163c058667365610ead0920b891c63d218ed3d89d0,Fixed-Dc,3,12965,-0.0001403441863915278,-0.00021547175887481895,0,0,0,0,0
0.35,800000,1026,11,70023ab29c61d5c6599278f98f2be3e64c4d2418b0116ef26fcf43cb7ab7dd90,497b8822afdb329df7e593163c058667365610ead0920b891c63d218ed3d89d0,Fixed-Dc,4,-581178,0.0018626388097753854,0.005281575573207353,0,0,0,0,0
0.35,800000,1026,11,70023ab29c61d5c6599278f98f2be3e64c4d2418b0116ef26fcf43cb7ab7dd90,497b8822afdb329df7e593163c058667365610ead0920b891c63d218ed3d89d0,Decoupled,1,0,,,,,,0,0
0.35,800000,1026,11,70023ab29c61d5c6599278f98f2be3e64c4d2418b0116ef26fcf43cb7ab7dd90,497b8822afdb329df7e593163c058667365610ead0920b891c63d218ed3d89d0,Decoupled,2,0,,,,,,0,0
0.35,800000,1026,11,70023ab29c61d5c6599278f98f2be3e64c4d2418b0116ef26fcf43cb7ab7dd90,497b8822afdb329df7e593163c058667365610ead0920b891c63d218ed3d89d0,Decoupled,3,0,,,,,,0,0
0.35,800000,1026,11,70023ab29c61d5c6599278f98f2be3e64c4d2418b0116ef26fcf43cb7ab7dd90,497b8822afdb329df7e593163c058667365610ead0920b891c63d218ed3d89d0,Decoupled,4,45714,,,,,,0,0
0.35,800000,1027,7,955dbb4b6b3d9826cb43ad604dc3c54483e71754b2dfffbffc595429e74a797a,497b8822afdb329df7e593163c058667365610ead0920b891c63d218ed3d89d0,No-Dq-R,1,0,0.0,0.0,0.0,0,0,0,0
0.35,800000,1027,7,955dbb4b6b3d9826cb43ad604dc3c54483e71754b2dfffbffc595429e74a797a,497b8822afdb329df7e593163c058667365610ead0920b891c63d218ed3d89d0,No-Dq-R,2,-800000,0.056319511058792515,0.053410213882189916,1.0,1,0,0,0
0.35,800000,1027,7,955dbb4b6b3d9826cb43ad604dc3c54483e71754b2dfffbffc595429e74a797a,497b8822afdb329df7e593163c058667365610ead0920b891c63d218ed3d89d0,No-Dq-R,3,-1600000,0.06971986524450047,0.07044867040812314,0,0,0,0,0
0.35,800000,1027,7,955dbb4b6b3d9826cb43ad604dc3c54483e71754b2dfffbffc595429e74a797a,497b8822afdb329df7e593163c058667365610ead0920b891c63d218ed3d89d0,No-Dq-R,4,-2354286,0.051193487612035515,0.06263213853850452,0,0,0,0,0
0.35,800000,1027,7,955dbb4b6b3d9826cb43ad604dc3c54483e71754b2dfffbffc595429e74a797a,497b8822afdb329df7e593163c058667365610ead0920b891c63d218ed3d89d0,Fixed-Dc,1,-650426,0.034686679548028954,0.03173509948285935,0.0,0,0,0,0
0.35,800000,1027,7,955dbb4b6b3d9826cb43ad604dc3c54483e71754b2dfffbffc595429e74a797a,497b8822afdb329df7e593163c058667365610ead0920b891c63d218ed3d89d0,Fixed-Dc,2,12965,-0.0004504742901111358,-0.00037815893980525095,0,0,0,0,0
0.35,800000,1027,7,955dbb4b6b3d9826cb43ad604dc3c54483e71754b2dfffbffc595429e74a797a,497b8822afdb329df7e593163c058667365610ead0920b891c63d218ed3d89d0,Fixed-Dc,3,12965,-0.000145407282850174,-0.00021547175887481895,0,0,0,0,0
0.35,800000,1027,7,955dbb4b6b3d9826cb43ad604dc3c54483e71754b2dfffbffc595429e74a797a,497b8822afdb329df7e593163c058667365610ead0920b891c63d218ed3d89d0,Fixed-Dc,4,-558998,0.0018005991181906933,0.005088393486945453,0,0,0,0,0
0.35,800000,1027,7,955dbb4b6b3d9826cb43ad604dc3c54483e71754b2dfffbffc595429e74a797a,497b8822afdb329df7e593163c058667365610ead0920b891c63d218ed3d89d0,Decoupled,1,0,,,,,,0,0
0.35,800000,1027,7,955dbb4b6b3d9826cb43ad604dc3c54483e71754b2dfffbffc595429e74a797a,497b8822afdb329df7e593163c058667365610ead0920b891c63d218ed3d89d0,Decoupled,2,0,,,,,,0,0
0.35,800000,1027,7,955dbb4b6b3d9826cb43ad604dc3c54483e71754b2dfffbffc595429e74a797a,497b8822afdb329df7e593163c058667365610ead0920b891c63d218ed3d89d0,Decoupled,3,0,,,,,,0,0
0.35,800000,1027,7,955dbb4b6b3d9826cb43ad604dc3c54483e71754b2dfffbffc595429e74a797a,497b8822afdb329df7e593163c058667365610ead0920b891c63d218ed3d89d0,Decoupled,4,45714,,,,,,0,0
0.35,800000,1027,11,955dbb4b6b3d9826cb43ad604dc3c54483e71754b2dfffbffc595429e74a797a,497b8822afdb329df7e593163c058667365610ead0920b891c63d218ed3d89d0,No-Dq-R,1,0,0.0,0.0,0.0,0,0,0,0
0.35,800000,1027,11,955dbb4b6b3d9826cb43ad604dc3c54483e71754b2dfffbffc595429e74a797a,497b8822afdb329df7e593163c058667365610ead0920b891c63d218ed3d89d0,No-Dq-R,2,-800000,0.056319511058792515,0.053410213882189916,1.0,1,0,0,0
0.35,800000,1027,11,955dbb4b6b3d9826cb43ad604dc3c54483e71754b2dfffbffc595429e74a797a,497b8822afdb329df7e593163c058667365610ead0920b891c63d218ed3d89d0,No-Dq-R,3,-1600000,0.0626272107568423,0.07044867040812314,0,0,0,0,0
0.35,800000,1027,11,955dbb4b6b3d9826cb43ad604dc3c54483e71754b2dfffbffc595429e74a797a,497b8822afdb329df7e593163c058667365610ead0920b891c63d218ed3d89d0,No-Dq-R,4,-2354286,0.051193487612035515,0.06263213853850452,0,0,0,0,0
0.35,800000,1027,11,955dbb4b6b3d9826cb43ad604dc3c54483e71754b2dfffbffc595429e74a797a,497b8822afdb329df7e593163c058667365610ead0920b891c63d218ed3d89d0,Fixed-Dc,1,-650426,0.02824066985129159,0.03173509948285935,0.0,0,0,0,0
0.35,800000,1027,11,955dbb4b6b3d9826cb43ad604dc3c54483e71754b2dfffbffc595429e74a797a,497b8822afdb329df7e593163c058667365610ead0920b891c63d218ed3d89d0,Fixed-Dc,2,12965,-0.0004504742901111358,-0.00037815893980525095,0,0,0,0,0
0.35,800000,1027,11,955dbb4b6b3d9826cb43ad604dc3c54483e71754b2dfffbffc595429e74a797a,497b8822afdb329df7e593163c058667365610ead0920b891c63d218ed3d89d0,Fixed-Dc,3,12965,-0.0001403441863915278,-0.00021547175887481895,0,0,0,0,0
0.35,800000,1027,11,955dbb4b6b3d9826cb43ad604dc3c54483e71754b2dfffbffc595429e74a797a,497b8822afdb329df7e593163c058667365610ead0920b891c63d218ed3d89d0,Fixed-Dc,4,-558998,0.0018005991181906933,0.005088393486945453,0,0,0,0,0
0.35,800000,1027,11,955dbb4b6b3d9826cb43ad604dc3c54483e71754b2dfffbffc595429e74a797a,497b8822afdb329df7e593163c058667365610ead0920b891c63d218ed3d89d0,Decoupled,1,0,,,,,,0,0
0.35,800000,1027,11,955dbb4b6b3d9826cb43ad604dc3c54483e71754b2dfffbffc595429e74a797a,497b8822afdb329df7e593163c058667365610ead0920b891c63d218ed3d89d0,Decoupled,2,0,,,,,,0,0
0.35,800000,1027,11,955dbb4b6b3d9826cb43ad604dc3c54483e71754b2dfffbffc595429e74a797a,497b8822afdb329df7e593163c058667365610ead0920b891c63d218ed3d89d0,Decoupled,3,0,,,,,,0,0
0.35,800000,1027,11,955dbb4b6b3d9826cb43ad604dc3c54483e71754b2dfffbffc595429e74a797a,497b8822afdb329df7e593163c058667365610ead0920b891c63d218ed3d89d0,Decoupled,4,45714,,,,,,0,0
0.35,800000,1028,7,14c084c30e4d17ac47f23613dbc63dba5347ffca776f749dabfe73469257dac3,497b8822afdb329df7e593163c058667365610ead0920b891c63d218ed3d89d0,No-Dq-R,1,0,0.0,0.0,0.0,0,0,0,0
0.35,800000,1028,7,14c084c30e4d17ac47f23613dbc63dba5347ffca776f749dabfe73469257dac3,497b8822afdb329df7e593163c058667365610ead0920b891c63d218ed3d89d0,No-Dq-R,2,-800000,0.056319511058792515,0.053410213882189916,1.0,1,0,0,0
0.35,800000,1028,7,14c084c30e4d17ac47f23613dbc63dba5347ffca776f749dabfe73469257dac3,497b8822afdb329df7e593163c058667365610ead0920b891c63d218ed3d89d0,No-Dq-R,3,-1600000,0.06971986524450047,0.07044867040812314,0,0,0,0,0
0.35,800000,1028,7,14c084c30e4d17ac47f23613dbc63dba5347ffca776f749dabfe73469257dac3,497b8822afdb329df7e593163c058667365610ead0920b891c63d218ed3d89d0,No-Dq-R,4,-2354286,0.05707816477886479,0.0684648511959906,0,0,0,0,0
0.35,800000,1028,7,14c084c30e4d17ac47f23613dbc63dba5347ffca776f749dabfe73469257dac3,497b8822afdb329df7e593163c058667365610ead0920b891c63d218ed3d89d0,Fixed-Dc,1,-151327,0.008366786637149848,0.007704083042802123,0.0,0,0,0,0
0.35,800000,1028,7,14c084c30e4d17ac47f23613dbc63dba5347ffca776f749dabfe73469257dac3,497b8822afdb329df7e593163c058667365610ead0920b891c63d218ed3d89d0,Fixed-Dc,2,12965,-0.0004504742901111358,-0.00037815893980525095,0,0,0,0,0
0.35,800000,1028,7,14c084c30e4d17ac47f23613dbc63dba5347ffca776f749dabfe73469257dac3,497b8822afdb329df7e593163c058667365610ead0920b891c63d218ed3d89d0,Fixed-Dc,3,12965,-0.000145407282850174,-0.00021547175887481895,0,0,0,0,0
0.35,800000,1028,7,14c084c30e4d17ac47f23613dbc63dba5347ffca776f749dabfe73469257dac3,497b8822afdb329df7e593163c058667365610ead0920b891c63d218ed3d89d0,Fixed-Dc,4,-59899,0.00021547086410711458,0.0005660760166497636,0,0,0,0,0
0.35,800000,1028,7,14c084c30e4d17ac47f23613dbc63dba5347ffca776f749dabfe73469257dac3,497b8822afdb329df7e593163c058667365610ead0920b891c63d218ed3d89d0,Decoupled,1,0,,,,,,0,0
0.35,800000,1028,7,14c084c30e4d17ac47f23613dbc63dba5347ffca776f749dabfe73469257dac3,497b8822afdb329df7e593163c058667365610ead0920b891c63d218ed3d89d0,Decoupled,2,0,,,,,,0,0
0.35,800000,1028,7,14c084c30e4d17ac47f23613dbc63dba5347ffca776f749dabfe73469257dac3,497b8822afdb329df7e593163c058667365610ead0920b891c63d218ed3d89d0,Decoupled,3,0,,,,,,0,0
0.35,800000,1028,7,14c084c30e4d17ac47f23613dbc63dba5347ffca776f749dabfe73469257dac3,497b8822afdb329df7e593163c058667365610ead0920b891c63d218ed3d89d0,Decoupled,4,45714,,,,,,0,0
0.35,800000,1028,11,14c084c30e4d17ac47f23613dbc63dba5347ffca776f749dabfe73469257dac3,497b8822afdb329df7e593163c058667365610ead0920b891c63d218ed3d89d0,No-Dq-R,1,0,0.0,0.0,0.0,0,0,0,0
0.35,800000,1028,11,14c084c30e4d17ac47f23613dbc63dba5347ffca776f749dabfe73469257dac3,497b8822afdb329df7e593163c058667365610ead0920b891c63d218ed3d89d0,No-Dq-R,2,-800000,0.056319511058792515,0.053410213882189916,1.0,1,0,0,0
0.35,800000,1028,11,14c084c30e4d17ac47f23613dbc63dba5347ffca776f749dabfe73469257dac3,497b8822afdb329df7e593163c058667365610ead0920b891c63d218ed3d89d0,No-Dq-R,3,-1600000,0.0626272107568423,0.07044867040812314,0,0,0,0,0
0.35,800000,1028,11,14c084c30e4d17ac47f23613dbc63dba5347ffca776f749dabfe73469257dac3,497b8822afdb329df7e593163c058667365610ead0920b891c63d218ed3d89d0,No-Dq-R,4,-2354286,0.05707816477886479,0.0684648511959906,0,0,0,0,0
0.35,800000,1028,11,14c084c30e4d17ac47f23613dbc63dba5347ffca776f749dabfe73469257dac3,497b8822afdb329df7e593163c058667365610ead0920b891c63d218ed3d89d0,Fixed-Dc,1,-151327,0.006902652933496567,0.007704083042802123,0.0,0,0,0,0
0.35,800000,1028,11,14c084c30e4d17ac47f23613dbc63dba5347ffca776f749dabfe73469257dac3,497b8822afdb329df7e593163c058667365610ead0920b891c63d218ed3d89d0,Fixed-Dc,2,12965,-0.0004504742901111358,-0.00037815893980525095,0,0,0,0,0
0.35,800000,1028,11,14c084c30e4d17ac47f23613dbc63dba5347ffca776f749dabfe73469257dac3,497b8822afdb329df7e593163c058667365610ead0920b891c63d218ed3d89d0,Fixed-Dc,3,12965,-0.0001403441863915278,-0.00021547175887481895,0,0,0,0,0
0.35,800000,1028,11,14c084c30e4d17ac47f23613dbc63dba5347ffca776f749dabfe73469257dac3,497b8822afdb329df7e593163c058667365610ead0920b891c63d218ed3d89d0,Fixed-Dc,4,-59899,0.00021547086410711458,0.0005660760166497636,0,0,0,0,0
0.35,800000,1028,11,14c084c30e4d17ac47f23613dbc63dba5347ffca776f749dabfe73469257dac3,497b8822afdb329df7e593163c058667365610ead0920b891c63d218ed3d89d0,Decoupled,1,0,,,,,,0,0
0.35,800000,1028,11,14c084c30e4d17ac47f23613dbc63dba5347ffca776f749dabfe73469257dac3,497b8822afdb329df7e593163c058667365610ead0920b891c63d218ed3d89d0,Decoupled,2,0,,,,,,0,0
0.35,800000,1028,11,14c084c30e4d17ac47f23613dbc63dba5347ffca776f749dabfe73469257dac3,497b8822afdb329df7e593163c058667365610ead0920b891c63d218ed3d89d0,Decoupled,3,0,,,,,,0,0
0.35,800000,1028,11,14c084c30e4d17ac47f23613dbc63dba5347ffca776f749dabfe73469257dac3,497b8822afdb329df7e593163c058667365610ead0920b891c63d218ed3d89d0,Decoupled,4,45714,,,,,,0,0
0.35,800000,1029,7,ecead828c8ee24bf748a3ed912e83a8c0870c901b44fd6c3d5bb287d0c4f82de,497b8822afdb329df7e593163c058667365610ead0920b891c63d218ed3d89d0,No-Dq-R,1,0,0.0,0.0,0.0,0,0,0,0
0.35,800000,1029,7,ecead828c8ee24bf748a3ed912e83a8c0870c901b44fd6c3d5bb287d0c4f82de,497b8822afdb329df7e593163c058667365610ead0920b891c63d218ed3d89d0,No-Dq-R,2,-1072109,0.06562141857273346,0.06117840023205612,1.0,1,0,0,0
0.35,800000,1029,7,ecead828c8ee24bf748a3ed912e83a8c0870c901b44fd6c3d5bb287d0c4f82de,497b8822afdb329df7e593163c058667365610ead0920b891c63d218ed3d89d0,No-Dq-R,3,-1327891,0.06019868366625525,0.06268048405825694,0,0,0,0,0
0.35,800000,1029,7,ecead828c8ee24bf748a3ed912e83a8c0870c901b44fd6c3d5bb287d0c4f82de,497b8822afdb329df7e593163c058667365610ead0920b891c63d218ed3d89d0,No-Dq-R,4,-2400000,0.05872356008459795,0.07036168231863998,0,0,0,0,0
0.35,800000,1029,7,ecead828c8ee24bf748a3ed912e83a8c0870c901b44fd6c3d5bb287d0c4f82de,497b8822afdb329df7e593163c058667365610ead0920b891c63d218ed3d89d0,Fixed-Dc,1,12965,-0.0007255404583967895,-0.0006694666581993358,0.0,0,0,0,0
0.35,800000,1029,7,ecead828c8ee24bf748a3ed912e83a8c0870c901b44fd6c3d5bb287d0c4f82de,497b8822afdb329df7e593163c058667365610ead0920b891c63d218ed3d89d0,Fixed-Dc,2,-259144,0.008851433223829808,0.007390027410060951,0,0,0,0,0
0.35,800000,1029,7,ecead828c8ee24bf748a3ed912e83a8c0870c901b44fd6c3d5bb287d0c4f82de,497b8822afdb329df7e593163c058667365610ead0920b891c63d218ed3d89d0,Fixed-Dc,3,12965,-0.000145407282850174,-0.00021547175887481895,0,0,0,0,0
0.35,800000,1029,7,ecead828c8ee24bf748a3ed912e83a8c0870c901b44fd6c3d5bb287d0c4f82de,497b8822afdb329df7e593163c058667365610ead0920b891c63d218ed3d89d0,Fixed-Dc,4,12965,-4.737561089851461e-05,-0.00012320623673489628,0,0,0,0,0
0.35,800000,1029,7,ecead828c8ee24bf748a3ed912e83a8c0870c901b44fd6c3d5bb287d0c4f82de,497b8822afdb329df7e593163c058667365610ead0920b891c63d218ed3d89d0,Decoupled,1,0,,,,,,0,0
0.35,800000,1029,7,ecead828c8ee24bf748a3ed912e83a8c0870c901b44fd6c3d5bb287d0c4f82de,497b8822afdb329df7e593163c058667365610ead0920b891c63d218ed3d89d0,Decoupled,2,-272109,,,,,,0,0
0.35,800000,1029,7,ecead828c8ee24bf748a3ed912e83a8c0870c901b44fd6c3d5bb287d0c4f82de,497b8822afdb329df7e593163c058667365610ead0920b891c63d218ed3d89d0,Decoupled,3,272109,,,,,,0,0
0.35,800000,1029,7,ecead828c8ee24bf748a3ed912e83a8c0870c901b44fd6c3d5bb287d0c4f82de,497b8822afdb329df7e593163c058667365610ead0920b891c63d218ed3d89d0,Decoupled,4,0,,,,,,0,0
0.35,800000,1029,11,ecead828c8ee24bf748a3ed912e83a8c0870c901b44fd6c3d5bb287d0c4f82de,497b8822afdb329df7e593163c058667365610ead0920b891c63d218ed3d89d0,No-Dq-R,1,0,0.0,0.0,0.0,0,0,0,0
0.35,800000,1029,11,ecead828c8ee24bf748a3ed912e83a8c0870c901b44fd6c3d5bb287d0c4f82de,497b8822afdb329df7e593163c058667365610ead0920b891c63d218ed3d89d0,No-Dq-R,2,-1072109,0.06562141857273346,0.06117840023205612,1.0,1,0,0,0
0.35,800000,1029,11,ecead828c8ee24bf748a3ed912e83a8c0870c901b44fd6c3d5bb287d0c4f82de,497b8822afdb329df7e593163c058667365610ead0920b891c63d218ed3d89d0,No-Dq-R,3,-1327891,0.05638500188319451,0.06268048405825694,0,0,0,0,0
0.35,800000,1029,11,ecead828c8ee24bf748a3ed912e83a8c0870c901b44fd6c3d5bb287d0c4f82de,497b8822afdb329df7e593163c058667365610ead0920b891c63d218ed3d89d0,No-Dq-R,4,-2400000,0.05872356008459795,0.07036168231863998,0,0,0,0,0
0.35,800000,1029,11,ecead828c8ee24bf748a3ed912e83a8c0870c901b44fd6c3d5bb287d0c4f82de,497b8822afdb329df7e593163c058667365610ead0920b891c63d218ed3d89d0,Fixed-Dc,1,12965,-0.0006011415817875898,-0.0006694666581993358,0.0,0,0,0,0
0.35,800000,1029,11,ecead828c8ee24bf748a3ed912e83a8c0870c901b44fd6c3d5bb287d0c4f82de,497b8822afdb329df7e593163c058667365610ead0920b891c63d218ed3d89d0,Fixed-Dc,2,-259144,0.008851433223829808,0.007390027410060951,0,0,0,0,0
0.35,800000,1029,11,ecead828c8ee24bf748a3ed912e83a8c0870c901b44fd6c3d5bb287d0c4f82de,497b8822afdb329df7e593163c058667365610ead0920b891c63d218ed3d89d0,Fixed-Dc,3,12965,-0.0001403441863915278,-0.00021547175887481895,0,0,0,0,0
0.35,800000,1029,11,ecead828c8ee24bf748a3ed912e83a8c0870c901b44fd6c3d5bb287d0c4f82de,497b8822afdb329df7e593163c058667365610ead0920b891c63d218ed3d89d0,Fixed-Dc,4,12965,-4.737561089851461e-05,-0.00012320623673489628,0,0,0,0,0
0.35,800000,1029,11,ecead828c8ee24bf748a3ed912e83a8c0870c901b44fd6c3d5bb287d0c4f82de,497b8822afdb329df7e593163c058667365610ead0920b891c63d218ed3d89d0,Decoupled,1,0,,,,,,0,0
0.35,800000,1029,11,ecead828c8ee24bf748a3ed912e83a8c0870c901b44fd6c3d5bb287d0c4f82de,497b8822afdb329df7e593163c058667365610ead0920b891c63d218ed3d89d0,Decoupled,2,-272109,,,,,,0,0
0.35,800000,1029,11,ecead828c8ee24bf748a3ed912e83a8c0870c901b44fd6c3d5bb287d0c4f82de,497b8822afdb329df7e593163c058667365610ead0920b891c63d218ed3d89d0,Decoupled,3,272109,,,,,,0,0
0.35,800000,1029,11,ecead828c8ee24bf748a3ed912e83a8c0870c901b44fd6c3d5bb287d0c4f82de,497b8822afdb329df7e593163c058667365610ead0920b891c63d218ed3d89d0,Decoupled,4,0,,,,,,0,0
0.35,800000,1030,7,2a516c66dee5def3c650e24402c93c34a115cca22a1eec10fc285b94adf3e489,497b8822afdb329df7e593163c058667365610ead0920b891c63d218ed3d89d0,No-Dq-R,1,0,0.0,0.0,0.0,0,0,0,0
0.35,800000,1030,7,2a516c66dee5def3c650e24402c93c34a115cca22a1eec10fc285b94adf3e489,497b8822afdb329df7e593163c058667365610ead0920b891c63d218ed3d89d0,No-Dq-R,2,-701077,0.05201727895836272,0.04960369074259008,1.0,1,0,0,0
0.35,800000,1030,7,2a516c66dee5def3c650e24402c93c34a115cca22a1eec10fc285b94adf3e489,497b8822afdb329df7e593163c058667365610ead0920b891c63d218ed3d89d0,No-Dq-R,3,-1600000,0.06971986524450047,0.07044867040812314,0,0,0,0,0
0.35,800000,1030,7,2a516c66dee5def3c650e24402c93c34a115cca22a1eec10fc285b94adf3e489,497b8822afdb329df7e593163c058667365610ead0920b891c63d218ed3d89d0,No-Dq-R,4,-2354286,0.049551247714417546,0.06100088223998745,0.0,0,0,1,0
0.35,800000,1030,7,2a516c66dee5def3c650e24402c93c34a115cca22a1eec10fc285b94adf3e489,497b8822afdb329df7e593163c058667365610ead0920b891c63d218ed3d89d0,Fixed-Dc,1,-797958,0.042110006694561,0.03845291955767527,0.0,0,0,0,0
0.35,800000,1030,7,2a516c66dee5def3c650e24402c93c34a115cca22a1eec10fc285b94adf3e489,497b8822afdb329df7e593163c058667365610ead0920b891c63d218ed3d89d0,Fixed-Dc,2,12965,-0.0004504742901111358,-0.00037815893980525095,0,0,0,0,0
0.35,800000,1030,7,2a516c66dee5def3c650e24402c93c34a115cca22a1eec10fc285b94adf3e489,497b8822afdb329df7e593163c058667365610ead0920b891c63d218ed3d89d0,Fixed-Dc,3,12965,-0.000145407282850174,-0.00021547175887481895,0,0,0,0,0
0.35,800000,1030,7,2a516c66dee5def3c650e24402c93c34a115cca22a1eec10fc285b94adf3e489,497b8822afdb329df7e593163c058667365610ead0920b891c63d218ed3d89d0,Fixed-Dc,4,-706530,0.0022003535464914514,0.0063613587730770305,0.0,0,0,1,0
0.35,800000,1030,7,2a516c66dee5def3c650e24402c93c34a115cca22a1eec10fc285b94adf3e489,497b8822afdb329df7e593163c058667365610ead0920b891c63d218ed3d89d0,Decoupled,1,0,,,,,,0,0
0.35,800000,1030,7,2a516c66dee5def3c650e24402c93c34a115cca22a1eec10fc285b94adf3e489,497b8822afdb329df7e593163c058667365610ead0920b891c63d218ed3d89d0,Decoupled,2,98923,,,,,,0,0
0.35,800000,1030,7,2a516c66dee5def3c650e24402c93c34a115cca22a1eec10fc285b94adf3e489,497b8822afdb329df7e593163c058667365610ead0920b891c63d218ed3d89d0,Decoupled,3,0,,,,,,0,0
0.35,800000,1030,7,2a516c66dee5def3c650e24402c93c34a115cca22a1eec10fc285b94adf3e489,497b8822afdb329df7e593163c058667365610ead0920b891c63d218ed3d89d0,Decoupled,4,45714,,,,,,0,0
0.35,800000,1030,11,2a516c66dee5def3c650e24402c93c34a115cca22a1eec10fc285b94adf3e489,497b8822afdb329df7e593163c058667365610ead0920b891c63d218ed3d89d0,No-Dq-R,1,0,0.0,0.0,0.0,0,0,0,0
0.35,800000,1030,11,2a516c66dee5def3c650e24402c93c34a115cca22a1eec10fc285b94adf3e489,497b8822afdb329df7e593163c058667365610ead0920b891c63d218ed3d89d0,No-Dq-R,2,-701077,0.05201727895836272,0.04960369074259008,1.0,1,0,0,0
0.35,800000,1030,11,2a516c66dee5def3c650e24402c93c34a115cca22a1eec10fc285b94adf3e489,497b8822afdb329df7e593163c058667365610ead0920b891c63d218ed3d89d0,No-Dq-R,3,-1600000,0.0626272107568423,0.07044867040812314,0,0,0,0,0
0.35,800000,1030,11,2a516c66dee5def3c650e24402c93c34a115cca22a1eec10fc285b94adf3e489,497b8822afdb329df7e593163c058667365610ead0920b891c63d218ed3d89d0,No-Dq-R,4,-2354286,0.049551247714417546,0.06100088223998745,0.0,0,0,1,0
0.35,800000,1030,11,2a516c66dee5def3c650e24402c93c34a115cca22a1eec10fc285b94adf3e489,497b8822afdb329df7e593163c058667365610ead0920b891c63d218ed3d89d0,Fixed-Dc,1,-797958,0.034148427826637184,0.03845291955767527,0.0,0,0,0,0
0.35,800000,1030,11,2a516c66dee5def3c650e24402c93c34a115cca22a1eec10fc285b94adf3e489,497b8822afdb329df7e593163c058667365610ead0920b891c63d218ed3d89d0,Fixed-Dc,2,12965,-0.0004504742901111358,-0.00037815893980525095,0,0,0,0,0
0.35,800000,1030,11,2a516c66dee5def3c650e24402c93c34a115cca22a1eec10fc285b94adf3e489,497b8822afdb329df7e593163c058667365610ead0920b891c63d218ed3d89d0,Fixed-Dc,3,12965,-0.0001403441863915278,-0.00021547175887481895,0,0,0,0,0
0.35,800000,1030,11,2a516c66dee5def3c650e24402c93c34a115cca22a1eec10fc285b94adf3e489,497b8822afdb329df7e593163c058667365610ead0920b891c63d218ed3d89d0,Fixed-Dc,4,-706530,0.0022003535464914514,0.0063613587730770305,0.0,0,0,1,0
0.35,800000,1030,11,2a516c66dee5def3c650e24402c93c34a115cca22a1eec10fc285b94adf3e489,497b8822afdb329df7e593163c058667365610ead0920b891c63d218ed3d89d0,Decoupled,1,0,,,,,,0,0
0.35,800000,1030,11,2a516c66dee5def3c650e24402c93c34a115cca22a1eec10fc285b94adf3e489,497b8822afdb329df7e593163c058667365610ead0920b891c63d218ed3d89d0,Decoupled,2,98923,,,,,,0,0
0.35,800000,1030,11,2a516c66dee5def3c650e24402c93c34a115cca22a1eec10fc285b94adf3e489,497b8822afdb329df7e593163c058667365610ead0920b891c63d218ed3d89d0,Decoupled,3,0,,,,,,0,0
0.35,800000,1030,11,2a516c66dee5def3c650e24402c93c34a115cca22a1eec10fc285b94adf3e489,497b8822afdb329df7e593163c058667365610ead0920b891c63d218ed3d89d0,Decoupled,4,45714,,,,,,0,0
0.35,800000,1031,7,934fad341d6ccaf49d59a5586ac192b3ed9a09e8cd3bbdeeed94a9ea87da5778,497b8822afdb329df7e593163c058667365610ead0920b891c63d218ed3d89d0,No-Dq-R,1,0,0.0,0.0,0.0,0,0,0,0
0.35,800000,1031,7,934fad341d6ccaf49d59a5586ac192b3ed9a09e8cd3bbdeeed94a9ea87da5778,497b8822afdb329df7e593163c058667365610ead0920b891c63d218ed3d89d0,No-Dq-R,2,-800000,0.056319511058792515,0.053410213882189916,1.0,1,0,0,0
0.35,800000,1031,7,934fad341d6ccaf49d59a5586ac192b3ed9a09e8cd3bbdeeed94a9ea87da5778,497b8822afdb329df7e593163c058667365610ead0920b891c63d218ed3d89d0,No-Dq-R,3,-1600000,0.06971986524450047,0.07044867040812314,0,0,0,0,0
0.35,800000,1031,7,934fad341d6ccaf49d59a5586ac192b3ed9a09e8cd3bbdeeed94a9ea87da5778,497b8822afdb329df7e593163c058667365610ead0920b891c63d218ed3d89d0,No-Dq-R,4,-2354286,0.0526583261545952,0.06408580669952596,0,0,0,0,0
0.35,800000,1031,7,934fad341d6ccaf49d59a5586ac192b3ed9a09e8cd3bbdeeed94a9ea87da5778,497b8822afdb329df7e593163c058667365610ead0920b891c63d218ed3d89d0,Fixed-Dc,1,-522005,0.02809545105632183,0.025747481970276986,0.0,0,0,0,0
0.35,800000,1031,7,934fad341d6ccaf49d59a5586ac192b3ed9a09e8cd3bbdeeed94a9ea87da5778,497b8822afdb329df7e593163c058667365610ead0920b891c63d218ed3d89d0,Fixed-Dc,2,12965,-0.0004504742901111358,-0.00037815893980525095,0,0,0,0,0
0.35,800000,1031,7,934fad341d6ccaf49d59a5586ac192b3ed9a09e8cd3bbdeeed94a9ea87da5778,497b8822afdb329df7e593163c058667365610ead0920b891c63d218ed3d89d0,Fixed-Dc,3,12965,-0.000145407282850174,-0.00021547175887481895,0,0,0,0,0
0.35,800000,1031,7,934fad341d6ccaf49d59a5586ac192b3ed9a09e8cd3bbdeeed94a9ea87da5778,497b8822afdb329df7e593163c058667365610ead0920b891c63d218ed3d89d0,Fixed-Dc,4,-430577,0.0014276596351823212,0.003957128009199284,0,0,0,0,0
0.35,800000,1031,7,934fad341d6ccaf49d59a5586ac192b3ed9a09e8cd3bbdeeed94a9ea87da5778,497b8822afdb329df7e593163c058667365610ead0920b891c63d218ed3d89d0,Decoupled,1,0,,,,,,0,0
0.35,800000,1031,7,934fad341d6ccaf49d59a5586ac192b3ed9a09e8cd3bbdeeed94a9ea87da5778,497b8822afdb329df7e593163c058667365610ead0920b891c63d218ed3d89d0,Decoupled,2,0,,,,,,0,0
0.35,800000,1031,7,934fad341d6ccaf49d59a5586ac192b3ed9a09e8cd3bbdeeed94a9ea87da5778,497b8822afdb329df7e593163c058667365610ead0920b891c63d218ed3d89d0,Decoupled,3,0,,,,,,0,0
0.35,800000,1031,7,934fad341d6ccaf49d59a5586ac192b3ed9a09e8cd3bbdeeed94a9ea87da5778,497b8822afdb329df7e593163c058667365610ead0920b891c63d218ed3d89d0,Decoupled,4,45714,,,,,,0,0
0.35,800000,1031,11,934fad341d6ccaf49d59a5586ac192b3ed9a09e8cd3bbdeeed94a9ea87da5778,497b8822afdb329df7e593163c058667365610ead0920b891c63d218ed3d89d0,No-Dq-R,1,0,0.0,0.0,0.0,0,0,0,0
0.35,800000,1031,11,934fad341d6ccaf49d59a5586ac192b3ed9a09e8cd3bbdeeed94a9ea87da5778,497b8822afdb329df7e593163c058667365610ead0920b891c63d218ed3d89d0,No-Dq-R,2,-800000,0.056319511058792515,0.053410213882189916,1.0,1,0,0,0
0.35,800000,1031,11,934fad341d6ccaf49d59a5586ac192b3ed9a09e8cd3bbdeeed94a9ea87da5778,497b8822afdb329df7e593163c058667365610ead0920b891c63d218ed3d89d0,No-Dq-R,3,-1600000,0.0626272107568423,0.07044867040812314,0,0,0,0,0
0.35,800000,1031,11,934fad341d6ccaf49d59a5586ac192b3ed9a09e8cd3bbdeeed94a9ea87da5778,497b8822afdb329df7e593163c058667365610ead0920b891c63d218ed3d89d0,No-Dq-R,4,-2354286,0.0526583261545952,0.06408580669952596,0,0,0,0,0
0.35,800000,1031,11,934fad341d6ccaf49d59a5586ac192b3ed9a09e8cd3bbdeeed94a9ea87da5778,497b8822afdb329df7e593163c058667365610ead0920b891c63d218ed3d89d0,Fixed-Dc,1,-522005,0.022953076346580725,0.025747481970276986,0.0,0,0,0,0
0.35,800000,1031,11,934fad341d6ccaf49d59a5586ac192b3ed9a09e8cd3bbdeeed94a9ea87da5778,497b8822afdb329df7e593163c058667365610ead0920b891c63d218ed3d89d0,Fixed-Dc,2,12965,-0.0004504742901111358,-0.00037815893980525095,0,0,0,0,0
0.35,800000,1031,11,934fad341d6ccaf49d59a5586ac192b3ed9a09e8cd3bbdeeed94a9ea87da5778,497b8822afdb329df7e593163c058667365610ead0920b891c63d218ed3d89d0,Fixed-Dc,3,12965,-0.0001403441863915278,-0.00021547175887481895,0,0,0,0,0
0.35,800000,1031,11,934fad341d6ccaf49d59a5586ac192b3ed9a09e8cd3bbdeeed94a9ea87da5778,497b8822afdb329df7e593163c058667365610ead0920b891c63d218ed3d89d0,Fixed-Dc,4,-430577,0.0014276596351823212,0.003957128009199284,0,0,0,0,0
0.35,800000,1031,11,934fad341d6ccaf49d59a5586ac192b3ed9a09e8cd3bbdeeed94a9ea87da5778,497b8822afdb329df7e593163c058667365610ead0920b891c63d218ed3d89d0,Decoupled,1,0,,,,,,0,0
0.35,800000,1031,11,934fad341d6ccaf49d59a5586ac192b3ed9a09e8cd3bbdeeed94a9ea87da5778,497b8822afdb329df7e593163c058667365610ead0920b891c63d218ed3d89d0,Decoupled,2,0,,,,,,0,0
0.35,800000,1031,11,934fad341d6ccaf49d59a5586ac192b3ed9a09e8cd3bbdeeed94a9ea87da5778,497b8822afdb329df7e593163c058667365610ead0920b891c63d218ed3d89d0,Decoupled,3,0,,,,,,0,0
0.35,800000,1031,11,934fad341d6ccaf49d59a5586ac192b3ed9a09e8cd3bbdeeed94a9ea87da5778,497b8822afdb329df7e593163c058667365610ead0920b891c63d218ed3d89d0,Decoupled,4,45714,,,,,,0,0
0.35,2000000,1000,7,c53ad494c199833476c4efe15d5ca417d0bc95907b2ff66f474c8131115c7c32,497b8822afdb329df7e593163c058667365610ead0920b891c63d218ed3d89d0,No-Dq-R,1,0,0.0,0.0,0.0,0,0,0,0
0.35,2000000,1000,7,c53ad494c199833476c4efe15d5ca417d0bc95907b2ff66f474c8131115c7c32,497b8822afdb329df7e593163c058667365610ead0920b891c63d218ed3d89d0,No-Dq-R,2,0,0.0,0.0,0,0,0,0,0
0.35,2000000,1000,7,c53ad494c199833476c4efe15d5ca417d0bc95907b2ff66f474c8131115c7c32,497b8822afdb329df7e593163c058667365610ead0920b891c63d218ed3d89d0,No-Dq-R,3,0,0.0,0.0,0,0,0,0,0
0.35,2000000,1000,7,c53ad494c199833476c4efe15d5ca417d0bc95907b2ff66f474c8131115c7c32,497b8822afdb329df7e593163c058667365610ead0920b891c63d218ed3d89d0,No-Dq-R,4,0,0.0,0.0,0,0,0,0,0
0.35,2000000,1000,7,c53ad494c199833476c4efe15d5ca417d0bc95907b2ff66f474c8131115c7c32,497b8822afdb329df7e593163c058667365610ead0920b891c63d218ed3d89d0,Fixed-Dc,1,-10296,0.0005751911128104581,0.0005305810181225334,0.0,0,0,0,0
0.35,2000000,1000,7,c53ad494c199833476c4efe15d5ca417d0bc95907b2ff66f474c8131115c7c32,497b8822afdb329df7e593163c058667365610ead0920b891c63d218ed3d89d0,Fixed-Dc,2,-364582,0.011109666464255263,0.008951520658936452,0,0,0,0,0
0.35,2000000,1000,7,c53ad494c199833476c4efe15d5ca417d0bc95907b2ff66f474c8131115c7c32,497b8822afdb329df7e593163c058667365610ead0920b891c63d218ed3d89d0,Fixed-Dc,3,-718868,0.004492351843609188,0.008541407567113635,0,0,0,0,0
0.35,2000000,1000,7,c53ad494c199833476c4efe15d5ca417d0bc95907b2ff66f474c8131115c7c32,497b8822afdb329df7e593163c058667365610ead0920b891c63d218ed3d89d0,Fixed-Dc,4,12965,-5.453211370742839e-06,-8.060658095032647e-05,0,0,0,0,0
0.35,2000000,1000,7,c53ad494c199833476c4efe15d5ca417d0bc95907b2ff66f474c8131115c7c32,497b8822afdb329df7e593163c058667365610ead0920b891c63d218ed3d89d0,Decoupled,1,0,,,,,,0,0
0.35,2000000,1000,7,c53ad494c199833476c4efe15d5ca417d0bc95907b2ff66f474c8131115c7c32,497b8822afdb329df7e593163c058667365610ead0920b891c63d218ed3d89d0,Decoupled,2,0,,,,,,0,0
0.35,2000000,1000,7,c53ad494c199833476c4efe15d5ca417d0bc95907b2ff66f474c8131115c7c32,497b8822afdb329df7e593163c058667365610ead0920b891c63d218ed3d89d0,Decoupled,3,0,,,,,,0,0
0.35,2000000,1000,7,c53ad494c199833476c4efe15d5ca417d0bc95907b2ff66f474c8131115c7c32,497b8822afdb329df7e593163c058667365610ead0920b891c63d218ed3d89d0,Decoupled,4,0,,,,,,0,0
0.35,2000000,1000,11,c53ad494c199833476c4efe15d5ca417d0bc95907b2ff66f474c8131115c7c32,497b8822afdb329df7e593163c058667365610ead0920b891c63d218ed3d89d0,No-Dq-R,1,0,0.0,0.0,0.0,0,0,0,0
0.35,2000000,1000,11,c53ad494c199833476c4efe15d5ca417d0bc95907b2ff66f474c8131115c7c32,497b8822afdb329df7e593163c058667365610ead0920b891c63d218ed3d89d0,No-Dq-R,2,0,0.0,0.0,0,0,0,0,0
0.35,2000000,1000,11,c53ad494c199833476c4efe15d5ca417d0bc95907b2ff66f474c8131115c7c32,497b8822afdb329df7e593163c058667365610ead0920b891c63d218ed3d89d0,No-Dq-R,3,0,0.0,0.0,0,0,0,0,0
0.35,2000000,1000,11,c53ad494c199833476c4efe15d5ca417d0bc95907b2ff66f474c8131115c7c32,497b8822afdb329df7e593163c058667365610ead0920b891c63d218ed3d89d0,No-Dq-R,4,0,0.0,0.0,0,0,0,0,0
0.35,2000000,1000,11,c53ad494c199833476c4efe15d5ca417d0bc95907b2ff66f474c8131115c7c32,497b8822afdb329df7e593163c058667365610ead0920b891c63d218ed3d89d0,Fixed-Dc,1,-10296,0.00047628322832871106,0.0005305810181225334,0.0,0,0,0,0
0.35,2000000,1000,11,c53ad494c199833476c4efe15d5ca417d0bc95907b2ff66f474c8131115c7c32,497b8822afdb329df7e593163c058667365610ead0920b891c63d218ed3d89d0,Fixed-Dc,2,-364582,0.011109666464255263,0.008951520658936452,0,0,0,0,0
0.35,2000000,1000,11,c53ad494c199833476c4efe15d5ca417d0bc95907b2ff66f474c8131115c7c32,497b8822afdb329df7e593163c058667365610ead0920b891c63d218ed3d89d0,Fixed-Dc,3,-718868,0.004305023769273941,0.008541407567113635,0,0,0,0,0
0.35,2000000,1000,11,c53ad494c199833476c4efe15d5ca417d0bc95907b2ff66f474c8131115c7c32,497b8822afdb329df7e593163c058667365610ead0920b891c63d218ed3d89d0,Fixed-Dc,4,12965,-5.453211370742839e-06,-8.060658095032647e-05,0,0,0,0,0
0.35,2000000,1000,11,c53ad494c199833476c4efe15d5ca417d0bc95907b2ff66f474c8131115c7c32,497b8822afdb329df7e593163c058667365610ead0920b891c63d218ed3d89d0,Decoupled,1,0,,,,,,0,0
0.35,2000000,1000,11,c53ad494c199833476c4efe15d5ca417d0bc95907b2ff66f474c8131115c7c32,497b8822afdb329df7e593163c058667365610ead0920b891c63d218ed3d89d0,Decoupled,2,0,,,,,,0,0
0.35,2000000,1000,11,c53ad494c199833476c4efe15d5ca417d0bc95907b2ff66f474c8131115c7c32,497b8822afdb329df7e593163c058667365610ead0920b891c63d218ed3d89d0,Decoupled,3,0,,,,,,0,0
0.35,2000000,1000,11,c53ad494c199833476c4efe15d5ca417d0bc95907b2ff66f474c8131115c7c32,497b8822afdb329df7e593163c058667365610ead0920b891c63d218ed3d89d0,Decoupled,4,0,,,,,,0,0
0.35,2000000,1001,7,a8e99c37b42901540d76acb0497feea3eaa62753380b0b9a4f5b872a164bf6e9,497b8822afdb329df7e593163c058667365610ead0920b891c63d218ed3d89d0,No-Dq-R,1,0,0.0,0.0,0.0,0,0,0,0
0.35,2000000,1001,7,a8e99c37b42901540d76acb0497feea3eaa62753380b0b9a4f5b872a164bf6e9,497b8822afdb329df7e593163c058667365610ead0920b891c63d218ed3d89d0,No-Dq-R,2,0,0.0,0.0,0,0,0,0,0
0.35,2000000,1001,7,a8e99c37b42901540d76acb0497feea3eaa62753380b0b9a4f5b872a164bf6e9,497b8822afdb329df7e593163c058667365610ead0920b891c63d218ed3d89d0,No-Dq-R,3,0,0.0,0.0,0,0,0,0,0
0.35,2000000,1001,7,a8e99c37b42901540d76acb0497feea3eaa62753380b0b9a4f5b872a164bf6e9,497b8822afdb329df7e593163c058667365610ead0920b891c63d218ed3d89d0,No-Dq-R,4,0,0.0,0.0,0,0,0,0,0
0.35,2000000,1001,7,a8e99c37b42901540d76acb0497feea3eaa62753380b0b9a4f5b872a164bf6e9,497b8822afdb329df7e593163c058667365610ead0920b891c63d218ed3d89d0,Fixed-Dc,1,12965,-0.0007255404583967895,-0.0006694666581993358,0.0,0,0,0,0
0.35,2000000,1001,7,a8e99c37b42901540d76acb0497feea3eaa62753380b0b9a4f5b872a164bf6e9,497b8822afdb329df7e593163c058667365610ead0920b891c63d218ed3d89d0,Fixed-Dc,2,12965,-0.00040407010252907494,-0.00032832191038612013,0,0,0,0,0
0.35,2000000,1001,7,a8e99c37b42901540d76acb0497feea3eaa62753380b0b9a4f5b872a164bf6e9,497b8822afdb329df7e593163c058667365610ead0920b891c63d218ed3d89d0,Fixed-Dc,3,12965,-9.085032083888667e-05,-0.0001629537825659222,0,0,0,0,0
0.35,2000000,1001,7,a8e99c37b42901540d76acb0497feea3eaa62753380b0b9a4f5b872a164bf6e9,497b8822afdb329df7e593163c058667365610ead0920b891c63d218ed3d89d0,Fixed-Dc,4,12965,-5.453211370742839e-06,-8.060658095032647e-05,0,0,0,0,0
0.35,2000000,1001,7,a8e99c37b42901540d76acb0497feea3eaa62753380b0b9a4f5b872a164bf6e9,497b8822afdb329df7e593163c058667365610ead0920b891c63d218ed3d89d0,Decoupled,1,0,,,,,,0,0
0.35,2000000,1001,7,a8e99c37b42901540d76acb0497feea3eaa62753380b0b9a4f5b872a164bf6e9,497b8822afdb329df7e593163c058667365610ead0920b891c63d218ed3d89d0,Decoupled,2,0,,,,,,0,0
0.35,2000000,1001,7,a8e99c37b42901540d76acb0497feea3eaa62753380b0b9a4f5b872a164bf6e9,497b8822afdb329df7e593163c058667365610ead0920b891c63d218ed3d89d0,Decoupled,3,0,,,,,,0,0
0.35,2000000,1001,7,a8e99c37b42901540d76acb0497feea3eaa62753380b0b9a4f5b872a164bf6e9,497b8822afdb329df7e593163c058667365610ead0920b891c63d218ed3d89d0,Decoupled,4,0,,,,,,0,0
0.35,2000000,1001,11,a8e99c37b42901540d76acb0497feea3eaa62753380b0b9a4f5b872a164bf6e9,497b8822afdb329df7e593163c058667365610ead0920b891c63d218ed3d89d0,No-Dq-R,1,0,0.0,0.0,0.0,0,0,0,0
0.35,2000000,1001,11,a8e99c37b42901540d76acb0497feea3eaa62753380b0b9a4f5b872a164bf6e9,497b8822afdb329df7e593163c058667365610ead0920b891c63d218ed3d89d0,No-Dq-R,2,0,0.0,0.0,0,0,0,0,0
0.35,2000000,1001,11,a8e99c37b42901540d76acb0497feea3eaa62753380b0b9a4f5b872a164bf6e9,497b8822afdb329df7e593163c058667365610ead0920b891c63d218ed3d89d0,No-Dq-R,3,0,0.0,0.0,0,0,0,0,0
0.35,2000000,1001,11,a8e99c37b42901540d76acb0497feea3eaa62753380b0b9a4f5b872a164bf6e9,497b8822afdb329df7e593163c058667365610ead0920b891c63d218ed3d89d0,No-Dq-R,4,0,0.0,0.0,0,0,0,0,0
0.35,2000000,1001,11,a8e99c37b42901540d76acb0497feea3eaa62753380b0b9a4f5b872a164bf6e9,497b8822afdb329df7e593163c058667365610ead0920b891c63d218ed3d89d0,Fixed-Dc,1,12965,-0.0006011415817875898,-0.0006694666581993358,0.0,0,0,0,0
0.35,2000000,1001,11,a8e99c37b42901540d76acb0497feea3eaa62753380b0b9a4f5b872a164bf6e9,497b8822afdb329df7e593163c058667365610ead0920b891c63d218ed3d89d0,Fixed-Dc,2,12965,-0.00040407010252907494,-0.00032832191038612013,0,0,0,0,0
0.35,2000000,1001,11,a8e99c37b42901540d76acb0497feea3eaa62753380b0b9a4f5b872a164bf6e9,497b8822afdb329df7e593163c058667365610ead0920b891c63d218ed3d89d0,Fixed-Dc,3,12965,-8.721840750941512e-05,-0.0001629537825659222,0,0,0,0,0
0.35,2000000,1001,11,a8e99c37b42901540d76acb0497feea3eaa62753380b0b9a4f5b872a164bf6e9,497b8822afdb329df7e593163c058667365610ead0920b891c63d218ed3d89d0,Fixed-Dc,4,12965,-5.453211370742839e-06,-8.060658095032647e-05,0,0,0,0,0
0.35,2000000,1001,11,a8e99c37b42901540d76acb0497feea3eaa62753380b0b9a4f5b872a164bf6e9,497b8822afdb329df7e593163c058667365610ead0920b891c63d218ed3d89d0,Decoupled,1,0,,,,,,0,0
0.35,2000000,1001,11,a8e99c37b42901540d76acb0497feea3eaa62753380b0b9a4f5b872a164bf6e9,497b8822afdb329df7e593163c058667365610ead0920b891c63d218ed3d89d0,Decoupled,2,0,,,,,,0,0
0.35,2000000,1001,11,a8e99c37b42901540d76acb0497feea3eaa62753380b0b9a4f5b872a164bf6e9,497b8822afdb329df7e593163c058667365610ead0920b891c63d218ed3d89d0,Decoupled,3,0,,,,,,0,0
0.35,2000000,1001,11,a8e99c37b42901540d76acb0497feea3eaa62753380b0b9a4f5b872a164bf6e9,497b8822afdb329df7e593163c058667365610ead0920b891c63d218ed3d89d0,Decoupled,4,0,,,,,,0,0
0.35,2000000,1002,7,e1054402dec0d052eb55fb89aee5c33bf7912f88450713d7c281d465a5acc625,497b8822afdb329df7e593163c058667365610ead0920b891c63d218ed3d89d0,No-Dq-R,1,0,0.0,0.0,0.0,0,0,0,0
0.35,2000000,1002,7,e1054402dec0d052eb55fb89aee5c33bf7912f88450713d7c281d465a5acc625,497b8822afdb329df7e593163c058667365610ead0920b891c63d218ed3d89d0,No-Dq-R,2,0,0.0,0.0,0,0,0,0,0
0.35,2000000,1002,7,e1054402dec0d052eb55fb89aee5c33bf7912f88450713d7c281d465a5acc625,497b8822afdb329df7e593163c058667365610ead0920b891c63d218ed3d89d0,No-Dq-R,3,0,0.0,0.0,0,0,0,0,0
0.35,2000000,1002,7,e1054402dec0d052eb55fb89aee5c33bf7912f88450713d7c281d465a5acc625,497b8822afdb329df7e593163c058667365610ead0920b891c63d218ed3d89d0,No-Dq-R,4,0,0.0,0.0,0,0,0,0,0
0.35,2000000,1002,7,e1054402dec0d052eb55fb89aee5c33bf7912f88450713d7c281d465a5acc625,497b8822afdb329df7e593163c058667365610ead0920b891c63d218ed3d89d0,Fixed-Dc,1,-396050,0.02151078261023298,0.01974510334993007,0.0,0,0,0,0
0.35,2000000,1002,7,e1054402dec0d052eb55fb89aee5c33bf7912f88450713d7c281d465a5acc625,497b8822afdb329df7e593163c058667365610ead0920b891c63d218ed3d89d0,Fixed-Dc,2,-750336,0.022355880585685495,0.017858218995922825,0,0,0,0,0
0.35,2000000,1002,7,e1054402dec0d052eb55fb89aee5c33bf7912f88450713d7c281d465a5acc625,497b8822afdb329df7e593163c058667365610ead0920b891c63d218ed3d89d0,Fixed-Dc,3,12965,-9.085032083888667e-05,-0.0001629537825659222,0,0,0,0,0
0.35,2000000,1002,7,e1054402dec0d052eb55fb89aee5c33bf7912f88450713d7c281d465a5acc625,497b8822afdb329df7e593163c058667365610ead0920b891c63d218ed3d89d0,Fixed-Dc,4,12965,-5.453211370742839e-06,-8.060658095032647e-05,0,0,0,0,0
0.35,2000000,1002,7,e1054402dec0d052eb55fb89aee5c33bf7912f88450713d7c281d465a5acc625,497b8822afdb329df7e593163c058667365610ead0920b891c63d218ed3d89d0,Decoupled,1,0,,,,,,0,0
0.35,2000000,1002,7,e1054402dec0d052eb55fb89aee5c33bf7912f88450713d7c281d465a5acc625,497b8822afdb329df7e593163c058667365610ead0920b891c63d218ed3d89d0,Decoupled,2,0,,,,,,0,0
0.35,2000000,1002,7,e1054402dec0d052eb55fb89aee5c33bf7912f88450713d7c281d465a5acc625,497b8822afdb329df7e593163c058667365610ead0920b891c63d218ed3d89d0,Decoupled,3,0,,,,,,0,0
0.35,2000000,1002,7,e1054402dec0d052eb55fb89aee5c33bf7912f88450713d7c281d465a5acc625,497b8822afdb329df7e593163c058667365610ead0920b891c63d218ed3d89d0,Decoupled,4,0,,,,,,0,0
0.35,2000000,1002,11,e1054402dec0d052eb55fb89aee5c33bf7912f88450713d7c281d465a5acc625,497b8822afdb329df7e593163c058667365610ead0920b891c63d218ed3d89d0,No-Dq-R,1,0,0.0,0.0,0.0,0,0,0,0
0.35,2000000,1002,11,e1054402dec0d052eb55fb89aee5c33bf7912f88450713d7c281d465a5acc625,497b8822afdb329df7e593163c058667365610ead0920b891c63d218ed3d89d0,No-Dq-R,2,0,0.0,0.0,0,0,0,0,0
0.35,2000000,1002,11,e1054402dec0d052eb55fb89aee5c33bf7912f88450713d7c281d465a5acc625,497b8822afdb329df7e593163c058667365610ead0920b891c63d218ed3d89d0,No-Dq-R,3,0,0.0,0.0,0,0,0,0,0
0.35,2000000,1002,11,e1054402dec0d052eb55fb89aee5c33bf7912f88450713d7c281d465a5acc625,497b8822afdb329df7e593163c058667365610ead0920b891c63d218ed3d89d0,No-Dq-R,4,0,0.0,0.0,0,0,0,0,0
0.35,2000000,1002,11,e1054402dec0d052eb55fb89aee5c33bf7912f88450713d7c281d465a5acc625,497b8822afdb329df7e593163c058667365610ead0920b891c63d218ed3d89d0,Fixed-Dc,1,-396050,0.017632562945540387,0.01974510334993007,0.0,0,0,0,0
0.35,2000000,1002,11,e1054402dec0d052eb55fb89aee5c33bf7912f88450713d7c281d465a5acc625,497b8822afdb329df7e593163c058667365610ead0920b891c63d218ed3d89d0,Fixed-Dc,2,-750336,0.022355880585685495,0.017858218995922825,0,0,0,0,0
0.35,2000000,1002,11,e1054402dec0d052eb55fb89aee5c33bf7912f88450713d7c281d465a5acc625,497b8822afdb329df7e593163c058667365610ead0920b891c63d218ed3d89d0,Fixed-Dc,3,12965,-8.721840750941512e-05,-0.0001629537825659222,0,0,0,0,0
0.35,2000000,1002,11,e1054402dec0d052eb55fb89aee5c33bf7912f88450713d7c281d465a5acc625,497b8822afdb329df7e593163c058667365610ead0920b891c63d218ed3d89d0,Fixed-Dc,4,12965,-5.453211370742839e-06,-8.060658095032647e-05,0,0,0,0,0
0.35,2000000,1002,11,e1054402dec0d052eb55fb89aee5c33bf7912f88450713d7c281d465a5acc625,497b8822afdb329df7e593163c058667365610ead0920b891c63d218ed3d89d0,Decoupled,1,0,,,,,,0,0
0.35,2000000,1002,11,e1054402dec0d052eb55fb89aee5c33bf7912f88450713d7c281d465a5acc625,497b8822afdb329df7e593163c058667365610ead0920b891c63d218ed3d89d0,Decoupled,2,0,,,,,,0,0
0.35,2000000,1002,11,e1054402dec0d052eb55fb89aee5c33bf7912f88450713d7c281d465a5acc625,497b8822afdb329df7e593163c058667365610ead0920b891c63d218ed3d89d0,Decoupled,3,0,,,,,,0,0
0.35,2000000,1002,11,e1054402dec0d052eb55fb89aee5c33bf7912f88450713d7c281d465a5acc625,497b8822afdb329df7e593163c058667365610ead0920b891c63d218ed3d89d0,Decoupled,4,0,,,,,,0,0
0.35,2000000,1003,7,f7b939f0a4df5cb818b940abbd72ad226119562e2e98ecf73f834a568990f197,497b8822afdb329df7e593163c058667365610ead0920b891c63d218ed3d89d0,No-Dq-R,1,0,0.0,0.0,0.0,0,0,0,0
0.35,2000000,1003,7,f7b939f0a4df5cb818b940abbd72ad226119562e2e98ecf73f834a568990f197,497b8822afdb329df7e593163c058667365610ead0920b891c63d218ed3d89d0,No-Dq-R,2,0,0.0,0.0,0,0,0,0,0
0.35,2000000,1003,7,f7b939f0a4df5cb818b940abbd72ad226119562e2e98ecf73f834a568990f197,497b8822afdb329df7e593163c058667365610ead0920b891c63d218ed3d89d0,No-Dq-R,3,0,0.0,0.0,0,0,0,0,0
0.35,2000000,1003,7,f7b939f0a4df5cb818b940abbd72ad226119562e2e98ecf73f834a568990f197,497b8822afdb329df7e593163c058667365610ead0920b891c63d218ed3d89d0,No-Dq-R,4,0,0.0,0.0,0,0,0,0,0
0.35,2000000,1003,7,f7b939f0a4df5cb818b940abbd72ad226119562e2e98ecf73f834a568990f197,497b8822afdb329df7e593163c058667365610ead0920b891c63d218ed3d89d0,Fixed-Dc,1,-297036,0.01624927049998315,0.014934424431790272,0.0,0,0,0,0
0.35,2000000,1003,7,f7b939f0a4df5cb818b940abbd72ad226119562e2e98ecf73f834a568990f197,497b8822afdb329df7e593163c058667365610ead0920b891c63d218ed3d89d0,Fixed-Dc,2,-651322,0.019517239918237173,0.015625328801580407,0,0,0,0,0
0.35,2000000,1003,7,f7b939f0a4df5cb818b940abbd72ad226119562e2e98ecf73f834a568990f197,497b8822afdb329df7e593163c058667365610ead0920b891c63d218ed3d89d0,Fixed-Dc,3,12965,-9.085032083888667e-05,-0.0001629537825659222,0,0,0,0,0
0.35,2000000,1003,7,f7b939f0a4df5cb818b940abbd72ad226119562e2e98ecf73f834a568990f197,497b8822afdb329df7e593163c058667365610ead0920b891c63d218ed3d89d0,Fixed-Dc,4,12965,-5.453211370742839e-06,-8.060658095032647e-05,0,0,0,0,0
0.35,2000000,1003,7,f7b939f0a4df5cb818b940abbd72ad226119562e2e98ecf73f834a568990f197,497b8822afdb329df7e593163c058667365610ead0920b891c63d218ed3d89d0,Decoupled,1,0,,,,,,0,0
0.35,2000000,1003,7,f7b939f0a4df5cb818b940abbd72ad226119562e2e98ecf73f834a568990f197,497b8822afdb329df7e593163c058667365610ead0920b891c63d218ed3d89d0,Decoupled,2,0,,,,,,0,0
0.35,2000000,1003,7,f7b939f0a4df5cb818b940abbd72ad226119562e2e98ecf73f834a568990f197,497b8822afdb329df7e593163c058667365610ead0920b891c63d218ed3d89d0,Decoupled,3,0,,,,,,0,0
0.35,2000000,1003,7,f7b939f0a4df5cb818b940abbd72ad226119562e2e98ecf73f834a568990f197,497b8822afdb329df7e593163c058667365610ead0920b891c63d218ed3d89d0,Decoupled,4,0,,,,,,0,0
0.35,2000000,1003,11,f7b939f0a4df5cb818b940abbd72ad226119562e2e98ecf73f834a568990f197,497b8822afdb329df7e593163c058667365610ead0920b891c63d218ed3d89d0,No-Dq-R,1,0,0.0,0.0,0.0,0,0,0,0
0.35,2000000,1003,11,f7b939f0a4df5cb818b940abbd72ad226119562e2e98ecf73f834a568990f197,497b8822afdb329df7e593163c058667365610ead0920b891c63d218ed3d89d0,No-Dq-R,2,0,0.0,0.0,0,0,0,0,0
0.35,2000000,1003,11,f7b939f0a4df5cb818b940abbd72ad226119562e2e98ecf73f834a568990f197,497b8822afdb329df7e593163c058667365610ead0920b891c63d218ed3d89d0,No-Dq-R,3,0,0.0,0.0,0,0,0,0,0
0.35,2000000,1003,11,f7b939f0a4df5cb818b940abbd72ad226119562e2e98ecf73f834a568990f197,497b8822afdb329df7e593163c058667365610ead0920b891c63d218ed3d89d0,No-Dq-R,4,0,0.0,0.0,0,0,0,0,0
0.35,2000000,1003,11,f7b939f0a4df5cb818b940abbd72ad226119562e2e98ecf73f834a568990f197,497b8822afdb329df7e593163c058667365610ead0920b891c63d218ed3d89d0,Fixed-Dc,1,-297036,0.0133545609811071,0.014934424431790272,0.0,0,0,0,0
0.35,2000000,1003,11,f7b939f0a4df5cb818b940abbd72ad226119562e2e98ecf73f834a568990f197,497b8822afdb329df7e593163c058667365610ead0920b891c63d218ed3d89d0,Fixed-Dc,2,-651322,0.019517239918237173,0.015625328801580407,0,0,0,0,0
0.35,2000000,1003,11,f7b939f0a4df5cb818b940abbd72ad226119562e2e98ecf73f834a568990f197,497b8822afdb329df7e593163c058667365610ead0920b891c63d218ed3d89d0,Fixed-Dc,3,12965,-8.721840750941512e-05,-0.0001629537825659222,0,0,0,0,0
0.35,2000000,1003,11,f7b939f0a4df5cb818b940abbd72ad226119562e2e98ecf73f834a568990f197,497b8822afdb329df7e593163c058667365610ead0920b891c63d218ed3d89d0,Fixed-Dc,4,12965,-5.453211370742839e-06,-8.060658095032647e-05,0,0,0,0,0
0.35,2000000,1003,11,f7b939f0a4df5cb818b940abbd72ad226119562e2e98ecf73f834a568990f197,497b8822afdb329df7e593163c058667365610ead0920b891c63d218ed3d89d0,Decoupled,1,0,,,,,,0,0
0.35,2000000,1003,11,f7b939f0a4df5cb818b940abbd72ad226119562e2e98ecf73f834a568990f197,497b8822afdb329df7e593163c058667365610ead0920b891c63d218ed3d89d0,Decoupled,2,0,,,,,,0,0
0.35,2000000,1003,11,f7b939f0a4df5cb818b940abbd72ad226119562e2e98ecf73f834a568990f197,497b8822afdb329df7e593163c058667365610ead0920b891c63d218ed3d89d0,Decoupled,3,0,,,,,,0,0
0.35,2000000,1003,11,f7b939f0a4df5cb818b940abbd72ad226119562e2e98ecf73f834a568990f197,497b8822afdb329df7e593163c058667365610ead0920b891c63d218ed3d89d0,Decoupled,4,0,,,,,,0,0
0.35,2000000,1004,7,9de6d60ac0e25ffd1c890e8565b0c155c0b925eb509d981f1be0af1b934bd3f1,497b8822afdb329df7e593163c058667365610ead0920b891c63d218ed3d89d0,No-Dq-R,1,0,0.0,0.0,0.0,0,0,0,0
0.35,2000000,1004,7,9de6d60ac0e25ffd1c890e8565b0c155c0b925eb509d981f1be0af1b934bd3f1,497b8822afdb329df7e593163c058667365610ead0920b891c63d218ed3d89d0,No-Dq-R,2,0,0.0,0.0,0,0,0,0,0
0.35,2000000,1004,7,9de6d60ac0e25ffd1c890e8565b0c155c0b925eb509d981f1be0af1b934bd3f1,497b8822afdb329df7e593163c058667365610ead0920b891c63d218ed3d89d0,No-Dq-R,3,0,0.0,0.0,0,0,0,0,0
0.35,2000000,1004,7,9de6d60ac0e25ffd1c890e8565b0c155c0b925eb509d981f1be0af1b934bd3f1,497b8822afdb329df7e593163c058667365610ead0920b891c63d218ed3d89d0,No-Dq-R,4,0,0.0,0.0,0,0,0,0,0
0.35,2000000,1004,7,9de6d60ac0e25ffd1c890e8565b0c155c0b925eb509d981f1be0af1b934bd3f1,497b8822afdb329df7e593163c058667365610ead0920b891c63d218ed3d89d0,Fixed-Dc,1,12965,-0.0007255404583967895,-0.0006694666581993358,0.0,0,0,0,0
0.35,2000000,1004,7,9de6d60ac0e25ffd1c890e8565b0c155c0b925eb509d981f1be0af1b934bd3f1,497b8822afdb329df7e593163c058667365610ead0920b891c63d218ed3d89d0,Fixed-Dc,2,-331646,0.010125698614530998,0.008164693841166915,0,0,0,0,0
0.35,2000000,1004,7,9de6d60ac0e25ffd1c890e8565b0c155c0b925eb509d981f1be0af1b934bd3f1,497b8822afdb329df7e593163c058667365610ead0920b891c63d218ed3d89d0,Fixed-Dc,3,-685932,0.004308948437046989,0.0081704276335276,0,0,0,0,0
0.35,2000000,1004,7,9de6d60ac0e25ffd1c890e8565b0c155c0b925eb509d981f1be0af1b934bd3f1,497b8822afdb329df7e593163c058667365610ead0920b891c63d218ed3d89d0,Fixed-Dc,4,12965,-5.453211370742839e-06,-8.060658095032647e-05,0,0,0,0,0
0.35,2000000,1004,7,9de6d60ac0e25ffd1c890e8565b0c155c0b925eb509d981f1be0af1b934bd3f1,497b8822afdb329df7e593163c058667365610ead0920b891c63d218ed3d89d0,Decoupled,1,0,,,,,,0,0
0.35,2000000,1004,7,9de6d60ac0e25ffd1c890e8565b0c155c0b925eb509d981f1be0af1b934bd3f1,497b8822afdb329df7e593163c058667365610ead0920b891c63d218ed3d89d0,Decoupled,2,0,,,,,,0,0
0.35,2000000,1004,7,9de6d60ac0e25ffd1c890e8565b0c155c0b925eb509d981f1be0af1b934bd3f1,497b8822afdb329df7e593163c058667365610ead0920b891c63d218ed3d89d0,Decoupled,3,0,,,,,,0,0
0.35,2000000,1004,7,9de6d60ac0e25ffd1c890e8565b0c155c0b925eb509d981f1be0af1b934bd3f1,497b8822afdb329df7e593163c058667365610ead0920b891c63d218ed3d89d0,Decoupled,4,0,,,,,,0,0
0.35,2000000,1004,11,9de6d60ac0e25ffd1c890e8565b0c155c0b925eb509d981f1be0af1b934bd3f1,497b8822afdb329df7e593163c058667365610ead0920b891c63d218ed3d89d0,No-Dq-R,1,0,0.0,0.0,0.0,0,0,0,0
0.35,2000000,1004,11,9de6d60ac0e25ffd1c890e8565b0c155c0b925eb509d981f1be0af1b934bd3f1,497b8822afdb329df7e593163c058667365610ead0920b891c63d218ed3d89d0,No-Dq-R,2,0,0.0,0.0,0,0,0,0,0
0.35,2000000,1004,11,9de6d60ac0e25ffd1c890e8565b0c155c0b925eb509d981f1be0af1b934bd3f1,497b8822afdb329df7e593163c058667365610ead0920b891c63d218ed3d89d0,No-Dq-R,3,0,0.0,0.0,0,0,0,0,0
0.35,2000000,1004,11,9de6d60ac0e25ffd1c890e8565b0c155c0b925eb509d981f1be0af1b934bd3f1,497b8822afdb329df7e593163c058667365610ead0920b891c63d218ed3d89d0,No-Dq-R,4,0,0.0,0.0,0,0,0,0,0
0.35,2000000,1004,11,9de6d60ac0e25ffd1c890e8565b0c155c0b925eb509d981f1be0af1b934bd3f1,497b8822afdb329df7e593163c058667365610ead0920b891c63d218ed3d89d0,Fixed-Dc,1,12965,-0.0006011415817875898,-0.0006694666581993358,0.0,0,0,0,0
0.35,2000000,1004,11,9de6d60ac0e25ffd1c890e8565b0c155c0b925eb509d981f1be0af1b934bd3f1,497b8822afdb329df7e593163c058667365610ead0920b891c63d218ed3d89d0,Fixed-Dc,2,-331646,0.010125698614530998,0.008164693841166915,0,0,0,0,0
0.35,2000000,1004,11,9de6d60ac0e25ffd1c890e8565b0c155c0b925eb509d981f1be0af1b934bd3f1,497b8822afdb329df7e593163c058667365610ead0920b891c63d218ed3d89d0,Fixed-Dc,3,-685932,0.0041296272132357315,0.0081704276335276,0,0,0,0,0
0.35,2000000,1004,11,9de6d60ac0e25ffd1c890e8565b0c155c0b925eb509d981f1be0af1b934bd3f1,497b8822afdb329df7e593163c058667365610ead0920b891c63d218ed3d89d0,Fixed-Dc,4,12965,-5.453211370742839e-06,-8.060658095032647e-05,0,0,0,0,0
0.35,2000000,1004,11,9de6d60ac0e25ffd1c890e8565b0c155c0b925eb509d981f1be0af1b934bd3f1,497b8822afdb329df7e593163c058667365610ead0920b891c63d218ed3d89d0,Decoupled,1,0,,,,,,0,0
0.35,2000000,1004,11,9de6d60ac0e25ffd1c890e8565b0c155c0b925eb509d981f1be0af1b934bd3f1,497b8822afdb329df7e593163c058667365610ead0920b891c63d218ed3d89d0,Decoupled,2,0,,,,,,0,0
0.35,2000000,1004,11,9de6d60ac0e25ffd1c890e8565b0c155c0b925eb509d981f1be0af1b934bd3f1,497b8822afdb329df7e593163c058667365610ead0920b891c63d218ed3d89d0,Decoupled,3,0,,,,,,0,0
0.35,2000000,1004,11,9de6d60ac0e25ffd1c890e8565b0c155c0b925eb509d981f1be0af1b934bd3f1,497b8822afdb329df7e593163c058667365610ead0920b891c63d218ed3d89d0,Decoupled,4,0,,,,,,0,0
0.35,2000000,1005,7,340fb2e34d2035cb4b654a714050ab23c8f819dcdc2101abfad8d58481934306,497b8822afdb329df7e593163c058667365610ead0920b891c63d218ed3d89d0,No-Dq-R,1,0,0.0,0.0,0.0,0,0,0,0
0.35,2000000,1005,7,340fb2e34d2035cb4b654a714050ab23c8f819dcdc2101abfad8d58481934306,497b8822afdb329df7e593163c058667365610ead0920b891c63d218ed3d89d0,No-Dq-R,2,0,0.0,0.0,0,0,0,0,0
0.35,2000000,1005,7,340fb2e34d2035cb4b654a714050ab23c8f819dcdc2101abfad8d58481934306,497b8822afdb329df7e593163c058667365610ead0920b891c63d218ed3d89d0,No-Dq-R,3,0,0.0,0.0,0,0,0,0,0
0.35,2000000,1005,7,340fb2e34d2035cb4b654a714050ab23c8f819dcdc2101abfad8d58481934306,497b8822afdb329df7e593163c058667365610ead0920b891c63d218ed3d89d0,No-Dq-R,4,0,0.0,0.0,0,0,0,0,0
0.35,2000000,1005,7,340fb2e34d2035cb4b654a714050ab23c8f819dcdc2101abfad8d58481934306,497b8822afdb329df7e593163c058667365610ead0920b891c63d218ed3d89d0,Fixed-Dc,1,-237346,0.013040498594106387,0.011994446883833665,0.0,0,0,0,0
0.35,2000000,1005,7,340fb2e34d2035cb4b654a714050ab23c8f819dcdc2101abfad8d58481934306,497b8822afdb329df7e593163c058667365610ead0920b891c63d218ed3d89d0,Fixed-Dc,2,-591632,0.017790180498621133,0.014261718269871049,0,0,0,0,0
0.35,2000000,1005,7,340fb2e34d2035cb4b654a714050ab23c8f819dcdc2101abfad8d58481934306,497b8822afdb329df7e593163c058667365610ead0920b891c63d218ed3d89d0,Fixed-Dc,3,12965,-9.085032083888667e-05,-0.0001629537825659222,0,0,0,0,0
0.35,2000000,1005,7,340fb2e34d2035cb4b654a714050ab23c8f819dcdc2101abfad8d58481934306,497b8822afdb329df7e593163c058667365610ead0920b891c63d218ed3d89d0,Fixed-Dc,4,12965,-5.453211370742839e-06,-8.060658095032647e-05,0,0,0,0,0
0.35,2000000,1005,7,340fb2e34d2035cb4b654a714050ab23c8f819dcdc2101abfad8d58481934306,497b8822afdb329df7e593163c058667365610ead0920b891c63d218ed3d89d0,Decoupled,1,0,,,,,,0,0
0.35,2000000,1005,7,340fb2e34d2035cb4b654a714050ab23c8f819dcdc2101abfad8d58481934306,497b8822afdb329df7e593163c058667365610ead0920b891c63d218ed3d89d0,Decoupled,2,0,,,,,,0,0
0.35,2000000,1005,7,340fb2e34d2035cb4b654a714050ab23c8f819dcdc2101abfad8d58481934306,497b8822afdb329df7e593163c058667365610ead0920b891c63d218ed3d89d0,Decoupled,3,0,,,,,,0,0
0.35,2000000,1005,7,340fb2e34d2035cb4b654a714050ab23c8f819dcdc2101abfad8d58481934306,497b8822afdb329df7e593163c058667365610ead0920b891c63d218ed3d89d0,Decoupled,4,0,,,,,,0,0
0.35,2000000,1005,11,340fb2e34d2035cb4b654a714050ab23c8f819dcdc2101abfad8d58481934306,497b8822afdb329df7e593163c058667365610ead0920b891c63d218ed3d89d0,No-Dq-R,1,0,0.0,0.0,0.0,0,0,0,0
0.35,2000000,1005,11,340fb2e34d2035cb4b654a714050ab23c8f819dcdc2101abfad8d58481934306,497b8822afdb329df7e593163c058667365610ead0920b891c63d218ed3d89d0,No-Dq-R,2,0,0.0,0.0,0,0,0,0,0
0.35,2000000,1005,11,340fb2e34d2035cb4b654a714050ab23c8f819dcdc2101abfad8d58481934306,497b8822afdb329df7e593163c058667365610ead0920b891c63d218ed3d89d0,No-Dq-R,3,0,0.0,0.0,0,0,0,0,0
0.35,2000000,1005,11,340fb2e34d2035cb4b654a714050ab23c8f819dcdc2101abfad8d58481934306,497b8822afdb329df7e593163c058667365610ead0920b891c63d218ed3d89d0,No-Dq-R,4,0,0.0,0.0,0,0,0,0,0
0.35,2000000,1005,11,340fb2e34d2035cb4b654a714050ab23c8f819dcdc2101abfad8d58481934306,497b8822afdb329df7e593163c058667365610ead0920b891c63d218ed3d89d0,Fixed-Dc,1,-237346,0.010734262106657066,0.011994446883833665,0.0,0,0,0,0
0.35,2000000,1005,11,340fb2e34d2035cb4b654a714050ab23c8f819dcdc2101abfad8d58481934306,497b8822afdb329df7e593163c058667365610ead0920b891c63d218ed3d89d0,Fixed-Dc,2,-591632,0.017790180498621133,0.014261718269871049,0,0,0,0,0
0.35,2000000,1005,11,340fb2e34d2035cb4b654a714050ab23c8f819dcdc2101abfad8d58481934306,497b8822afdb329df7e593163c058667365610ead0920b891c63d218ed3d89d0,Fixed-Dc,3,12965,-8.721840750941512e-05,-0.0001629537825659222,0,0,0,0,0
0.35,2000000,1005,11,340fb2e34d2035cb4b654a714050ab23c8f819dcdc2101abfad8d58481934306,497b8822afdb329df7e593163c058667365610ead0920b891c63d218ed3d89d0,Fixed-Dc,4,12965,-5.453211370742839e-06,-8.060658095032647e-05,0,0,0,0,0
0.35,2000000,1005,11,340fb2e34d2035cb4b654a714050ab23c8f819dcdc2101abfad8d58481934306,497b8822afdb329df7e593163c058667365610ead0920b891c63d218ed3d89d0,Decoupled,1,0,,,,,,0,0
0.35,2000000,1005,11,340fb2e34d2035cb4b654a714050ab23c8f819dcdc2101abfad8d58481934306,497b8822afdb329df7e593163c058667365610ead0920b891c63d218ed3d89d0,Decoupled,2,0,,,,,,0,0
0.35,2000000,1005,11,340fb2e34d2035cb4b654a714050ab23c8f819dcdc2101abfad8d58481934306,497b8822afdb329df7e593163c058667365610ead0920b891c63d218ed3d89d0,Decoupled,3,0,,,,,,0,0
0.35,2000000,1005,11,340fb2e34d2035cb4b654a714050ab23c8f819dcdc2101abfad8d58481934306,497b8822afdb329df7e593163c058667365610ead0920b891c63d218ed3d89d0,Decoupled,4,0,,,,,,0,0
0.35,2000000,1006,7,21e9bba705bfa6b2fe05ee11c3f9c3f124816bd0f9708949f457c315b6179fd3,497b8822afdb329df7e593163c058667365610ead0920b891c63d218ed3d89d0,No-Dq-R,1,0,0.0,0.0,0.0,0,0,0,0
0.35,2000000,1006,7,21e9bba705bfa6b2fe05ee11c3f9c3f124816bd0f9708949f457c315b6179fd3,497b8822afdb329df7e593163c058667365610ead0920b891c63d218ed3d89d0,No-Dq-R,2,0,0.0,0.0,0,0,0,0,0
0.35,2000000,1006,7,21e9bba705bfa6b2fe05ee11c3f9c3f124816bd0f9708949f457c315b6179fd3,497b8822afdb329df7e593163c058667365610ead0920b891c63d218ed3d89d0,No-Dq-R,3,0,0.0,0.0,0,0,0,0,0
0.35,2000000,1006,7,21e9bba705bfa6b2fe05ee11c3f9c3f124816bd0f9708949f457c315b6179fd3,497b8822afdb329df7e593163c058667365610ead0920b891c63d218ed3d89d0,No-Dq-R,4,0,0.0,0.0,0,0,0,0,0
0.35,2000000,1006,7,21e9bba705bfa6b2fe05ee11c3f9c3f124816bd0f9708949f457c315b6179fd3,497b8822afdb329df7e593163c058667365610ead0920b891c63d218ed3d89d0,Fixed-Dc,1,12965,-0.0007255404583967895,-0.0006694666581993358,0.0,0,0,0,0
0.35,2000000,1006,7,21e9bba705bfa6b2fe05ee11c3f9c3f124816bd0f9708949f457c315b6179fd3,497b8822afdb329df7e593163c058667365610ead0920b891c63d218ed3d89d0,Fixed-Dc,2,-19150,0.0005956796182364776,0.00048366713441572173,0,0,0,0,0
0.35,2000000,1006,7,21e9bba705bfa6b2fe05ee11c3f9c3f124816bd0f9708949f457c315b6179fd3,497b8822afdb329df7e593163c058667365610ead0920b891c63d218ed3d89d0,Fixed-Dc,3,-373436,0.00246416375541475,0.00455544172493777,0,0,0,0,0
0.35,2000000,1006,7,21e9bba705bfa6b2fe05ee11c3f9c3f124816bd0f9708949f457c315b6179fd3,497b8822afdb329df7e593163c058667365610ead0920b891c63d218ed3d89d0,Fixed-Dc,4,-727722,4.92585917692967e-05,0.004287739531688983,0,0,0,0,0
0.35,2000000,1006,7,21e9bba705bfa6b2fe05ee11c3f9c3f124816bd0f9708949f457c315b6179fd3,497b8822afdb329df7e593163c058667365610ead0920b891c63d218ed3d89d0,Decoupled,1,0,,,,,,0,0
0.35,2000000,1006,7,21e9bba705bfa6b2fe05ee11c3f9c3f124816bd0f9708949f457c315b6179fd3,497b8822afdb329df7e593163c058667365610ead0920b891c63d218ed3d89d0,Decoupled,2,0,,,,,,0,0
0.35,2000000,1006,7,21e9bba705bfa6b2fe05ee11c3f9c3f124816bd0f9708949f457c315b6179fd3,497b8822afdb329df7e593163c058667365610ead0920b891c63d218ed3d89d0,Decoupled,3,0,,,,,,0,0
0.35,2000000,1006,7,21e9bba705bfa6b2fe05ee11c3f9c3f124816bd0f9708949f457c315b6179fd3,497b8822afdb329df7e593163c058667365610ead0920b891c63d218ed3d89d0,Decoupled,4,0,,,,,,0,0
0.35,2000000,1006,11,21e9bba705bfa6b2fe05ee11c3f9c3f124816bd0f9708949f457c315b6179fd3,497b8822afdb329df7e593163c058667365610ead0920b891c63d218ed3d89d0,No-Dq-R,1,0,0.0,0.0,0.0,0,0,0,0
0.35,2000000,1006,11,21e9bba705bfa6b2fe05ee11c3f9c3f124816bd0f9708949f457c315b6179fd3,497b8822afdb329df7e593163c058667365610ead0920b891c63d218ed3d89d0,No-Dq-R,2,0,0.0,0.0,0,0,0,0,0
0.35,2000000,1006,11,21e9bba705bfa6b2fe05ee11c3f9c3f124816bd0f9708949f457c315b6179fd3,497b8822afdb329df7e593163c058667365610ead0920b891c63d218ed3d89d0,No-Dq-R,3,0,0.0,0.0,0,0,0,0,0
0.35,2000000,1006,11,21e9bba705bfa6b2fe05ee11c3f9c3f124816bd0f9708949f457c315b6179fd3,497b8822afdb329df7e593163c058667365610ead0920b891c63d218ed3d89d0,No-Dq-R,4,0,0.0,0.0,0,0,0,0,0
0.35,2000000,1006,11,21e9bba705bfa6b2fe05ee11c3f9c3f124816bd0f9708949f457c315b6179fd3,497b8822afdb329df7e593163c058667365610ead0920b891c63d218ed3d89d0,Fixed-Dc,1,12965,-0.0006011415817875898,-0.0006694666581993358,0.0,0,0,0,0
0.35,2000000,1006,11,21e9bba705bfa6b2fe05ee11c3f9c3f124816bd0f9708949f457c315b6179fd3,497b8822afdb329df7e593163c058667365610ead0920b891c63d218ed3d89d0,Fixed-Dc,2,-19150,0.0005956796182364776,0.00048366713441572173,0,0,0,0,0
0.35,2000000,1006,11,21e9bba705bfa6b2fe05ee11c3f9c3f124816bd0f9708949f457c315b6179fd3,497b8822afdb329df7e593163c058667365610ead0920b891c63d218ed3d89d0,Fixed-Dc,3,-373436,0.002363494056552007,0.00455544172493777,0,0,0,0,0
0.35,2000000,1006,11,21e9bba705bfa6b2fe05ee11c3f9c3f124816bd0f9708949f457c315b6179fd3,497b8822afdb329df7e593163c058667365610ead0920b891c63d218ed3d89d0,Fixed-Dc,4,-727722,4.92585917692967e-05,0.004287739531688983,0,0,0,0,0
0.35,2000000,1006,11,21e9bba705bfa6b2fe05ee11c3f9c3f124816bd0f9708949f457c315b6179fd3,497b8822afdb329df7e593163c058667365610ead0920b891c63d218ed3d89d0,Decoupled,1,0,,,,,,0,0
0.35,2000000,1006,11,21e9bba705bfa6b2fe05ee11c3f9c3f124816bd0f9708949f457c315b6179fd3,497b8822afdb329df7e593163c058667365610ead0920b891c63d218ed3d89d0,Decoupled,2,0,,,,,,0,0
0.35,2000000,1006,11,21e9bba705bfa6b2fe05ee11c3f9c3f124816bd0f9708949f457c315b6179fd3,497b8822afdb329df7e593163c058667365610ead0920b891c63d218ed3d89d0,Decoupled,3,0,,,,,,0,0
0.35,2000000,1006,11,21e9bba705bfa6b2fe05ee11c3f9c3f124816bd0f9708949f457c315b6179fd3,497b8822afdb329df7e593163c058667365610ead0920b891c63d218ed3d89d0,Decoupled,4,0,,,,,,0,0
0.35,2000000,1007,7,6bef4734fc214ff1dc7e0c1b916ec0261d38d7d6428aeb68068b491c00d7f5af,497b8822afdb329df7e593163c058667365610ead0920b891c63d218ed3d89d0,No-Dq-R,1,0,0.0,0.0,0.0,0,0,0,0
0.35,2000000,1007,7,6bef4734fc214ff1dc7e0c1b916ec0261d38d7d6428aeb68068b491c00d7f5af,497b8822afdb329df7e593163c058667365610ead0920b891c63d218ed3d89d0,No-Dq-R,2,0,0.0,0.0,0,0,0,0,0
0.35,2000000,1007,7,6bef4734fc214ff1dc7e0c1b916ec0261d38d7d6428aeb68068b491c00d7f5af,497b8822afdb329df7e593163c058667365610ead0920b891c63d218ed3d89d0,No-Dq-R,3,0,0.0,0.0,0,0,0,0,0
0.35,2000000,1007,7,6bef4734fc214ff1dc7e0c1b916ec0261d38d7d6428aeb68068b491c00d7f5af,497b8822afdb329df7e593163c058667365610ead0920b891c63d218ed3d89d0,No-Dq-R,4,0,0.0,0.0,0,0,0,0,0
0.35,2000000,1007,7,6bef4734fc214ff1dc7e0c1b916ec0261d38d7d6428aeb68068b491c00d7f5af,497b8822afdb329df7e593163c058667365610ead0920b891c63d218ed3d89d0,Fixed-Dc,1,-700469,0.03722231322027003,0.03403285526850919,0.0,0,0,0,0
0.35,2000000,1007,7,6bef4734fc214ff1dc7e0c1b916ec0261d38d7d6428aeb68068b491c00d7f5af,497b8822afdb329df7e593163c058667365610ead0920b891c63d218ed3d89d0,Fixed-Dc,2,12965,-0.00040407010252907494,-0.00032832191038612013,0,0,0,0,0
0.35,2000000,1007,7,6bef4734fc214ff1dc7e0c1b916ec0261d38d7d6428aeb68068b491c00d7f5af,497b8822afdb329df7e593163c058667365610ead0920b891c63d218ed3d89d0,Fixed-Dc,3,12965,-9.085032083888667e-05,-0.0001629537825659222,0,0,0,0,0
0.35,2000000,1007,7,6bef4734fc214ff1dc7e0c1b916ec0261d38d7d6428aeb68068b491c00d7f5af,497b8822afdb329df7e593163c058667365610ead0920b891c63d218ed3d89d0,Fixed-Dc,4,12965,-5.453211370742839e-06,-8.060658095032647e-05,0,0,0,0,0
0.35,2000000,1007,7,6bef4734fc214ff1dc7e0c1b916ec0261d38d7d6428aeb68068b491c00d7f5af,497b8822afdb329df7e593163c058667365610ead0920b891c63d218ed3d89d0,Decoupled,1,0,,,,,,0,0
0.35,2000000,1007,7,6bef4734fc214ff1dc7e0c1b916ec0261d38d7d6428aeb68068b491c00d7f5af,497b8822afdb329df7e593163c058667365610ead0920b891c63d218ed3d89d0,Decoupled,2,0,,,,,,0,0
0.35,2000000,1007,7,6bef4734fc214ff1dc7e0c1b916ec0261d38d7d6428aeb68068b491c00d7f5af,497b8822afdb329df7e593163c058667365610ead0920b891c63d218ed3d89d0,Decoupled,3,0,,,,,,0,0
0.35,2000000,1007,7,6bef4734fc214ff1dc7e0c1b916ec0261d38d7d6428aeb68068b491c00d7f5af,497b8822afdb329df7e593163c058667365610ead0920b891c63d218ed3d89d0,Decoupled,4,0,,,,,,0,0
0.35,2000000,1007,11,6bef4734fc214ff1dc7e0c1b916ec0261d38d7d6428aeb68068b491c00d7f5af,497b8822afdb329df7e593163c058667365610ead0920b891c63d218ed3d89d0,No-Dq-R,1,0,0.0,0.0,0.0,0,0,0,0
0.35,2000000,1007,11,6bef4734fc214ff1dc7e0c1b916ec0261d38d7d6428aeb68068b491c00d7f5af,497b8822afdb329df7e593163c058667365610ead0920b891c63d218ed3d89d0,No-Dq-R,2,0,0.0,0.0,0,0,0,0,0
0.35,2000000,1007,11,6bef4734fc214ff1dc7e0c1b916ec0261d38d7d6428aeb68068b491c00d7f5af,497b8822afdb329df7e593163c058667365610ead0920b891c63d218ed3d89d0,No-Dq-R,3,0,0.0,0.0,0,0,0,0,0
0.35,2000000,1007,11,6bef4734fc214ff1dc7e0c1b916ec0261d38d7d6428aeb68068b491c00d7f5af,497b8822afdb329df7e593163c058667365610ead0920b891c63d218ed3d89d0,No-Dq-R,4,0,0.0,0.0,0,0,0,0,0
0.35,2000000,1007,11,6bef4734fc214ff1dc7e0c1b916ec0261d38d7d6428aeb68068b491c00d7f5af,497b8822afdb329df7e593163c058667365610ead0920b891c63d218ed3d89d0,Fixed-Dc,1,-700469,0.03026434758781882,0.03403285526850919,0.0,0,0,0,0
0.35,2000000,1007,11,6bef4734fc214ff1dc7e0c1b916ec0261d38d7d6428aeb68068b491c00d7f5af,497b8822afdb329df7e593163c058667365610ead0920b891c63d218ed3d89d0,Fixed-Dc,2,12965,-0.00040407010252907494,-0.00032832191038612013,0,0,0,0,0
0.35,2000000,1007,11,6bef4734fc214ff1dc7e0c1b916ec0261d38d7d6428aeb68068b491c00d7f5af,497b8822afdb329df7e593163c058667365610ead0920b891c63d218ed3d89d0,Fixed-Dc,3,12965,-8.721840750941512e-05,-0.0001629537825659222,0,0,0,0,0
0.35,2000000,1007,11,6bef4734fc214ff1dc7e0c1b916ec0261d38d7d6428aeb68068b491c00d7f5af,497b8822afdb329df7e593163c058667365610ead0920b891c63d218ed3d89d0,Fixed-Dc,4,12965,-5.453211370742839e-06,-8.060658095032647e-05,0,0,0,0,0
0.35,2000000,1007,11,6bef4734fc214ff1dc7e0c1b916ec0261d38d7d6428aeb68068b491c00d7f5af,497b8822afdb329df7e593163c058667365610ead0920b891c63d218ed3d89d0,Decoupled,1,0,,,,,,0,0
0.35,2000000,1007,11,6bef4734fc214ff1dc7e0c1b916ec0261d38d7d6428aeb68068b491c00d7f5af,497b8822afdb329df7e593163c058667365610ead0920b891c63d218ed3d89d0,Decoupled,2,0,,,,,,0,0
0.35,2000000,1007,11,6bef4734fc214ff1dc7e0c1b916ec0261d38d7d6428aeb68068b491c00d7f5af,497b8822afdb329df7e593163c058667365610ead0920b891c63d218ed3d89d0,Decoupled,3,0,,,,,,0,0
0.35,2000000,1007,11,6bef4734fc214ff1dc7e0c1b916ec0261d38d7d6428aeb68068b491c00d7f5af,497b8822afdb329df7e593163c058667365610ead0920b891c63d218ed3d89d0,Decoupled,4,0,,,,,,0,0
0.35,2000000,1008,7,aea35899cd452b83dc55dc65db32ac2303f895d138498009310b9ec409614bde,497b8822afdb329df7e593163c058667365610ead0920b891c63d218ed3d89d0,No-Dq-R,1,0,0.0,0.0,0.0,0,0,0,0
0.35,2000000,1008,7,aea35899cd452b83dc55dc65db32ac2303f895d138498009310b9ec409614bde,497b8822afdb329df7e593163c058667365610ead0920b891c63d218ed3d89d0,No-Dq-R,2,0,0.0,0.0,0,0,0,0,0
0.35,2000000,1008,7,aea35899cd452b83dc55dc65db32ac2303f895d138498009310b9ec409614bde,497b8822afdb329df7e593163c058667365610ead0920b891c63d218ed3d89d0,No-Dq-R,3,0,0.0,0.0,0,0,0,0,0
0.35,2000000,1008,7,aea35899cd452b83dc55dc65db32ac2303f895d138498009310b9ec409614bde,497b8822afdb329df7e593163c058667365610ead0920b891c63d218ed3d89d0,No-Dq-R,4,0,0.0,0.0,0,0,0,0,0
0.35,2000000,1008,7,aea35899cd452b83dc55dc65db32ac2303f895d138498009310b9ec409614bde,497b8822afdb329df7e593163c058667365610ead0920b891c63d218ed3d89d0,Fixed-Dc,1,-391334,0.021261894676874782,0.01951782742440067,0.0,0,0,0,0
0.35,2000000,1008,7,aea35899cd452b83dc55dc65db32ac2303f895d138498009310b9ec409614bde,497b8822afdb329df7e593163c058667365610ead0920b891c63d218ed3d89d0,Fixed-Dc,2,-745620,0.022221412331301205,0.017752682466825764,0,0,0,0,0
0.35,2000000,1008,7,aea35899cd452b83dc55dc65db32ac2303f895d138498009310b9ec409614bde,497b8822afdb329df7e593163c058667365610ead0920b891c63d218ed3d89d0,Fixed-Dc,3,12965,-9.085032083888667e-05,-0.0001629537825659222,0,0,0,0,0
0.35,2000000,1008,7,aea35899cd452b83dc55dc65db32ac2303f895d138498009310b9ec409614bde,497b8822afdb329df7e593163c058667365610ead0920b891c63d218ed3d89d0,Fixed-Dc,4,12965,-5.453211370742839e-06,-8.060658095032647e-05,0,0,0,0,0
0.35,2000000,1008,7,aea35899cd452b83dc55dc65db32ac2303f895d138498009310b9ec409614bde,497b8822afdb329df7e593163c058667365610ead0920b891c63d218ed3d89d0,Decoupled,1,0,,,,,,0,0
0.35,2000000,1008,7,aea35899cd452b83dc55dc65db32ac2303f895d138498009310b9ec409614bde,497b8822afdb329df7e593163c058667365610ead0920b891c63d218ed3d89d0,Decoupled,2,0,,,,,,0,0
0.35,2000000,1008,7,aea35899cd452b83dc55dc65db32ac2303f895d138498009310b9ec409614bde,497b8822afdb329df7e593163c058667365610ead0920b891c63d218ed3d89d0,Decoupled,3,0,,,,,,0,0
0.35,2000000,1008,7,aea35899cd452b83dc55dc65db32ac2303f895d138498009310b9ec409614bde,497b8822afdb329df7e593163c058667365610ead0920b891c63d218ed3d89d0,Decoupled,4,0,,,,,,0,0
0.35,2000000,1008,11,aea35899cd452b83dc55dc65db32ac2303f895d138498009310b9ec409614bde,497b8822afdb329df7e593163c058667365610ead0920b891c63d218ed3d89d0,No-Dq-R,1,0,0.0,0.0,0.0,0,0,0,0
0.35,2000000,1008,11,aea35899cd452b83dc55dc65db32ac2303f895d138498009310b9ec409614bde,497b8822afdb329df7e593163c058667365610ead0920b891c63d218ed3d89d0,No-Dq-R,2,0,0.0,0.0,0,0,0,0,0
0.35,2000000,1008,11,aea35899cd452b83dc55dc65db32ac2303f895d138498009310b9ec409614bde,497b8822afdb329df7e593163c058667365610ead0920b891c63d218ed3d89d0,No-Dq-R,3,0,0.0,0.0,0,0,0,0,0
0.35,2000000,1008,11,aea35899cd452b83dc55dc65db32ac2303f895d138498009310b9ec409614bde,497b8822afdb329df7e593163c058667365610ead0920b891c63d218ed3d89d0,No-Dq-R,4,0,0.0,0.0,0,0,0,0,0
0.35,2000000,1008,11,aea35899cd452b83dc55dc65db32ac2303f895d138498009310b9ec409614bde,497b8822afdb329df7e593163c058667365610ead0920b891c63d218ed3d89d0,Fixed-Dc,1,-391334,0.017430725397088342,0.01951782742440067,0.0,0,0,0,0
0.35,2000000,1008,11,aea35899cd452b83dc55dc65db32ac2303f895d138498009310b9ec409614bde,497b8822afdb329df7e593163c058667365610ead0920b891c63d218ed3d89d0,Fixed-Dc,2,-745620,0.022221412331301205,0.017752682466825764,0,0,0,0,0
0.35,2000000,1008,11,aea35899cd452b83dc55dc65db32ac2303f895d138498009310b9ec409614bde,497b8822afdb329df7e593163c058667365610ead0920b891c63d218ed3d89d0,Fixed-Dc,3,12965,-8.721840750941512e-05,-0.0001629537825659222,0,0,0,0,0
0.35,2000000,1008,11,aea35899cd452b83dc55dc65db32ac2303f895d138498009310b9ec409614bde,497b8822afdb329df7e593163c058667365610ead0920b891c63d218ed3d89d0,Fixed-Dc,4,12965,-5.453211370742839e-06,-8.060658095032647e-05,0,0,0,0,0
0.35,2000000,1008,11,aea35899cd452b83dc55dc65db32ac2303f895d138498009310b9ec409614bde,497b8822afdb329df7e593163c058667365610ead0920b891c63d218ed3d89d0,Decoupled,1,0,,,,,,0,0
0.35,2000000,1008,11,aea35899cd452b83dc55dc65db32ac2303f895d138498009310b9ec409614bde,497b8822afdb329df7e593163c058667365610ead0920b891c63d218ed3d89d0,Decoupled,2,0,,,,,,0,0
0.35,2000000,1008,11,aea35899cd452b83dc55dc65db32ac2303f895d138498009310b9ec409614bde,497b8822afdb329df7e593163c058667365610ead0920b891c63d218ed3d89d0,Decoupled,3,0,,,,,,0,0
0.35,2000000,1008,11,aea35899cd452b83dc55dc65db32ac2303f895d138498009310b9ec409614bde,497b8822afdb329df7e593163c058667365610ead0920b891c63d218ed3d89d0,Decoupled,4,0,,,,,,0,0
0.35,2000000,1009,7,f27765d3987810f9d3c50e8db2b88b5f5d6a39e0d34a39e75e71e607d6a93a98,497b8822afdb329df7e593163c058667365610ead0920b891c63d218ed3d89d0,No-Dq-R,1,0,0.0,0.0,0.0,0,0,0,0
0.35,2000000,1009,7,f27765d3987810f9d3c50e8db2b88b5f5d6a39e0d34a39e75e71e607d6a93a98,497b8822afdb329df7e593163c058667365610ead0920b891c63d218ed3d89d0,No-Dq-R,2,0,0.0,0.0,0,0,0,0,0
0.35,2000000,1009,7,f27765d3987810f9d3c50e8db2b88b5f5d6a39e0d34a39e75e71e607d6a93a98,497b8822afdb329df7e593163c058667365610ead0920b891c63d218ed3d89d0,No-Dq-R,3,0,0.0,0.0,0,0,0,0,0
0.35,2000000,1009,7,f27765d3987810f9d3c50e8db2b88b5f5d6a39e0d34a39e75e71e607d6a93a98,497b8822afdb329df7e593163c058667365610ead0920b891c63d218ed3d89d0,No-Dq-R,4,0,0.0,0.0,0,0,0,0,0
0.35,2000000,1009,7,f27765d3987810f9d3c50e8db2b88b5f5d6a39e0d34a39e75e71e607d6a93a98,497b8822afdb329df7e593163c058667365610ead0920b891c63d218ed3d89d0,Fixed-Dc,1,12965,-0.0007255404583967895,-0.0006694666581993358,0.0,0,0,0,0
0.35,2000000,1009,7,f27765d3987810f9d3c50e8db2b88b5f5d6a39e0d34a39e75e71e607d6a93a98,497b8822afdb329df7e593163c058667365610ead0920b891c63d218ed3d89d0,Fixed-Dc,2,12965,-0.00040407010252907494,-0.00032832191038612013,0,0,0,0,0
0.35,2000000,1009,7,f27765d3987810f9d3c50e8db2b88b5f5d6a39e0d34a39e75e71e607d6a93a98,497b8822afdb329df7e593163c058667365610ead0920b891c63d218ed3d89d0,Fixed-Dc,3,12965,-9.085032083888667e-05,-0.0001629537825659222,0,0,0,0,0
0.35,2000000,1009,7,f27765d3987810f9d3c50e8db2b88b5f5d6a39e0d34a39e75e71e607d6a93a98,497b8822afdb329df7e593163c058667365610ead0920b891c63d218ed3d89d0,Fixed-Dc,4,-29674,1.1850833609772238e-05,0.0001839125383927831,0,0,0,0,0
0.35,2000000,1009,7,f27765d3987810f9d3c50e8db2b88b5f5d6a39e0d34a39e75e71e607d6a93a98,497b8822afdb329df7e593163c058667365610ead0920b891c63d218ed3d89d0,Decoupled,1,0,,,,,,0,0
0.35,2000000,1009,7,f27765d3987810f9d3c50e8db2b88b5f5d6a39e0d34a39e75e71e607d6a93a98,497b8822afdb329df7e593163c058667365610ead0920b891c63d218ed3d89d0,Decoupled,2,0,,,,,,0,0
0.35,2000000,1009,7,f27765d3987810f9d3c50e8db2b88b5f5d6a39e0d34a39e75e71e607d6a93a98,497b8822afdb329df7e593163c058667365610ead0920b891c63d218ed3d89d0,Decoupled,3,0,,,,,,0,0
0.35,2000000,1009,7,f27765d3987810f9d3c50e8db2b88b5f5d6a39e0d34a39e75e71e607d6a93a98,497b8822afdb329df7e593163c058667365610ead0920b891c63d218ed3d89d0,Decoupled,4,0,,,,,,0,0
0.35,2000000,1009,11,f27765d3987810f9d3c50e8db2b88b5f5d6a39e0d34a39e75e71e607d6a93a98,497b8822afdb329df7e593163c058667365610ead0920b891c63d218ed3d89d0,No-Dq-R,1,0,0.0,0.0,0.0,0,0,0,0
0.35,2000000,1009,11,f27765d3987810f9d3c50e8db2b88b5f5d6a39e0d34a39e75e71e607d6a93a98,497b8822afdb329df7e593163c058667365610ead0920b891c63d218ed3d89d0,No-Dq-R,2,0,0.0,0.0,0,0,0,0,0
0.35,2000000,1009,11,f27765d3987810f9d3c50e8db2b88b5f5d6a39e0d34a39e75e71e607d6a93a98,497b8822afdb329df7e593163c058667365610ead0920b891c63d218ed3d89d0,No-Dq-R,3,0,0.0,0.0,0,0,0,0,0
0.35,2000000,1009,11,f27765d3987810f9d3c50e8db2b88b5f5d6a39e0d34a39e75e71e607d6a93a98,497b8822afdb329df7e593163c058667365610ead0920b891c63d218ed3d89d0,No-Dq-R,4,0,0.0,0.0,0,0,0,0,0
0.35,2000000,1009,11,f27765d3987810f9d3c50e8db2b88b5f5d6a39e0d34a39e75e71e607d6a93a98,497b8822afdb329df7e593163c058667365610ead0920b891c63d218ed3d89d0,Fixed-Dc,1,12965,-0.0006011415817875898,-0.0006694666581993358,0.0,0,0,0,0
0.35,2000000,1009,11,f27765d3987810f9d3c50e8db2b88b5f5d6a39e0d34a39e75e71e607d6a93a98,497b8822afdb329df7e593163c058667365610ead0920b891c63d218ed3d89d0,Fixed-Dc,2,12965,-0.00040407010252907494,-0.00032832191038612013,0,0,0,0,0
0.35,2000000,1009,11,f27765d3987810f9d3c50e8db2b88b5f5d6a39e0d34a39e75e71e607d6a93a98,497b8822afdb329df7e593163c058667365610ead0920b891c63d218ed3d89d0,Fixed-Dc,3,12965,-8.721840750941512e-05,-0.0001629537825659222,0,0,0,0,0
0.35,2000000,1009,11,f27765d3987810f9d3c50e8db2b88b5f5d6a39e0d34a39e75e71e607d6a93a98,497b8822afdb329df7e593163c058667365610ead0920b891c63d218ed3d89d0,Fixed-Dc,4,-29674,1.1850833609772238e-05,0.0001839125383927831,0,0,0,0,0
0.35,2000000,1009,11,f27765d3987810f9d3c50e8db2b88b5f5d6a39e0d34a39e75e71e607d6a93a98,497b8822afdb329df7e593163c058667365610ead0920b891c63d218ed3d89d0,Decoupled,1,0,,,,,,0,0
0.35,2000000,1009,11,f27765d3987810f9d3c50e8db2b88b5f5d6a39e0d34a39e75e71e607d6a93a98,497b8822afdb329df7e593163c058667365610ead0920b891c63d218ed3d89d0,Decoupled,2,0,,,,,,0,0
0.35,2000000,1009,11,f27765d3987810f9d3c50e8db2b88b5f5d6a39e0d34a39e75e71e607d6a93a98,497b8822afdb329df7e593163c058667365610ead0920b891c63d218ed3d89d0,Decoupled,3,0,,,,,,0,0
0.35,2000000,1009,11,f27765d3987810f9d3c50e8db2b88b5f5d6a39e0d34a39e75e71e607d6a93a98,497b8822afdb329df7e593163c058667365610ead0920b891c63d218ed3d89d0,Decoupled,4,0,,,,,,0,0
0.35,2000000,1010,7,fec8d6b2bfeb7dd82cbd8e92a7e4814d22b4e804dd1e70dd0bb5e5a28caf18e6,497b8822afdb329df7e593163c058667365610ead0920b891c63d218ed3d89d0,No-Dq-R,1,0,0.0,0.0,0.0,0,0,0,0
0.35,2000000,1010,7,fec8d6b2bfeb7dd82cbd8e92a7e4814d22b4e804dd1e70dd0bb5e5a28caf18e6,497b8822afdb329df7e593163c058667365610ead0920b891c63d218ed3d89d0,No-Dq-R,2,0,0.0,0.0,0,0,0,0,0
0.35,2000000,1010,7,fec8d6b2bfeb7dd82cbd8e92a7e4814d22b4e804dd1e70dd0bb5e5a28caf18e6,497b8822afdb329df7e593163c058667365610ead0920b891c63d218ed3d89d0,No-Dq-R,3,0,0.0,0.0,0,0,0,0,0
0.35,2000000,1010,7,fec8d6b2bfeb7dd82cbd8e92a7e4814d22b4e804dd1e70dd0bb5e5a28caf18e6,497b8822afdb329df7e593163c058667365610ead0920b891c63d218ed3d89d0,No-Dq-R,4,0,0.0,0.0,0,0,0,0,0
0.35,2000000,1010,7,fec8d6b2bfeb7dd82cbd8e92a7e4814d22b4e804dd1e70dd0bb5e5a28caf18e6,497b8822afdb329df7e593163c058667365610ead0920b891c63d218ed3d89d0,Fixed-Dc,1,12965,-0.0007255404583967895,-0.0006694666581993358,0.0,0,0,0,0
0.35,2000000,1010,7,fec8d6b2bfeb7dd82cbd8e92a7e4814d22b4e804dd1e70dd0bb5e5a28caf18e6,497b8822afdb329df7e593163c058667365610ead0920b891c63d218ed3d89d0,Fixed-Dc,2,12965,-0.00040407010252907494,-0.00032832191038612013,0,0,0,0,0
0.35,2000000,1010,7,fec8d6b2bfeb7dd82cbd8e92a7e4814d22b4e804dd1e70dd0bb5e5a28caf18e6,497b8822afdb329df7e593163c058667365610ead0920b891c63d218ed3d89d0,Fixed-Dc,3,12965,-9.085032083888667e-05,-0.0001629537825659222,0,0,0,0,0
0.35,2000000,1010,7,fec8d6b2bfeb7dd82cbd8e92a7e4814d22b4e804dd1e70dd0bb5e5a28caf18e6,497b8822afdb329df7e593163c058667365610ead0920b891c63d218ed3d89d0,Fixed-Dc,4,-309807,8.137679978592605e-05,0.0018811903676438368,0,0,0,0,0
0.35,2000000,1010,7,fec8d6b2bfeb7dd82cbd8e92a7e4814d22b4e804dd1e70dd0bb5e5a28caf18e6,497b8822afdb329df7e593163c058667365610ead0920b891c63d218ed3d89d0,Decoupled,1,0,,,,,,0,0
0.35,2000000,1010,7,fec8d6b2bfeb7dd82cbd8e92a7e4814d22b4e804dd1e70dd0bb5e5a28caf18e6,497b8822afdb329df7e593163c058667365610ead0920b891c63d218ed3d89d0,Decoupled,2,0,,,,,,0,0
0.35,2000000,1010,7,fec8d6b2bfeb7dd82cbd8e92a7e4814d22b4e804dd1e70dd0bb5e5a28caf18e6,497b8822afdb329df7e593163c058667365610ead0920b891c63d218ed3d89d0,Decoupled,3,0,,,,,,0,0
0.35,2000000,1010,7,fec8d6b2bfeb7dd82cbd8e92a7e4814d22b4e804dd1e70dd0bb5e5a28caf18e6,497b8822afdb329df7e593163c058667365610ead0920b891c63d218ed3d89d0,Decoupled,4,0,,,,,,0,0
0.35,2000000,1010,11,fec8d6b2bfeb7dd82cbd8e92a7e4814d22b4e804dd1e70dd0bb5e5a28caf18e6,497b8822afdb329df7e593163c058667365610ead0920b891c63d218ed3d89d0,No-Dq-R,1,0,0.0,0.0,0.0,0,0,0,0
0.35,2000000,1010,11,fec8d6b2bfeb7dd82cbd8e92a7e4814d22b4e804dd1e70dd0bb5e5a28caf18e6,497b8822afdb329df7e593163c058667365610ead0920b891c63d218ed3d89d0,No-Dq-R,2,0,0.0,0.0,0,0,0,0,0
0.35,2000000,1010,11,fec8d6b2bfeb7dd82cbd8e92a7e4814d22b4e804dd1e70dd0bb5e5a28caf18e6,497b8822afdb329df7e593163c058667365610ead0920b891c63d218ed3d89d0,No-Dq-R,3,0,0.0,0.0,0,0,0,0,0
0.35,2000000,1010,11,fec8d6b2bfeb7dd82cbd8e92a7e4814d22b4e804dd1e70dd0bb5e5a28caf18e6,497b8822afdb329df7e593163c058667365610ead0920b891c63d218ed3d89d0,No-Dq-R,4,0,0.0,0.0,0,0,0,0,0
0.35,2000000,1010,11,fec8d6b2bfeb7dd82cbd8e92a7e4814d22b4e804dd1e70dd0bb5e5a28caf18e6,497b8822afdb329df7e593163c058667365610ead0920b891c63d218ed3d89d0,Fixed-Dc,1,12965,-0.0006011415817875898,-0.0006694666581993358,0.0,0,0,0,0
0.35,2000000,1010,11,fec8d6b2bfeb7dd82cbd8e92a7e4814d22b4e804dd1e70dd0bb5e5a28caf18e6,497b8822afdb329df7e593163c058667365610ead0920b891c63d218ed3d89d0,Fixed-Dc,2,12965,-0.00040407010252907494,-0.00032832191038612013,0,0,0,0,0
0.35,2000000,1010,11,fec8d6b2bfeb7dd82cbd8e92a7e4814d22b4e804dd1e70dd0bb5e5a28caf18e6,497b8822afdb329df7e593163c058667365610ead0920b891c63d218ed3d89d0,Fixed-Dc,3,12965,-8.721840750941512e-05,-0.0001629537825659222,0,0,0,0,0
0.35,2000000,1010,11,fec8d6b2bfeb7dd82cbd8e92a7e4814d22b4e804dd1e70dd0bb5e5a28caf18e6,497b8822afdb329df7e593163c058667365610ead0920b891c63d218ed3d89d0,Fixed-Dc,4,-309807,8.137679978592605e-05,0.0018811903676438368,0,0,0,0,0
0.35,2000000,1010,11,fec8d6b2bfeb7dd82cbd8e92a7e4814d22b4e804dd1e70dd0bb5e5a28caf18e6,497b8822afdb329df7e593163c058667365610ead0920b891c63d218ed3d89d0,Decoupled,1,0,,,,,,0,0
0.35,2000000,1010,11,fec8d6b2bfeb7dd82cbd8e92a7e4814d22b4e804dd1e70dd0bb5e5a28caf18e6,497b8822afdb329df7e593163c058667365610ead0920b891c63d218ed3d89d0,Decoupled,2,0,,,,,,0,0
0.35,2000000,1010,11,fec8d6b2bfeb7dd82cbd8e92a7e4814d22b4e804dd1e70dd0bb5e5a28caf18e6,497b8822afdb329df7e593163c058667365610ead0920b891c63d218ed3d89d0,Decoupled,3,0,,,,,,0,0
0.35,2000000,1010,11,fec8d6b2bfeb7dd82cbd8e92a7e4814d22b4e804dd1e70dd0bb5e5a28caf18e6,497b8822afdb329df7e593163c058667365610ead0920b891c63d218ed3d89d0,Decoupled,4,0,,,,,,0,0
0.35,2000000,1011,7,1cbafec5dbfc639c50b8d712b8846b6741121b26018c7f15d27d941d10bade8c,497b8822afdb329df7e593163c058667365610ead0920b891c63d218ed3d89d0,No-Dq-R,1,0,0.0,0.0,0.0,0,0,0,0
0.35,2000000,1011,7,1cbafec5dbfc639c50b8d712b8846b6741121b26018c7f15d27d941d10bade8c,497b8822afdb329df7e593163c058667365610ead0920b891c63d218ed3d89d0,No-Dq-R,2,0,0.0,0.0,0,0,0,0,0
0.35,2000000,1011,7,1cbafec5dbfc639c50b8d712b8846b6741121b26018c7f15d27d941d10bade8c,497b8822afdb329df7e593163c058667365610ead0920b891c63d218ed3d89d0,No-Dq-R,3,0,0.0,0.0,0,0,0,0,0
0.35,2000000,1011,7,1cbafec5dbfc639c50b8d712b8846b6741121b26018c7f15d27d941d10bade8c,497b8822afdb329df7e593163c058667365610ead0920b891c63d218ed3d89d0,No-Dq-R,4,0,0.0,0.0,0,0,0,0,0
0.35,2000000,1011,7,1cbafec5dbfc639c50b8d712b8846b6741121b26018c7f15d27d941d10bade8c,497b8822afdb329df7e593163c058667365610ead0920b891c63d218ed3d89d0,Fixed-Dc,1,12965,-0.0007255404583967895,-0.0006694666581993358,0.0,0,0,0,0
0.35,2000000,1011,7,1cbafec5dbfc639c50b8d712b8846b6741121b26018c7f15d27d941d10bade8c,497b8822afdb329df7e593163c058667365610ead0920b891c63d218ed3d89d0,Fixed-Dc,2,-104298,0.0032277496831777386,0.0026158492986866344,0,0,0,0,0
0.35,2000000,1011,7,1cbafec5dbfc639c50b8d712b8846b6741121b26018c7f15d27d941d10bade8c,497b8822afdb329df7e593163c058667365610ead0920b891c63d218ed3d89d0,Fixed-Dc,3,-458584,0.0029858961516491256,0.005557764470386972,0,0,0,0,0
0.35,2000000,1011,7,1cbafec5dbfc639c50b8d712b8846b6741121b26018c7f15d27d941d10bade8c,497b8822afdb329df7e593163c058667365610ead0920b891c63d218ed3d89d0,Fixed-Dc,4,12965,-5.453211370742839e-06,-8.060658095032647e-05,0,0,0,0,0
0.35,2000000,1011,7,1cbafec5dbfc639c50b8d712b8846b6741121b26018c7f15d27d941d10bade8c,497b8822afdb329df7e593163c058667365610ead0920b891c63d218ed3d89d0,Decoupled,1,0,,,,,,0,0
0.35,2000000,1011,7,1cbafec5dbfc639c50b8d712b8846b6741121b26018c7f15d27d941d10bade8c,497b8822afdb329df7e593163c058667365610ead0920b891c63d218ed3d89d0,Decoupled,2,0,,,,,,0,0
0.35,2000000,1011,7,1cbafec5dbfc639c50b8d712b8846b6741121b26018c7f15d27d941d10bade8c,497b8822afdb329df7e593163c058667365610ead0920b891c63d218ed3d89d0,Decoupled,3,0,,,,,,0,0
0.35,2000000,1011,7,1cbafec5dbfc639c50b8d712b8846b6741121b26018c7f15d27d941d10bade8c,497b8822afdb329df7e593163c058667365610ead0920b891c63d218ed3d89d0,Decoupled,4,0,,,,,,0,0
0.35,2000000,1011,11,1cbafec5dbfc639c50b8d712b8846b6741121b26018c7f15d27d941d10bade8c,497b8822afdb329df7e593163c058667365610ead0920b891c63d218ed3d89d0,No-Dq-R,1,0,0.0,0.0,0.0,0,0,0,0
0.35,2000000,1011,11,1cbafec5dbfc639c50b8d712b8846b6741121b26018c7f15d27d941d10bade8c,497b8822afdb329df7e593163c058667365610ead0920b891c63d218ed3d89d0,No-Dq-R,2,0,0.0,0.0,0,0,0,0,0
0.35,2000000,1011,11,1cbafec5dbfc639c50b8d712b8846b6741121b26018c7f15d27d941d10bade8c,497b8822afdb329df7e593163c058667365610ead0920b891c63d218ed3d89d0,No-Dq-R,3,0,0.0,0.0,0,0,0,0,0
0.35,2000000,1011,11,1cbafec5dbfc639c50b8d712b8846b6741121b26018c7f15d27d941d10bade8c,497b8822afdb329df7e593163c058667365610ead0920b891c63d218ed3d89d0,No-Dq-R,4,0,0.0,0.0,0,0,0,0,0
0.35,2000000,1011,11,1cbafec5dbfc639c50b8d712b8846b6741121b26018c7f15d27d941d10bade8c,497b8822afdb329df7e593163c058667365610ead0920b891c63d218ed3d89d0,Fixed-Dc,1,12965,-0.0006011415817875898,-0.0006694666581993358,0.0,0,0,0,0
0.35,2000000,1011,11,1cbafec5dbfc639c50b8d712b8846b6741121b26018c7f15d27d941d10bade8c,497b8822afdb329df7e593163c058667365610ead0920b891c63d218ed3d89d0,Fixed-Dc,2,-104298,0.0032277496831777386,0.0026158492986866344,0,0,0,0,0
0.35,2000000,1011,11,1cbafec5dbfc639c50b8d712b8846b6741121b26018c7f15d27d941d10bade8c,497b8822afdb329df7e593163c058667365610ead0920b891c63d218ed3d89d0,Fixed-Dc,3,-458584,0.0028633062130083986,0.005557764470386972,0,0,0,0,0
0.35,2000000,1011,11,1cbafec5dbfc639c50b8d712b8846b6741121b26018c7f15d27d941d10bade8c,497b8822afdb329df7e593163c058667365610ead0920b891c63d218ed3d89d0,Fixed-Dc,4,12965,-5.453211370742839e-06,-8.060658095032647e-05,0,0,0,0,0
0.35,2000000,1011,11,1cbafec5dbfc639c50b8d712b8846b6741121b26018c7f15d27d941d10bade8c,497b8822afdb329df7e593163c058667365610ead0920b891c63d218ed3d89d0,Decoupled,1,0,,,,,,0,0
0.35,2000000,1011,11,1cbafec5dbfc639c50b8d712b8846b6741121b26018c7f15d27d941d10bade8c,497b8822afdb329df7e593163c058667365610ead0920b891c63d218ed3d89d0,Decoupled,2,0,,,,,,0,0
0.35,2000000,1011,11,1cbafec5dbfc639c50b8d712b8846b6741121b26018c7f15d27d941d10bade8c,497b8822afdb329df7e593163c058667365610ead0920b891c63d218ed3d89d0,Decoupled,3,0,,,,,,0,0
0.35,2000000,1011,11,1cbafec5dbfc639c50b8d712b8846b6741121b26018c7f15d27d941d10bade8c,497b8822afdb329df7e593163c058667365610ead0920b891c63d218ed3d89d0,Decoupled,4,0,,,,,,0,0
0.35,2000000,1012,7,8ad12031fc08e4c168267e89f9ee13a9b819b500225cd2738ad5f2268a6d3dfd,497b8822afdb329df7e593163c058667365610ead0920b891c63d218ed3d89d0,No-Dq-R,1,0,0.0,0.0,0.0,0,0,0,0
0.35,2000000,1012,7,8ad12031fc08e4c168267e89f9ee13a9b819b500225cd2738ad5f2268a6d3dfd,497b8822afdb329df7e593163c058667365610ead0920b891c63d218ed3d89d0,No-Dq-R,2,0,0.0,0.0,0,0,0,0,0
0.35,2000000,1012,7,8ad12031fc08e4c168267e89f9ee13a9b819b500225cd2738ad5f2268a6d3dfd,497b8822afdb329df7e593163c058667365610ead0920b891c63d218ed3d89d0,No-Dq-R,3,0,0.0,0.0,0,0,0,0,0
0.35,2000000,1012,7,8ad12031fc08e4c168267e89f9ee13a9b819b500225cd2738ad5f2268a6d3dfd,497b8822afdb329df7e593163c058667365610ead0920b891c63d218ed3d89d0,No-Dq-R,4,0,0.0,0.0,0,0,0,0,0
0.35,2000000,1012,7,8ad12031fc08e4c168267e89f9ee13a9b819b500225cd2738ad5f2268a6d3dfd,497b8822afdb329df7e593163c058667365610ead0920b891c63d218ed3d89d0,Fixed-Dc,1,12965,-0.0007255404583967895,-0.0006694666581993358,0.0,0,0,0,0
0.35,2000000,1012,7,8ad12031fc08e4c168267e89f9ee13a9b819b500225cd2738ad5f2268a6d3dfd,497b8822afdb329df7e593163c058667365610ead0920b891c63d218ed3d89d0,Fixed-Dc,2,12965,-0.00040407010252907494,-0.00032832191038612013,0,0,0,0,0
0.35,2000000,1012,7,8ad12031fc08e4c168267e89f9ee13a9b819b500225cd2738ad5f2268a6d3dfd,497b8822afdb329df7e593163c058667365610ead0920b891c63d218ed3d89d0,Fixed-Dc,3,-339278,0.0022507644488490297,0.004149628598127009,0,0,0,0,0
0.35,2000000,1012,7,8ad12031fc08e4c168267e89f9ee13a9b819b500225cd2738ad5f2268a6d3dfd,497b8822afdb329df7e593163c058667365610ead0920b891c63d218ed3d89d0,Fixed-Dc,4,-693564,5.772833899808649e-05,0.004096471769894583,0,0,0,0,0
0.35,2000000,1012,7,8ad12031fc08e4c168267e89f9ee13a9b819b500225cd2738ad5f2268a6d3dfd,497b8822afdb329df7e593163c058667365610ead0920b891c63d218ed3d89d0,Decoupled,1,0,,,,,,0,0
0.35,2000000,1012,7,8ad12031fc08e4c168267e89f9ee13a9b819b500225cd2738ad5f2268a6d3dfd,497b8822afdb329df7e593163c058667365610ead0920b891c63d218ed3d89d0,Decoupled,2,0,,,,,,0,0
0.35,2000000,1012,7,8ad12031fc08e4c168267e89f9ee13a9b819b500225cd2738ad5f2268a6d3dfd,497b8822afdb329df7e593163c058667365610ead0920b891c63d218ed3d89d0,Decoupled,3,0,,,,,,0,0
0.35,2000000,1012,7,8ad12031fc08e4c168267e89f9ee13a9b819b500225cd2738ad5f2268a6d3dfd,497b8822afdb329df7e593163c058667365610ead0920b891c63d218ed3d89d0,Decoupled,4,0,,,,,,0,0
0.35,2000000,1012,11,8ad12031fc08e4c168267e89f9ee13a9b819b500225cd2738ad5f2268a6d3dfd,497b8822afdb329df7e593163c058667365610ead0920b891c63d218ed3d89d0,No-Dq-R,1,0,0.0,0.0,0.0,0,0,0,0
0.35,2000000,1012,11,8ad12031fc08e4c168267e89f9ee13a9b819b500225cd2738ad5f2268a6d3dfd,497b8822afdb329df7e593163c058667365610ead0920b891c63d218ed3d89d0,No-Dq-R,2,0,0.0,0.0,0,0,0,0,0
0.35,2000000,1012,11,8ad12031fc08e4c168267e89f9ee13a9b819b500225cd2738ad5f2268a6d3dfd,497b8822afdb329df7e593163c058667365610ead0920b891c63d218ed3d89d0,No-Dq-R,3,0,0.0,0.0,0,0,0,0,0
0.35,2000000,1012,11,8ad12031fc08e4c168267e89f9ee13a9b819b500225cd2738ad5f2268a6d3dfd,497b8822afdb329df7e593163c058667365610ead0920b891c63d218ed3d89d0,No-Dq-R,4,0,0.0,0.0,0,0,0,0,0
0.35,2000000,1012,11,8ad12031fc08e4c168267e89f9ee13a9b819b500225cd2738ad5f2268a6d3dfd,497b8822afdb329df7e593163c058667365610ead0920b891c63d218ed3d89d0,Fixed-Dc,1,12965,-0.0006011415817875898,-0.0006694666581993358,0.0,0,0,0,0
0.35,2000000,1012,11,8ad12031fc08e4c168267e89f9ee13a9b819b500225cd2738ad5f2268a6d3dfd,497b8822afdb329df7e593163c058667365610ead0920b891c63d218ed3d89d0,Fixed-Dc,2,12965,-0.00040407010252907494,-0.00032832191038612013,0,0,0,0,0
0.35,2000000,1012,11,8ad12031fc08e4c168267e89f9ee13a9b819b500225cd2738ad5f2268a6d3dfd,497b8822afdb329df7e593163c058667365610ead0920b891c63d218ed3d89d0,Fixed-Dc,3,-339278,0.0021589937308646445,0.004149628598127009,0,0,0,0,0
0.35,2000000,1012,11,8ad12031fc08e4c168267e89f9ee13a9b819b500225cd2738ad5f2268a6d3dfd,497b8822afdb329df7e593163c058667365610ead0920b891c63d218ed3d89d0,Fixed-Dc,4,-693564,5.772833899808649e-05,0.004096471769894583,0,0,0,0,0
0.35,2000000,1012,11,8ad12031fc08e4c168267e89f9ee13a9b819b500225cd2738ad5f2268a6d3dfd,497b8822afdb329df7e593163c058667365610ead0920b891c63d218ed3d89d0,Decoupled,1,0,,,,,,0,0
0.35,2000000,1012,11,8ad12031fc08e4c168267e89f9ee13a9b819b500225cd2738ad5f2268a6d3dfd,497b8822afdb329df7e593163c058667365610ead0920b891c63d218ed3d89d0,Decoupled,2,0,,,,,,0,0
0.35,2000000,1012,11,8ad12031fc08e4c168267e89f9ee13a9b819b500225cd2738ad5f2268a6d3dfd,497b8822afdb329df7e593163c058667365610ead0920b891c63d218ed3d89d0,Decoupled,3,0,,,,,,0,0
0.35,2000000,1012,11,8ad12031fc08e4c168267e89f9ee13a9b819b500225cd2738ad5f2268a6d3dfd,497b8822afdb329df7e593163c058667365610ead0920b891c63d218ed3d89d0,Decoupled,4,0,,,,,,0,0
0.35,2000000,1013,7,0e3a15dd1eb9f6511a44cd07af68c454ba188a0c7761f2ff39bde6cd9e44be6d,497b8822afdb329df7e593163c058667365610ead0920b891c63d218ed3d89d0,No-Dq-R,1,0,0.0,0.0,0.0,0,0,0,0
0.35,2000000,1013,7,0e3a15dd1eb9f6511a44cd07af68c454ba188a0c7761f2ff39bde6cd9e44be6d,497b8822afdb329df7e593163c058667365610ead0920b891c63d218ed3d89d0,No-Dq-R,2,0,0.0,0.0,0,0,0,0,0
0.35,2000000,1013,7,0e3a15dd1eb9f6511a44cd07af68c454ba188a0c7761f2ff39bde6cd9e44be6d,497b8822afdb329df7e593163c058667365610ead0920b891c63d218ed3d89d0,No-Dq-R,3,0,0.0,0.0,0,0,0,0,0
0.35,2000000,1013,7,0e3a15dd1eb9f6511a44cd07af68c454ba188a0c7761f2ff39bde6cd9e44be6d,497b8822afdb329df7e593163c058667365610ead0920b891c63d218ed3d89d0,No-Dq-R,4,0,0.0,0.0,0,0,0,0,0
0.35,2000000,1013,7,0e3a15dd1eb9f6511a44cd07af68c454ba188a0c7761f2ff39bde6cd9e44be6d,497b8822afdb329df7e593163c058667365610ead0920b891c63d218ed3d89d0,Fixed-Dc,1,-274085,0.01501879646602311,0.01380757055728743,0.0,0,0,0,0
0.35,2000000,1013,7,0e3a15dd1eb9f6511a44cd07af68c454ba188a0c7761f2ff39bde6cd9e44be6d,497b8822afdb329df7e593163c058667365610ead0920b891c63d218ed3d89d0,Fixed-Dc,2,-628371,0.018854596520426148,0.015102587491600539,0,0,0,0,0
0.35,2000000,1013,7,0e3a15dd1eb9f6511a44cd07af68c454ba188a0c7761f2ff39bde6cd9e44be6d,497b8822afdb329df7e593163c058667365610ead0920b891c63d218ed3d89d0,Fixed-Dc,3,12965,-9.085032083888667e-05,-0.0001629537825659222,0,0,0,0,0
0.35,2000000,1013,7,0e3a15dd1eb9f6511a44cd07af68c454ba188a0c7761f2ff39bde6cd9e44be6d,497b8822afdb329df7e593163c058667365610ead0920b891c63d218ed3d89d0,Fixed-Dc,4,12965,-5.453211370742839e-06,-8.060658095032647e-05,0,0,0,0,0
0.35,2000000,1013,7,0e3a15dd1eb9f6511a44cd07af68c454ba188a0c7761f2ff39bde6cd9e44be6d,497b8822afdb329df7e593163c058667365610ead0920b891c63d218ed3d89d0,Decoupled,1,0,,,,,,0,0
0.35,2000000,1013,7,0e3a15dd1eb9f6511a44cd07af68c454ba188a0c7761f2ff39bde6cd9e44be6d,497b8822afdb329df7e593163c058667365610ead0920b891c63d218ed3d89d0,Decoupled,2,0,,,,,,0,0
0.35,2000000,1013,7,0e3a15dd1eb9f6511a44cd07af68c454ba188a0c7761f2ff39bde6cd9e44be6d,497b8822afdb329df7e593163c058667365610ead0920b891c63d218ed3d89d0,Decoupled,3,0,,,,,,0,0
0.35,2000000,1013,7,0e3a15dd1eb9f6511a44cd07af68c454ba188a0c7761f2ff39bde6cd9e44be6d,497b8822afdb329df7e593163c058667365610ead0920b891c63d218ed3d89d0,Decoupled,4,0,,,,,,0,0
0.35,2000000,1013,11,0e3a15dd1eb9f6511a44cd07af68c454ba188a0c7761f2ff39bde6cd9e44be6d,497b8822afdb329df7e593163c058667365610ead0920b891c63d218ed3d89d0,No-Dq-R,1,0,0.0,0.0,0.0,0,0,0,0
0.35,2000000,1013,11,0e3a15dd1eb9f6511a44cd07af68c454ba188a0c7761f2ff39bde6cd9e44be6d,497b8822afdb329df7e593163c058667365610ead0920b891c63d218ed3d89d0,No-Dq-R,2,0,0.0,0.0,0,0,0,0,0
0.35,2000000,1013,11,0e3a15dd1eb9f6511a44cd07af68c454ba188a0c7761f2ff39bde6cd9e44be6d,497b8822afdb329df7e593163c058667365610ead0920b891c63d218ed3d89d0,No-Dq-R,3,0,0.0,0.0,0,0,0,0,0
0.35,2000000,1013,11,0e3a15dd1eb9f6511a44cd07af68c454ba188a0c7761f2ff39bde6cd9e44be6d,497b8822afdb329df7e593163c058667365610ead0920b891c63d218ed3d89d0,No-Dq-R,4,0,0.0,0.0,0,0,0,0,0
0.35,2000000,1013,11,0e3a15dd1eb9f6511a44cd07af68c454ba188a0c7761f2ff39bde6cd9e44be6d,497b8822afdb329df7e593163c058667365610ead0920b891c63d218ed3d89d0,Fixed-Dc,1,-274085,0.012350753810951742,0.01380757055728743,0.0,0,0,0,0
0.35,2000000,1013,11,0e3a15dd1eb9f6511a44cd07af68c454ba188a0c7761f2ff39bde6cd9e44be6d,497b8822afdb329df7e593163c058667365610ead0920b891c63d218ed3d89d0,Fixed-Dc,2,-628371,0.018854596520426148,0.015102587491600539,0,0,0,0,0
0.35,2000000,1013,11,0e3a15dd1eb9f6511a44cd07af68c454ba188a0c7761f2ff39bde6cd9e44be6d,497b8822afdb329df7e593163c058667365610ead0920b891c63d218ed3d89d0,Fixed-Dc,3,12965,-8.721840750941512e-05,-0.0001629537825659222,0,0,0,0,0
0.35,2000000,1013,11,0e3a15dd1eb9f6511a44cd07af68c454ba188a0c7761f2ff39bde6cd9e44be6d,497b8822afdb329df7e593163c058667365610ead0920b891c63d218ed3d89d0,Fixed-Dc,4,12965,-5.453211370742839e-06,-8.060658095032647e-05,0,0,0,0,0
0.35,2000000,1013,11,0e3a15dd1eb9f6511a44cd07af68c454ba188a0c7761f2ff39bde6cd9e44be6d,497b8822afdb329df7e593163c058667365610ead0920b891c63d218ed3d89d0,Decoupled,1,0,,,,,,0,0
0.35,2000000,1013,11,0e3a15dd1eb9f6511a44cd07af68c454ba188a0c7761f2ff39bde6cd9e44be6d,497b8822afdb329df7e593163c058667365610ead0920b891c63d218ed3d89d0,Decoupled,2,0,,,,,,0,0
0.35,2000000,1013,11,0e3a15dd1eb9f6511a44cd07af68c454ba188a0c7761f2ff39bde6cd9e44be6d,497b8822afdb329df7e593163c058667365610ead0920b891c63d218ed3d89d0,Decoupled,3,0,,,,,,0,0
0.35,2000000,1013,11,0e3a15dd1eb9f6511a44cd07af68c454ba188a0c7761f2ff39bde6cd9e44be6d,497b8822afdb329df7e593163c058667365610ead0920b891c63d218ed3d89d0,Decoupled,4,0,,,,,,0,0
0.35,2000000,1014,7,bc4579f05c813ad8db0fe2cc77f40d0a6e1218695395646d72c01d0ca2ff707a,497b8822afdb329df7e593163c058667365610ead0920b891c63d218ed3d89d0,No-Dq-R,1,0,0.0,0.0,0.0,0,0,0,0
0.35,2000000,1014,7,bc4579f05c813ad8db0fe2cc77f40d0a6e1218695395646d72c01d0ca2ff707a,497b8822afdb329df7e593163c058667365610ead0920b891c63d218ed3d89d0,No-Dq-R,2,0,0.0,0.0,0,0,0,0,0
0.35,2000000,1014,7,bc4579f05c813ad8db0fe2cc77f40d0a6e1218695395646d72c01d0ca2ff707a,497b8822afdb329df7e593163c058667365610ead0920b891c63d218ed3d89d0,No-Dq-R,3,0,0.0,0.0,0,0,0,0,0
0.35,2000000,1014,7,bc4579f05c813ad8db0fe2cc77f40d0a6e1218695395646d72c01d0ca2ff707a,497b8822afdb329df7e593163c058667365610ead0920b891c63d218ed3d89d0,No-Dq-R,4,0,0.0,0.0,0,0,0,0,0
0.35,2000000,1014,7,bc4579f05c813ad8db0fe2cc77f40d0a6e1218695395646d72c01d0ca2ff707a,497b8822afdb329df7e593163c058667365610ead0920b891c63d218ed3d89d0,Fixed-Dc,1,-373369,0.020312223026787812,0.018650357183432664,0.0,0,0,0,0
0.35,2000000,1014,7,bc4579f05c813ad8db0fe2cc77f40d0a6e1218695395646d72c01d0ca2ff707a,497b8822afdb329df7e593163c058667365610ead0920b891c63d218ed3d89d0,Fixed-Dc,2,-727655,0.021708502113146233,0.017349911012977115,0,0,0,0,0
0.35,2000000,1014,7,bc4579f05c813ad8db0fe2cc77f40d0a6e1218695395646d72c01d0ca2ff707a,497b8822afdb329df7e593163c058667365610ead0920b891c63d218ed3d89d0,Fixed-Dc,3,12965,-9.085032083888667e-05,-0.0001629537825659222,0,0,0,0,0
0.35,2000000,1014,7,bc4579f05c813ad8db0fe2cc77f40d0a6e1218695395646d72c01d0ca2ff707a,497b8822afdb329df7e593163c058667365610ead0920b891c63d218ed3d89d0,Fixed-Dc,4,12965,-5.453211370742839e-06,-8.060658095032647e-05,0,0,0,0,0
0.35,2000000,1014,7,bc4579f05c813ad8db0fe2cc77f40d0a6e1218695395646d72c01d0ca2ff707a,497b8822afdb329df7e593163c058667365610ead0920b891c63d218ed3d89d0,Decoupled,1,0,,,,,,0,0
0.35,2000000,1014,7,bc4579f05c813ad8db0fe2cc77f40d0a6e1218695395646d72c01d0ca2ff707a,497b8822afdb329df7e593163c058667365610ead0920b891c63d218ed3d89d0,Decoupled,2,0,,,,,,0,0
0.35,2000000,1014,7,bc4579f05c813ad8db0fe2cc77f40d0a6e1218695395646d72c01d0ca2ff707a,497b8822afdb329df7e593163c058667365610ead0920b891c63d218ed3d89d0,Decoupled,3,0,,,,,,0,0
0.35,2000000,1014,7,bc4579f05c813ad8db0fe2cc77f40d0a6e1218695395646d72c01d0ca2ff707a,497b8822afdb329df7e593163c058667365610ead0920b891c63d218ed3d89d0,Decoupled,4,0,,,,,,0,0
0.35,2000000,1014,11,bc4579f05c813ad8db0fe2cc77f40d0a6e1218695395646d72c01d0ca2ff707a,497b8822afdb329df7e593163c058667365610ead0920b891c63d218ed3d89d0,No-Dq-R,1,0,0.0,0.0,0.0,0,0,0,0
0.35,2000000,1014,11,bc4579f05c813ad8db0fe2cc77f40d0a6e1218695395646d72c01d0ca2ff707a,497b8822afdb329df7e593163c058667365610ead0920b891c63d218ed3d89d0,No-Dq-R,2,0,0.0,0.0,0,0,0,0,0
0.35,2000000,1014,11,bc4579f05c813ad8db0fe2cc77f40d0a6e1218695395646d72c01d0ca2ff707a,497b8822afdb329df7e593163c058667365610ead0920b891c63d218ed3d89d0,No-Dq-R,3,0,0.0,0.0,0,0,0,0,0
0.35,2000000,1014,11,bc4579f05c813ad8db0fe2cc77f40d0a6e1218695395646d72c01d0ca2ff707a,497b8822afdb329df7e593163c058667365610ead0920b891c63d218ed3d89d0,No-Dq-R,4,0,0.0,0.0,0,0,0,0,0
0.35,2000000,1014,11,bc4579f05c813ad8db0fe2cc77f40d0a6e1218695395646d72c01d0ca2ff707a,497b8822afdb329df7e593163c058667365610ead0920b891c63d218ed3d89d0,Fixed-Dc,1,-373369,0.016660098107137533,0.018650357183432664,0.0,0,0,0,0
0.35,2000000,1014,11,bc4579f05c813ad8db0fe2cc77f40d0a6e1218695395646d72c01d0ca2ff707a,497b8822afdb329df7e593163c058667365610ead0920b891c63d218ed3d89d0,Fixed-Dc,2,-727655,0.021708502113146233,0.017349911012977115,0,0,0,0,0
0.35,2000000,1014,11,bc4579f05c813ad8db0fe2cc77f40d0a6e1218695395646d72c01d0ca2ff707a,497b8822afdb329df7e593163c058667365610ead0920b891c63d218ed3d89d0,Fixed-Dc,3,12965,-8.721840750941512e-05,-0.0001629537825659222,0,0,0,0,0
0.35,2000000,1014,11,bc4579f05c813ad8db0fe2cc77f40d0a6e1218695395646d72c01d0ca2ff707a,497b8822afdb329df7e593163c058667365610ead0920b891c63d218ed3d89d0,Fixed-Dc,4,12965,-5.453211370742839e-06,-8.060658095032647e-05,0,0,0,0,0
0.35,2000000,1014,11,bc4579f05c813ad8db0fe2cc77f40d0a6e1218695395646d72c01d0ca2ff707a,497b8822afdb329df7e593163c058667365610ead0920b891c63d218ed3d89d0,Decoupled,1,0,,,,,,0,0
0.35,2000000,1014,11,bc4579f05c813ad8db0fe2cc77f40d0a6e1218695395646d72c01d0ca2ff707a,497b8822afdb329df7e593163c058667365610ead0920b891c63d218ed3d89d0,Decoupled,2,0,,,,,,0,0
0.35,2000000,1014,11,bc4579f05c813ad8db0fe2cc77f40d0a6e1218695395646d72c01d0ca2ff707a,497b8822afdb329df7e593163c058667365610ead0920b891c63d218ed3d89d0,Decoupled,3,0,,,,,,0,0
0.35,2000000,1014,11,bc4579f05c813ad8db0fe2cc77f40d0a6e1218695395646d72c01d0ca2ff707a,497b8822afdb329df7e593163c058667365610ead0920b891c63d218ed3d89d0,Decoupled,4,0,,,,,,0,0
0.35,2000000,1015,7,ac225e9f78f14ce2929a6981d00bc298e7ad1a0454bb4799938b916681dd4f76,497b8822afdb329df7e593163c058667365610ead0920b891c63d218ed3d89d0,No-Dq-R,1,0,0.0,0.0,0.0,0,0,0,0
0.35,2000000,1015,7,ac225e9f78f14ce2929a6981d00bc298e7ad1a0454bb4799938b916681dd4f76,497b8822afdb329df7e593163c058667365610ead0920b891c63d218ed3d89d0,No-Dq-R,2,0,0.0,0.0,0,0,0,0,0
0.35,2000000,1015,7,ac225e9f78f14ce2929a6981d00bc298e7ad1a0454bb4799938b916681dd4f76,497b8822afdb329df7e593163c058667365610ead0920b891c63d218ed3d89d0,No-Dq-R,3,0,0.0,0.0,0,0,0,0,0
0.35,2000000,1015,7,ac225e9f78f14ce2929a6981d00bc298e7ad1a0454bb4799938b916681dd4f76,497b8822afdb329df7e593163c058667365610ead0920b891c63d218ed3d89d0,No-Dq-R,4,0,0.0,0.0,0,0,0,0,0
0.35,2000000,1015,7,ac225e9f78f14ce2929a6981d00bc298e7ad1a0454bb4799938b916681dd4f76,497b8822afdb329df7e593163c058667365610ead0920b891c63d218ed3d89d0,Fixed-Dc,1,12965,-0.0007255404583967895,-0.0006694666581993358,0.0,0,0,0,0
0.35,2000000,1015,7,ac225e9f78f14ce2929a6981d00bc298e7ad1a0454bb4799938b916681dd4f76,497b8822afdb329df7e593163c058667365610ead0920b891c63d218ed3d89d0,Fixed-Dc,2,12965,-0.00040407010252907494,-0.00032832191038612013,0,0,0,0,0
0.35,2000000,1015,7,ac225e9f78f14ce2929a6981d00bc298e7ad1a0454bb4799938b916681dd4f76,497b8822afdb329df7e593163c058667365610ead0920b891c63d218ed3d89d0,Fixed-Dc,3,12965,-9.085032083888667e-05,-0.0001629537825659222,0,0,0,0,0
0.35,2000000,1015,7,ac225e9f78f14ce2929a6981d00bc298e7ad1a0454bb4799938b916681dd4f76,497b8822afdb329df7e593163c058667365610ead0920b891c63d218ed3d89d0,Fixed-Dc,4,12965,-5.453211370742839e-06,-8.060658095032647e-05,0,0,0,0,0
0.35,2000000,1015,7,ac225e9f78f14ce2929a6981d00bc298e7ad1a0454bb4799938b916681dd4f76,497b8822afdb329df7e593163c058667365610ead0920b891c63d218ed3d89d0,Decoupled,1,0,,,,,,0,0
0.35,2000000,1015,7,ac225e9f78f14ce2929a6981d00bc298e7ad1a0454bb4799938b916681dd4f76,497b8822afdb329df7e593163c058667365610ead0920b891c63d218ed3d89d0,Decoupled,2,0,,,,,,0,0
0.35,2000000,1015,7,ac225e9f78f14ce2929a6981d00bc298e7ad1a0454bb4799938b916681dd4f76,497b8822afdb329df7e593163c058667365610ead0920b891c63d218ed3d89d0,Decoupled,3,0,,,,,,0,0
0.35,2000000,1015,7,ac225e9f78f14ce2929a6981d00bc298e7ad1a0454bb4799938b916681dd4f76,497b8822afdb329df7e593163c058667365610ead0920b891c63d218ed3d89d0,Decoupled,4,0,,,,,,0,0
0.35,2000000,1015,11,ac225e9f78f14ce2929a6981d00bc298e7ad1a0454bb4799938b916681dd4f76,497b8822afdb329df7e593163c058667365610ead0920b891c63d218ed3d89d0,No-Dq-R,1,0,0.0,0.0,0.0,0,0,0,0
0.35,2000000,1015,11,ac225e9f78f14ce2929a6981d00bc298e7ad1a0454bb4799938b916681dd4f76,497b8822afdb329df7e593163c058667365610ead0920b891c63d218ed3d89d0,No-Dq-R,2,0,0.0,0.0,0,0,0,0,0
0.35,2000000,1015,11,ac225e9f78f14ce2929a6981d00bc298e7ad1a0454bb4799938b916681dd4f76,497b8822afdb329df7e593163c058667365610ead0920b891c63d218ed3d89d0,No-Dq-R,3,0,0.0,0.0,0,0,0,0,0
0.35,2000000,1015,11,ac225e9f78f14ce2929a6981d00bc298e7ad1a0454bb4799938b916681dd4f76,497b8822afdb329df7e593163c058667365610ead0920b891c63d218ed3d89d0,No-Dq-R,4,0,0.0,0.0,0,0,0,0,0
0.35,2000000,1015,11,ac225e9f78f14ce2929a6981d00bc298e7ad1a0454bb4799938b916681dd4f76,497b8822afdb329df7e593163c058667365610ead0920b891c63d218ed3d89d0,Fixed-Dc,1,12965,-0.0006011415817875898,-0.0006694666581993358,0.0,0,0,0,0
0.35,2000000,1015,11,ac225e9f78f14ce2929a6981d00bc298e7ad1a0454bb4799938b916681dd4f76,497b8822afdb329df7e593163c058667365610ead0920b891c63d218ed3d89d0,Fixed-Dc,2,12965,-0.00040407010252907494,-0.00032832191038612013,0,0,0,0,0
0.35,2000000,1015,11,ac225e9f78f14ce2929a6981d00bc298e7ad1a0454bb4799938b916681dd4f76,497b8822afdb329df7e593163c058667365610ead0920b891c63d218ed3d89d0,Fixed-Dc,3,12965,-8.721840750941512e-05,-0.0001629537825659222,0,0,0,0,0
0.35,2000000,1015,11,ac225e9f78f14ce2929a6981d00bc298e7ad1a0454bb4799938b916681dd4f76,497b8822afdb329df7e593163c058667365610ead0920b891c63d218ed3d89d0,Fixed-Dc,4,12965,-5.453211370742839e-06,-8.060658095032647e-05,0,0,0,0,0
0.35,2000000,1015,11,ac225e9f78f14ce2929a6981d00bc298e7ad1a0454bb4799938b916681dd4f76,497b8822afdb329df7e593163c058667365610ead0920b891c63d218ed3d89d0,Decoupled,1,0,,,,,,0,0
0.35,2000000,1015,11,ac225e9f78f14ce2929a6981d00bc298e7ad1a0454bb4799938b916681dd4f76,497b8822afdb329df7e593163c058667365610ead0920b891c63d218ed3d89d0,Decoupled,2,0,,,,,,0,0
0.35,2000000,1015,11,ac225e9f78f14ce2929a6981d00bc298e7ad1a0454bb4799938b916681dd4f76,497b8822afdb329df7e593163c058667365610ead0920b891c63d218ed3d89d0,Decoupled,3,0,,,,,,0,0
0.35,2000000,1015,11,ac225e9f78f14ce2929a6981d00bc298e7ad1a0454bb4799938b916681dd4f76,497b8822afdb329df7e593163c058667365610ead0920b891c63d218ed3d89d0,Decoupled,4,0,,,,,,0,0
0.35,2000000,1016,7,1c72ee4bb6a384bbf890665b6e6b1b401618132f7ecd0dfa735713650f0d4d9e,497b8822afdb329df7e593163c058667365610ead0920b891c63d218ed3d89d0,No-Dq-R,1,0,0.0,0.0,0.0,0,0,0,0
0.35,2000000,1016,7,1c72ee4bb6a384bbf890665b6e6b1b401618132f7ecd0dfa735713650f0d4d9e,497b8822afdb329df7e593163c058667365610ead0920b891c63d218ed3d89d0,No-Dq-R,2,0,0.0,0.0,0,0,0,0,0
0.35,2000000,1016,7,1c72ee4bb6a384bbf890665b6e6b1b401618132f7ecd0dfa735713650f0d4d9e,497b8822afdb329df7e593163c058667365610ead0920b891c63d218ed3d89d0,No-Dq-R,3,0,0.0,0.0,0,0,0,0,0
0.35,2000000,1016,7,1c72ee4bb6a384bbf890665b6e6b1b401618132f7ecd0dfa735713650f0d4d9e,497b8822afdb329df7e593163c058667365610ead0920b891c63d218ed3d89d0,No-Dq-R,4,0,0.0,0.0,0,0,0,0,0
0.35,2000000,1016,7,1c72ee4bb6a384bbf890665b6e6b1b401618132f7ecd0dfa735713650f0d4d9e,497b8822afdb329df7e593163c058667365610ead0920b891c63d218ed3d89d0,Fixed-Dc,1,12965,-0.0007255404583967895,-0.0006694666581993358,0.0,0,0,0,0
0.35,2000000,1016,7,1c72ee4bb6a384bbf890665b6e6b1b401618132f7ecd0dfa735713650f0d4d9e,497b8822afdb329df7e593163c058667365610ead0920b891c63d218ed3d89d0,Fixed-Dc,2,-95543,0.002958356452748334,0.0023979926311309963,0,0,0,0,0
0.35,2000000,1016,7,1c72ee4bb6a384bbf890665b6e6b1b401618132f7ecd0dfa735713650f0d4d9e,497b8822afdb329df7e593163c058667365610ead0920b891c63d218ed3d89d0,Fixed-Dc,3,-449829,0.002932919601338846,0.005455311415889674,0,0,0,0,0
0.35,2000000,1016,7,1c72ee4bb6a384bbf890665b6e6b1b401618132f7ecd0dfa735713650f0d4d9e,497b8822afdb329df7e593163c058667365610ead0920b891c63d218ed3d89d0,Fixed-Dc,4,-804115,2.6671163679992116e-05,0.004712101298912197,0,0,0,0,0
0.35,2000000,1016,7,1c72ee4bb6a384bbf890665b6e6b1b401618132f7ecd0dfa735713650f0d4d9e,497b8822afdb329df7e593163c058667365610ead0920b891c63d218ed3d89d0,Decoupled,1,0,,,,,,0,0
0.35,2000000,1016,7,1c72ee4bb6a384bbf890665b6e6b1b401618132f7ecd0dfa735713650f0d4d9e,497b8822afdb329df7e593163c058667365610ead0920b891c63d218ed3d89d0,Decoupled,2,0,,,,,,0,0
0.35,2000000,1016,7,1c72ee4bb6a384bbf890665b6e6b1b401618132f7ecd0dfa735713650f0d4d9e,497b8822afdb329df7e593163c058667365610ead0920b891c63d218ed3d89d0,Decoupled,3,0,,,,,,0,0
0.35,2000000,1016,7,1c72ee4bb6a384bbf890665b6e6b1b401618132f7ecd0dfa735713650f0d4d9e,497b8822afdb329df7e593163c058667365610ead0920b891c63d218ed3d89d0,Decoupled,4,0,,,,,,0,0
0.35,2000000,1016,11,1c72ee4bb6a384bbf890665b6e6b1b401618132f7ecd0dfa735713650f0d4d9e,497b8822afdb329df7e593163c058667365610ead0920b891c63d218ed3d89d0,No-Dq-R,1,0,0.0,0.0,0.0,0,0,0,0
0.35,2000000,1016,11,1c72ee4bb6a384bbf890665b6e6b1b401618132f7ecd0dfa735713650f0d4d9e,497b8822afdb329df7e593163c058667365610ead0920b891c63d218ed3d89d0,No-Dq-R,2,0,0.0,0.0,0,0,0,0,0
0.35,2000000,1016,11,1c72ee4bb6a384bbf890665b6e6b1b401618132f7ecd0dfa735713650f0d4d9e,497b8822afdb329df7e593163c058667365610ead0920b891c63d218ed3d89d0,No-Dq-R,3,0,0.0,0.0,0,0,0,0,0
0.35,2000000,1016,11,1c72ee4bb6a384bbf890665b6e6b1b401618132f7ecd0dfa735713650f0d4d9e,497b8822afdb329df7e593163c058667365610ead0920b891c63d218ed3d89d0,No-Dq-R,4,0,0.0,0.0,0,0,0,0,0
0.35,2000000,1016,11,1c72ee4bb6a384bbf890665b6e6b1b401618132f7ecd0dfa735713650f0d4d9e,497b8822afdb329df7e593163c058667365610ead0920b891c63d218ed3d89d0,Fixed-Dc,1,12965,-0.0006011415817875898,-0.0006694666581993358,0.0,0,0,0,0
0.35,2000000,1016,11,1c72ee4bb6a384bbf890665b6e6b1b401618132f7ecd0dfa735713650f0d4d9e,497b8822afdb329df7e593163c058667365610ead0920b891c63d218ed3d89d0,Fixed-Dc,2,-95543,0.002958356452748334,0.0023979926311309963,0,0,0,0,0
0.35,2000000,1016,11,1c72ee4bb6a384bbf890665b6e6b1b401618132f7ecd0dfa735713650f0d4d9e,497b8822afdb329df7e593163c058667365610ead0920b891c63d218ed3d89d0,Fixed-Dc,3,-449829,0.0028125663439692583,0.005455311415889674,0,0,0,0,0
0.35,2000000,1016,11,1c72ee4bb6a384bbf890665b6e6b1b401618132f7ecd0dfa735713650f0d4d9e,497b8822afdb329df7e593163c058667365610ead0920b891c63d218ed3d89d0,Fixed-Dc,4,-804115,2.6671163679992116e-05,0.004712101298912197,0,0,0,0,0
0.35,2000000,1016,11,1c72ee4bb6a384bbf890665b6e6b1b401618132f7ecd0dfa735713650f0d4d9e,497b8822afdb329df7e593163c058667365610ead0920b891c63d218ed3d89d0,Decoupled,1,0,,,,,,0,0
0.35,2000000,1016,11,1c72ee4bb6a384bbf890665b6e6b1b401618132f7ecd0dfa735713650f0d4d9e,497b8822afdb329df7e593163c058667365610ead0920b891c63d218ed3d89d0,Decoupled,2,0,,,,,,0,0
0.35,2000000,1016,11,1c72ee4bb6a384bbf890665b6e6b1b401618132f7ecd0dfa735713650f0d4d9e,497b8822afdb329df7e593163c058667365610ead0920b891c63d218ed3d89d0,Decoupled,3,0,,,,,,0,0
0.35,2000000,1016,11,1c72ee4bb6a384bbf890665b6e6b1b401618132f7ecd0dfa735713650f0d4d9e,497b8822afdb329df7e593163c058667365610ead0920b891c63d218ed3d89d0,Decoupled,4,0,,,,,,0,0
0.35,2000000,1017,7,63bede6def3eb6d13ab7ef558507bbdf4fe74e703b5b84256f75c330d5f2d2db,497b8822afdb329df7e593163c058667365610ead0920b891c63d218ed3d89d0,No-Dq-R,1,0,0.0,0.0,0.0,0,0,0,0
0.35,2000000,1017,7,63bede6def3eb6d13ab7ef558507bbdf4fe74e703b5b84256f75c330d5f2d2db,497b8822afdb329df7e593163c058667365610ead0920b891c63d218ed3d89d0,No-Dq-R,2,0,0.0,0.0,0,0,0,0,0
0.35,2000000,1017,7,63bede6def3eb6d13ab7ef558507bbdf4fe74e703b5b84256f75c330d5f2d2db,497b8822afdb329df7e593163c058667365610ead0920b891c63d218ed3d89d0,No-Dq-R,3,0,0.0,0.0,0,0,0,0,0
0.35,2000000,1017,7,63bede6def3eb6d13ab7ef558507bbdf4fe74e703b5b84256f75c330d5f2d2db,497b8822afdb329df7e593163c058667365610ead0920b891c63d218ed3d89d0,No-Dq-R,4,0,0.0,0.0,0,0,0,0,0
0.35,2000000,1017,7,63bede6def3eb6d13ab7ef558507bbdf4fe74e703b5b84256f75c330d5f2d2db,497b8822afdb329df7e593163c058667365610ead0920b891c63d218ed3d89d0,Fixed-Dc,1,-229819,0.012633876495653285,0.01162155902746087,0.0,0,0,0,0
0.35,2000000,1017,7,63bede6def3eb6d13ab7ef558507bbdf4fe74e703b5b84256f75c330d5f2d2db,497b8822afdb329df7e593163c058667365610ead0920b891c63d218ed3d89d0,Fixed-Dc,2,-584105,0.01757154346603884,0.014088819518036422,0,0,0,0,0
0.35,2000000,1017,7,63bede6def3eb6d13ab7ef558507bbdf4fe74e703b5b84256f75c330d5f2d2db,497b8822afdb329df7e593163c058667365610ead0920b891c63d218ed3d89d0,Fixed-Dc,3,12965,-9.085032083888667e-05,-0.0001629537825659222,0,0,0,0,0
0.35,2000000,1017,7,63bede6def3eb6d13ab7ef558507bbdf4fe74e703b5b84256f75c330d5f2d2db,497b8822afdb329df7e593163c058667365610ead0920b891c63d218ed3d89d0,Fixed-Dc,4,12965,-5.453211370742839e-06,-8.060658095032647e-05,0,0,0,0,0
0.35,2000000,1017,7,63bede6def3eb6d13ab7ef558507bbdf4fe74e703b5b84256f75c330d5f2d2db,497b8822afdb329df7e593163c058667365610ead0920b891c63d218ed3d89d0,Decoupled,1,0,,,,,,0,0
0.35,2000000,1017,7,63bede6def3eb6d13ab7ef558507bbdf4fe74e703b5b84256f75c330d5f2d2db,497b8822afdb329df7e593163c058667365610ead0920b891c63d218ed3d89d0,Decoupled,2,0,,,,,,0,0
0.35,2000000,1017,7,63bede6def3eb6d13ab7ef558507bbdf4fe74e703b5b84256f75c330d5f2d2db,497b8822afdb329df7e593163c058667365610ead0920b891c63d218ed3d89d0,Decoupled,3,0,,,,,,0,0
0.35,2000000,1017,7,63bede6def3eb6d13ab7ef558507bbdf4fe74e703b5b84256f75c330d5f2d2db,497b8822afdb329df7e593163c058667365610ead0920b891c63d218ed3d89d0,Decoupled,4,0,,,,,,0,0
0.35,2000000,1017,11,63bede6def3eb6d13ab7ef558507bbdf4fe74e703b5b84256f75c330d5f2d2db,497b8822afdb329df7e593163c058667365610ead0920b891c63d218ed3d89d0,No-Dq-R,1,0,0.0,0.0,0.0,0,0,0,0
0.35,2000000,1017,11,63bede6def3eb6d13ab7ef558507bbdf4fe74e703b5b84256f75c330d5f2d2db,497b8822afdb329df7e593163c058667365610ead0920b891c63d218ed3d89d0,No-Dq-R,2,0,0.0,0.0,0,0,0,0,0
0.35,2000000,1017,11,63bede6def3eb6d13ab7ef558507bbdf4fe74e703b5b84256f75c330d5f2d2db,497b8822afdb329df7e593163c058667365610ead0920b891c63d218ed3d89d0,No-Dq-R,3,0,0.0,0.0,0,0,0,0,0
0.35,2000000,1017,11,63bede6def3eb6d13ab7ef558507bbdf4fe74e703b5b84256f75c330d5f2d2db,497b8822afdb329df7e593163c058667365610ead0920b891c63d218ed3d89d0,No-Dq-R,4,0,0.0,0.0,0,0,0,0,0
0.35,2000000,1017,11,63bede6def3eb6d13ab7ef558507bbdf4fe74e703b5b84256f75c330d5f2d2db,497b8822afdb329df7e593163c058667365610ead0920b891c63d218ed3d89d0,Fixed-Dc,1,-229819,0.010401608510627214,0.01162155902746087,0.0,0,0,0,0
0.35,2000000,1017,11,63bede6def3eb6d13ab7ef558507bbdf4fe74e703b5b84256f75c330d5f2d2db,497b8822afdb329df7e593163c058667365610ead0920b891c63d218ed3d89d0,Fixed-Dc,2,-584105,0.01757154346603884,0.014088819518036422,0,0,0,0,0
0.35,2000000,1017,11,63bede6def3eb6d13ab7ef558507bbdf4fe74e703b5b84256f75c330d5f2d2db,497b8822afdb329df7e593163c058667365610ead0920b891c63d218ed3d89d0,Fixed-Dc,3,12965,-8.721840750941512e-05,-0.0001629537825659222,0,0,0,0,0
0.35,2000000,1017,11,63bede6def3eb6d13ab7ef558507bbdf4fe74e703b5b84256f75c330d5f2d2db,497b8822afdb329df7e593163c058667365610ead0920b891c63d218ed3d89d0,Fixed-Dc,4,12965,-5.453211370742839e-06,-8.060658095032647e-05,0,0,0,0,0
0.35,2000000,1017,11,63bede6def3eb6d13ab7ef558507bbdf4fe74e703b5b84256f75c330d5f2d2db,497b8822afdb329df7e593163c058667365610ead0920b891c63d218ed3d89d0,Decoupled,1,0,,,,,,0,0
0.35,2000000,1017,11,63bede6def3eb6d13ab7ef558507bbdf4fe74e703b5b84256f75c330d5f2d2db,497b8822afdb329df7e593163c058667365610ead0920b891c63d218ed3d89d0,Decoupled,2,0,,,,,,0,0
0.35,2000000,1017,11,63bede6def3eb6d13ab7ef558507bbdf4fe74e703b5b84256f75c330d5f2d2db,497b8822afdb329df7e593163c058667365610ead0920b891c63d218ed3d89d0,Decoupled,3,0,,,,,,0,0
0.35,2000000,1017,11,63bede6def3eb6d13ab7ef558507bbdf4fe74e703b5b84256f75c330d5f2d2db,497b8822afdb329df7e593163c058667365610ead0920b891c63d218ed3d89d0,Decoupled,4,0,,,,,,0,0
0.35,2000000,1018,7,185b964f605c808ae3ded8d42df07018f0e1f49f824e7da24e260ced7884fd5c,497b8822afdb329df7e593163c058667365610ead0920b891c63d218ed3d89d0,No-Dq-R,1,0,0.0,0.0,0.0,0,0,0,0
0.35,2000000,1018,7,185b964f605c808ae3ded8d42df07018f0e1f49f824e7da24e260ced7884fd5c,497b8822afdb329df7e593163c058667365610ead0920b891c63d218ed3d89d0,No-Dq-R,2,0,0.0,0.0,0,0,0,0,0
0.35,2000000,1018,7,185b964f605c808ae3ded8d42df07018f0e1f49f824e7da24e260ced7884fd5c,497b8822afdb329df7e593163c058667365610ead0920b891c63d218ed3d89d0,No-Dq-R,3,0,0.0,0.0,0,0,0,0,0
0.35,2000000,1018,7,185b964f605c808ae3ded8d42df07018f0e1f49f824e7da24e260ced7884fd5c,497b8822afdb329df7e593163c058667365610ead0920b891c63d218ed3d89d0,No-Dq-R,4,0,0.0,0.0,0,0,0,0,0
0.35,2000000,1018,7,185b964f605c808ae3ded8d42df07018f0e1f49f824e7da24e260ced7884fd5c,497b8822afdb329df7e593163c058667365610ead0920b891c63d218ed3d89d0,Fixed-Dc,1,12965,-0.0007255404583967895,-0.0006694666581993358,0.0,0,0,0,0
0.35,2000000,1018,7,185b964f605c808ae3ded8d42df07018f0e1f49f824e7da24e260ced7884fd5c,497b8822afdb329df7e593163c058667365610ead0920b891c63d218ed3d89d0,Fixed-Dc,2,-217763,0.006693707678293359,0.005411076974923823,0,0,0,0,0
0.35,2000000,1018,7,185b964f605c808ae3ded8d42df07018f0e1f49f824e7da24e260ced7884fd5c,497b8822afdb329df7e593163c058667365610ead0920b891c63d218ed3d89d0,Fixed-Dc,3,-572049,0.003658780905405612,0.006873122982421376,0,0,0,0,0
0.35,2000000,1018,7,185b964f605c808ae3ded8d42df07018f0e1f49f824e7da24e260ced7884fd5c,497b8822afdb329df7e593163c058667365610ead0920b891c63d218ed3d89d0,Fixed-Dc,4,12965,-5.453211370742839e-06,-8.060658095032647e-05,0,0,0,0,0
0.35,2000000,1018,7,185b964f605c808ae3ded8d42df07018f0e1f49f824e7da24e260ced7884fd5c,497b8822afdb329df7e593163c058667365610ead0920b891c63d218ed3d89d0,Decoupled,1,0,,,,,,0,0
0.35,2000000,1018,7,185b964f605c808ae3ded8d42df07018f0e1f49f824e7da24e260ced7884fd5c,497b8822afdb329df7e593163c058667365610ead0920b891c63d218ed3d89d0,Decoupled,2,0,,,,,,0,0
0.35,2000000,1018,7,185b964f605c808ae3ded8d42df07018f0e1f49f824e7da24e260ced7884fd5c,497b8822afdb329df7e593163c058667365610ead0920b891c63d218ed3d89d0,Decoupled,3,0,,,,,,0,0
0.35,2000000,1018,7,185b964f605c808ae3ded8d42df07018f0e1f49f824e7da24e260ced7884fd5c,497b8822afdb329df7e593163c058667365610ead0920b891c63d218ed3d89d0,Decoupled,4,0,,,,,,0,0
0.35,2000000,1018,11,185b964f605c808ae3ded8d42df07018f0e1f49f824e7da24e260ced7884fd5c,497b8822afdb329df7e593163c058667365610ead0920b891c63d218ed3d89d0,No-Dq-R,1,0,0.0,0.0,0.0,0,0,0,0
0.35,2000000,1018,11,185b964f605c808ae3ded8d42df07018f0e1f49f824e7da24e260ced7884fd5c,497b8822afdb329df7e593163c058667365610ead0920b891c63d218ed3d89d0,No-Dq-R,2,0,0.0,0.0,0,0,0,0,0
0.35,2000000,1018,11,185b964f605c808ae3ded8d42df07018f0e1f49f824e7da24e260ced7884fd5c,497b8822afdb329df7e593163c058667365610ead0920b891c63d218ed3d89d0,No-Dq-R,3,0,0.0,0.0,0,0,0,0,0
0.35,2000000,1018,11,185b964f605c808ae3ded8d42df07018f0e1f49f824e7da24e260ced7884fd5c,497b8822afdb329df7e593163c058667365610ead0920b891c63d218ed3d89d0,No-Dq-R,4,0,0.0,0.0,0,0,0,0,0
0.35,2000000,1018,11,185b964f605c808ae3ded8d42df07018f0e1f49f824e7da24e260ced7884fd5c,497b8822afdb329df7e593163c058667365610ead0920b891c63d218ed3d89d0,Fixed-Dc,1,12965,-0.0006011415817875898,-0.0006694666581993358,0.0,0,0,0,0
0.35,2000000,1018,11,185b964f605c808ae3ded8d42df07018f0e1f49f824e7da24e260ced7884fd5c,497b8822afdb329df7e593163c058667365610ead0920b891c63d218ed3d89d0,Fixed-Dc,2,-217763,0.006693707678293359,0.005411076974923823,0,0,0,0,0
0.35,2000000,1018,11,185b964f605c808ae3ded8d42df07018f0e1f49f824e7da24e260ced7884fd5c,497b8822afdb329df7e593163c058667365610ead0920b891c63d218ed3d89d0,Fixed-Dc,3,-572049,0.003507555043876176,0.006873122982421376,0,0,0,0,0
0.35,2000000,1018,11,185b964f605c808ae3ded8d42df07018f0e1f49f824e7da24e260ced7884fd5c,497b8822afdb329df7e593163c058667365610ead0920b891c63d218ed3d89d0,Fixed-Dc,4,12965,-5.453211370742839e-06,-8.060658095032647e-05,0,0,0,0,0
0.35,2000000,1018,11,185b964f605c808ae3ded8d42df07018f0e1f49f824e7da24e260ced7884fd5c,497b8822afdb329df7e593163c058667365610ead0920b891c63d218ed3d89d0,Decoupled,1,0,,,,,,0,0
0.35,2000000,1018,11,185b964f605c808ae3ded8d42df07018f0e1f49f824e7da24e260ced7884fd5c,497b8822afdb329df7e593163c058667365610ead0920b891c63d218ed3d89d0,Decoupled,2,0,,,,,,0,0
0.35,2000000,1018,11,185b964f605c808ae3ded8d42df07018f0e1f49f824e7da24e260ced7884fd5c,497b8822afdb329df7e593163c058667365610ead0920b891c63d218ed3d89d0,Decoupled,3,0,,,,,,0,0
0.35,2000000,1018,11,185b964f605c808ae3ded8d42df07018f0e1f49f824e7da24e260ced7884fd5c,497b8822afdb329df7e593163c058667365610ead0920b891c63d218ed3d89d0,Decoupled,4,0,,,,,,0,0
0.35,2000000,1019,7,b00dc3140d8d701e8f23ed2ff38c63f38431dc30e709ff44322f80cd0d8399d6,497b8822afdb329df7e593163c058667365610ead0920b891c63d218ed3d89d0,No-Dq-R,1,0,0.0,0.0,0.0,0,0,0,0
0.35,2000000,1019,7,b00dc3140d8d701e8f23ed2ff38c63f38431dc30e709ff44322f80cd0d8399d6,497b8822afdb329df7e593163c058667365610ead0920b891c63d218ed3d89d0,No-Dq-R,2,0,0.0,0.0,0,0,0,0,0
0.35,2000000,1019,7,b00dc3140d8d701e8f23ed2ff38c63f38431dc30e709ff44322f80cd0d8399d6,497b8822afdb329df7e593163c058667365610ead0920b891c63d218ed3d89d0,No-Dq-R,3,0,0.0,0.0,0,0,0,0,0
0.35,2000000,1019,7,b00dc3140d8d701e8f23ed2ff38c63f38431dc30e709ff44322f80cd0d8399d6,497b8822afdb329df7e593163c058667365610ead0920b891c63d218ed3d89d0,No-Dq-R,4,0,0.0,0.0,0,0,0,0,0
0.35,2000000,1019,7,b00dc3140d8d701e8f23ed2ff38c63f38431dc30e709ff44322f80cd0d8399d6,497b8822afdb329df7e593163c058667365610ead0920b891c63d218ed3d89d0,Fixed-Dc,1,-709027,0.037654116793672365,0.03442383077432032,0.0,0,0,0,0
0.35,2000000,1019,7,b00dc3140d8d701e8f23ed2ff38c63f38431dc30e709ff44322f80cd0d8399d6,497b8822afdb329df7e593163c058667365610ead0920b891c63d218ed3d89d0,Fixed-Dc,2,12965,-0.00040407010252907494,-0.00032832191038612013,0,0,0,0,0
0.35,2000000,1019,7,b00dc3140d8d701e8f23ed2ff38c63f38431dc30e709ff44322f80cd0d8399d6,497b8822afdb329df7e593163c058667365610ead0920b891c63d218ed3d89d0,Fixed-Dc,3,12965,-9.085032083888667e-05,-0.0001629537825659222,0,0,0,0,0
0.35,2000000,1019,7,b00dc3140d8d701e8f23ed2ff38c63f38431dc30e709ff44322f80cd0d8399d6,497b8822afdb329df7e593163c058667365610ead0920b891c63d218ed3d89d0,Fixed-Dc,4,12965,-5.453211370742839e-06,-8.060658095032647e-05,0,0,0,0,0
0.35,2000000,1019,7,b00dc3140d8d701e8f23ed2ff38c63f38431dc30e709ff44322f80cd0d8399d6,497b8822afdb329df7e593163c058667365610ead0920b891c63d218ed3d89d0,Decoupled,1,0,,,,,,0,0
0.35,2000000,1019,7,b00dc3140d8d701e8f23ed2ff38c63f38431dc30e709ff44322f80cd0d8399d6,497b8822afdb329df7e593163c058667365610ead0920b891c63d218ed3d89d0,Decoupled,2,0,,,,,,0,0
0.35,2000000,1019,7,b00dc3140d8d701e8f23ed2ff38c63f38431dc30e709ff44322f80cd0d8399d6,497b8822afdb329df7e593163c058667365610ead0920b891c63d218ed3d89d0,Decoupled,3,0,,,,,,0,0
0.35,2000000,1019,7,b00dc3140d8d701e8f23ed2ff38c63f38431dc30e709ff44322f80cd0d8399d6,497b8822afdb329df7e593163c058667365610ead0920b891c63d218ed3d89d0,Decoupled,4,0,,,,,,0,0
0.35,2000000,1019,11,b00dc3140d8d701e8f23ed2ff38c63f38431dc30e709ff44322f80cd0d8399d6,497b8822afdb329df7e593163c058667365610ead0920b891c63d218ed3d89d0,No-Dq-R,1,0,0.0,0.0,0.0,0,0,0,0
0.35,2000000,1019,11,b00dc3140d8d701e8f23ed2ff38c63f38431dc30e709ff44322f80cd0d8399d6,497b8822afdb329df7e593163c058667365610ead0920b891c63d218ed3d89d0,No-Dq-R,2,0,0.0,0.0,0,0,0,0,0
0.35,2000000,1019,11,b00dc3140d8d701e8f23ed2ff38c63f38431dc30e709ff44322f80cd0d8399d6,497b8822afdb329df7e593163c058667365610ead0920b891c63d218ed3d89d0,No-Dq-R,3,0,0.0,0.0,0,0,0,0,0
0.35,2000000,1019,11,b00dc3140d8d701e8f23ed2ff38c63f38431dc30e709ff44322f80cd0d8399d6,497b8822afdb329df7e593163c058667365610ead0920b891c63d218ed3d89d0,No-Dq-R,4,0,0.0,0.0,0,0,0,0,0
0.35,2000000,1019,11,b00dc3140d8d701e8f23ed2ff38c63f38431dc30e709ff44322f80cd0d8399d6,497b8822afdb329df7e593163c058667365610ead0920b891c63d218ed3d89d0,Fixed-Dc,1,-709027,0.03060838032477975,0.03442383077432032,0.0,0,0,0,0
0.35,2000000,1019,11,b00dc3140d8d701e8f23ed2ff38c63f38431dc30e709ff44322f80cd0d8399d6,497b8822afdb329df7e593163c058667365610ead0920b891c63d218ed3d89d0,Fixed-Dc,2,12965,-0.00040407010252907494,-0.00032832191038612013,0,0,0,0,0
0.35,2000000,1019,11,b00dc3140d8d701e8f23ed2ff38c63f38431dc30e709ff44322f80cd0d8399d6,497b8822afdb329df7e593163c058667365610ead0920b891c63d218ed3d89d0,Fixed-Dc,3,12965,-8.721840750941512e-05,-0.0001629537825659222,0,0,0,0,0
0.35,2000000,1019,11,b00dc3140d8d701e8f23ed2ff38c63f38431dc30e709ff44322f80cd0d8399d6,497b8822afdb329df7e593163c058667365610ead0920b891c63d218ed3d89d0,Fixed-Dc,4,12965,-5.453211370742839e-06,-8.060658095032647e-05,0,0,0,0,0
0.35,2000000,1019,11,b00dc3140d8d701e8f23ed2ff38c63f38431dc30e709ff44322f80cd0d8399d6,497b8822afdb329df7e593163c058667365610ead0920b891c63d218ed3d89d0,Decoupled,1,0,,,,,,0,0
0.35,2000000,1019,11,b00dc3140d8d701e8f23ed2ff38c63f38431dc30e709ff44322f80cd0d8399d6,497b8822afdb329df7e593163c058667365610ead0920b891c63d218ed3d89d0,Decoupled,2,0,,,,,,0,0
0.35,2000000,1019,11,b00dc3140d8d701e8f23ed2ff38c63f38431dc30e709ff44322f80cd0d8399d6,497b8822afdb329df7e593163c058667365610ead0920b891c63d218ed3d89d0,Decoupled,3,0,,,,,,0,0
0.35,2000000,1019,11,b00dc3140d8d701e8f23ed2ff38c63f38431dc30e709ff44322f80cd0d8399d6,497b8822afdb329df7e593163c058667365610ead0920b891c63d218ed3d89d0,Decoupled,4,0,,,,,,0,0
0.35,2000000,1020,7,825637a4eca73e6ba66afcada85ac9fc0a3afb33821b69c6552ceea64e64cdd2,497b8822afdb329df7e593163c058667365610ead0920b891c63d218ed3d89d0,No-Dq-R,1,0,0.0,0.0,0.0,0,0,0,0
0.35,2000000,1020,7,825637a4eca73e6ba66afcada85ac9fc0a3afb33821b69c6552ceea64e64cdd2,497b8822afdb329df7e593163c058667365610ead0920b891c63d218ed3d89d0,No-Dq-R,2,0,0.0,0.0,0,0,0,0,0
0.35,2000000,1020,7,825637a4eca73e6ba66afcada85ac9fc0a3afb33821b69c6552ceea64e64cdd2,497b8822afdb329df7e593163c058667365610ead0920b891c63d218ed3d89d0,No-Dq-R,3,0,0.0,0.0,0,0,0,0,0
0.35,2000000,1020,7,825637a4eca73e6ba66afcada85ac9fc0a3afb33821b69c6552ceea64e64cdd2,497b8822afdb329df7e593163c058667365610ead0920b891c63d218ed3d89d0,No-Dq-R,4,0,0.0,0.0,0,0,0,0,0
0.35,2000000,1020,7,825637a4eca73e6ba66afcada85ac9fc0a3afb33821b69c6552ceea64e64cdd2,497b8822afdb329df7e593163c058667365610ead0920b891c63d218ed3d89d0,Fixed-Dc,1,12965,-0.0007255404583967895,-0.0006694666581993358,0.0,0,0,0,0
0.35,2000000,1020,7,825637a4eca73e6ba66afcada85ac9fc0a3afb33821b69c6552ceea64e64cdd2,497b8822afdb329df7e593163c058667365610ead0920b891c63d218ed3d89d0,Fixed-Dc,2,12965,-0.00040407010252907494,-0.00032832191038612013,0,0,0,0,0
0.35,2000000,1020,7,825637a4eca73e6ba66afcada85ac9fc0a3afb33821b69c6552ceea64e64cdd2,497b8822afdb329df7e593163c058667365610ead0920b891c63d218ed3d89d0,Fixed-Dc,3,12965,-9.085032083888667e-05,-0.0001629537825659222,0,0,0,0,0
0.35,2000000,1020,7,825637a4eca73e6ba66afcada85ac9fc0a3afb33821b69c6552ceea64e64cdd2,497b8822afdb329df7e593163c058667365610ead0920b891c63d218ed3d89d0,Fixed-Dc,4,12965,-5.453211370742839e-06,-8.060658095032647e-05,0,0,0,0,0
0.35,2000000,1020,7,825637a4eca73e6ba66afcada85ac9fc0a3afb33821b69c6552ceea64e64cdd2,497b8822afdb329df7e593163c058667365610ead0920b891c63d218ed3d89d0,Decoupled,1,0,,,,,,0,0
0.35,2000000,1020,7,825637a4eca73e6ba66afcada85ac9fc0a3afb33821b69c6552ceea64e64cdd2,497b8822afdb329df7e593163c058667365610ead0920b891c63d218ed3d89d0,Decoupled,2,0,,,,,,0,0
0.35,2000000,1020,7,825637a4eca73e6ba66afcada85ac9fc0a3afb33821b69c6552ceea64e64cdd2,497b8822afdb329df7e593163c058667365610ead0920b891c63d218ed3d89d0,Decoupled,3,0,,,,,,0,0
0.35,2000000,1020,7,825637a4eca73e6ba66afcada85ac9fc0a3afb33821b69c6552ceea64e64cdd2,497b8822afdb329df7e593163c058667365610ead0920b891c63d218ed3d89d0,Decoupled,4,0,,,,,,0,0
0.35,2000000,1020,11,825637a4eca73e6ba66afcada85ac9fc0a3afb33821b69c6552ceea64e64cdd2,497b8822afdb329df7e593163c058667365610ead0920b891c63d218ed3d89d0,No-Dq-R,1,0,0.0,0.0,0.0,0,0,0,0
0.35,2000000,1020,11,825637a4eca73e6ba66afcada85ac9fc0a3afb33821b69c6552ceea64e64cdd2,497b8822afdb329df7e593163c058667365610ead0920b891c63d218ed3d89d0,No-Dq-R,2,0,0.0,0.0,0,0,0,0,0
0.35,2000000,1020,11,825637a4eca73e6ba66afcada85ac9fc0a3afb33821b69c6552ceea64e64cdd2,497b8822afdb329df7e593163c058667365610ead0920b891c63d218ed3d89d0,No-Dq-R,3,0,0.0,0.0,0,0,0,0,0
0.35,2000000,1020,11,825637a4eca73e6ba66afcada85ac9fc0a3afb33821b69c6552ceea64e64cdd2,497b8822afdb329df7e593163c058667365610ead0920b891c63d218ed3d89d0,No-Dq-R,4,0,0.0,0.0,0,0,0,0,0
0.35,2000000,1020,11,825637a4eca73e6ba66afcada85ac9fc0a3afb33821b69c6552ceea64e64cdd2,497b8822afdb329df7e593163c058667365610ead0920b891c63d218ed3d89d0,Fixed-Dc,1,12965,-0.0006011415817875898,-0.0006694666581993358,0.0,0,0,0,0
0.35,2000000,1020,11,825637a4eca73e6ba66afcada85ac9fc0a3afb33821b69c6552ceea64e64cdd2,497b8822afdb329df7e593163c058667365610ead0920b891c63d218ed3d89d0,Fixed-Dc,2,12965,-0.00040407010252907494,-0.00032832191038612013,0,0,0,0,0
0.35,2000000,1020,11,825637a4eca73e6ba66afcada85ac9fc0a3afb33821b69c6552ceea64e64cdd2,497b8822afdb329df7e593163c058667365610ead0920b891c63d218ed3d89d0,Fixed-Dc,3,12965,-8.721840750941512e-05,-0.0001629537825659222,0,0,0,0,0
0.35,2000000,1020,11,825637a4eca73e6ba66afcada85ac9fc0a3afb33821b69c6552ceea64e64cdd2,497b8822afdb329df7e593163c058667365610ead0920b891c63d218ed3d89d0,Fixed-Dc,4,12965,-5.453211370742839e-06,-8.060658095032647e-05,0,0,0,0,0
0.35,2000000,1020,11,825637a4eca73e6ba66afcada85ac9fc0a3afb33821b69c6552ceea64e64cdd2,497b8822afdb329df7e593163c058667365610ead0920b891c63d218ed3d89d0,Decoupled,1,0,,,,,,0,0
0.35,2000000,1020,11,825637a4eca73e6ba66afcada85ac9fc0a3afb33821b69c6552ceea64e64cdd2,497b8822afdb329df7e593163c058667365610ead0920b891c63d218ed3d89d0,Decoupled,2,0,,,,,,0,0
0.35,2000000,1020,11,825637a4eca73e6ba66afcada85ac9fc0a3afb33821b69c6552ceea64e64cdd2,497b8822afdb329df7e593163c058667365610ead0920b891c63d218ed3d89d0,Decoupled,3,0,,,,,,0,0
0.35,2000000,1020,11,825637a4eca73e6ba66afcada85ac9fc0a3afb33821b69c6552ceea64e64cdd2,497b8822afdb329df7e593163c058667365610ead0920b891c63d218ed3d89d0,Decoupled,4,0,,,,,,0,0
0.35,2000000,1021,7,997317d59170c2286f43d51bcdd4e3c7deba43bc41919673e5b2b73b7604e802,497b8822afdb329df7e593163c058667365610ead0920b891c63d218ed3d89d0,No-Dq-R,1,0,0.0,0.0,0.0,0,0,0,0
0.35,2000000,1021,7,997317d59170c2286f43d51bcdd4e3c7deba43bc41919673e5b2b73b7604e802,497b8822afdb329df7e593163c058667365610ead0920b891c63d218ed3d89d0,No-Dq-R,2,0,0.0,0.0,0,0,0,0,0
0.35,2000000,1021,7,997317d59170c2286f43d51bcdd4e3c7deba43bc41919673e5b2b73b7604e802,497b8822afdb329df7e593163c058667365610ead0920b891c63d218ed3d89d0,No-Dq-R,3,0,0.0,0.0,0,0,0,0,0
0.35,2000000,1021,7,997317d59170c2286f43d51bcdd4e3c7deba43bc41919673e5b2b73b7604e802,497b8822afdb329df7e593163c058667365610ead0920b891c63d218ed3d89d0,No-Dq-R,4,0,0.0,0.0,0,0,0,0,0
0.35,2000000,1021,7,997317d59170c2286f43d51bcdd4e3c7deba43bc41919673e5b2b73b7604e802,497b8822afdb329df7e593163c058667365610ead0920b891c63d218ed3d89d0,Fixed-Dc,1,-438710,0.02375444283185124,0.021792639244927026,0.0,0,0,0,0
0.35,2000000,1021,7,997317d59170c2286f43d51bcdd4e3c7deba43bc41919673e5b2b73b7604e802,497b8822afdb329df7e593163c058667365610ead0920b891c63d218ed3d89d0,Fixed-Dc,2,-792996,0.02356894032497625,0.018809207946318907,0,0,0,0,0
0.35,2000000,1021,7,997317d59170c2286f43d51bcdd4e3c7deba43bc41919673e5b2b73b7604e802,497b8822afdb329df7e593163c058667365610ead0920b891c63d218ed3d89d0,Fixed-Dc,3,12965,-9.085032083888667e-05,-0.0001629537825659222,0,0,0,0,0
0.35,2000000,1021,7,997317d59170c2286f43d51bcdd4e3c7deba43bc41919673e5b2b73b7604e802,497b8822afdb329df7e593163c058667365610ead0920b891c63d218ed3d89d0,Fixed-Dc,4,12965,-5.453211370742839e-06,-8.060658095032647e-05,0,0,0,0,0
0.35,2000000,1021,7,997317d59170c2286f43d51bcdd4e3c7deba43bc41919673e5b2b73b7604e802,497b8822afdb329df7e593163c058667365610ead0920b891c63d218ed3d89d0,Decoupled,1,0,,,,,,0,0
0.35,2000000,1021,7,997317d59170c2286f43d51bcdd4e3c7deba43bc41919673e5b2b73b7604e802,497b8822afdb329df7e593163c058667365610ead0920b891c63d218ed3d89d0,Decoupled,2,0,,,,,,0,0
0.35,2000000,1021,7,997317d59170c2286f43d51bcdd4e3c7deba43bc41919673e5b2b73b7604e802,497b8822afdb329df7e593163c058667365610ead0920b891c63d218ed3d89d0,Decoupled,3,0,,,,,,0,0
0.35,2000000,1021,7,997317d59170c2286f43d51bcdd4e3c7deba43bc41919673e5b2b73b7604e802,497b8822afdb329df7e593163c058667365610ead0920b891c63d218ed3d89d0,Decoupled,4,0,,,,,,0,0
0.35,2000000,1021,11,997317d59170c2286f43d51bcdd4e3c7deba43bc41919673e5b2b73b7604e802,497b8822afdb329df7e593163c058667365610ead0920b891c63d218ed3d89d0,No-Dq-R,1,0,0.0,0.0,0.0,0,0,0,0
0.35,2000000,1021,11,997317d59170c2286f43d51bcdd4e3c7deba43bc41919673e5b2b73b7604e802,497b8822afdb329df7e593163c058667365610ead0920b891c63d218ed3d89d0,No-Dq-R,2,0,0.0,0.0,0,0,0,0,0
0.35,2000000,1021,11,997317d59170c2286f43d51bcdd4e3c7deba43bc41919673e5b2b73b7604e802,497b8822afdb329df7e593163c058667365610ead0920b891c63d218ed3d89d0,No-Dq-R,3,0,0.0,0.0,0,0,0,0,0
0.35,2000000,1021,11,997317d59170c2286f43d51bcdd4e3c7deba43bc41919673e5b2b73b7604e802,497b8822afdb329df7e593163c058667365610ead0920b891c63d218ed3d89d0,No-Dq-R,4,0,0.0,0.0,0,0,0,0,0
0.35,2000000,1021,11,997317d59170c2286f43d51bcdd4e3c7deba43bc41919673e5b2b73b7604e802,497b8822afdb329df7e593163c058667365610ead0920b891c63d218ed3d89d0,Fixed-Dc,1,-438710,0.019449685327962207,0.021792639244927026,0.0,0,0,0,0
0.35,2000000,1021,11,997317d59170c2286f43d51bcdd4e3c7deba43bc41919673e5b2b73b7604e802,497b8822afdb329df7e593163c058667365610ead0920b891c63d218ed3d89d0,Fixed-Dc,2,-792996,0.02356894032497625,0.018809207946318907,0,0,0,0,0
0.35,2000000,1021,11,997317d59170c2286f43d51bcdd4e3c7deba43bc41919673e5b2b73b7604e802,497b8822afdb329df7e593163c058667365610ead0920b891c63d218ed3d89d0,Fixed-Dc,3,12965,-8.721840750941512e-05,-0.0001629537825659222,0,0,0,0,0
0.35,2000000,1021,11,997317d59170c2286f43d51bcdd4e3c7deba43bc41919673e5b2b73b7604e802,497b8822afdb329df7e593163c058667365610ead0920b891c63d218ed3d89d0,Fixed-Dc,4,12965,-5.453211370742839e-06,-8.060658095032647e-05,0,0,0,0,0
0.35,2000000,1021,11,997317d59170c2286f43d51bcdd4e3c7deba43bc41919673e5b2b73b7604e802,497b8822afdb329df7e593163c058667365610ead0920b891c63d218ed3d89d0,Decoupled,1,0,,,,,,0,0
0.35,2000000,1021,11,997317d59170c2286f43d51bcdd4e3c7deba43bc41919673e5b2b73b7604e802,497b8822afdb329df7e593163c058667365610ead0920b891c63d218ed3d89d0,Decoupled,2,0,,,,,,0,0
0.35,2000000,1021,11,997317d59170c2286f43d51bcdd4e3c7deba43bc41919673e5b2b73b7604e802,497b8822afdb329df7e593163c058667365610ead0920b891c63d218ed3d89d0,Decoupled,3,0,,,,,,0,0
0.35,2000000,1021,11,997317d59170c2286f43d51bcdd4e3c7deba43bc41919673e5b2b73b7604e802,497b8822afdb329df7e593163c058667365610ead0920b891c63d218ed3d89d0,Decoupled,4,0,,,,,,0,0
0.35,2000000,1022,7,a8dd40243c7bb39ab55e9bdca10df78f66d2e518b34b88b9addb3956578c8986,497b8822afdb329df7e593163c058667365610ead0920b891c63d218ed3d89d0,No-Dq-R,1,0,0.0,0.0,0.0,0,0,0,0
0.35,2000000,1022,7,a8dd40243c7bb39ab55e9bdca10df78f66d2e518b34b88b9addb3956578c8986,497b8822afdb329df7e593163c058667365610ead0920b891c63d218ed3d89d0,No-Dq-R,2,0,0.0,0.0,0,0,0,0,0
0.35,2000000,1022,7,a8dd40243c7bb39ab55e9bdca10df78f66d2e518b34b88b9addb3956578c8986,497b8822afdb329df7e593163c058667365610ead0920b891c63d218ed3d89d0,No-Dq-R,3,0,0.0,0.0,0,0,0,0,0
0.35,2000000,1022,7,a8dd40243c7bb39ab55e9bdca10df78f66d2e518b34b88b9addb3956578c8986,497b8822afdb329df7e593163c058667365610ead0920b891c63d218ed3d89d0,No-Dq-R,4,0,0.0,0.0,0,0,0,0,0
0.35,2000000,1022,7,a8dd40243c7bb39ab55e9bdca10df78f66d2e518b34b88b9addb3956578c8986,497b8822afdb329df7e593163c058667365610ead0920b891c63d218ed3d89d0,Fixed-Dc,1,12965,-0.0007255404583967895,-0.0006694666581993358,0.0,0,0,0,0
0.35,2000000,1022,7,a8dd40243c7bb39ab55e9bdca10df78f66d2e518b34b88b9addb3956578c8986,497b8822afdb329df7e593163c058667365610ead0920b891c63d218ed3d89d0,Fixed-Dc,2,12965,-0.00040407010252907494,-0.00032832191038612013,0,0,0,0,0
0.35,2000000,1022,7,a8dd40243c7bb39ab55e9bdca10df78f66d2e518b34b88b9addb3956578c8986,497b8822afdb329df7e593163c058667365610ead0920b891c63d218ed3d89d0,Fixed-Dc,3,12965,-9.085032083888667e-05,-0.0001629537825659222,0,0,0,0,0
0.35,2000000,1022,7,a8dd40243c7bb39ab55e9bdca10df78f66d2e518b34b88b9addb3956578c8986,497b8822afdb329df7e593163c058667365610ead0920b891c63d218ed3d89d0,Fixed-Dc,4,12965,-5.453211370742839e-06,-8.060658095032647e-05,0,0,0,0,0
0.35,2000000,1022,7,a8dd40243c7bb39ab55e9bdca10df78f66d2e518b34b88b9addb3956578c8986,497b8822afdb329df7e593163c058667365610ead0920b891c63d218ed3d89d0,Decoupled,1,0,,,,,,0,0
0.35,2000000,1022,7,a8dd40243c7bb39ab55e9bdca10df78f66d2e518b34b88b9addb3956578c8986,497b8822afdb329df7e593163c058667365610ead0920b891c63d218ed3d89d0,Decoupled,2,0,,,,,,0,0
0.35,2000000,1022,7,a8dd40243c7bb39ab55e9bdca10df78f66d2e518b34b88b9addb3956578c8986,497b8822afdb329df7e593163c058667365610ead0920b891c63d218ed3d89d0,Decoupled,3,0,,,,,,0,0
0.35,2000000,1022,7,a8dd40243c7bb39ab55e9bdca10df78f66d2e518b34b88b9addb3956578c8986,497b8822afdb329df7e593163c058667365610ead0920b891c63d218ed3d89d0,Decoupled,4,0,,,,,,0,0
0.35,2000000,1022,11,a8dd40243c7bb39ab55e9bdca10df78f66d2e518b34b88b9addb3956578c8986,497b8822afdb329df7e593163c058667365610ead0920b891c63d218ed3d89d0,No-Dq-R,1,0,0.0,0.0,0.0,0,0,0,0
0.35,2000000,1022,11,a8dd40243c7bb39ab55e9bdca10df78f66d2e518b34b88b9addb3956578c8986,497b8822afdb329df7e593163c058667365610ead0920b891c63d218ed3d89d0,No-Dq-R,2,0,0.0,0.0,0,0,0,0,0
0.35,2000000,1022,11,a8dd40243c7bb39ab55e9bdca10df78f66d2e518b34b88b9addb3956578c8986,497b8822afdb329df7e593163c058667365610ead0920b891c63d218ed3d89d0,No-Dq-R,3,0,0.0,0.0,0,0,0,0,0
0.35,2000000,1022,11,a8dd40243c7bb39ab55e9bdca10df78f66d2e518b34b88b9addb3956578c8986,497b8822afdb329df7e593163c058667365610ead0920b891c63d218ed3d89d0,No-Dq-R,4,0,0.0,0.0,0,0,0,0,0
0.35,2000000,1022,11,a8dd40243c7bb39ab55e9bdca10df78f66d2e518b34b88b9addb3956578c8986,497b8822afdb329df7e593163c058667365610ead0920b891c63d218ed3d89d0,Fixed-Dc,1,12965,-0.0006011415817875898,-0.0006694666581993358,0.0,0,0,0,0
0.35,2000000,1022,11,a8dd40243c7bb39ab55e9bdca10df78f66d2e518b34b88b9addb3956578c8986,497b8822afdb329df7e593163c058667365610ead0920b891c63d218ed3d89d0,Fixed-Dc,2,12965,-0.00040407010252907494,-0.00032832191038612013,0,0,0,0,0
0.35,2000000,1022,11,a8dd40243c7bb39ab55e9bdca10df78f66d2e518b34b88b9addb3956578c8986,497b8822afdb329df7e593163c058667365610ead0920b891c63d218ed3d89d0,Fixed-Dc,3,12965,-8.721840750941512e-05,-0.0001629537825659222,0,0,0,0,0
0.35,2000000,1022,11,a8dd40243c7bb39ab55e9bdca10df78f66d2e518b34b88b9addb3956578c8986,497b8822afdb329df7e593163c058667365610ead0920b891c63d218ed3d89d0,Fixed-Dc,4,12965,-5.453211370742839e-06,-8.060658095032647e-05,0,0,0,0,0
0.35,2000000,1022,11,a8dd40243c7bb39ab55e9bdca10df78f66d2e518b34b88b9addb3956578c8986,497b8822afdb329df7e593163c058667365610ead0920b891c63d218ed3d89d0,Decoupled,1,0,,,,,,0,0
0.35,2000000,1022,11,a8dd40243c7bb39ab55e9bdca10df78f66d2e518b34b88b9addb3956578c8986,497b8822afdb329df7e593163c058667365610ead0920b891c63d218ed3d89d0,Decoupled,2,0,,,,,,0,0
0.35,2000000,1022,11,a8dd40243c7bb39ab55e9bdca10df78f66d2e518b34b88b9addb3956578c8986,497b8822afdb329df7e593163c058667365610ead0920b891c63d218ed3d89d0,Decoupled,3,0,,,,,,0,0
0.35,2000000,1022,11,a8dd40243c7bb39ab55e9bdca10df78f66d2e518b34b88b9addb3956578c8986,497b8822afdb329df7e593163c058667365610ead0920b891c63d218ed3d89d0,Decoupled,4,0,,,,,,0,0
0.35,2000000,1023,7,fe4c064e51b8326956d18a70485264ad7bcec4954e4b601a9e059dbba991e423,497b8822afdb329df7e593163c058667365610ead0920b891c63d218ed3d89d0,No-Dq-R,1,0,0.0,0.0,0.0,0,0,0,0
0.35,2000000,1023,7,fe4c064e51b8326956d18a70485264ad7bcec4954e4b601a9e059dbba991e423,497b8822afdb329df7e593163c058667365610ead0920b891c63d218ed3d89d0,No-Dq-R,2,0,0.0,0.0,0,0,0,0,0
0.35,2000000,1023,7,fe4c064e51b8326956d18a70485264ad7bcec4954e4b601a9e059dbba991e423,497b8822afdb329df7e593163c058667365610ead0920b891c63d218ed3d89d0,No-Dq-R,3,0,0.0,0.0,0,0,0,0,0
0.35,2000000,1023,7,fe4c064e51b8326956d18a70485264ad7bcec4954e4b601a9e059dbba991e423,497b8822afdb329df7e593163c058667365610ead0920b891c63d218ed3d89d0,No-Dq-R,4,0,0.0,0.0,0,0,0,0,0
0.35,2000000,1023,7,fe4c064e51b8326956d18a70485264ad7bcec4954e4b601a9e059dbba991e423,497b8822afdb329df7e593163c058667365610ead0920b891c63d218ed3d89d0,Fixed-Dc,1,-260213,0.014273073762268051,0.013124315708173073,0.0,0,0,0,0
0.35,2000000,1023,7,fe4c064e51b8326956d18a70485264ad7bcec4954e4b601a9e059dbba991e423,497b8822afdb329df7e593163c058667365610ead0920b891c63d218ed3d89d0,Fixed-Dc,2,-614499,0.018453225832133935,0.014785682530906508,0,0,0,0,0
0.35,2000000,1023,7,fe4c064e51b8326956d18a70485264ad7bcec4954e4b601a9e059dbba991e423,497b8822afdb329df7e593163c058667365610ead0920b891c63d218ed3d89d0,Fixed-Dc,3,12965,-9.085032083888667e-05,-0.0001629537825659222,0,0,0,0,0
0.35,2000000,1023,7,fe4c064e51b8326956d18a70485264ad7bcec4954e4b601a9e059dbba991e423,497b8822afdb329df7e593163c058667365610ead0920b891c63d218ed3d89d0,Fixed-Dc,4,12965,-5.453211370742839e-06,-8.060658095032647e-05,0,0,0,0,0
0.35,2000000,1023,7,fe4c064e51b8326956d18a70485264ad7bcec4954e4b601a9e059dbba991e423,497b8822afdb329df7e593163c058667365610ead0920b891c63d218ed3d89d0,Decoupled,1,0,,,,,,0,0
0.35,2000000,1023,7,fe4c064e51b8326956d18a70485264ad7bcec4954e4b601a9e059dbba991e423,497b8822afdb329df7e593163c058667365610ead0920b891c63d218ed3d89d0,Decoupled,2,0,,,,,,0,0
0.35,2000000,1023,7,fe4c064e51b8326956d18a70485264ad7bcec4954e4b601a9e059dbba991e423,497b8822afdb329df7e593163c058667365610ead0920b891c63d218ed3d89d0,Decoupled,3,0,,,,,,0,0
0.35,2000000,1023,7,fe4c064e51b8326956d18a70485264ad7bcec4954e4b601a9e059dbba991e423,497b8822afdb329df7e593163c058667365610ead0920b891c63d218ed3d89d0,Decoupled,4,0,,,,,,0,0
0.35,2000000,1023,11,fe4c064e51b8326956d18a70485264ad7bcec4954e4b601a9e059dbba991e423,497b8822afdb329df7e593163c058667365610ead0920b891c63d218ed3d89d0,No-Dq-R,1,0,0.0,0.0,0.0,0,0,0,0
0.35,2000000,1023,11,fe4c064e51b8326956d18a70485264ad7bcec4954e4b601a9e059dbba991e423,497b8822afdb329df7e593163c058667365610ead0920b891c63d218ed3d89d0,No-Dq-R,2,0,0.0,0.0,0,0,0,0,0
0.35,2000000,1023,11,fe4c064e51b8326956d18a70485264ad7bcec4954e4b601a9e059dbba991e423,497b8822afdb329df7e593163c058667365610ead0920b891c63d218ed3d89d0,No-Dq-R,3,0,0.0,0.0,0,0,0,0,0
0.35,2000000,1023,11,fe4c064e51b8326956d18a70485264ad7bcec4954e4b601a9e059dbba991e423,497b8822afdb329df7e593163c058667365610ead0920b891c63d218ed3d89d0,No-Dq-R,4,0,0.0,0.0,0,0,0,0,0
0.35,2000000,1023,11,fe4c064e51b8326956d18a70485264ad7bcec4954e4b601a9e059dbba991e423,497b8822afdb329df7e593163c058667365610ead0920b891c63d218ed3d89d0,Fixed-Dc,1,-260213,0.011741792435480014,0.013124315708173073,0.0,0,0,0,0
0.35,2000000,1023,11,fe4c064e51b8326956d18a70485264ad7bcec4954e4b601a9e059dbba991e423,497b8822afdb329df7e593163c058667365610ead0920b891c63d218ed3d89d0,Fixed-Dc,2,-614499,0.018453225832133935,0.014785682530906508,0,0,0,0,0
0.35,2000000,1023,11,fe4c064e51b8326956d18a70485264ad7bcec4954e4b601a9e059dbba991e423,497b8822afdb329df7e593163c058667365610ead0920b891c63d218ed3d89d0,Fixed-Dc,3,12965,-8.721840750941512e-05,-0.0001629537825659222,0,0,0,0,0
0.35,2000000,1023,11,fe4c064e51b8326956d18a70485264ad7bcec4954e4b601a9e059dbba991e423,497b8822afdb329df7e593163c058667365610ead0920b891c63d218ed3d89d0,Fixed-Dc,4,12965,-5.453211370742839e-06,-8.060658095032647e-05,0,0,0,0,0
0.35,2000000,1023,11,fe4c064e51b8326956d18a70485264ad7bcec4954e4b601a9e059dbba991e423,497b8822afdb329df7e593163c058667365610ead0920b891c63d218ed3d89d0,Decoupled,1,0,,,,,,0,0
0.35,2000000,1023,11,fe4c064e51b8326956d18a70485264ad7bcec4954e4b601a9e059dbba991e423,497b8822afdb329df7e593163c058667365610ead0920b891c63d218ed3d89d0,Decoupled,2,0,,,,,,0,0
0.35,2000000,1023,11,fe4c064e51b8326956d18a70485264ad7bcec4954e4b601a9e059dbba991e423,497b8822afdb329df7e593163c058667365610ead0920b891c63d218ed3d89d0,Decoupled,3,0,,,,,,0,0
0.35,2000000,1023,11,fe4c064e51b8326956d18a70485264ad7bcec4954e4b601a9e059dbba991e423,497b8822afdb329df7e593163c058667365610ead0920b891c63d218ed3d89d0,Decoupled,4,0,,,,,,0,0
0.35,2000000,1024,7,e222cc98d02b6fb2529001a5adab56139e37a1dc53a42cbe3743a7a94b1374bc,497b8822afdb329df7e593163c058667365610ead0920b891c63d218ed3d89d0,No-Dq-R,1,0,0.0,0.0,0.0,0,0,0,0
0.35,2000000,1024,7,e222cc98d02b6fb2529001a5adab56139e37a1dc53a42cbe3743a7a94b1374bc,497b8822afdb329df7e593163c058667365610ead0920b891c63d218ed3d89d0,No-Dq-R,2,0,0.0,0.0,0,0,0,0,0
0.35,2000000,1024,7,e222cc98d02b6fb2529001a5adab56139e37a1dc53a42cbe3743a7a94b1374bc,497b8822afdb329df7e593163c058667365610ead0920b891c63d218ed3d89d0,No-Dq-R,3,0,0.0,0.0,0,0,0,0,0
0.35,2000000,1024,7,e222cc98d02b6fb2529001a5adab56139e37a1dc53a42cbe3743a7a94b1374bc,497b8822afdb329df7e593163c058667365610ead0920b891c63d218ed3d89d0,No-Dq-R,4,0,0.0,0.0,0,0,0,0,0
0.35,2000000,1024,7,e222cc98d02b6fb2529001a5adab56139e37a1dc53a42cbe3743a7a94b1374bc,497b8822afdb329df7e593163c058667365610ead0920b891c63d218ed3d89d0,Fixed-Dc,1,-645574,0.03443986134798371,0.03151126628125156,0.0,0,0,0,0
0.35,2000000,1024,7,e222cc98d02b6fb2529001a5adab56139e37a1dc53a42cbe3743a7a94b1374bc,497b8822afdb329df7e593163c058667365610ead0920b891c63d218ed3d89d0,Fixed-Dc,2,12965,-0.00040407010252907494,-0.00032832191038612013,0,0,0,0,0
0.35,2000000,1024,7,e222cc98d02b6fb2529001a5adab56139e37a1dc53a42cbe3743a7a94b1374bc,497b8822afdb329df7e593163c058667365610ead0920b891c63d218ed3d89d0,Fixed-Dc,3,12965,-9.085032083888667e-05,-0.0001629537825659222,0,0,0,0,0
0.35,2000000,1024,7,e222cc98d02b6fb2529001a5adab56139e37a1dc53a42cbe3743a7a94b1374bc,497b8822afdb329df7e593163c058667365610ead0920b891c63d218ed3d89d0,Fixed-Dc,4,12965,-5.453211370742839e-06,-8.060658095032647e-05,0,0,0,0,0
0.35,2000000,1024,7,e222cc98d02b6fb2529001a5adab56139e37a1dc53a42cbe3743a7a94b1374bc,497b8822afdb329df7e593163c058667365610ead0920b891c63d218ed3d89d0,Decoupled,1,0,,,,,,0,0
0.35,2000000,1024,7,e222cc98d02b6fb2529001a5adab56139e37a1dc53a42cbe3743a7a94b1374bc,497b8822afdb329df7e593163c058667365610ead0920b891c63d218ed3d89d0,Decoupled,2,0,,,,,,0,0
0.35,2000000,1024,7,e222cc98d02b6fb2529001a5adab56139e37a1dc53a42cbe3743a7a94b1374bc,497b8822afdb329df7e593163c058667365610ead0920b891c63d218ed3d89d0,Decoupled,3,0,,,,,,0,0
0.35,2000000,1024,7,e222cc98d02b6fb2529001a5adab56139e37a1dc53a42cbe3743a7a94b1374bc,497b8822afdb329df7e593163c058667365610ead0920b891c63d218ed3d89d0,Decoupled,4,0,,,,,,0,0
0.35,2000000,1024,11,e222cc98d02b6fb2529001a5adab56139e37a1dc53a42cbe3743a7a94b1374bc,497b8822afdb329df7e593163c058667365610ead0920b891c63d218ed3d89d0,No-Dq-R,1,0,0.0,0.0,0.0,0,0,0,0
0.35,2000000,1024,11,e222cc98d02b6fb2529001a5adab56139e37a1dc53a42cbe3743a7a94b1374bc,497b8822afdb329df7e593163c058667365610ead0920b891c63d218ed3d89d0,No-Dq-R,2,0,0.0,0.0,0,0,0,0,0
0.35,2000000,1024,11,e222cc98d02b6fb2529001a5adab56139e37a1dc53a42cbe3743a7a94b1374bc,497b8822afdb329df7e593163c058667365610ead0920b891c63d218ed3d89d0,No-Dq-R,3,0,0.0,0.0,0,0,0,0,0
0.35,2000000,1024,11,e222cc98d02b6fb2529001a5adab56139e37a1dc53a42cbe3743a7a94b1374bc,497b8822afdb329df7e593163c058667365610ead0920b891c63d218ed3d89d0,No-Dq-R,4,0,0.0,0.0,0,0,0,0,0
0.35,2000000,1024,11,e222cc98d02b6fb2529001a5adab56139e37a1dc53a42cbe3743a7a94b1374bc,497b8822afdb329df7e593163c058667365610ead0920b891c63d218ed3d89d0,Fixed-Dc,1,-645574,0.02804337202194651,0.03151126628125156,0.0,0,0,0,0
0.35,2000000,1024,11,e222cc98d02b6fb2529001a5adab56139e37a1dc53a42cbe3743a7a94b1374bc,497b8822afdb329df7e593163c058667365610ead0920b891c63d218ed3d89d0,Fixed-Dc,2,12965,-0.00040407010252907494,-0.00032832191038612013,0,0,0,0,0
0.35,2000000,1024,11,e222cc98d02b6fb2529001a5adab56139e37a1dc53a42cbe3743a7a94b1374bc,497b8822afdb329df7e593163c058667365610ead0920b891c63d218ed3d89d0,Fixed-Dc,3,12965,-8.721840750941512e-05,-0.0001629537825659222,0,0,0,0,0
0.35,2000000,1024,11,e222cc98d02b6fb2529001a5adab56139e37a1dc53a42cbe3743a7a94b1374bc,497b8822afdb329df7e593163c058667365610ead0920b891c63d218ed3d89d0,Fixed-Dc,4,12965,-5.453211370742839e-06,-8.060658095032647e-05,0,0,0,0,0
0.35,2000000,1024,11,e222cc98d02b6fb2529001a5adab56139e37a1dc53a42cbe3743a7a94b1374bc,497b8822afdb329df7e593163c058667365610ead0920b891c63d218ed3d89d0,Decoupled,1,0,,,,,,0,0
0.35,2000000,1024,11,e222cc98d02b6fb2529001a5adab56139e37a1dc53a42cbe3743a7a94b1374bc,497b8822afdb329df7e593163c058667365610ead0920b891c63d218ed3d89d0,Decoupled,2,0,,,,,,0,0
0.35,2000000,1024,11,e222cc98d02b6fb2529001a5adab56139e37a1dc53a42cbe3743a7a94b1374bc,497b8822afdb329df7e593163c058667365610ead0920b891c63d218ed3d89d0,Decoupled,3,0,,,,,,0,0
0.35,2000000,1024,11,e222cc98d02b6fb2529001a5adab56139e37a1dc53a42cbe3743a7a94b1374bc,497b8822afdb329df7e593163c058667365610ead0920b891c63d218ed3d89d0,Decoupled,4,0,,,,,,0,0
0.35,2000000,1025,7,89de485209e0b28d24e6eae88b16a63cb6ccafde62c991ea0f7fce58f807a0d9,497b8822afdb329df7e593163c058667365610ead0920b891c63d218ed3d89d0,No-Dq-R,1,0,0.0,0.0,0.0,0,0,0,0
0.35,2000000,1025,7,89de485209e0b28d24e6eae88b16a63cb6ccafde62c991ea0f7fce58f807a0d9,497b8822afdb329df7e593163c058667365610ead0920b891c63d218ed3d89d0,No-Dq-R,2,0,0.0,0.0,0,0,0,0,0
0.35,2000000,1025,7,89de485209e0b28d24e6eae88b16a63cb6ccafde62c991ea0f7fce58f807a0d9,497b8822afdb329df7e593163c058667365610ead0920b891c63d218ed3d89d0,No-Dq-R,3,0,0.0,0.0,0,0,0,0,0
0.35,2000000,1025,7,89de485209e0b28d24e6eae88b16a63cb6ccafde62c991ea0f7fce58f807a0d9,497b8822afdb329df7e593163c058667365610ead0920b891c63d218ed3d89d0,No-Dq-R,4,0,0.0,0.0,0,0,0,0,0
0.35,2000000,1025,7,89de485209e0b28d24e6eae88b16a63cb6ccafde62c991ea0f7fce58f807a0d9,497b8822afdb329df7e593163c058667365610ead0920b891c63d218ed3d89d0,Fixed-Dc,1,12965,-0.0007255404583967895,-0.0006694666581993358,0.0,0,0,0,0
0.35,2000000,1025,7,89de485209e0b28d24e6eae88b16a63cb6ccafde62c991ea0f7fce58f807a0d9,497b8822afdb329df7e593163c058667365610ead0920b891c63d218ed3d89d0,Fixed-Dc,2,12965,-0.00040407010252907494,-0.00032832191038612013,0,0,0,0,0
0.35,2000000,1025,7,89de485209e0b28d24e6eae88b16a63cb6ccafde62c991ea0f7fce58f807a0d9,497b8822afdb329df7e593163c058667365610ead0920b891c63d218ed3d89d0,Fixed-Dc,3,12965,-9.085032083888667e-05,-0.0001629537825659222,0,0,0,0,0
0.35,2000000,1025,7,89de485209e0b28d24e6eae88b16a63cb6ccafde62c991ea0f7fce58f807a0d9,497b8822afdb329df7e593163c058667365610ead0920b891c63d218ed3d89d0,Fixed-Dc,4,-154041,5.207669745904697e-05,0.0009460421215151116,0,0,0,0,0
0.35,2000000,1025,7,89de485209e0b28d24e6eae88b16a63cb6ccafde62c991ea0f7fce58f807a0d9,497b8822afdb329df7e593163c058667365610ead0920b891c63d218ed3d89d0,Decoupled,1,0,,,,,,0,0
0.35,2000000,1025,7,89de485209e0b28d24e6eae88b16a63cb6ccafde62c991ea0f7fce58f807a0d9,497b8822afdb329df7e593163c058667365610ead0920b891c63d218ed3d89d0,Decoupled,2,0,,,,,,0,0
0.35,2000000,1025,7,89de485209e0b28d24e6eae88b16a63cb6ccafde62c991ea0f7fce58f807a0d9,497b8822afdb329df7e593163c058667365610ead0920b891c63d218ed3d89d0,Decoupled,3,0,,,,,,0,0
0.35,2000000,1025,7,89de485209e0b28d24e6eae88b16a63cb6ccafde62c991ea0f7fce58f807a0d9,497b8822afdb329df7e593163c058667365610ead0920b891c63d218ed3d89d0,Decoupled,4,0,,,,,,0,0
0.35,2000000,1025,11,89de485209e0b28d24e6eae88b16a63cb6ccafde62c991ea0f7fce58f807a0d9,497b8822afdb329df7e593163c058667365610ead0920b891c63d218ed3d89d0,No-Dq-R,1,0,0.0,0.0,0.0,0,0,0,0
0.35,2000000,1025,11,89de485209e0b28d24e6eae88b16a63cb6ccafde62c991ea0f7fce58f807a0d9,497b8822afdb329df7e593163c058667365610ead0920b891c63d218ed3d89d0,No-Dq-R,2,0,0.0,0.0,0,0,0,0,0
0.35,2000000,1025,11,89de485209e0b28d24e6eae88b16a63cb6ccafde62c991ea0f7fce58f807a0d9,497b8822afdb329df7e593163c058667365610ead0920b891c63d218ed3d89d0,No-Dq-R,3,0,0.0,0.0,0,0,0,0,0
0.35,2000000,1025,11,89de485209e0b28d24e6eae88b16a63cb6ccafde62c991ea0f7fce58f807a0d9,497b8822afdb329df7e593163c058667365610ead0920b891c63d218ed3d89d0,No-Dq-R,4,0,0.0,0.0,0,0,0,0,0
0.35,2000000,1025,11,89de485209e0b28d24e6eae88b16a63cb6ccafde62c991ea0f7fce58f807a0d9,497b8822afdb329df7e593163c058667365610ead0920b891c63d218ed3d89d0,Fixed-Dc,1,12965,-0.0006011415817875898,-0.0006694666581993358,0.0,0,0,0,0
0.35,2000000,1025,11,89de485209e0b28d24e6eae88b16a63cb6ccafde62c991ea0f7fce58f807a0d9,497b8822afdb329df7e593163c058667365610ead0920b891c63d218ed3d89d0,Fixed-Dc,2,12965,-0.00040407010252907494,-0.00032832191038612013,0,0,0,0,0
0.35,2000000,1025,11,89de485209e0b28d24e6eae88b16a63cb6ccafde62c991ea0f7fce58f807a0d9,497b8822afdb329df7e593163c058667365610ead0920b891c63d218ed3d89d0,Fixed-Dc,3,12965,-8.721840750941512e-05,-0.0001629537825659222,0,0,0,0,0
0.35,2000000,1025,11,89de485209e0b28d24e6eae88b16a63cb6ccafde62c991ea0f7fce58f807a0d9,497b8822afdb329df7e593163c058667365610ead0920b891c63d218ed3d89d0,Fixed-Dc,4,-154041,5.207669745904697e-05,0.0009460421215151116,0,0,0,0,0
0.35,2000000,1025,11,89de485209e0b28d24e6eae88b16a63cb6ccafde62c991ea0f7fce58f807a0d9,497b8822afdb329df7e593163c058667365610ead0920b891c63d218ed3d89d0,Decoupled,1,0,,,,,,0,0
0.35,2000000,1025,11,89de485209e0b28d24e6eae88b16a63cb6ccafde62c991ea0f7fce58f807a0d9,497b8822afdb329df7e593163c058667365610ead0920b891c63d218ed3d89d0,Decoupled,2,0,,,,,,0,0
0.35,2000000,1025,11,89de485209e0b28d24e6eae88b16a63cb6ccafde62c991ea0f7fce58f807a0d9,497b8822afdb329df7e593163c058667365610ead0920b891c63d218ed3d89d0,Decoupled,3,0,,,,,,0,0
0.35,2000000,1025,11,89de485209e0b28d24e6eae88b16a63cb6ccafde62c991ea0f7fce58f807a0d9,497b8822afdb329df7e593163c058667365610ead0920b891c63d218ed3d89d0,Decoupled,4,0,,,,,,0,0
0.35,2000000,1026,7,0ee26006c0f1a1c9672218831c10828c54f7c1c9673fb639b4e0cce7e0021045,497b8822afdb329df7e593163c058667365610ead0920b891c63d218ed3d89d0,No-Dq-R,1,0,0.0,0.0,0.0,0,0,0,0
0.35,2000000,1026,7,0ee26006c0f1a1c9672218831c10828c54f7c1c9673fb639b4e0cce7e0021045,497b8822afdb329df7e593163c058667365610ead0920b891c63d218ed3d89d0,No-Dq-R,2,0,0.0,0.0,0,0,0,0,0
0.35,2000000,1026,7,0ee26006c0f1a1c9672218831c10828c54f7c1c9673fb639b4e0cce7e0021045,497b8822afdb329df7e593163c058667365610ead0920b891c63d218ed3d89d0,No-Dq-R,3,0,0.0,0.0,0,0,0,0,0
0.35,2000000,1026,7,0ee26006c0f1a1c9672218831c10828c54f7c1c9673fb639b4e0cce7e0021045,497b8822afdb329df7e593163c058667365610ead0920b891c63d218ed3d89d0,No-Dq-R,4,0,0.0,0.0,0,0,0,0,0
0.35,2000000,1026,7,0ee26006c0f1a1c9672218831c10828c54f7c1c9673fb639b4e0cce7e0021045,497b8822afdb329df7e593163c058667365610ead0920b891c63d218ed3d89d0,Fixed-Dc,1,-672606,0.035812771084945516,0.03275594168424423,0.0,0,0,0,0
0.35,2000000,1026,7,0ee26006c0f1a1c9672218831c10828c54f7c1c9673fb639b4e0cce7e0021045,497b8822afdb329df7e593163c058667365610ead0920b891c63d218ed3d89d0,Fixed-Dc,2,12965,-0.00040407010252907494,-0.00032832191038612013,0,0,0,0,0
0.35,2000000,1026,7,0ee26006c0f1a1c9672218831c10828c54f7c1c9673fb639b4e0cce7e0021045,497b8822afdb329df7e593163c058667365610ead0920b891c63d218ed3d89d0,Fixed-Dc,3,12965,-9.085032083888667e-05,-0.0001629537825659222,0,0,0,0,0
0.35,2000000,1026,7,0ee26006c0f1a1c9672218831c10828c54f7c1c9673fb639b4e0cce7e0021045,497b8822afdb329df7e593163c058667365610ead0920b891c63d218ed3d89d0,Fixed-Dc,4,12965,-5.453211370742839e-06,-8.060658095032647e-05,0,0,0,0,0
0.35,2000000,1026,7,0ee26006c0f1a1c9672218831c10828c54f7c1c9673fb639b4e0cce7e0021045,497b8822afdb329df7e593163c058667365610ead0920b891c63d218ed3d89d0,Decoupled,1,0,,,,,,0,0
0.35,2000000,1026,7,0ee26006c0f1a1c9672218831c10828c54f7c1c9673fb639b4e0cce7e0021045,497b8822afdb329df7e593163c058667365610ead0920b891c63d218ed3d89d0,Decoupled,2,0,,,,,,0,0
0.35,2000000,1026,7,0ee26006c0f1a1c9672218831c10828c54f7c1c9673fb639b4e0cce7e0021045,497b8822afdb329df7e593163c058667365610ead0920b891c63d218ed3d89d0,Decoupled,3,0,,,,,,0,0
0.35,2000000,1026,7,0ee26006c0f1a1c9672218831c10828c54f7c1c9673fb639b4e0cce7e0021045,497b8822afdb329df7e593163c058667365610ead0920b891c63d218ed3d89d0,Decoupled,4,0,,,,,,0,0
0.35,2000000,1026,11,0ee26006c0f1a1c9672218831c10828c54f7c1c9673fb639b4e0cce7e0021045,497b8822afdb329df7e593163c058667365610ead0920b891c63d218ed3d89d0,No-Dq-R,1,0,0.0,0.0,0.0,0,0,0,0
0.35,2000000,1026,11,0ee26006c0f1a1c9672218831c10828c54f7c1c9673fb639b4e0cce7e0021045,497b8822afdb329df7e593163c058667365610ead0920b891c63d218ed3d89d0,No-Dq-R,2,0,0.0,0.0,0,0,0,0,0
0.35,2000000,1026,11,0ee26006c0f1a1c9672218831c10828c54f7c1c9673fb639b4e0cce7e0021045,497b8822afdb329df7e593163c058667365610ead0920b891c63d218ed3d89d0,No-Dq-R,3,0,0.0,0.0,0,0,0,0,0
0.35,2000000,1026,11,0ee26006c0f1a1c9672218831c10828c54f7c1c9673fb639b4e0cce7e0021045,497b8822afdb329df7e593163c058667365610ead0920b891c63d218ed3d89d0,No-Dq-R,4,0,0.0,0.0,0,0,0,0,0
0.35,2000000,1026,11,0ee26006c0f1a1c9672218831c10828c54f7c1c9673fb639b4e0cce7e0021045,497b8822afdb329df7e593163c058667365610ead0920b891c63d218ed3d89d0,Fixed-Dc,1,-672606,0.029140124253022925,0.03275594168424423,0.0,0,0,0,0
0.35,2000000,1026,11,0ee26006c0f1a1c9672218831c10828c54f7c1c9673fb639b4e0cce7e0021045,497b8822afdb329df7e593163c058667365610ead0920b891c63d218ed3d89d0,Fixed-Dc,2,12965,-0.00040407010252907494,-0.00032832191038612013,0,0,0,0,0
0.35,2000000,1026,11,0ee26006c0f1a1c9672218831c10828c54f7c1c9673fb639b4e0cce7e0021045,497b8822afdb329df7e593163c058667365610ead0920b891c63d218ed3d89d0,Fixed-Dc,3,12965,-8.721840750941512e-05,-0.0001629537825659222,0,0,0,0,0
0.35,2000000,1026,11,0ee26006c0f1a1c9672218831c10828c54f7c1c9673fb639b4e0cce7e0021045,497b8822afdb329df7e593163c058667365610ead0920b891c63d218ed3d89d0,Fixed-Dc,4,12965,-5.453211370742839e-06,-8.060658095032647e-05,0,0,0,0,0
0.35,2000000,1026,11,0ee26006c0f1a1c9672218831c10828c54f7c1c9673fb639b4e0cce7e0021045,497b8822afdb329df7e593163c058667365610ead0920b891c63d218ed3d89d0,Decoupled,1,0,,,,,,0,0
0.35,2000000,1026,11,0ee26006c0f1a1c9672218831c10828c54f7c1c9673fb639b4e0cce7e0021045,497b8822afdb329df7e593163c058667365610ead0920b891c63d218ed3d89d0,Decoupled,2,0,,,,,,0,0
0.35,2000000,1026,11,0ee26006c0f1a1c9672218831c10828c54f7c1c9673fb639b4e0cce7e0021045,497b8822afdb329df7e593163c058667365610ead0920b891c63d218ed3d89d0,Decoupled,3,0,,,,,,0,0
0.35,2000000,1026,11,0ee26006c0f1a1c9672218831c10828c54f7c1c9673fb639b4e0cce7e0021045,497b8822afdb329df7e593163c058667365610ead0920b891c63d218ed3d89d0,Decoupled,4,0,,,,,,0,0
0.35,2000000,1027,7,f9680bf41285e6e7e1cbf22947e253d628d965ee1154c1eb977ce46ccf363ec3,497b8822afdb329df7e593163c058667365610ead0920b891c63d218ed3d89d0,No-Dq-R,1,0,0.0,0.0,0.0,0,0,0,0
0.35,2000000,1027,7,f9680bf41285e6e7e1cbf22947e253d628d965ee1154c1eb977ce46ccf363ec3,497b8822afdb329df7e593163c058667365610ead0920b891c63d218ed3d89d0,No-Dq-R,2,0,0.0,0.0,0,0,0,0,0
0.35,2000000,1027,7,f9680bf41285e6e7e1cbf22947e253d628d965ee1154c1eb977ce46ccf363ec3,497b8822afdb329df7e593163c058667365610ead0920b891c63d218ed3d89d0,No-Dq-R,3,0,0.0,0.0,0,0,0,0,0
0.35,2000000,1027,7,f9680bf41285e6e7e1cbf22947e253d628d965ee1154c1eb977ce46ccf363ec3,497b8822afdb329df7e593163c058667365610ead0920b891c63d218ed3d89d0,No-Dq-R,4,0,0.0,0.0,0,0,0,0,0
0.35,2000000,1027,7,f9680bf41285e6e7e1cbf22947e253d628d965ee1154c1eb977ce46ccf363ec3,497b8822afdb329df7e593163c058667365610ead0920b891c63d218ed3d89d0,Fixed-Dc,1,-650426,0.034686679548028954,0.03173509948285935,0.0,0,0,0,0
0.35,2000000,1027,7,f9680bf41285e6e7e1cbf22947e253d628d965ee1154c1eb977ce46ccf363ec3,497b8822afdb329df7e593163c058667365610ead0920b891c63d218ed3d89d0,Fixed-Dc,2,12965,-0.00040407010252907494,-0.00032832191038612013,0,0,0,0,0
0.35,2000000,1027,7,f9680bf41285e6e7e1cbf22947e253d628d965ee1154c1eb977ce46ccf363ec3,497b8822afdb329df7e593163c058667365610ead0920b891c63d218ed3d89d0,Fixed-Dc,3,12965,-9.085032083888667e-05,-0.0001629537825659222,0,0,0,0,0
0.35,2000000,1027,7,f9680bf41285e6e7e1cbf22947e253d628d965ee1154c1eb977ce46ccf363ec3,497b8822afdb329df7e593163c058667365610ead0920b891c63d218ed3d89d0,Fixed-Dc,4,12965,-5.453211370742839e-06,-8.060658095032647e-05,0,0,0,0,0
0.35,2000000,1027,7,f9680bf41285e6e7e1cbf22947e253d628d965ee1154c1eb977ce46ccf363ec3,497b8822afdb329df7e593163c058667365610ead0920b891c63d218ed3d89d0,Decoupled,1,0,,,,,,0,0
0.35,2000000,1027,7,f9680bf41285e6e7e1cbf22947e253d628d965ee1154c1eb977ce46ccf363ec3,497b8822afdb329df7e593163c058667365610ead0920b891c63d218ed3d89d0,Decoupled,2,0,,,,,,0,0
0.35,2000000,1027,7,f9680bf41285e6e7e1cbf22947e253d628d965ee1154c1eb977ce46ccf363ec3,497b8822afdb329df7e593163c058667365610ead0920b891c63d218ed3d89d0,Decoupled,3,0,,,,,,0,0
0.35,2000000,1027,7,f9680bf41285e6e7e1cbf22947e253d628d965ee1154c1eb977ce46ccf363ec3,497b8822afdb329df7e593163c058667365610ead0920b891c63d218ed3d89d0,Decoupled,4,0,,,,,,0,0
0.35,2000000,1027,11,f9680bf41285e6e7e1cbf22947e253d628d965ee1154c1eb977ce46ccf363ec3,497b8822afdb329df7e593163c058667365610ead0920b891c63d218ed3d89d0,No-Dq-R,1,0,0.0,0.0,0.0,0,0,0,0
0.35,2000000,1027,11,f9680bf41285e6e7e1cbf22947e253d628d965ee1154c1eb977ce46ccf363ec3,497b8822afdb329df7e593163c058667365610ead0920b891c63d218ed3d89d0,No-Dq-R,2,0,0.0,0.0,0,0,0,0,0
0.35,2000000,1027,11,f9680bf41285e6e7e1cbf22947e253d628d965ee1154c1eb977ce46ccf363ec3,497b8822afdb329df7e593163c058667365610ead0920b891c63d218ed3d89d0,No-Dq-R,3,0,0.0,0.0,0,0,0,0,0
0.35,2000000,1027,11,f9680bf41285e6e7e1cbf22947e253d628d965ee1154c1eb977ce46ccf363ec3,497b8822afdb329df7e593163c058667365610ead0920b891c63d218ed3d89d0,No-Dq-R,4,0,0.0,0.0,0,0,0,0,0
0.35,2000000,1027,11,f9680bf41285e6e7e1cbf22947e253d628d965ee1154c1eb977ce46ccf363ec3,497b8822afdb329df7e593163c058667365610ead0920b891c63d218ed3d89d0,Fixed-Dc,1,-650426,0.02824066985129159,0.03173509948285935,0.0,0,0,0,0
0.35,2000000,1027,11,f9680bf41285e6e7e1cbf22947e253d628d965ee1154c1eb977ce46ccf363ec3,497b8822afdb329df7e593163c058667365610ead0920b891c63d218ed3d89d0,Fixed-Dc,2,12965,-0.00040407010252907494,-0.00032832191038612013,0,0,0,0,0
0.35,2000000,1027,11,f9680bf41285e6e7e1cbf22947e253d628d965ee1154c1eb977ce46ccf363ec3,497b8822afdb329df7e593163c058667365610ead0920b891c63d218ed3d89d0,Fixed-Dc,3,12965,-8.721840750941512e-05,-0.0001629537825659222,0,0,0,0,0
0.35,2000000,1027,11,f9680bf41285e6e7e1cbf22947e253d628d965ee1154c1eb977ce46ccf363ec3,497b8822afdb329df7e593163c058667365610ead0920b891c63d218ed3d89d0,Fixed-Dc,4,12965,-5.453211370742839e-06,-8.060658095032647e-05,0,0,0,0,0
0.35,2000000,1027,11,f9680bf41285e6e7e1cbf22947e253d628d965ee1154c1eb977ce46ccf363ec3,497b8822afdb329df7e593163c058667365610ead0920b891c63d218ed3d89d0,Decoupled,1,0,,,,,,0,0
0.35,2000000,1027,11,f9680bf41285e6e7e1cbf22947e253d628d965ee1154c1eb977ce46ccf363ec3,497b8822afdb329df7e593163c058667365610ead0920b891c63d218ed3d89d0,Decoupled,2,0,,,,,,0,0
0.35,2000000,1027,11,f9680bf41285e6e7e1cbf22947e253d628d965ee1154c1eb977ce46ccf363ec3,497b8822afdb329df7e593163c058667365610ead0920b891c63d218ed3d89d0,Decoupled,3,0,,,,,,0,0
0.35,2000000,1027,11,f9680bf41285e6e7e1cbf22947e253d628d965ee1154c1eb977ce46ccf363ec3,497b8822afdb329df7e593163c058667365610ead0920b891c63d218ed3d89d0,Decoupled,4,0,,,,,,0,0
0.35,2000000,1028,7,7bee439b901b428f95ef31c40e35d5f2327dc723d28fbd55b6bb8f540f37aa80,497b8822afdb329df7e593163c058667365610ead0920b891c63d218ed3d89d0,No-Dq-R,1,0,0.0,0.0,0.0,0,0,0,0
0.35,2000000,1028,7,7bee439b901b428f95ef31c40e35d5f2327dc723d28fbd55b6bb8f540f37aa80,497b8822afdb329df7e593163c058667365610ead0920b891c63d218ed3d89d0,No-Dq-R,2,0,0.0,0.0,0,0,0,0,0
0.35,2000000,1028,7,7bee439b901b428f95ef31c40e35d5f2327dc723d28fbd55b6bb8f540f37aa80,497b8822afdb329df7e593163c058667365610ead0920b891c63d218ed3d89d0,No-Dq-R,3,0,0.0,0.0,0,0,0,0,0
0.35,2000000,1028,7,7bee439b901b428f95ef31c40e35d5f2327dc723d28fbd55b6bb8f540f37aa80,497b8822afdb329df7e593163c058667365610ead0920b891c63d218ed3d89d0,No-Dq-R,4,0,0.0,0.0,0,0,0,0,0
0.35,2000000,1028,7,7bee439b901b428f95ef31c40e35d5f2327dc723d28fbd55b6bb8f540f37aa80,497b8822afdb329df7e593163c058667365610ead0920b891c63d218ed3d89d0,Fixed-Dc,1,-151327,0.008366786637149848,0.007704083042802123,0.0,0,0,0,0
0.35,2000000,1028,7,7bee439b901b428f95ef31c40e35d5f2327dc723d28fbd55b6bb8f540f37aa80,497b8822afdb329df7e593163c058667365610ead0920b891c63d218ed3d89d0,Fixed-Dc,2,-505613,0.015280113153273156,0.012273094372246995,0,0,0,0,0
0.35,2000000,1028,7,7bee439b901b428f95ef31c40e35d5f2327dc723d28fbd55b6bb8f540f37aa80,497b8822afdb329df7e593163c058667365610ead0920b891c63d218ed3d89d0,Fixed-Dc,3,12965,-9.085032083888667e-05,-0.0001629537825659222,0,0,0,0,0
0.35,2000000,1028,7,7bee439b901b428f95ef31c40e35d5f2327dc723d28fbd55b6bb8f540f37aa80,497b8822afdb329df7e593163c058667365610ead0920b891c63d218ed3d89d0,Fixed-Dc,4,12965,-5.453211370742839e-06,-8.060658095032647e-05,0,0,0,0,0
0.35,2000000,1028,7,7bee439b901b428f95ef31c40e35d5f2327dc723d28fbd55b6bb8f540f37aa80,497b8822afdb329df7e593163c058667365610ead0920b891c63d218ed3d89d0,Decoupled,1,0,,,,,,0,0
0.35,2000000,1028,7,7bee439b901b428f95ef31c40e35d5f2327dc723d28fbd55b6bb8f540f37aa80,497b8822afdb329df7e593163c058667365610ead0920b891c63d218ed3d89d0,Decoupled,2,0,,,,,,0,0
0.35,2000000,1028,7,7bee439b901b428f95ef31c40e35d5f2327dc723d28fbd55b6bb8f540f37aa80,497b8822afdb329df7e593163c058667365610ead0920b891c63d218ed3d89d0,Decoupled,3,0,,,,,,0,0
0.35,2000000,1028,7,7bee439b901b428f95ef31c40e35d5f2327dc723d28fbd55b6bb8f540f37aa80,497b8822afdb329df7e593163c058667365610ead0920b891c63d218ed3d89d0,Decoupled,4,0,,,,,,0,0
0.35,2000000,1028,11,7bee439b901b428f95ef31c40e35d5f2327dc723d28fbd55b6bb8f540f37aa80,497b8822afdb329df7e593163c058667365610ead0920b891c63d218ed3d89d0,No-Dq-R,1,0,0.0,0.0,0.0,0,0,0,0
0.35,2000000,1028,11,7bee439b901b428f95ef31c40e35d5f2327dc723d28fbd55b6bb8f540f37aa80,497b8822afdb329df7e593163c058667365610ead0920b891c63d218ed3d89d0,No-Dq-R,2,0,0.0,0.0,0,0,0,0,0
0.35,2000000,1028,11,7bee439b901b428f95ef31c40e35d5f2327dc723d28fbd55b6bb8f540f37aa80,497b8822afdb329df7e593163c058667365610ead0920b891c63d218ed3d89d0,No-Dq-R,3,0,0.0,0.0,0,0,0,0,0
0.35,2000000,1028,11,7bee439b901b428f95ef31c40e35d5f2327dc723d28fbd55b6bb8f540f37aa80,497b8822afdb329df7e593163c058667365610ead0920b891c63d218ed3d89d0,No-Dq-R,4,0,0.0,0.0,0,0,0,0,0
0.35,2000000,1028,11,7bee439b901b428f95ef31c40e35d5f2327dc723d28fbd55b6bb8f540f37aa80,497b8822afdb329df7e593163c058667365610ead0920b891c63d218ed3d89d0,Fixed-Dc,1,-151327,0.006902652933496567,0.007704083042802123,0.0,0,0,0,0
0.35,2000000,1028,11,7bee439b901b428f95ef31c40e35d5f2327dc723d28fbd55b6bb8f540f37aa80,497b8822afdb329df7e593163c058667365610ead0920b891c63d218ed3d89d0,Fixed-Dc,2,-505613,0.015280113153273156,0.012273094372246995,0,0,0,0,0
0.35,2000000,1028,11,7bee439b901b428f95ef31c40e35d5f2327dc723d28fbd55b6bb8f540f37aa80,497b8822afdb329df7e593163c058667365610ead0920b891c63d218ed3d89d0,Fixed-Dc,3,12965,-8.721840750941512e-05,-0.0001629537825659222,0,0,0,0,0
0.35,2000000,1028,11,7bee439b901b428f95ef31c40e35d5f2327dc723d28fbd55b6bb8f540f37aa80,497b8822afdb329df7e593163c058667365610ead0920b891c63d218ed3d89d0,Fixed-Dc,4,12965,-5.453211370742839e-06,-8.060658095032647e-05,0,0,0,0,0
0.35,2000000,1028,11,7bee439b901b428f95ef31c40e35d5f2327dc723d28fbd55b6bb8f540f37aa80,497b8822afdb329df7e593163c058667365610ead0920b891c63d218ed3d89d0,Decoupled,1,0,,,,,,0,0
0.35,2000000,1028,11,7bee439b901b428f95ef31c40e35d5f2327dc723d28fbd55b6bb8f540f37aa80,497b8822afdb329df7e593163c058667365610ead0920b891c63d218ed3d89d0,Decoupled,2,0,,,,,,0,0
0.35,2000000,1028,11,7bee439b901b428f95ef31c40e35d5f2327dc723d28fbd55b6bb8f540f37aa80,497b8822afdb329df7e593163c058667365610ead0920b891c63d218ed3d89d0,Decoupled,3,0,,,,,,0,0
0.35,2000000,1028,11,7bee439b901b428f95ef31c40e35d5f2327dc723d28fbd55b6bb8f540f37aa80,497b8822afdb329df7e593163c058667365610ead0920b891c63d218ed3d89d0,Decoupled,4,0,,,,,,0,0
0.35,2000000,1029,7,e5dd158b5e837e8bd3caad41a6d76d36ed63fa5b392dead1251ac137ca302240,497b8822afdb329df7e593163c058667365610ead0920b891c63d218ed3d89d0,No-Dq-R,1,0,0.0,0.0,0.0,0,0,0,0
0.35,2000000,1029,7,e5dd158b5e837e8bd3caad41a6d76d36ed63fa5b392dead1251ac137ca302240,497b8822afdb329df7e593163c058667365610ead0920b891c63d218ed3d89d0,No-Dq-R,2,0,0.0,0.0,0,0,0,0,0
0.35,2000000,1029,7,e5dd158b5e837e8bd3caad41a6d76d36ed63fa5b392dead1251ac137ca302240,497b8822afdb329df7e593163c058667365610ead0920b891c63d218ed3d89d0,No-Dq-R,3,0,0.0,0.0,0,0,0,0,0
0.35,2000000,1029,7,e5dd158b5e837e8bd3caad41a6d76d36ed63fa5b392dead1251ac137ca302240,497b8822afdb329df7e593163c058667365610ead0920b891c63d218ed3d89d0,No-Dq-R,4,0,0.0,0.0,0,0,0,0,0
0.35,2000000,1029,7,e5dd158b5e837e8bd3caad41a6d76d36ed63fa5b392dead1251ac137ca302240,497b8822afdb329df7e593163c058667365610ead0920b891c63d218ed3d89d0,Fixed-Dc,1,12965,-0.0007255404583967895,-0.0006694666581993358,0.0,0,0,0,0
0.35,2000000,1029,7,e5dd158b5e837e8bd3caad41a6d76d36ed63fa5b392dead1251ac137ca302240,497b8822afdb329df7e593163c058667365610ead0920b891c63d218ed3d89d0,Fixed-Dc,2,12965,-0.00040407010252907494,-0.00032832191038612013,0,0,0,0,0
0.35,2000000,1029,7,e5dd158b5e837e8bd3caad41a6d76d36ed63fa5b392dead1251ac137ca302240,497b8822afdb329df7e593163c058667365610ead0920b891c63d218ed3d89d0,Fixed-Dc,3,-213430,0.0014439683039472184,0.0026358431835146745,0,0,0,0,0
0.35,2000000,1029,7,e5dd158b5e837e8bd3caad41a6d76d36ed63fa5b392dead1251ac137ca302240,497b8822afdb329df7e593163c058667365610ead0920b891c63d218ed3d89d0,Fixed-Dc,4,-567716,8.010636601291088e-05,0.003383567081899519,0,0,0,0,0
0.35,2000000,1029,7,e5dd158b5e837e8bd3caad41a6d76d36ed63fa5b392dead1251ac137ca302240,497b8822afdb329df7e593163c058667365610ead0920b891c63d218ed3d89d0,Decoupled,1,0,,,,,,0,0
0.35,2000000,1029,7,e5dd158b5e837e8bd3caad41a6d76d36ed63fa5b392dead1251ac137ca302240,497b8822afdb329df7e593163c058667365610ead0920b891c63d218ed3d89d0,Decoupled,2,0,,,,,,0,0
0.35,2000000,1029,7,e5dd158b5e837e8bd3caad41a6d76d36ed63fa5b392dead1251ac137ca302240,497b8822afdb329df7e593163c058667365610ead0920b891c63d218ed3d89d0,Decoupled,3,0,,,,,,0,0
0.35,2000000,1029,7,e5dd158b5e837e8bd3caad41a6d76d36ed63fa5b392dead1251ac137ca302240,497b8822afdb329df7e593163c058667365610ead0920b891c63d218ed3d89d0,Decoupled,4,0,,,,,,0,0
0.35,2000000,1029,11,e5dd158b5e837e8bd3caad41a6d76d36ed63fa5b392dead1251ac137ca302240,497b8822afdb329df7e593163c058667365610ead0920b891c63d218ed3d89d0,No-Dq-R,1,0,0.0,0.0,0.0,0,0,0,0
0.35,2000000,1029,11,e5dd158b5e837e8bd3caad41a6d76d36ed63fa5b392dead1251ac137ca302240,497b8822afdb329df7e593163c058667365610ead0920b891c63d218ed3d89d0,No-Dq-R,2,0,0.0,0.0,0,0,0,0,0
0.35,2000000,1029,11,e5dd158b5e837e8bd3caad41a6d76d36ed63fa5b392dead1251ac137ca302240,497b8822afdb329df7e593163c058667365610ead0920b891c63d218ed3d89d0,No-Dq-R,3,0,0.0,0.0,0,0,0,0,0
0.35,2000000,1029,11,e5dd158b5e837e8bd3caad41a6d76d36ed63fa5b392dead1251ac137ca302240,497b8822afdb329df7e593163c058667365610ead0920b891c63d218ed3d89d0,No-Dq-R,4,0,0.0,0.0,0,0,0,0,0
0.35,2000000,1029,11,e5dd158b5e837e8bd3caad41a6d76d36ed63fa5b392dead1251ac137ca302240,497b8822afdb329df7e593163c058667365610ead0920b891c63d218ed3d89d0,Fixed-Dc,1,12965,-0.0006011415817875898,-0.0006694666581993358,0.0,0,0,0,0
0.35,2000000,1029,11,e5dd158b5e837e8bd3caad41a6d76d36ed63fa5b392dead1251ac137ca302240,497b8822afdb329df7e593163c058667365610ead0920b891c63d218ed3d89d0,Fixed-Dc,2,12965,-0.00040407010252907494,-0.00032832191038612013,0,0,0,0,0
0.35,2000000,1029,11,e5dd158b5e837e8bd3caad41a6d76d36ed63fa5b392dead1251ac137ca302240,497b8822afdb329df7e593163c058667365610ead0920b891c63d218ed3d89d0,Fixed-Dc,3,-213430,0.0013855136546545577,0.0026358431835146745,0,0,0,0,0
0.35,2000000,1029,11,e5dd158b5e837e8bd3caad41a6d76d36ed63fa5b392dead1251ac137ca302240,497b8822afdb329df7e593163c058667365610ead0920b891c63d218ed3d89d0,Fixed-Dc,4,-567716,8.010636601291088e-05,0.003383567081899519,0,0,0,0,0
0.35,2000000,1029,11,e5dd158b5e837e8bd3caad41a6d76d36ed63fa5b392dead1251ac137ca302240,497b8822afdb329df7e593163c058667365610ead0920b891c63d218ed3d89d0,Decoupled,1,0,,,,,,0,0
0.35,2000000,1029,11,e5dd158b5e837e8bd3caad41a6d76d36ed63fa5b392dead1251ac137ca302240,497b8822afdb329df7e593163c058667365610ead0920b891c63d218ed3d89d0,Decoupled,2,0,,,,,,0,0
0.35,2000000,1029,11,e5dd158b5e837e8bd3caad41a6d76d36ed63fa5b392dead1251ac137ca302240,497b8822afdb329df7e593163c058667365610ead0920b891c63d218ed3d89d0,Decoupled,3,0,,,,,,0,0
0.35,2000000,1029,11,e5dd158b5e837e8bd3caad41a6d76d36ed63fa5b392dead1251ac137ca302240,497b8822afdb329df7e593163c058667365610ead0920b891c63d218ed3d89d0,Decoupled,4,0,,,,,,0,0
0.35,2000000,1030,7,8854c9ff6829f87eaa793576f8895f81aa31d9fbeb2cba49d0d2c64e45587ee8,497b8822afdb329df7e593163c058667365610ead0920b891c63d218ed3d89d0,No-Dq-R,1,0,0.0,0.0,0.0,0,0,0,0
0.35,2000000,1030,7,8854c9ff6829f87eaa793576f8895f81aa31d9fbeb2cba49d0d2c64e45587ee8,497b8822afdb329df7e593163c058667365610ead0920b891c63d218ed3d89d0,No-Dq-R,2,0,0.0,0.0,0,0,0,0,0
0.35,2000000,1030,7,8854c9ff6829f87eaa793576f8895f81aa31d9fbeb2cba49d0d2c64e45587ee8,497b8822afdb329df7e593163c058667365610ead0920b891c63d218ed3d89d0,No-Dq-R,3,0,0.0,0.0,0,0,0,0,0
0.35,2000000,1030,7,8854c9ff6829f87eaa793576f8895f81aa31d9fbeb2cba49d0d2c64e45587ee8,497b8822afdb329df7e593163c058667365610ead0920b891c63d218ed3d89d0,No-Dq-R,4,0,0.0,0.0,0,0,0,0,0
0.35,2000000,1030,7,8854c9ff6829f87eaa793576f8895f81aa31d9fbeb2cba49d0d2c64e45587ee8,497b8822afdb329df7e593163c058667365610ead0920b891c63d218ed3d89d0,Fixed-Dc,1,-797958,0.042110006694561,0.03845291955767527,0.0,0,0,0,0
0.35,2000000,1030,7,8854c9ff6829f87eaa793576f8895f81aa31d9fbeb2cba49d0d2c64e45587ee8,497b8822afdb329df7e593163c058667365610ead0920b891c63d218ed3d89d0,Fixed-Dc,2,12965,-0.00040407010252907494,-0.00032832191038612013,0,0,0,0,0
0.35,2000000,1030,7,8854c9ff6829f87eaa793576f8895f81aa31d9fbeb2cba49d0d2c64e45587ee8,497b8822afdb329df7e593163c058667365610ead0920b891c63d218ed3d89d0,Fixed-Dc,3,12965,-9.085032083888667e-05,-0.0001629537825659222,0,0,0,0,0
0.35,2000000,1030,7,8854c9ff6829f87eaa793576f8895f81aa31d9fbeb2cba49d0d2c64e45587ee8,497b8822afdb329df7e593163c058667365610ead0920b891c63d218ed3d89d0,Fixed-Dc,4,12965,-5.453211370742839e-06,-8.060658095032647e-05,0,0,0,0,0
0.35,2000000,1030,7,8854c9ff6829f87eaa793576f8895f81aa31d9fbeb2cba49d0d2c64e45587ee8,497b8822afdb329df7e593163c058667365610ead0920b891c63d218ed3d89d0,Decoupled,1,0,,,,,,0,0
0.35,2000000,1030,7,8854c9ff6829f87eaa793576f8895f81aa31d9fbeb2cba49d0d2c64e45587ee8,497b8822afdb329df7e593163c058667365610ead0920b891c63d218ed3d89d0,Decoupled,2,0,,,,,,0,0
0.35,2000000,1030,7,8854c9ff6829f87eaa793576f8895f81aa31d9fbeb2cba49d0d2c64e45587ee8,497b8822afdb329df7e593163c058667365610ead0920b891c63d218ed3d89d0,Decoupled,3,0,,,,,,0,0
0.35,2000000,1030,7,8854c9ff6829f87eaa793576f8895f81aa31d9fbeb2cba49d0d2c64e45587ee8,497b8822afdb329df7e593163c058667365610ead0920b891c63d218ed3d89d0,Decoupled,4,0,,,,,,0,0
0.35,2000000,1030,11,8854c9ff6829f87eaa793576f8895f81aa31d9fbeb2cba49d0d2c64e45587ee8,497b8822afdb329df7e593163c058667365610ead0920b891c63d218ed3d89d0,No-Dq-R,1,0,0.0,0.0,0.0,0,0,0,0
0.35,2000000,1030,11,8854c9ff6829f87eaa793576f8895f81aa31d9fbeb2cba49d0d2c64e45587ee8,497b8822afdb329df7e593163c058667365610ead0920b891c63d218ed3d89d0,No-Dq-R,2,0,0.0,0.0,0,0,0,0,0
0.35,2000000,1030,11,8854c9ff6829f87eaa793576f8895f81aa31d9fbeb2cba49d0d2c64e45587ee8,497b8822afdb329df7e593163c058667365610ead0920b891c63d218ed3d89d0,No-Dq-R,3,0,0.0,0.0,0,0,0,0,0
0.35,2000000,1030,11,8854c9ff6829f87eaa793576f8895f81aa31d9fbeb2cba49d0d2c64e45587ee8,497b8822afdb329df7e593163c058667365610ead0920b891c63d218ed3d89d0,No-Dq-R,4,0,0.0,0.0,0,0,0,0,0
0.35,2000000,1030,11,8854c9ff6829f87eaa793576f8895f81aa31d9fbeb2cba49d0d2c64e45587ee8,497b8822afdb329df7e593163c058667365610ead0920b891c63d218ed3d89d0,Fixed-Dc,1,-797958,0.034148427826637184,0.03845291955767527,0.0,0,0,0,0
0.35,2000000,1030,11,8854c9ff6829f87eaa793576f8895f81aa31d9fbeb2cba49d0d2c64e45587ee8,497b8822afdb329df7e593163c058667365610ead0920b891c63d218ed3d89d0,Fixed-Dc,2,12965,-0.00040407010252907494,-0.00032832191038612013,0,0,0,0,0
0.35,2000000,1030,11,8854c9ff6829f87eaa793576f8895f81aa31d9fbeb2cba49d0d2c64e45587ee8,497b8822afdb329df7e593163c058667365610ead0920b891c63d218ed3d89d0,Fixed-Dc,3,12965,-8.721840750941512e-05,-0.0001629537825659222,0,0,0,0,0
0.35,2000000,1030,11,8854c9ff6829f87eaa793576f8895f81aa31d9fbeb2cba49d0d2c64e45587ee8,497b8822afdb329df7e593163c058667365610ead0920b891c63d218ed3d89d0,Fixed-Dc,4,12965,-5.453211370742839e-06,-8.060658095032647e-05,0,0,0,0,0
0.35,2000000,1030,11,8854c9ff6829f87eaa793576f8895f81aa31d9fbeb2cba49d0d2c64e45587ee8,497b8822afdb329df7e593163c058667365610ead0920b891c63d218ed3d89d0,Decoupled,1,0,,,,,,0,0
0.35,2000000,1030,11,8854c9ff6829f87eaa793576f8895f81aa31d9fbeb2cba49d0d2c64e45587ee8,497b8822afdb329df7e593163c058667365610ead0920b891c63d218ed3d89d0,Decoupled,2,0,,,,,,0,0
0.35,2000000,1030,11,8854c9ff6829f87eaa793576f8895f81aa31d9fbeb2cba49d0d2c64e45587ee8,497b8822afdb329df7e593163c058667365610ead0920b891c63d218ed3d89d0,Decoupled,3,0,,,,,,0,0
0.35,2000000,1030,11,8854c9ff6829f87eaa793576f8895f81aa31d9fbeb2cba49d0d2c64e45587ee8,497b8822afdb329df7e593163c058667365610ead0920b891c63d218ed3d89d0,Decoupled,4,0,,,,,,0,0
0.35,2000000,1031,7,da13add79ff6b1b6ee87175de8b5144a99d6b50ea33c8acc792a49778936d080,497b8822afdb329df7e593163c058667365610ead0920b891c63d218ed3d89d0,No-Dq-R,1,0,0.0,0.0,0.0,0,0,0,0
0.35,2000000,1031,7,da13add79ff6b1b6ee87175de8b5144a99d6b50ea33c8acc792a49778936d080,497b8822afdb329df7e593163c058667365610ead0920b891c63d218ed3d89d0,No-Dq-R,2,0,0.0,0.0,0,0,0,0,0
0.35,2000000,1031,7,da13add79ff6b1b6ee87175de8b5144a99d6b50ea33c8acc792a49778936d080,497b8822afdb329df7e593163c058667365610ead0920b891c63d218ed3d89d0,No-Dq-R,3,0,0.0,0.0,0,0,0,0,0
0.35,2000000,1031,7,da13add79ff6b1b6ee87175de8b5144a99d6b50ea33c8acc792a49778936d080,497b8822afdb329df7e593163c058667365610ead0920b891c63d218ed3d89d0,No-Dq-R,4,0,0.0,0.0,0,0,0,0,0
0.35,2000000,1031,7,da13add79ff6b1b6ee87175de8b5144a99d6b50ea33c8acc792a49778936d080,497b8822afdb329df7e593163c058667365610ead0920b891c63d218ed3d89d0,Fixed-Dc,1,-522005,0.02809545105632183,0.025747481970276986,0.0,0,0,0,0
0.35,2000000,1031,7,da13add79ff6b1b6ee87175de8b5144a99d6b50ea33c8acc792a49778936d080,497b8822afdb329df7e593163c058667365610ead0920b891c63d218ed3d89d0,Fixed-Dc,2,12965,-0.00040407010252907494,-0.00032832191038612013,0,0,0,0,0
0.35,2000000,1031,7,da13add79ff6b1b6ee87175de8b5144a99d6b50ea33c8acc792a49778936d080,497b8822afdb329df7e593163c058667365610ead0920b891c63d218ed3d89d0,Fixed-Dc,3,12965,-9.085032083888667e-05,-0.0001629537825659222,0,0,0,0,0
0.35,2000000,1031,7,da13add79ff6b1b6ee87175de8b5144a99d6b50ea33c8acc792a49778936d080,497b8822afdb329df7e593163c058667365610ead0920b891c63d218ed3d89d0,Fixed-Dc,4,12965,-5.453211370742839e-06,-8.060658095032647e-05,0,0,0,0,0
0.35,2000000,1031,7,da13add79ff6b1b6ee87175de8b5144a99d6b50ea33c8acc792a49778936d080,497b8822afdb329df7e593163c058667365610ead0920b891c63d218ed3d89d0,Decoupled,1,0,,,,,,0,0
0.35,2000000,1031,7,da13add79ff6b1b6ee87175de8b5144a99d6b50ea33c8acc792a49778936d080,497b8822afdb329df7e593163c058667365610ead0920b891c63d218ed3d89d0,Decoupled,2,0,,,,,,0,0
0.35,2000000,1031,7,da13add79ff6b1b6ee87175de8b5144a99d6b50ea33c8acc792a49778936d080,497b8822afdb329df7e593163c058667365610ead0920b891c63d218ed3d89d0,Decoupled,3,0,,,,,,0,0
0.35,2000000,1031,7,da13add79ff6b1b6ee87175de8b5144a99d6b50ea33c8acc792a49778936d080,497b8822afdb329df7e593163c058667365610ead0920b891c63d218ed3d89d0,Decoupled,4,0,,,,,,0,0
0.35,2000000,1031,11,da13add79ff6b1b6ee87175de8b5144a99d6b50ea33c8acc792a49778936d080,497b8822afdb329df7e593163c058667365610ead0920b891c63d218ed3d89d0,No-Dq-R,1,0,0.0,0.0,0.0,0,0,0,0
0.35,2000000,1031,11,da13add79ff6b1b6ee87175de8b5144a99d6b50ea33c8acc792a49778936d080,497b8822afdb329df7e593163c058667365610ead0920b891c63d218ed3d89d0,No-Dq-R,2,0,0.0,0.0,0,0,0,0,0
0.35,2000000,1031,11,da13add79ff6b1b6ee87175de8b5144a99d6b50ea33c8acc792a49778936d080,497b8822afdb329df7e593163c058667365610ead0920b891c63d218ed3d89d0,No-Dq-R,3,0,0.0,0.0,0,0,0,0,0
0.35,2000000,1031,11,da13add79ff6b1b6ee87175de8b5144a99d6b50ea33c8acc792a49778936d080,497b8822afdb329df7e593163c058667365610ead0920b891c63d218ed3d89d0,No-Dq-R,4,0,0.0,0.0,0,0,0,0,0
0.35,2000000,1031,11,da13add79ff6b1b6ee87175de8b5144a99d6b50ea33c8acc792a49778936d080,497b8822afdb329df7e593163c058667365610ead0920b891c63d218ed3d89d0,Fixed-Dc,1,-522005,0.022953076346580725,0.025747481970276986,0.0,0,0,0,0
0.35,2000000,1031,11,da13add79ff6b1b6ee87175de8b5144a99d6b50ea33c8acc792a49778936d080,497b8822afdb329df7e593163c058667365610ead0920b891c63d218ed3d89d0,Fixed-Dc,2,12965,-0.00040407010252907494,-0.00032832191038612013,0,0,0,0,0
0.35,2000000,1031,11,da13add79ff6b1b6ee87175de8b5144a99d6b50ea33c8acc792a49778936d080,497b8822afdb329df7e593163c058667365610ead0920b891c63d218ed3d89d0,Fixed-Dc,3,12965,-8.721840750941512e-05,-0.0001629537825659222,0,0,0,0,0
0.35,2000000,1031,11,da13add79ff6b1b6ee87175de8b5144a99d6b50ea33c8acc792a49778936d080,497b8822afdb329df7e593163c058667365610ead0920b891c63d218ed3d89d0,Fixed-Dc,4,12965,-5.453211370742839e-06,-8.060658095032647e-05,0,0,0,0,0
0.35,2000000,1031,11,da13add79ff6b1b6ee87175de8b5144a99d6b50ea33c8acc792a49778936d080,497b8822afdb329df7e593163c058667365610ead0920b891c63d218ed3d89d0,Decoupled,1,0,,,,,,0,0
0.35,2000000,1031,11,da13add79ff6b1b6ee87175de8b5144a99d6b50ea33c8acc792a49778936d080,497b8822afdb329df7e593163c058667365610ead0920b891c63d218ed3d89d0,Decoupled,2,0,,,,,,0,0
0.35,2000000,1031,11,da13add79ff6b1b6ee87175de8b5144a99d6b50ea33c8acc792a49778936d080,497b8822afdb329df7e593163c058667365610ead0920b891c63d218ed3d89d0,Decoupled,3,0,,,,,,0,0
0.35,2000000,1031,11,da13add79ff6b1b6ee87175de8b5144a99d6b50ea33c8acc792a49778936d080,497b8822afdb329df7e593163c058667365610ead0920b891c63d218ed3d89d0,Decoupled,4,0,,,,,,0,0
0.7,800000,1000,7,61a58b4e9af7c31f29d4b2ea7b8ea23b40d8ef6b957aa5132a0101c70c208e5d,497b8822afdb329df7e593163c058667365610ead0920b891c63d218ed3d89d0,No-Dq-R,1,0,0.0,0.0,0.0,0,0,0,0
0.7,800000,1000,7,61a58b4e9af7c31f29d4b2ea7b8ea23b40d8ef6b957aa5132a0101c70c208e5d,497b8822afdb329df7e593163c058667365610ead0920b891c63d218ed3d89d0,No-Dq-R,2,-122084,0.027966360686916936,0.028558537693558372,0.23011782791560875,0,0,0,0
0.7,800000,1000,7,61a58b4e9af7c31f29d4b2ea7b8ea23b40d8ef6b957aa5132a0101c70c208e5d,497b8822afdb329df7e593163c058667365610ead0920b891c63d218ed3d89d0,No-Dq-R,3,-2232202,0.07626133225768011,0.08045542225247287,0,0,0,0,0
0.7,800000,1000,7,61a58b4e9af7c31f29d4b2ea7b8ea23b40d8ef6b957aa5132a0101c70c208e5d,497b8822afdb329df7e593163c058667365610ead0920b891c63d218ed3d89d0,No-Dq-R,4,-2354286,0.05541697544126395,0.06682017372551885,0,0,0,0,0
0.7,800000,1000,7,61a58b4e9af7c31f29d4b2ea7b8ea23b40d8ef6b957aa5132a0101c70c208e5d,497b8822afdb329df7e593163c058667365610ead0920b891c63d218ed3d89d0,Fixed-Dc,1,-59821,0.003220183566443713,0.00295115293499304,0.0,0,0,0,0
0.7,800000,1000,7,61a58b4e9af7c31f29d4b2ea7b8ea23b40d8ef6b957aa5132a0101c70c208e5d,497b8822afdb329df7e593163c058667365610ead0920b891c63d218ed3d89d0,Fixed-Dc,2,240952,-0.00825285050914304,-0.006896418471518673,0,0,0,0,0
0.7,800000,1000,7,61a58b4e9af7c31f29d4b2ea7b8ea23b40d8ef6b957aa5132a0101c70c208e5d,497b8822afdb329df7e593163c058667365610ead0920b891c63d218ed3d89d0,Fixed-Dc,3,-391250,0.0039179585026953845,0.006074054339958224,0,0,0,0,0
0.7,800000,1000,7,61a58b4e9af7c31f29d4b2ea7b8ea23b40d8ef6b957aa5132a0101c70c208e5d,497b8822afdb329df7e593163c058667365610ead0920b891c63d218ed3d89d0,Fixed-Dc,4,31607,-0.00010487857756896757,-0.00029055528063082203,0,0,0,0,0
0.7,800000,1000,7,61a58b4e9af7c31f29d4b2ea7b8ea23b40d8ef6b957aa5132a0101c70c208e5d,497b8822afdb329df7e593163c058667365610ead0920b891c63d218ed3d89d0,Decoupled,1,0,,,,,,0,0
0.7,800000,1000,7,61a58b4e9af7c31f29d4b2ea7b8ea23b40d8ef6b957aa5132a0101c70c208e5d,497b8822afdb329df7e593163c058667365610ead0920b891c63d218ed3d89d0,Decoupled,2,677916,,,,,,0,0
0.7,800000,1000,7,61a58b4e9af7c31f29d4b2ea7b8ea23b40d8ef6b957aa5132a0101c70c208e5d,497b8822afdb329df7e593163c058667365610ead0920b891c63d218ed3d89d0,Decoupled,3,-632202,,,,,,0,0
0.7,800000,1000,7,61a58b4e9af7c31f29d4b2ea7b8ea23b40d8ef6b957aa5132a0101c70c208e5d,497b8822afdb329df7e593163c058667365610ead0920b891c63d218ed3d89d0,Decoupled,4,45714,,,,,,0,0
0.7,800000,1000,11,61a58b4e9af7c31f29d4b2ea7b8ea23b40d8ef6b957aa5132a0101c70c208e5d,497b8822afdb329df7e593163c058667365610ead0920b891c63d218ed3d89d0,No-Dq-R,1,0,0.0,0.0,0.0,0,0,0,0
0.7,800000,1000,11,61a58b4e9af7c31f29d4b2ea7b8ea23b40d8ef6b957aa5132a0101c70c208e5d,497b8822afdb329df7e593163c058667365610ead0920b891c63d218ed3d89d0,No-Dq-R,2,-122084,0.027966360686916936,0.028558537693558372,0.23011782791560875,0,0,0,0
0.7,800000,1000,11,61a58b4e9af7c31f29d4b2ea7b8ea23b40d8ef6b957aa5132a0101c70c208e5d,497b8822afdb329df7e593163c058667365610ead0920b891c63d218ed3d89d0,No-Dq-R,3,-2232202,0.06893645994033237,0.08045542225247287,0,0,0,0,0
0.7,800000,1000,11,61a58b4e9af7c31f29d4b2ea7b8ea23b40d8ef6b957aa5132a0101c70c208e5d,497b8822afdb329df7e593163c058667365610ead0920b891c63d218ed3d89d0,No-Dq-R,4,-2354286,0.05541697544126395,0.06682017372551885,0,0,0,0,0
0.7,800000,1000,11,61a58b4e9af7c31f29d4b2ea7b8ea23b40d8ef6b957aa5132a0101c70c208e5d,497b8822afdb329df7e593163c058667365610ead0920b891c63d218ed3d89d0,Fixed-Dc,1,-59821,0.0026309432420658085,0.00295115293499304,0.0,0,0,0,0
0.7,800000,1000,11,61a58b4e9af7c31f29d4b2ea7b8ea23b40d8ef6b957aa5132a0101c70c208e5d,497b8822afdb329df7e593163c058667365610ead0920b891c63d218ed3d89d0,Fixed-Dc,2,240952,-0.00825285050914304,-0.006896418471518673,0,0,0,0,0
0.7,800000,1000,11,61a58b4e9af7c31f29d4b2ea7b8ea23b40d8ef6b957aa5132a0101c70c208e5d,497b8822afdb329df7e593163c058667365610ead0920b891c63d218ed3d89d0,Fixed-Dc,3,-391250,0.0037777251974290826,0.006074054339958224,0,0,0,0,0
0.7,800000,1000,11,61a58b4e9af7c31f29d4b2ea7b8ea23b40d8ef6b957aa5132a0101c70c208e5d,497b8822afdb329df7e593163c058667365610ead0920b891c63d218ed3d89d0,Fixed-Dc,4,31607,-0.00010487857756896757,-0.00029055528063082203,0,0,0,0,0
0.7,800000,1000,11,61a58b4e9af7c31f29d4b2ea7b8ea23b40d8ef6b957aa5132a0101c70c208e5d,497b8822afdb329df7e593163c058667365610ead0920b891c63d218ed3d89d0,Decoupled,1,0,,,,,,0,0
0.7,800000,1000,11,61a58b4e9af7c31f29d4b2ea7b8ea23b40d8ef6b957aa5132a0101c70c208e5d,497b8822afdb329df7e593163c058667365610ead0920b891c63d218ed3d89d0,Decoupled,2,677916,,,,,,0,0
0.7,800000,1000,11,61a58b4e9af7c31f29d4b2ea7b8ea23b40d8ef6b957aa5132a0101c70c208e5d,497b8822afdb329df7e593163c058667365610ead0920b891c63d218ed3d89d0,Decoupled,3,-632202,,,,,,0,0
0.7,800000,1000,11,61a58b4e9af7c31f29d4b2ea7b8ea23b40d8ef6b957aa5132a0101c70c208e5d,497b8822afdb329df7e593163c058667365610ead0920b891c63d218ed3d89d0,Decoupled,4,45714,,,,,,0,0
0.7,800000,1001,7,81d2808e9c0609ce55086af961239e2a7f0416a4c21af11984e564d0fa27025f,497b8822afdb329df7e593163c058667365610ead0920b891c63d218ed3d89d0,No-Dq-R,1,0,0.0,0.0,0.0,0,0,0,0
0.7,800000,1001,7,81d2808e9c0609ce55086af961239e2a7f0416a4c21af11984e564d0fa27025f,497b8822afdb329df7e593163c058667365610ead0920b891c63d218ed3d89d0,No-Dq-R,2,-1078377,0.06583196974540384,0.061353233923151174,1.0,1,0,0,0
0.7,800000,1001,7,81d2808e9c0609ce55086af961239e2a7f0416a4c21af11984e564d0fa27025f,497b8822afdb329df7e593163c058667365610ead0920b891c63d218ed3d89d0,No-Dq-R,3,-1321623,0.05998322081404345,0.06250565036716188,0,0,0,0,0
0.7,800000,1001,7,81d2808e9c0609ce55086af961239e2a7f0416a4c21af11984e564d0fa27025f,497b8822afdb329df7e593163c058667365610ead0920b891c63d218ed3d89d0,No-Dq-R,4,-2354286,0.05076814379964645,0.06220979976426361,0,0,0,0,0
0.7,800000,1001,7,81d2808e9c0609ce55086af961239e2a7f0416a4c21af11984e564d0fa27025f,497b8822afdb329df7e593163c058667365610ead0920b891c63d218ed3d89d0,Fixed-Dc,1,-460282,0.024070989409087584,0.02194377244853074,0.0,0,0,0,0
0.7,800000,1001,7,81d2808e9c0609ce55086af961239e2a7f0416a4c21af11984e564d0fa27025f,497b8822afdb329df7e593163c058667365610ead0920b891c63d218ed3d89d0,Fixed-Dc,2,-37425,0.0012596081774682855,0.0010466015694425845,0,0,0,0,0
0.7,800000,1001,7,81d2808e9c0609ce55086af961239e2a7f0416a4c21af11984e564d0fa27025f,497b8822afdb329df7e593163c058667365610ead0920b891c63d218ed3d89d0,Fixed-Dc,3,240952,-0.0026235085104842626,-0.0039326975043915136,0,0,0,0,0
0.7,800000,1001,7,81d2808e9c0609ce55086af961239e2a7f0416a4c21af11984e564d0fa27025f,497b8822afdb329df7e593163c058667365610ead0920b891c63d218ed3d89d0,Fixed-Dc,4,-368854,0.0011153824295930814,0.0032902337242819435,0,0,0,0,0
0.7,800000,1001,7,81d2808e9c0609ce55086af961239e2a7f0416a4c21af11984e564d0fa27025f,497b8822afdb329df7e593163c058667365610ead0920b891c63d218ed3d89d0,Decoupled,1,0,,,,,,0,0
0.7,800000,1001,7,81d2808e9c0609ce55086af961239e2a7f0416a4c21af11984e564d0fa27025f,497b8822afdb329df7e593163c058667365610ead0920b891c63d218ed3d89d0,Decoupled,2,-278377,,,,,,0,0
0.7,800000,1001,7,81d2808e9c0609ce55086af961239e2a7f0416a4c21af11984e564d0fa27025f,497b8822afdb329df7e593163c058667365610ead0920b891c63d218ed3d89d0,Decoupled,3,278377,,,,,,0,0
0.7,800000,1001,7,81d2808e9c0609ce55086af961239e2a7f0416a4c21af11984e564d0fa27025f,497b8822afdb329df7e593163c058667365610ead0920b891c63d218ed3d89d0,Decoupled,4,45714,,,,,,0,0
0.7,800000,1001,11,81d2808e9c0609ce55086af961239e2a7f0416a4c21af11984e564d0fa27025f,497b8822afdb329df7e593163c058667365610ead0920b891c63d218ed3d89d0,No-Dq-R,1,0,0.0,0.0,0.0,0,0,0,0
0.7,800000,1001,11,81d2808e9c0609ce55086af961239e2a7f0416a4c21af11984e564d0fa27025f,497b8822afdb329df7e593163c058667365610ead0920b891c63d218ed3d89d0,No-Dq-R,2,-1078377,0.06583196974540384,0.061353233923151174,1.0,1,0,0,0
0.7,800000,1001,11,81d2808e9c0609ce55086af961239e2a7f0416a4c21af11984e564d0fa27025f,497b8822afdb329df7e593163c058667365610ead0920b891c63d218ed3d89d0,No-Dq-R,3,-1321623,0.056245534974235234,0.06250565036716188,0,0,0,0,0
0.7,800000,1001,11,81d2808e9c0609ce55086af961239e2a7f0416a4c21af11984e564d0fa27025f,497b8822afdb329df7e593163c058667365610ead0920b891c63d218ed3d89d0,No-Dq-R,4,-2354286,0.05076814379964645,0.06220979976426361,0,0,0,0,0
0.7,800000,1001,11,81d2808e9c0609ce55086af961239e2a7f0416a4c21af11984e564d0fa27025f,497b8822afdb329df7e593163c058667365610ead0920b891c63d218ed3d89d0,Fixed-Dc,1,-460282,0.01945230912009288,0.02194377244853074,0.0,0,0,0,0
0.7,800000,1001,11,81d2808e9c0609ce55086af961239e2a7f0416a4c21af11984e564d0fa27025f,497b8822afdb329df7e593163c058667365610ead0920b891c63d218ed3d89d0,Fixed-Dc,2,-37425,0.0012596081774682855,0.0010466015694425845,0,0,0,0,0
0.7,800000,1001,11,81d2808e9c0609ce55086af961239e2a7f0416a4c21af11984e564d0fa27025f,497b8822afdb329df7e593163c058667365610ead0920b891c63d218ed3d89d0,Fixed-Dc,3,240952,-0.0025315239860609906,-0.0039326975043915136,0,0,0,0,0
0.7,800000,1001,11,81d2808e9c0609ce55086af961239e2a7f0416a4c21af11984e564d0fa27025f,497b8822afdb329df7e593163c058667365610ead0920b891c63d218ed3d89d0,Fixed-Dc,4,-368854,0.0011153824295930814,0.0032902337242819435,0,0,0,0,0
0.7,800000,1001,11,81d2808e9c0609ce55086af961239e2a7f0416a4c21af11984e564d0fa27025f,497b8822afdb329df7e593163c058667365610ead0920b891c63d218ed3d89d0,Decoupled,1,0,,,,,,0,0
0.7,800000,1001,11,81d2808e9c0609ce55086af961239e2a7f0416a4c21af11984e564d0fa27025f,497b8822afdb329df7e593163c058667365610ead0920b891c63d218ed3d89d0,Decoupled,2,-278377,,,,,,0,0
0.7,800000,1001,11,81d2808e9c0609ce55086af961239e2a7f0416a4c21af11984e564d0fa27025f,497b8822afdb329df7e593163c058667365610ead0920b891c63d218ed3d89d0,Decoupled,3,278377,,,,,,0,0
0.7,800000,1001,11,81d2808e9c0609ce55086af961239e2a7f0416a4c21af11984e564d0fa27025f,497b8822afdb329df7e593163c058667365610ead0920b891c63d218ed3d89d0,Decoupled,4,45714,,,,,,0,0
0.7,800000,1002,7,86375032bb0f5a90913cb923dd242af00c1bb020f2e8cc103555a92c8341ce02,497b8822afdb329df7e593163c058667365610ead0920b891c63d218ed3d89d0,No-Dq-R,1,0,0.0,0.0,0.0,0,0,0,0
0.7,800000,1002,7,86375032bb0f5a90913cb923dd242af00c1bb020f2e8cc103555a92c8341ce02,497b8822afdb329df7e593163c058667365610ead0920b891c63d218ed3d89d0,No-Dq-R,2,-870793,0.058770274820050206,0.05546517378844712,1.0,1,0,0,0
0.7,800000,1002,7,86375032bb0f5a90913cb923dd242af00c1bb020f2e8cc103555a92c8341ce02,497b8822afdb329df7e593163c058667365610ead0920b891c63d218ed3d89d0,No-Dq-R,3,-1488000,0.0657609176283,0.06720866756363242,0,0,0,0,0
0.7,800000,1002,7,86375032bb0f5a90913cb923dd242af00c1bb020f2e8cc103555a92c8341ce02,497b8822afdb329df7e593163c058667365610ead0920b891c63d218ed3d89d0,No-Dq-R,4,-2354286,0.05313676930034794,0.0645603343866426,0,0,0,0,0
0.7,800000,1002,7,86375032bb0f5a90913cb923dd242af00c1bb020f2e8cc103555a92c8341ce02,497b8822afdb329df7e593163c058667365610ead0920b891c63d218ed3d89d0,Fixed-Dc,1,-252698,0.013413721128193945,0.01226195954271958,0.0,0,0,0,0
0.7,800000,1002,7,86375032bb0f5a90913cb923dd242af00c1bb020f2e8cc103555a92c8341ce02,497b8822afdb329df7e593163c058667365610ead0920b891c63d218ed3d89d0,Fixed-Dc,2,170159,-0.005802086747885349,-0.0048414585652614694,0,0,0,0,0
0.7,800000,1002,7,86375032bb0f5a90913cb923dd242af00c1bb020f2e8cc103555a92c8341ce02,497b8822afdb329df7e593163c058667365610ead0920b891c63d218ed3d89d0,Fixed-Dc,3,240952,-0.0026235085104842626,-0.0039326975043915136,0,0,0,0,0
0.7,800000,1002,7,86375032bb0f5a90913cb923dd242af00c1bb020f2e8cc103555a92c8341ce02,497b8822afdb329df7e593163c058667365610ead0920b891c63d218ed3d89d0,Fixed-Dc,4,-161270,0.0005119737469076457,0.001461087118401816,0,0,0,0,0
0.7,800000,1002,7,86375032bb0f5a90913cb923dd242af00c1bb020f2e8cc103555a92c8341ce02,497b8822afdb329df7e593163c058667365610ead0920b891c63d218ed3d89d0,Decoupled,1,0,,,,,,0,0
0.7,800000,1002,7,86375032bb0f5a90913cb923dd242af00c1bb020f2e8cc103555a92c8341ce02,497b8822afdb329df7e593163c058667365610ead0920b891c63d218ed3d89d0,Decoupled,2,-70793,,,,,,0,0
0.7,800000,1002,7,86375032bb0f5a90913cb923dd242af00c1bb020f2e8cc103555a92c8341ce02,497b8822afdb329df7e593163c058667365610ead0920b891c63d218ed3d89d0,Decoupled,3,112000,,,,,,0,0
0.7,800000,1002,7,86375032bb0f5a90913cb923dd242af00c1bb020f2e8cc103555a92c8341ce02,497b8822afdb329df7e593163c058667365610ead0920b891c63d218ed3d89d0,Decoupled,4,45714,,,,,,0,0
0.7,800000,1002,11,86375032bb0f5a90913cb923dd242af00c1bb020f2e8cc103555a92c8341ce02,497b8822afdb329df7e593163c058667365610ead0920b891c63d218ed3d89d0,No-Dq-R,1,0,0.0,0.0,0.0,0,0,0,0
0.7,800000,1002,11,86375032bb0f5a90913cb923dd242af00c1bb020f2e8cc103555a92c8341ce02,497b8822afdb329df7e593163c058667365610ead0920b891c63d218ed3d89d0,No-Dq-R,2,-870793,0.058770274820050206,0.05546517378844712,1.0,1,0,0,0
0.7,800000,1002,11,86375032bb0f5a90913cb923dd242af00c1bb020f2e8cc103555a92c8341ce02,497b8822afdb329df7e593163c058667365610ead0920b891c63d218ed3d89d0,No-Dq-R,3,-1488000,0.060013055544812954,0.06720866756363242,0,0,0,0,0
0.7,800000,1002,11,86375032bb0f5a90913cb923dd242af00c1bb020f2e8cc103555a92c8341ce02,497b8822afdb329df7e593163c058667365610ead0920b891c63d218ed3d89d0,No-Dq-R,4,-2354286,0.05313676930034794,0.0645603343866426,0,0,0,0,0
0.7,800000,1002,11,86375032bb0f5a90913cb923dd242af00c1bb020f2e8cc103555a92c8341ce02,497b8822afdb329df7e593163c058667365610ead0920b891c63d218ed3d89d0,Fixed-Dc,1,-252698,0.010901922341799986,0.01226195954271958,0.0,0,0,0,0
0.7,800000,1002,11,86375032bb0f5a90913cb923dd242af00c1bb020f2e8cc103555a92c8341ce02,497b8822afdb329df7e593163c058667365610ead0920b891c63d218ed3d89d0,Fixed-Dc,2,170159,-0.005802086747885349,-0.0048414585652614694,0,0,0,0,0
0.7,800000,1002,11,86375032bb0f5a90913cb923dd242af00c1bb020f2e8cc103555a92c8341ce02,497b8822afdb329df7e593163c058667365610ead0920b891c63d218ed3d89d0,Fixed-Dc,3,240952,-0.0025315239860609906,-0.0039326975043915136,0,0,0,0,0
0.7,800000,1002,11,86375032bb0f5a90913cb923dd242af00c1bb020f2e8cc103555a92c8341ce02,497b8822afdb329df7e593163c058667365610ead0920b891c63d218ed3d89d0,Fixed-Dc,4,-161270,0.0005119737469076457,0.001461087118401816,0,0,0,0,0
0.7,800000,1002,11,86375032bb0f5a90913cb923dd242af00c1bb020f2e8cc103555a92c8341ce02,497b8822afdb329df7e593163c058667365610ead0920b891c63d218ed3d89d0,Decoupled,1,0,,,,,,0,0
0.7,800000,1002,11,86375032bb0f5a90913cb923dd242af00c1bb020f2e8cc103555a92c8341ce02,497b8822afdb329df7e593163c058667365610ead0920b891c63d218ed3d89d0,Decoupled,2,-70793,,,,,,0,0
0.7,800000,1002,11,86375032bb0f5a90913cb923dd242af00c1bb020f2e8cc103555a92c8341ce02,497b8822afdb329df7e593163c058667365610ead0920b891c63d218ed3d89d0,Decoupled,3,112000,,,,,,0,0
0.7,800000,1002,11,86375032bb0f5a90913cb923dd242af00c1bb020f2e8cc103555a92c8341ce02,497b8822afdb329df7e593163c058667365610ead0920b891c63d218ed3d89d0,Decoupled,4,45714,,,,,,0,0
0.7,800000,1003,7,072ba8c7d55875ca5eef14fbb9b09da40fb9c85783bae226259db2f08d69dc16,497b8822afdb329df7e593163c058667365610ead0920b891c63d218ed3d89d0,No-Dq-R,1,0,0.0,0.0,0.0,0,0,0,0
0.7,800000,1003,7,072ba8c7d55875ca5eef14fbb9b09da40fb9c85783bae226259db2f08d69dc16,497b8822afdb329df7e593163c058667365610ead0920b891c63d218ed3d89d0,No-Dq-R,2,0,0.023033728456589353,0.02427759631707488,0,0,0,0,0
0.7,800000,1003,7,072ba8c7d55875ca5eef14fbb9b09da40fb9c85783bae226259db2f08d69dc16,497b8822afdb329df7e593163c058667365610ead0920b891c63d218ed3d89d0,No-Dq-R,3,-2266286,0.07373226744064715,0.07942673637139458,0,0,0,0,0
0.7,800000,1003,7,072ba8c7d55875ca5eef14fbb9b09da40fb9c85783bae226259db2f08d69dc16,497b8822afdb329df7e593163c058667365610ead0920b891c63d218ed3d89d0,No-Dq-R,4,-2354286,0.05371463728496573,0.0651333038754453,0,0,0,0,0
0.7,800000,1003,7,072ba8c7d55875ca5eef14fbb9b09da40fb9c85783bae226259db2f08d69dc16,497b8822afdb329df7e593163c058667365610ead0920b891c63d218ed3d89d0,Fixed-Dc,1,-203191,0.010824473564495563,0.009901491628817372,0.0,0,0,0,0
0.7,800000,1003,7,072ba8c7d55875ca5eef14fbb9b09da40fb9c85783bae226259db2f08d69dc16,497b8822afdb329df7e593163c058667365610ead0920b891c63d218ed3d89d0,Fixed-Dc,2,219666,-0.0075136488033024085,-0.006275985222419289,0,0,0,0,0
0.7,800000,1003,7,072ba8c7d55875ca5eef14fbb9b09da40fb9c85783bae226259db2f08d69dc16,497b8822afdb329df7e593163c058667365610ead0920b891c63d218ed3d89d0,Fixed-Dc,3,-534620,0.005252576143024157,0.008207570962781352,0,0,0,0,0
0.7,800000,1003,7,072ba8c7d55875ca5eef14fbb9b09da40fb9c85783bae226259db2f08d69dc16,497b8822afdb329df7e593163c058667365610ead0920b891c63d218ed3d89d0,Fixed-Dc,4,-111763,0.00035888896475694265,0.0010163395817752163,0,0,0,0,0
0.7,800000,1003,7,072ba8c7d55875ca5eef14fbb9b09da40fb9c85783bae226259db2f08d69dc16,497b8822afdb329df7e593163c058667365610ead0920b891c63d218ed3d89d0,Decoupled,1,0,,,,,,0,0
0.7,800000,1003,7,072ba8c7d55875ca5eef14fbb9b09da40fb9c85783bae226259db2f08d69dc16,497b8822afdb329df7e593163c058667365610ead0920b891c63d218ed3d89d0,Decoupled,2,800000,,,,,,0,0
0.7,800000,1003,7,072ba8c7d55875ca5eef14fbb9b09da40fb9c85783bae226259db2f08d69dc16,497b8822afdb329df7e593163c058667365610ead0920b891c63d218ed3d89d0,Decoupled,3,-666286,,,,,,0,0
0.7,800000,1003,7,072ba8c7d55875ca5eef14fbb9b09da40fb9c85783bae226259db2f08d69dc16,497b8822afdb329df7e593163c058667365610ead0920b891c63d218ed3d89d0,Decoupled,4,45714,,,,,,0,0
0.7,800000,1003,11,072ba8c7d55875ca5eef14fbb9b09da40fb9c85783bae226259db2f08d69dc16,497b8822afdb329df7e593163c058667365610ead0920b891c63d218ed3d89d0,No-Dq-R,1,0,0.0,0.0,0.0,0,0,0,0
0.7,800000,1003,11,072ba8c7d55875ca5eef14fbb9b09da40fb9c85783bae226259db2f08d69dc16,497b8822afdb329df7e593163c058667365610ead0920b891c63d218ed3d89d0,No-Dq-R,2,0,0.023033728456589353,0.02427759631707488,0,0,0,0,0
0.7,800000,1003,11,072ba8c7d55875ca5eef14fbb9b09da40fb9c85783bae226259db2f08d69dc16,497b8822afdb329df7e593163c058667365610ead0920b891c63d218ed3d89d0,No-Dq-R,3,-2266286,0.06767081822889937,0.07942673637139458,0,0,0,0,0
0.7,800000,1003,11,072ba8c7d55875ca5eef14fbb9b09da40fb9c85783bae226259db2f08d69dc16,497b8822afdb329df7e593163c058667365610ead0920b891c63d218ed3d89d0,No-Dq-R,4,-2354286,0.05371463728496573,0.0651333038754453,0,0,0,0,0
0.7,800000,1003,11,072ba8c7d55875ca5eef14fbb9b09da40fb9c85783bae226259db2f08d69dc16,497b8822afdb329df7e593163c058667365610ead0920b891c63d218ed3d89d0,Fixed-Dc,1,-203191,0.008809419361715864,0.009901491628817372,0.0,0,0,0,0
0.7,800000,1003,11,072ba8c7d55875ca5eef14fbb9b09da40fb9c85783bae226259db2f08d69dc16,497b8822afdb329df7e593163c058667365610ead0920b891c63d218ed3d89d0,Fixed-Dc,2,219666,-0.0075136488033024085,-0.006275985222419289,0,0,0,0,0
0.7,800000,1003,11,072ba8c7d55875ca5eef14fbb9b09da40fb9c85783bae226259db2f08d69dc16,497b8822afdb329df7e593163c058667365610ead0920b891c63d218ed3d89d0,Fixed-Dc,3,-534620,0.005063641494859328,0.008207570962781352,0,0,0,0,0
0.7,800000,1003,11,072ba8c7d55875ca5eef14fbb9b09da40fb9c85783bae226259db2f08d69dc16,497b8822afdb329df7e593163c058667365610ead0920b891c63d218ed3d89d0,Fixed-Dc,4,-111763,0.00035888896475694265,0.0010163395817752163,0,0,0,0,0
0.7,800000,1003,11,072ba8c7d55875ca5eef14fbb9b09da40fb9c85783bae226259db2f08d69dc16,497b8822afdb329df7e593163c058667365610ead0920b891c63d218ed3d89d0,Decoupled,1,0,,,,,,0,0
0.7,800000,1003,11,072ba8c7d55875ca5eef14fbb9b09da40fb9c85783bae226259db2f08d69dc16,497b8822afdb329df7e593163c058667365610ead0920b891c63d218ed3d89d0,Decoupled,2,800000,,,,,,0,0
0.7,800000,1003,11,072ba8c7d55875ca5eef14fbb9b09da40fb9c85783bae226259db2f08d69dc16,497b8822afdb329df7e593163c058667365610ead0920b891c63d218ed3d89d0,Decoupled,3,-666286,,,,,,0,0
0.7,800000,1003,11,072ba8c7d55875ca5eef14fbb9b09da40fb9c85783bae226259db2f08d69dc16,497b8822afdb329df7e593163c058667365610ead0920b891c63d218ed3d89d0,Decoupled,4,45714,,,,,,0,0
0.7,800000,1004,7,911076b463475d92ccc044501f27851fe9258e80f90433ff82514e7e2eb61807,497b8822afdb329df7e593163c058667365610ead0920b891c63d218ed3d89d0,No-Dq-R,1,0,0.0,0.0,0.0,0,0,0,0
0.7,800000,1004,7,911076b463475d92ccc044501f27851fe9258e80f90433ff82514e7e2eb61807,497b8822afdb329df7e593163c058667365610ead0920b891c63d218ed3d89d0,No-Dq-R,2,-138552,0.028624813291447837,0.02912913428332531,0.23011782791560875,0,0,0,0
0.7,800000,1004,7,911076b463475d92ccc044501f27851fe9258e80f90433ff82514e7e2eb61807,497b8822afdb329df7e593163c058667365610ead0920b891c63d218ed3d89d0,No-Dq-R,3,-2215734,0.07610464098366532,0.08020726010903068,0,0,0,0,0
0.7,800000,1004,7,911076b463475d92ccc044501f27851fe9258e80f90433ff82514e7e2eb61807,497b8822afdb329df7e593163c058667365610ead0920b891c63d218ed3d89d0,No-Dq-R,4,-2354286,0.05561529359570527,0.06701659237895136,0,0,0,0,0
0.7,800000,1004,7,911076b463475d92ccc044501f27851fe9258e80f90433ff82514e7e2eb61807,497b8822afdb329df7e593163c058667365610ead0920b891c63d218ed3d89d0,Fixed-Dc,1,-43353,0.002336511492726956,0.0021417688243623445,0.0,0,0,0,0
0.7,800000,1004,7,911076b463475d92ccc044501f27851fe9258e80f90433ff82514e7e2eb61807,497b8822afdb329df7e593163c058667365610ead0920b891c63d218ed3d89d0,Fixed-Dc,2,240952,-0.00825285050914304,-0.006896418471518673,0,0,0,0,0
0.7,800000,1004,7,911076b463475d92ccc044501f27851fe9258e80f90433ff82514e7e2eb61807,497b8822afdb329df7e593163c058667365610ead0920b891c63d218ed3d89d0,Fixed-Dc,3,-374782,0.003761267228680587,0.005825892196516025,0,0,0,0,0
0.7,800000,1004,7,911076b463475d92ccc044501f27851fe9258e80f90433ff82514e7e2eb61807,497b8822afdb329df7e593163c058667365610ead0920b891c63d218ed3d89d0,Fixed-Dc,4,48075,-0.00016011982530744762,-0.0004424935397036589,0,0,0,0,0
0.7,800000,1004,7,911076b463475d92ccc044501f27851fe9258e80f90433ff82514e7e2eb61807,497b8822afdb329df7e593163c058667365610ead0920b891c63d218ed3d89d0,Decoupled,1,0,,,,,,0,0
0.7,800000,1004,7,911076b463475d92ccc044501f27851fe9258e80f90433ff82514e7e2eb61807,497b8822afdb329df7e593163c058667365610ead0920b891c63d218ed3d89d0,Decoupled,2,661448,,,,,,0,0
0.7,800000,1004,7,911076b463475d92ccc044501f27851fe9258e80f90433ff82514e7e2eb61807,497b8822afdb329df7e593163c058667365610ead0920b891c63d218ed3d89d0,Decoupled,3,-615734,,,,,,0,0
0.7,800000,1004,7,911076b463475d92ccc044501f27851fe9258e80f90433ff82514e7e2eb61807,497b8822afdb329df7e593163c058667365610ead0920b891c63d218ed3d89d0,Decoupled,4,45714,,,,,,0,0
0.7,800000,1004,11,911076b463475d92ccc044501f27851fe9258e80f90433ff82514e7e2eb61807,497b8822afdb329df7e593163c058667365610ead0920b891c63d218ed3d89d0,No-Dq-R,1,0,0.0,0.0,0.0,0,0,0,0
0.7,800000,1004,11,911076b463475d92ccc044501f27851fe9258e80f90433ff82514e7e2eb61807,497b8822afdb329df7e593163c058667365610ead0920b891c63d218ed3d89d0,No-Dq-R,2,-138552,0.028624813291447837,0.02912913428332531,0.23011782791560875,0,0,0,0
0.7,800000,1004,11,911076b463475d92ccc044501f27851fe9258e80f90433ff82514e7e2eb61807,497b8822afdb329df7e593163c058667365610ead0920b891c63d218ed3d89d0,No-Dq-R,3,-2215734,0.06878545261965785,0.08020726010903068,0,0,0,0,0
0.7,800000,1004,11,911076b463475d92ccc044501f27851fe9258e80f90433ff82514e7e2eb61807,497b8822afdb329df7e593163c058667365610ead0920b891c63d218ed3d89d0,No-Dq-R,4,-2354286,0.05561529359570527,0.06701659237895136,0,0,0,0,0
0.7,800000,1004,11,911076b463475d92ccc044501f27851fe9258e80f90433ff82514e7e2eb61807,497b8822afdb329df7e593163c058667365610ead0920b891c63d218ed3d89d0,Fixed-Dc,1,-43353,0.001909818522481066,0.0021417688243623445,0.0,0,0,0,0
0.7,800000,1004,11,911076b463475d92ccc044501f27851fe9258e80f90433ff82514e7e2eb61807,497b8822afdb329df7e593163c058667365610ead0920b891c63d218ed3d89d0,Fixed-Dc,2,240952,-0.00825285050914304,-0.006896418471518673,0,0,0,0,0
0.7,800000,1004,11,911076b463475d92ccc044501f27851fe9258e80f90433ff82514e7e2eb61807,497b8822afdb329df7e593163c058667365610ead0920b891c63d218ed3d89d0,Fixed-Dc,3,-374782,0.0036267178767545594,0.005825892196516025,0,0,0,0,0
0.7,800000,1004,11,911076b463475d92ccc044501f27851fe9258e80f90433ff82514e7e2eb61807,497b8822afdb329df7e593163c058667365610ead0920b891c63d218ed3d89d0,Fixed-Dc,4,48075,-0.00016011982530744762,-0.0004424935397036589,0,0,0,0,0
0.7,800000,1004,11,911076b463475d92ccc044501f27851fe9258e80f90433ff82514e7e2eb61807,497b8822afdb329df7e593163c058667365610ead0920b891c63d218ed3d89d0,Decoupled,1,0,,,,,,0,0
0.7,800000,1004,11,911076b463475d92ccc044501f27851fe9258e80f90433ff82514e7e2eb61807,497b8822afdb329df7e593163c058667365610ead0920b891c63d218ed3d89d0,Decoupled,2,661448,,,,,,0,0
0.7,800000,1004,11,911076b463475d92ccc044501f27851fe9258e80f90433ff82514e7e2eb61807,497b8822afdb329df7e593163c058667365610ead0920b891c63d218ed3d89d0,Decoupled,3,-615734,,,,,,0,0
0.7,800000,1004,11,911076b463475d92ccc044501f27851fe9258e80f90433ff82514e7e2eb61807,497b8822afdb329df7e593163c058667365610ead0920b891c63d218ed3d89d0,Decoupled,4,45714,,,,,,0,0
0.7,800000,1005,7,7c3dc0e94098869d9e09f5192a0e483ccc6722889a1f0217605914a5f99bb719,497b8822afdb329df7e593163c058667365610ead0920b891c63d218ed3d89d0,No-Dq-R,1,0,0.0,0.0,0.0,0,0,0,0
0.7,800000,1005,7,7c3dc0e94098869d9e09f5192a0e483ccc6722889a1f0217605914a5f99bb719,497b8822afdb329df7e593163c058667365610ead0920b891c63d218ed3d89d0,No-Dq-R,2,-8559,0.02346632393915704,0.024667756331314683,0,0,0,0,0
0.7,800000,1005,7,7c3dc0e94098869d9e09f5192a0e483ccc6722889a1f0217605914a5f99bb719,497b8822afdb329df7e593163c058667365610ead0920b891c63d218ed3d89d0,No-Dq-R,3,-2266286,0.07450855600770573,0.07984443204913216,0,0,0,0,0
0.7,800000,1005,7,7c3dc0e94098869d9e09f5192a0e483ccc6722889a1f0217605914a5f99bb719,497b8822afdb329df7e593163c058667365610ead0920b891c63d218ed3d89d0,No-Dq-R,4,-2354286,0.05406545645314653,0.06548106051031433,0,0,0,0,0
0.7,800000,1005,7,7c3dc0e94098869d9e09f5192a0e483ccc6722889a1f0217605914a5f99bb719,497b8822afdb329df7e593163c058667365610ead0920b891c63d218ed3d89d0,Fixed-Dc,1,-173346,0.009254550778221349,0.008468757069727495,0.0,0,0,0,0
0.7,800000,1005,7,7c3dc0e94098869d9e09f5192a0e483ccc6722889a1f0217605914a5f99bb719,497b8822afdb329df7e593163c058667365610ead0920b891c63d218ed3d89d0,Fixed-Dc,2,240952,-0.00825285050914304,-0.006896418471518673,0,0,0,0,0
0.7,800000,1005,7,7c3dc0e94098869d9e09f5192a0e483ccc6722889a1f0217605914a5f99bb719,497b8822afdb329df7e593163c058667365610ead0920b891c63d218ed3d89d0,Fixed-Dc,3,-504775,0.004979083819287633,0.007767399867437297,0,0,0,0,0
0.7,800000,1005,7,7c3dc0e94098869d9e09f5192a0e483ccc6722889a1f0217605914a5f99bb719,497b8822afdb329df7e593163c058667365610ead0920b891c63d218ed3d89d0,Fixed-Dc,4,-81918,0.00026486444954426647,0.0007466159340011602,0,0,0,0,0
0.7,800000,1005,7,7c3dc0e94098869d9e09f5192a0e483ccc6722889a1f0217605914a5f99bb719,497b8822afdb329df7e593163c058667365610ead0920b891c63d218ed3d89d0,Decoupled,1,0,,,,,,0,0
0.7,800000,1005,7,7c3dc0e94098869d9e09f5192a0e483ccc6722889a1f0217605914a5f99bb719,497b8822afdb329df7e593163c058667365610ead0920b891c63d218ed3d89d0,Decoupled,2,791441,,,,,,0,0
0.7,800000,1005,7,7c3dc0e94098869d9e09f5192a0e483ccc6722889a1f0217605914a5f99bb719,497b8822afdb329df7e593163c058667365610ead0920b891c63d218ed3d89d0,Decoupled,3,-666286,,,,,,0,0
0.7,800000,1005,7,7c3dc0e94098869d9e09f5192a0e483ccc6722889a1f0217605914a5f99bb719,497b8822afdb329df7e593163c058667365610ead0920b891c63d218ed3d89d0,Decoupled,4,45714,,,,,,0,0
0.7,800000,1005,11,7c3dc0e94098869d9e09f5192a0e483ccc6722889a1f0217605914a5f99bb719,497b8822afdb329df7e593163c058667365610ead0920b891c63d218ed3d89d0,No-Dq-R,1,0,0.0,0.0,0.0,0,0,0,0
0.7,800000,1005,11,7c3dc0e94098869d9e09f5192a0e483ccc6722889a1f0217605914a5f99bb719,497b8822afdb329df7e593163c058667365610ead0920b891c63d218ed3d89d0,No-Dq-R,2,-8559,0.02346632393915704,0.024667756331314683,0,0,0,0,0
0.7,800000,1005,11,7c3dc0e94098869d9e09f5192a0e483ccc6722889a1f0217605914a5f99bb719,497b8822afdb329df7e593163c058667365610ead0920b891c63d218ed3d89d0,No-Dq-R,3,-2266286,0.06809815412244119,0.07984443204913216,0,0,0,0,0
0.7,800000,1005,11,7c3dc0e94098869d9e09f5192a0e483ccc6722889a1f0217605914a5f99bb719,497b8822afdb329df7e593163c058667365610ead0920b891c63d218ed3d89d0,No-Dq-R,4,-2354286,0.05406545645314653,0.06548106051031433,0,0,0,0,0
0.7,800000,1005,11,7c3dc0e94098869d9e09f5192a0e483ccc6722889a1f0217605914a5f99bb719,497b8822afdb329df7e593163c058667365610ead0920b891c63d218ed3d89d0,Fixed-Dc,1,-173346,0.007537872446634841,0.008468757069727495,0.0,0,0,0,0
0.7,800000,1005,11,7c3dc0e94098869d9e09f5192a0e483ccc6722889a1f0217605914a5f99bb719,497b8822afdb329df7e593163c058667365610ead0920b891c63d218ed3d89d0,Fixed-Dc,2,240952,-0.00825285050914304,-0.006896418471518673,0,0,0,0,0
0.7,800000,1005,11,7c3dc0e94098869d9e09f5192a0e483ccc6722889a1f0217605914a5f99bb719,497b8822afdb329df7e593163c058667365610ead0920b891c63d218ed3d89d0,Fixed-Dc,3,-504775,0.0048001724467537366,0.007767399867437297,0,0,0,0,0
0.7,800000,1005,11,7c3dc0e94098869d9e09f5192a0e483ccc6722889a1f0217605914a5f99bb719,497b8822afdb329df7e593163c058667365610ead0920b891c63d218ed3d89d0,Fixed-Dc,4,-81918,0.00026486444954426647,0.0007466159340011602,0,0,0,0,0
0.7,800000,1005,11,7c3dc0e94098869d9e09f5192a0e483ccc6722889a1f0217605914a5f99bb719,497b8822afdb329df7e593163c058667365610ead0920b891c63d218ed3d89d0,Decoupled,1,0,,,,,,0,0
0.7,800000,1005,11,7c3dc0e94098869d9e09f5192a0e483ccc6722889a1f0217605914a5f99bb719,497b8822afdb329df7e593163c058667365610ead0920b891c63d218ed3d89d0,Decoupled,2,791441,,,,,,0,0
0.7,800000,1005,11,7c3dc0e94098869d9e09f5192a0e483ccc6722889a1f0217605914a5f99bb719,497b8822afdb329df7e593163c058667365610ead0920b891c63d218ed3d89d0,Decoupled,3,-666286,,,,,,0,0
0.7,800000,1005,11,7c3dc0e94098869d9e09f5192a0e483ccc6722889a1f0217605914a5f99bb719,497b8822afdb329df7e593163c058667365610ead0920b891c63d218ed3d89d0,Decoupled,4,45714,,,,,,0,0
0.7,800000,1006,7,9400d5e091b1874b7fd7841e163ab41df8ef1c18145a4184dff389a76a20429b,497b8822afdb329df7e593163c058667365610ead0920b891c63d218ed3d89d0,No-Dq-R,1,0,0.0,0.0,0.0,0,0,0,0
0.7,800000,1006,7,9400d5e091b1874b7fd7841e163ab41df8ef1c18145a4184dff389a76a20429b,497b8822afdb329df7e593163c058667365610ead0920b891c63d218ed3d89d0,No-Dq-R,2,-294800,0.034944982694674276,0.034622440996757264,0.7295145415448698,1,0,0,0
0.7,800000,1006,7,9400d5e091b1874b7fd7841e163ab41df8ef1c18145a4184dff389a76a20429b,497b8822afdb329df7e593163c058667365610ead0920b891c63d218ed3d89d0,No-Dq-R,3,-2059486,0.07458250217252171,0.07782033695006768,0,0,0,0,0
0.7,800000,1006,7,9400d5e091b1874b7fd7841e163ab41df8ef1c18145a4184dff389a76a20429b,497b8822afdb329df7e593163c058667365610ead0920b891c63d218ed3d89d0,No-Dq-R,4,-2324629,0.057052960049981505,0.06826518524745678,0,0,0,0,0
0.7,800000,1006,7,9400d5e091b1874b7fd7841e163ab41df8ef1c18145a4184dff389a76a20429b,497b8822afdb329df7e593163c058667365610ead0920b891c63d218ed3d89d0,Fixed-Dc,1,112895,-0.006154543463364304,-0.005653084068519498,0.0,0,0,0,0
0.7,800000,1006,7,9400d5e091b1874b7fd7841e163ab41df8ef1c18145a4184dff389a76a20429b,497b8822afdb329df7e593163c058667365610ead0920b891c63d218ed3d89d0,Fixed-Dc,2,240952,-0.00825285050914304,-0.006896418471518673,0,0,0,0,0
0.7,800000,1006,7,9400d5e091b1874b7fd7841e163ab41df8ef1c18145a4184dff389a76a20429b,497b8822afdb329df7e593163c058667365610ead0920b891c63d218ed3d89d0,Fixed-Dc,3,-218534,0.002239128417536984,0.00343896903755303,0,0,0,0,0
0.7,800000,1006,7,9400d5e091b1874b7fd7841e163ab41df8ef1c18145a4184dff389a76a20429b,497b8822afdb329df7e593163c058667365610ead0920b891c63d218ed3d89d0,Fixed-Dc,4,204323,-0.0007048579929039289,-0.0019031223827625787,0,0,0,0,0
0.7,800000,1006,7,9400d5e091b1874b7fd7841e163ab41df8ef1c18145a4184dff389a76a20429b,497b8822afdb329df7e593163c058667365610ead0920b891c63d218ed3d89d0,Decoupled,1,0,,,,,,0,0
0.7,800000,1006,7,9400d5e091b1874b7fd7841e163ab41df8ef1c18145a4184dff389a76a20429b,497b8822afdb329df7e593163c058667365610ead0920b891c63d218ed3d89d0,Decoupled,2,505200,,,,,,0,0
0.7,800000,1006,7,9400d5e091b1874b7fd7841e163ab41df8ef1c18145a4184dff389a76a20429b,497b8822afdb329df7e593163c058667365610ead0920b891c63d218ed3d89d0,Decoupled,3,-459486,,,,,,0,0
0.7,800000,1006,7,9400d5e091b1874b7fd7841e163ab41df8ef1c18145a4184dff389a76a20429b,497b8822afdb329df7e593163c058667365610ead0920b891c63d218ed3d89d0,Decoupled,4,75371,,,,,,0,0
0.7,800000,1006,11,9400d5e091b1874b7fd7841e163ab41df8ef1c18145a4184dff389a76a20429b,497b8822afdb329df7e593163c058667365610ead0920b891c63d218ed3d89d0,No-Dq-R,1,0,0.0,0.0,0.0,0,0,0,0
0.7,800000,1006,11,9400d5e091b1874b7fd7841e163ab41df8ef1c18145a4184dff389a76a20429b,497b8822afdb329df7e593163c058667365610ead0920b891c63d218ed3d89d0,No-Dq-R,2,-294800,0.034944982694674276,0.034622440996757264,0.7295145415448698,1,0,0,0
0.7,800000,1006,11,9400d5e091b1874b7fd7841e163ab41df8ef1c18145a4184dff389a76a20429b,497b8822afdb329df7e593163c058667365610ead0920b891c63d218ed3d89d0,No-Dq-R,3,-2059486,0.06731818476718587,0.07782033695006768,0,0,0,0,0
0.7,800000,1006,11,9400d5e091b1874b7fd7841e163ab41df8ef1c18145a4184dff389a76a20429b,497b8822afdb329df7e593163c058667365610ead0920b891c63d218ed3d89d0,No-Dq-R,4,-2324629,0.057052960049981505,0.06826518524745678,0,0,0,0,0
0.7,800000,1006,11,9400d5e091b1874b7fd7841e163ab41df8ef1c18145a4184dff389a76a20429b,497b8822afdb329df7e593163c058667365610ead0920b891c63d218ed3d89d0,Fixed-Dc,1,112895,-0.0050517954962321365,-0.005653084068519498,0.0,0,0,0,0
0.7,800000,1006,11,9400d5e091b1874b7fd7841e163ab41df8ef1c18145a4184dff389a76a20429b,497b8822afdb329df7e593163c058667365610ead0920b891c63d218ed3d89d0,Fixed-Dc,2,240952,-0.00825285050914304,-0.006896418471518673,0,0,0,0,0
0.7,800000,1006,11,9400d5e091b1874b7fd7841e163ab41df8ef1c18145a4184dff389a76a20429b,497b8822afdb329df7e593163c058667365610ead0920b891c63d218ed3d89d0,Fixed-Dc,3,-218534,0.002159450024282583,0.00343896903755303,0,0,0,0,0
0.7,800000,1006,11,9400d5e091b1874b7fd7841e163ab41df8ef1c18145a4184dff389a76a20429b,497b8822afdb329df7e593163c058667365610ead0920b891c63d218ed3d89d0,Fixed-Dc,4,204323,-0.0007048579929039289,-0.0019031223827625787,0,0,0,0,0
0.7,800000,1006,11,9400d5e091b1874b7fd7841e163ab41df8ef1c18145a4184dff389a76a20429b,497b8822afdb329df7e593163c058667365610ead0920b891c63d218ed3d89d0,Decoupled,1,0,,,,,,0,0
0.7,800000,1006,11,9400d5e091b1874b7fd7841e163ab41df8ef1c18145a4184dff389a76a20429b,497b8822afdb329df7e593163c058667365610ead0920b891c63d218ed3d89d0,Decoupled,2,505200,,,,,,0,0
0.7,800000,1006,11,9400d5e091b1874b7fd7841e163ab41df8ef1c18145a4184dff389a76a20429b,497b8822afdb329df7e593163c058667365610ead0920b891c63d218ed3d89d0,Decoupled,3,-459486,,,,,,0,0
0.7,800000,1006,11,9400d5e091b1874b7fd7841e163ab41df8ef1c18145a4184dff389a76a20429b,497b8822afdb329df7e593163c058667365610ead0920b891c63d218ed3d89d0,Decoupled,4,75371,,,,,,0,0
0.7,800000,1007,7,d01adcc790c7d4435298c5906db2083a46ef613bf9f8d5201fd030539c8b0f34,497b8822afdb329df7e593163c058667365610ead0920b891c63d218ed3d89d0,No-Dq-R,1,0,0.0,0.0,0.0,0,0,0,0
0.7,800000,1007,7,d01adcc790c7d4435298c5906db2083a46ef613bf9f8d5201fd030539c8b0f34,497b8822afdb329df7e593163c058667365610ead0920b891c63d218ed3d89d0,No-Dq-R,2,-1023003,0.06396616143075684,0.05980237155053103,1.0,1,0,0,0
0.7,800000,1007,7,d01adcc790c7d4435298c5906db2083a46ef613bf9f8d5201fd030539c8b0f34,497b8822afdb329df7e593163c058667365610ead0920b891c63d218ed3d89d0,No-Dq-R,3,-1376997,0.06189263467881939,0.06405651273978202,0,0,0,0,0
0.7,800000,1007,7,d01adcc790c7d4435298c5906db2083a46ef613bf9f8d5201fd030539c8b0f34,497b8822afdb329df7e593163c058667365610ead0920b891c63d218ed3d89d0,No-Dq-R,4,-2354286,0.05139149843293839,0.06282871316702476,0,0,0,0,0
0.7,800000,1007,7,d01adcc790c7d4435298c5906db2083a46ef613bf9f8d5201fd030539c8b0f34,497b8822afdb329df7e593163c058667365610ead0920b891c63d218ed3d89d0,Fixed-Dc,1,-404908,0.021259233468278182,0.019394747931181122,0.0,0,0,0,0
0.7,800000,1007,7,d01adcc790c7d4435298c5906db2083a46ef613bf9f8d5201fd030539c8b0f34,497b8822afdb329df7e593163c058667365610ead0920b891c63d218ed3d89d0,Fixed-Dc,2,17949,-0.000606200137178714,-0.0005042608031775586,0,0,0,0,0
0.7,800000,1007,7,d01adcc790c7d4435298c5906db2083a46ef613bf9f8d5201fd030539c8b0f34,497b8822afdb329df7e593163c058667365610ead0920b891c63d218ed3d89d0,Fixed-Dc,3,240952,-0.0026235085104842626,-0.0039326975043915136,0,0,0,0,0
0.7,800000,1007,7,d01adcc790c7d4435298c5906db2083a46ef613bf9f8d5201fd030539c8b0f34,497b8822afdb329df7e593163c058667365610ead0920b891c63d218ed3d89d0,Fixed-Dc,4,-313480,0.0009604213969211517,0.002807871445554888,0,0,0,0,0
0.7,800000,1007,7,d01adcc790c7d4435298c5906db2083a46ef613bf9f8d5201fd030539c8b0f34,497b8822afdb329df7e593163c058667365610ead0920b891c63d218ed3d89d0,Decoupled,1,0,,,,,,0,0
0.7,800000,1007,7,d01adcc790c7d4435298c5906db2083a46ef613bf9f8d5201fd030539c8b0f34,497b8822afdb329df7e593163c058667365610ead0920b891c63d218ed3d89d0,Decoupled,2,-223003,,,,,,0,0
0.7,800000,1007,7,d01adcc790c7d4435298c5906db2083a46ef613bf9f8d5201fd030539c8b0f34,497b8822afdb329df7e593163c058667365610ead0920b891c63d218ed3d89d0,Decoupled,3,223003,,,,,,0,0
0.7,800000,1007,7,d01adcc790c7d4435298c5906db2083a46ef613bf9f8d5201fd030539c8b0f34,497b8822afdb329df7e593163c058667365610ead0920b891c63d218ed3d89d0,Decoupled,4,45714,,,,,,0,0
0.7,800000,1007,11,d01adcc790c7d4435298c5906db2083a46ef613bf9f8d5201fd030539c8b0f34,497b8822afdb329df7e593163c058667365610ead0920b891c63d218ed3d89d0,No-Dq-R,1,0,0.0,0.0,0.0,0,0,0,0
0.7,800000,1007,11,d01adcc790c7d4435298c5906db2083a46ef613bf9f8d5201fd030539c8b0f34,497b8822afdb329df7e593163c058667365610ead0920b891c63d218ed3d89d0,No-Dq-R,2,-1023003,0.06396616143075684,0.05980237155053103,1.0,1,0,0,0
0.7,800000,1007,11,d01adcc790c7d4435298c5906db2083a46ef613bf9f8d5201fd030539c8b0f34,497b8822afdb329df7e593163c058667365610ead0920b891c63d218ed3d89d0,No-Dq-R,3,-1376997,0.05748428503336289,0.06405651273978202,0,0,0,0,0
0.7,800000,1007,11,d01adcc790c7d4435298c5906db2083a46ef613bf9f8d5201fd030539c8b0f34,497b8822afdb329df7e593163c058667365610ead0920b891c63d218ed3d89d0,No-Dq-R,4,-2354286,0.05139149843293839,0.06282871316702476,0,0,0,0,0
0.7,800000,1007,11,d01adcc790c7d4435298c5906db2083a46ef613bf9f8d5201fd030539c8b0f34,497b8822afdb329df7e593163c058667365610ead0920b891c63d218ed3d89d0,Fixed-Dc,1,-404908,0.017206322995922174,0.019394747931181122,0.0,0,0,0,0
0.7,800000,1007,11,d01adcc790c7d4435298c5906db2083a46ef613bf9f8d5201fd030539c8b0f34,497b8822afdb329df7e593163c058667365610ead0920b891c63d218ed3d89d0,Fixed-Dc,2,17949,-0.000606200137178714,-0.0005042608031775586,0,0,0,0,0
0.7,800000,1007,11,d01adcc790c7d4435298c5906db2083a46ef613bf9f8d5201fd030539c8b0f34,497b8822afdb329df7e593163c058667365610ead0920b891c63d218ed3d89d0,Fixed-Dc,3,240952,-0.0025315239860609906,-0.0039326975043915136,0,0,0,0,0
0.7,800000,1007,11,d01adcc790c7d4435298c5906db2083a46ef613bf9f8d5201fd030539c8b0f34,497b8822afdb329df7e593163c058667365610ead0920b891c63d218ed3d89d0,Fixed-Dc,4,-313480,0.0009604213969211517,0.002807871445554888,0,0,0,0,0
0.7,800000,1007,11,d01adcc790c7d4435298c5906db2083a46ef613bf9f8d5201fd030539c8b0f34,497b8822afdb329df7e593163c058667365610ead0920b891c63d218ed3d89d0,Decoupled,1,0,,,,,,0,0
0.7,800000,1007,11,d01adcc790c7d4435298c5906db2083a46ef613bf9f8d5201fd030539c8b0f34,497b8822afdb329df7e593163c058667365610ead0920b891c63d218ed3d89d0,Decoupled,2,-223003,,,,,,0,0
0.7,800000,1007,11,d01adcc790c7d4435298c5906db2083a46ef613bf9f8d5201fd030539c8b0f34,497b8822afdb329df7e593163c058667365610ead0920b891c63d218ed3d89d0,Decoupled,3,223003,,,,,,0,0
0.7,800000,1007,11,d01adcc790c7d4435298c5906db2083a46ef613bf9f8d5201fd030539c8b0f34,497b8822afdb329df7e593163c058667365610ead0920b891c63d218ed3d89d0,Decoupled,4,45714,,,,,,0,0
0.7,800000,1008,7,02009132acb62384d99c6dde95d7a2e3d80b9a1701f3e5e9434800f76be0c4f2,497b8822afdb329df7e593163c058667365610ead0920b891c63d218ed3d89d0,No-Dq-R,1,0,0.0,0.0,0.0,0,0,0,0
0.7,800000,1008,7,02009132acb62384d99c6dde95d7a2e3d80b9a1701f3e5e9434800f76be0c4f2,497b8822afdb329df7e593163c058667365610ead0920b891c63d218ed3d89d0,No-Dq-R,2,-868435,0.05868899619117007,0.055397115632237814,1.0,1,0,0,0
0.7,800000,1008,7,02009132acb62384d99c6dde95d7a2e3d80b9a1701f3e5e9434800f76be0c4f2,497b8822afdb329df7e593163c058667365610ead0920b891c63d218ed3d89d0,No-Dq-R,3,-2310721,0.07406447656585402,0.08004012289493512,0,0,0,0,0
0.7,800000,1008,7,02009132acb62384d99c6dde95d7a2e3d80b9a1701f3e5e9434800f76be0c4f2,497b8822afdb329df7e593163c058667365610ead0920b891c63d218ed3d89d0,No-Dq-R,4,-2354286,0.053164178219126446,0.06458751512194583,0,0,0,0,0
0.7,800000,1008,7,02009132acb62384d99c6dde95d7a2e3d80b9a1701f3e5e9434800f76be0c4f2,497b8822afdb329df7e593163c058667365610ead0920b891c63d218ed3d89d0,Fixed-Dc,1,-250340,0.013290817218438944,0.012149986446179262,0.0,0,0,0,0
0.7,800000,1008,7,02009132acb62384d99c6dde95d7a2e3d80b9a1701f3e5e9434800f76be0c4f2,497b8822afdb329df7e593163c058667365610ead0920b891c63d218ed3d89d0,Fixed-Dc,2,172517,-0.0058833653767654814,-0.004909516721470775,0,0,0,0,0
0.7,800000,1008,7,02009132acb62384d99c6dde95d7a2e3d80b9a1701f3e5e9434800f76be0c4f2,497b8822afdb329df7e593163c058667365610ead0920b891c63d218ed3d89d0,Fixed-Dc,3,-581769,0.0056800504270697605,0.008898757826911186,0,0,0,0,0
0.7,800000,1008,7,02009132acb62384d99c6dde95d7a2e3d80b9a1701f3e5e9434800f76be0c4f2,497b8822afdb329df7e593163c058667365610ead0920b891c63d218ed3d89d0,Fixed-Dc,4,-158912,0.0005047635877985512,0.001439979214587106,0,0,0,0,0
0.7,800000,1008,7,02009132acb62384d99c6dde95d7a2e3d80b9a1701f3e5e9434800f76be0c4f2,497b8822afdb329df7e593163c058667365610ead0920b891c63d218ed3d89d0,Decoupled,1,0,,,,,,0,0
0.7,800000,1008,7,02009132acb62384d99c6dde95d7a2e3d80b9a1701f3e5e9434800f76be0c4f2,497b8822afdb329df7e593163c058667365610ead0920b891c63d218ed3d89d0,Decoupled,2,-68435,,,,,,0,0
0.7,800000,1008,7,02009132acb62384d99c6dde95d7a2e3d80b9a1701f3e5e9434800f76be0c4f2,497b8822afdb329df7e593163c058667365610ead0920b891c63d218ed3d89d0,Decoupled,3,-710721,,,,,,0,0
0.7,800000,1008,7,02009132acb62384d99c6dde95d7a2e3d80b9a1701f3e5e9434800f76be0c4f2,497b8822afdb329df7e593163c058667365610ead0920b891c63d218ed3d89d0,Decoupled,4,45714,,,,,,0,0
0.7,800000,1008,11,02009132acb62384d99c6dde95d7a2e3d80b9a1701f3e5e9434800f76be0c4f2,497b8822afdb329df7e593163c058667365610ead0920b891c63d218ed3d89d0,No-Dq-R,1,0,0.0,0.0,0.0,0,0,0,0
0.7,800000,1008,11,02009132acb62384d99c6dde95d7a2e3d80b9a1701f3e5e9434800f76be0c4f2,497b8822afdb329df7e593163c058667365610ead0920b891c63d218ed3d89d0,No-Dq-R,2,-868435,0.05868899619117007,0.055397115632237814,1.0,1,0,0,0
0.7,800000,1008,11,02009132acb62384d99c6dde95d7a2e3d80b9a1701f3e5e9434800f76be0c4f2,497b8822afdb329df7e593163c058667365610ead0920b891c63d218ed3d89d0,No-Dq-R,3,-2310721,0.06801998199779224,0.08004012289493512,0,0,0,0,0
0.7,800000,1008,11,02009132acb62384d99c6dde95d7a2e3d80b9a1701f3e5e9434800f76be0c4f2,497b8822afdb329df7e593163c058667365610ead0920b891c63d218ed3d89d0,No-Dq-R,4,-2354286,0.053164178219126446,0.06458751512194583,0,0,0,0,0
0.7,800000,1008,11,02009132acb62384d99c6dde95d7a2e3d80b9a1701f3e5e9434800f76be0c4f2,497b8822afdb329df7e593163c058667365610ead0920b891c63d218ed3d89d0,Fixed-Dc,1,-250340,0.010802728838761766,0.012149986446179262,0.0,0,0,0,0
0.7,800000,1008,11,02009132acb62384d99c6dde95d7a2e3d80b9a1701f3e5e9434800f76be0c4f2,497b8822afdb329df7e593163c058667365610ead0920b891c63d218ed3d89d0,Fixed-Dc,2,172517,-0.0058833653767654814,-0.004909516721470775,0,0,0,0,0
0.7,800000,1008,11,02009132acb62384d99c6dde95d7a2e3d80b9a1701f3e5e9434800f76be0c4f2,497b8822afdb329df7e593163c058667365610ead0920b891c63d218ed3d89d0,Fixed-Dc,3,-581769,0.0054754024669183,0.008898757826911186,0,0,0,0,0
0.7,800000,1008,11,02009132acb62384d99c6dde95d7a2e3d80b9a1701f3e5e9434800f76be0c4f2,497b8822afdb329df7e593163c058667365610ead0920b891c63d218ed3d89d0,Fixed-Dc,4,-158912,0.0005047635877985512,0.001439979214587106,0,0,0,0,0
0.7,800000,1008,11,02009132acb62384d99c6dde95d7a2e3d80b9a1701f3e5e9434800f76be0c4f2,497b8822afdb329df7e593163c058667365610ead0920b891c63d218ed3d89d0,Decoupled,1,0,,,,,,0,0
0.7,800000,1008,11,02009132acb62384d99c6dde95d7a2e3d80b9a1701f3e5e9434800f76be0c4f2,497b8822afdb329df7e593163c058667365610ead0920b891c63d218ed3d89d0,Decoupled,2,-68435,,,,,,0,0
0.7,800000,1008,11,02009132acb62384d99c6dde95d7a2e3d80b9a1701f3e5e9434800f76be0c4f2,497b8822afdb329df7e593163c058667365610ead0920b891c63d218ed3d89d0,Decoupled,3,-710721,,,,,,0,0
0.7,800000,1008,11,02009132acb62384d99c6dde95d7a2e3d80b9a1701f3e5e9434800f76be0c4f2,497b8822afdb329df7e593163c058667365610ead0920b891c63d218ed3d89d0,Decoupled,4,45714,,,,,,0,0
0.7,800000,1009,7,46f8c98a4dea689d6569c8a6a61930448877f09c9757a0aa5af80ff5de6682eb,497b8822afdb329df7e593163c058667365610ead0920b891c63d218ed3d89d0,No-Dq-R,1,0,0.0,0.0,0.0,0,0,0,0
0.7,800000,1009,7,46f8c98a4dea689d6569c8a6a61930448877f09c9757a0aa5af80ff5de6682eb,497b8822afdb329df7e593163c058667365610ead0920b891c63d218ed3d89d0,No-Dq-R,2,-1177143,0.0674927790540355,0.06233203531755721,1.0,1,0,0,0
0.7,800000,1009,7,46f8c98a4dea689d6569c8a6a61930448877f09c9757a0aa5af80ff5de6682eb,497b8822afdb329df7e593163c058667365610ead0920b891c63d218ed3d89d0,No-Dq-R,3,-1177143,0.052585410001896704,0.057367902580616914,0,0,0,0,0
0.7,800000,1009,7,46f8c98a4dea689d6569c8a6a61930448877f09c9757a0aa5af80ff5de6682eb,497b8822afdb329df7e593163c058667365610ead0920b891c63d218ed3d89d0,No-Dq-R,4,-2400000,0.05872356008459795,0.07036168231863998,0,0,0,0,0
0.7,800000,1009,7,46f8c98a4dea689d6569c8a6a61930448877f09c9757a0aa5af80ff5de6682eb,497b8822afdb329df7e593163c058667365610ead0920b891c63d218ed3d89d0,Fixed-Dc,1,240952,-0.013260381251984033,-0.012200195093511668,0.0,0,0,0,0
0.7,800000,1009,7,46f8c98a4dea689d6569c8a6a61930448877f09c9757a0aa5af80ff5de6682eb,497b8822afdb329df7e593163c058667365610ead0920b891c63d218ed3d89d0,Fixed-Dc,2,-292367,0.009686062856777866,0.008005986346882044,0,0,0,0,0
0.7,800000,1009,7,46f8c98a4dea689d6569c8a6a61930448877f09c9757a0aa5af80ff5de6682eb,497b8822afdb329df7e593163c058667365610ead0920b891c63d218ed3d89d0,Fixed-Dc,3,130490,-0.0014002187549813638,-0.0021110605134970206,0,0,0,0,0
0.7,800000,1009,7,46f8c98a4dea689d6569c8a6a61930448877f09c9757a0aa5af80ff5de6682eb,497b8822afdb329df7e593163c058667365610ead0920b891c63d218ed3d89d0,Fixed-Dc,4,240952,-0.0008380264446201657,-0.0022505817160430874,0,0,0,0,0
0.7,800000,1009,7,46f8c98a4dea689d6569c8a6a61930448877f09c9757a0aa5af80ff5de6682eb,497b8822afdb329df7e593163c058667365610ead0920b891c63d218ed3d89d0,Decoupled,1,0,,,,,,0,0
0.7,800000,1009,7,46f8c98a4dea689d6569c8a6a61930448877f09c9757a0aa5af80ff5de6682eb,497b8822afdb329df7e593163c058667365610ead0920b891c63d218ed3d89d0,Decoupled,2,-377143,,,,,,0,0
0.7,800000,1009,7,46f8c98a4dea689d6569c8a6a61930448877f09c9757a0aa5af80ff5de6682eb,497b8822afdb329df7e593163c058667365610ead0920b891c63d218ed3d89d0,Decoupled,3,422857,,,,,,0,0
0.7,800000,1009,7,46f8c98a4dea689d6569c8a6a61930448877f09c9757a0aa5af80ff5de6682eb,497b8822afdb329df7e593163c058667365610ead0920b891c63d218ed3d89d0,Decoupled,4,0,,,,,,0,0
0.7,800000,1009,11,46f8c98a4dea689d6569c8a6a61930448877f09c9757a0aa5af80ff5de6682eb,497b8822afdb329df7e593163c058667365610ead0920b891c63d218ed3d89d0,No-Dq-R,1,0,0.0,0.0,0.0,0,0,0,0
0.7,800000,1009,11,46f8c98a4dea689d6569c8a6a61930448877f09c9757a0aa5af80ff5de6682eb,497b8822afdb329df7e593163c058667365610ead0920b891c63d218ed3d89d0,No-Dq-R,2,-1177143,0.0674927790540355,0.06233203531755721,1.0,1,0,0,0
0.7,800000,1009,11,46f8c98a4dea689d6569c8a6a61930448877f09c9757a0aa5af80ff5de6682eb,497b8822afdb329df7e593163c058667365610ead0920b891c63d218ed3d89d0,No-Dq-R,3,-1177143,0.051913177736724714,0.057367902580616914,0,0,0,0,0
0.7,800000,1009,11,46f8c98a4dea689d6569c8a6a61930448877f09c9757a0aa5af80ff5de6682eb,497b8822afdb329df7e593163c058667365610ead0920b891c63d218ed3d89d0,No-Dq-R,4,-2400000,0.05872356008459795,0.07036168231863998,0,0,0,0,0
0.7,800000,1009,11,46f8c98a4dea689d6569c8a6a61930448877f09c9757a0aa5af80ff5de6682eb,497b8822afdb329df7e593163c058667365610ead0920b891c63d218ed3d89d0,Fixed-Dc,1,240952,-0.010921709492620058,-0.012200195093511668,0.0,0,0,0,0
0.7,800000,1009,11,46f8c98a4dea689d6569c8a6a61930448877f09c9757a0aa5af80ff5de6682eb,497b8822afdb329df7e593163c058667365610ead0920b891c63d218ed3d89d0,Fixed-Dc,2,-292367,0.009686062856777866,0.008005986346882044,0,0,0,0,0
0.7,800000,1009,11,46f8c98a4dea689d6569c8a6a61930448877f09c9757a0aa5af80ff5de6682eb,497b8822afdb329df7e593163c058667365610ead0920b891c63d218ed3d89d0,Fixed-Dc,3,130490,-0.001350954211651989,-0.0021110605134970206,0,0,0,0,0
0.7,800000,1009,11,46f8c98a4dea689d6569c8a6a61930448877f09c9757a0aa5af80ff5de6682eb,497b8822afdb329df7e593163c058667365610ead0920b891c63d218ed3d89d0,Fixed-Dc,4,240952,-0.0008380264446201657,-0.0022505817160430874,0,0,0,0,0
0.7,800000,1009,11,46f8c98a4dea689d6569c8a6a61930448877f09c9757a0aa5af80ff5de6682eb,497b8822afdb329df7e593163c058667365610ead0920b891c63d218ed3d89d0,Decoupled,1,0,,,,,,0,0
0.7,800000,1009,11,46f8c98a4dea689d6569c8a6a61930448877f09c9757a0aa5af80ff5de6682eb,497b8822afdb329df7e593163c058667365610ead0920b891c63d218ed3d89d0,Decoupled,2,-377143,,,,,,0,0
0.7,800000,1009,11,46f8c98a4dea689d6569c8a6a61930448877f09c9757a0aa5af80ff5de6682eb,497b8822afdb329df7e593163c058667365610ead0920b891c63d218ed3d89d0,Decoupled,3,422857,,,,,,0,0
0.7,800000,1009,11,46f8c98a4dea689d6569c8a6a61930448877f09c9757a0aa5af80ff5de6682eb,497b8822afdb329df7e593163c058667365610ead0920b891c63d218ed3d89d0,Decoupled,4,0,,,,,,0,0
0.7,800000,1010,7,6c59998d0a26781c325baee2e4a5fade8b3d46a0ddeb0e31f93c675a65a51f09,497b8822afdb329df7e593163c058667365610ead0920b891c63d218ed3d89d0,No-Dq-R,1,0,0.0,0.0,0.0,0,0,0,0
0.7,800000,1010,7,6c59998d0a26781c325baee2e4a5fade8b3d46a0ddeb0e31f93c675a65a51f09,497b8822afdb329df7e593163c058667365610ead0920b891c63d218ed3d89d0,No-Dq-R,2,-1177143,0.06606485384809113,0.06080185574345781,1.0,1,0,0,0
0.7,800000,1010,7,6c59998d0a26781c325baee2e4a5fade8b3d46a0ddeb0e31f93c675a65a51f09,497b8822afdb329df7e593163c058667365610ead0920b891c63d218ed3d89d0,No-Dq-R,3,-1177143,0.04946563992665587,0.05593169881954235,0,0,0,0,0
0.7,800000,1010,7,6c59998d0a26781c325baee2e4a5fade8b3d46a0ddeb0e31f93c675a65a51f09,497b8822afdb329df7e593163c058667365610ead0920b891c63d218ed3d89d0,No-Dq-R,4,-2400000,0.05872356008459795,0.07036168231863998,0,0,0,0,0
0.7,800000,1010,7,6c59998d0a26781c325baee2e4a5fade8b3d46a0ddeb0e31f93c675a65a51f09,497b8822afdb329df7e593163c058667365610ead0920b891c63d218ed3d89d0,Fixed-Dc,1,240952,-0.013260381251984033,-0.012200195093511668,0.0,0,0,0,0
0.7,800000,1010,7,6c59998d0a26781c325baee2e4a5fade8b3d46a0ddeb0e31f93c675a65a51f09,497b8822afdb329df7e593163c058667365610ead0920b891c63d218ed3d89d0,Fixed-Dc,2,-432434,0.014204141977372409,0.01170646934466274,0,0,0,0,0
0.7,800000,1010,7,6c59998d0a26781c325baee2e4a5fade8b3d46a0ddeb0e31f93c675a65a51f09,497b8822afdb329df7e593163c058667365610ead0920b891c63d218ed3d89d0,Fixed-Dc,3,-9577,0.00010088051281831323,0.00015321872320911423,0,0,0,0,0
0.7,800000,1010,7,6c59998d0a26781c325baee2e4a5fade8b3d46a0ddeb0e31f93c675a65a51f09,497b8822afdb329df7e593163c058667365610ead0920b891c63d218ed3d89d0,Fixed-Dc,4,240952,-0.0008380264446201657,-0.0022505817160430874,0,0,0,0,0
0.7,800000,1010,7,6c59998d0a26781c325baee2e4a5fade8b3d46a0ddeb0e31f93c675a65a51f09,497b8822afdb329df7e593163c058667365610ead0920b891c63d218ed3d89d0,Decoupled,1,0,,,,,,0,0
0.7,800000,1010,7,6c59998d0a26781c325baee2e4a5fade8b3d46a0ddeb0e31f93c675a65a51f09,497b8822afdb329df7e593163c058667365610ead0920b891c63d218ed3d89d0,Decoupled,2,-377143,,,,,,0,0
0.7,800000,1010,7,6c59998d0a26781c325baee2e4a5fade8b3d46a0ddeb0e31f93c675a65a51f09,497b8822afdb329df7e593163c058667365610ead0920b891c63d218ed3d89d0,Decoupled,3,422857,,,,,,0,0
0.7,800000,1010,7,6c59998d0a26781c325baee2e4a5fade8b3d46a0ddeb0e31f93c675a65a51f09,497b8822afdb329df7e593163c058667365610ead0920b891c63d218ed3d89d0,Decoupled,4,0,,,,,,0,0
0.7,800000,1010,11,6c59998d0a26781c325baee2e4a5fade8b3d46a0ddeb0e31f93c675a65a51f09,497b8822afdb329df7e593163c058667365610ead0920b891c63d218ed3d89d0,No-Dq-R,1,0,0.0,0.0,0.0,0,0,0,0
0.7,800000,1010,11,6c59998d0a26781c325baee2e4a5fade8b3d46a0ddeb0e31f93c675a65a51f09,497b8822afdb329df7e593163c058667365610ead0920b891c63d218ed3d89d0,No-Dq-R,2,-1177143,0.06606485384809113,0.06080185574345781,1.0,1,0,0,0
0.7,800000,1010,11,6c59998d0a26781c325baee2e4a5fade8b3d46a0ddeb0e31f93c675a65a51f09,497b8822afdb329df7e593163c058667365610ead0920b891c63d218ed3d89d0,No-Dq-R,3,-1177143,0.05046210079378166,0.05593169881954235,0,0,0,0,0
0.7,800000,1010,11,6c59998d0a26781c325baee2e4a5fade8b3d46a0ddeb0e31f93c675a65a51f09,497b8822afdb329df7e593163c058667365610ead0920b891c63d218ed3d89d0,No-Dq-R,4,-2400000,0.05872356008459795,0.07036168231863998,0,0,0,0,0
0.7,800000,1010,11,6c59998d0a26781c325baee2e4a5fade8b3d46a0ddeb0e31f93c675a65a51f09,497b8822afdb329df7e593163c058667365610ead0920b891c63d218ed3d89d0,Fixed-Dc,1,240952,-0.010921709492620058,-0.012200195093511668,0.0,0,0,0,0
0.7,800000,1010,11,6c59998d0a26781c325baee2e4a5fade8b3d46a0ddeb0e31f93c675a65a51f09,497b8822afdb329df7e593163c058667365610ead0920b891c63d218ed3d89d0,Fixed-Dc,2,-432434,0.014204141977372409,0.01170646934466274,0,0,0,0,0
0.7,800000,1010,11,6c59998d0a26781c325baee2e4a5fade8b3d46a0ddeb0e31f93c675a65a51f09,497b8822afdb329df7e593163c058667365610ead0920b891c63d218ed3d89d0,Fixed-Dc,3,-9577,9.731525101325245e-05,0.00015321872320911423,0,0,0,0,0
0.7,800000,1010,11,6c59998d0a26781c325baee2e4a5fade8b3d46a0ddeb0e31f93c675a65a51f09,497b8822afdb329df7e593163c058667365610ead0920b891c63d218ed3d89d0,Fixed-Dc,4,240952,-0.0008380264446201657,-0.0022505817160430874,0,0,0,0,0
0.7,800000,1010,11,6c59998d0a26781c325baee2e4a5fade8b3d46a0ddeb0e31f93c675a65a51f09,497b8822afdb329df7e593163c058667365610ead0920b891c63d218ed3d89d0,Decoupled,1,0,,,,,,0,0
0.7,800000,1010,11,6c59998d0a26781c325baee2e4a5fade8b3d46a0ddeb0e31f93c675a65a51f09,497b8822afdb329df7e593163c058667365610ead0920b891c63d218ed3d89d0,Decoupled,2,-377143,,,,,,0,0
0.7,800000,1010,11,6c59998d0a26781c325baee2e4a5fade8b3d46a0ddeb0e31f93c675a65a51f09,497b8822afdb329df7e593163c058667365610ead0920b891c63d218ed3d89d0,Decoupled,3,422857,,,,,,0,0
0.7,800000,1010,11,6c59998d0a26781c325baee2e4a5fade8b3d46a0ddeb0e31f93c675a65a51f09,497b8822afdb329df7e593163c058667365610ead0920b891c63d218ed3d89d0,Decoupled,4,0,,,,,,0,0
0.7,800000,1011,7,3bd223e40fd1eb6d43167f1a315289254a7b35912795dc93b7cb8ceed40f3204,497b8822afdb329df7e593163c058667365610ead0920b891c63d218ed3d89d0,No-Dq-R,1,0,0.0,0.0,0.0,0,0,0,0
0.7,800000,1011,7,3bd223e40fd1eb6d43167f1a315289254a7b35912795dc93b7cb8ceed40f3204,497b8822afdb329df7e593163c058667365610ead0920b891c63d218ed3d89d0,No-Dq-R,2,-252226,0.03320972530819599,0.03311127092158217,0.7295145415448698,1,0,0,0
0.7,800000,1011,7,3bd223e40fd1eb6d43167f1a315289254a7b35912795dc93b7cb8ceed40f3204,497b8822afdb329df7e593163c058667365610ead0920b891c63d218ed3d89d0,No-Dq-R,3,-2102060,0.07500365907354262,0.07847656789442287,0,0,0,0,0
0.7,800000,1011,7,3bd223e40fd1eb6d43167f1a315289254a7b35912795dc93b7cb8ceed40f3204,497b8822afdb329df7e593163c058667365610ead0920b891c63d218ed3d89d0,No-Dq-R,4,-2354286,0.05700011677409672,0.06838760897090629,0,0,0,0,0
0.7,800000,1011,7,3bd223e40fd1eb6d43167f1a315289254a7b35912795dc93b7cb8ceed40f3204,497b8822afdb329df7e593163c058667365610ead0920b891c63d218ed3d89d0,Fixed-Dc,1,70321,-0.0038216195970162126,-0.003508297984790021,0.0,0,0,0,0
0.7,800000,1011,7,3bd223e40fd1eb6d43167f1a315289254a7b35912795dc93b7cb8ceed40f3204,497b8822afdb329df7e593163c058667365610ead0920b891c63d218ed3d89d0,Fixed-Dc,2,240952,-0.00825285050914304,-0.006896418471518673,0,0,0,0,0
0.7,800000,1011,7,3bd223e40fd1eb6d43167f1a315289254a7b35912795dc93b7cb8ceed40f3204,497b8822afdb329df7e593163c058667365610ead0920b891c63d218ed3d89d0,Fixed-Dc,3,-261108,0.0026602853185578867,0.004095199981908215,0,0,0,0,0
0.7,800000,1011,7,3bd223e40fd1eb6d43167f1a315289254a7b35912795dc93b7cb8ceed40f3204,497b8822afdb329df7e593163c058667365610ead0920b891c63d218ed3d89d0,Fixed-Dc,4,161749,-0.0005527032527719022,-0.001501693712168628,0,0,0,0,0
0.7,800000,1011,7,3bd223e40fd1eb6d43167f1a315289254a7b35912795dc93b7cb8ceed40f3204,497b8822afdb329df7e593163c058667365610ead0920b891c63d218ed3d89d0,Decoupled,1,0,,,,,,0,0
0.7,800000,1011,7,3bd223e40fd1eb6d43167f1a315289254a7b35912795dc93b7cb8ceed40f3204,497b8822afdb329df7e593163c058667365610ead0920b891c63d218ed3d89d0,Decoupled,2,547774,,,,,,0,0
0.7,800000,1011,7,3bd223e40fd1eb6d43167f1a315289254a7b35912795dc93b7cb8ceed40f3204,497b8822afdb329df7e593163c058667365610ead0920b891c63d218ed3d89d0,Decoupled,3,-502060,,,,,,0,0
0.7,800000,1011,7,3bd223e40fd1eb6d43167f1a315289254a7b35912795dc93b7cb8ceed40f3204,497b8822afdb329df7e593163c058667365610ead0920b891c63d218ed3d89d0,Decoupled,4,45714,,,,,,0,0
0.7,800000,1011,11,3bd223e40fd1eb6d43167f1a315289254a7b35912795dc93b7cb8ceed40f3204,497b8822afdb329df7e593163c058667365610ead0920b891c63d218ed3d89d0,No-Dq-R,1,0,0.0,0.0,0.0,0,0,0,0
0.7,800000,1011,11,3bd223e40fd1eb6d43167f1a315289254a7b35912795dc93b7cb8ceed40f3204,497b8822afdb329df7e593163c058667365610ead0920b891c63d218ed3d89d0,No-Dq-R,2,-252226,0.03320972530819599,0.03311127092158217,0.7295145415448698,1,0,0,0
0.7,800000,1011,11,3bd223e40fd1eb6d43167f1a315289254a7b35912795dc93b7cb8ceed40f3204,497b8822afdb329df7e593163c058667365610ead0920b891c63d218ed3d89d0,No-Dq-R,3,-2102060,0.06772422023425162,0.07847656789442287,0,0,0,0,0
0.7,800000,1011,11,3bd223e40fd1eb6d43167f1a315289254a7b35912795dc93b7cb8ceed40f3204,497b8822afdb329df7e593163c058667365610ead0920b891c63d218ed3d89d0,No-Dq-R,4,-2354286,0.05700011677409672,0.06838760897090629,0,0,0,0,0
0.7,800000,1011,11,3bd223e40fd1eb6d43167f1a315289254a7b35912795dc93b7cb8ceed40f3204,497b8822afdb329df7e593163c058667365610ead0920b891c63d218ed3d89d0,Fixed-Dc,1,70321,-0.0031332961349994637,-0.003508297984790021,0.0,0,0,0,0
0.7,800000,1011,11,3bd223e40fd1eb6d43167f1a315289254a7b35912795dc93b7cb8ceed40f3204,497b8822afdb329df7e593163c058667365610ead0920b891c63d218ed3d89d0,Fixed-Dc,2,240952,-0.00825285050914304,-0.006896418471518673,0,0,0,0,0
0.7,800000,1011,11,3bd223e40fd1eb6d43167f1a315289254a7b35912795dc93b7cb8ceed40f3204,497b8822afdb329df7e593163c058667365610ead0920b891c63d218ed3d89d0,Fixed-Dc,3,-261108,0.0025654854913483294,0.004095199981908215,0,0,0,0,0
0.7,800000,1011,11,3bd223e40fd1eb6d43167f1a315289254a7b35912795dc93b7cb8ceed40f3204,497b8822afdb329df7e593163c058667365610ead0920b891c63d218ed3d89d0,Fixed-Dc,4,161749,-0.0005527032527719022,-0.001501693712168628,0,0,0,0,0
0.7,800000,1011,11,3bd223e40fd1eb6d43167f1a315289254a7b35912795dc93b7cb8ceed40f3204,497b8822afdb329df7e593163c058667365610ead0920b891c63d218ed3d89d0,Decoupled,1,0,,,,,,0,0
0.7,800000,1011,11,3bd223e40fd1eb6d43167f1a315289254a7b35912795dc93b7cb8ceed40f3204,497b8822afdb329df7e593163c058667365610ead0920b891c63d218ed3d89d0,Decoupled,2,547774,,,,,,0,0
0.7,800000,1011,11,3bd223e40fd1eb6d43167f1a315289254a7b35912795dc93b7cb8ceed40f3204,497b8822afdb329df7e593163c058667365610ead0920b891c63d218ed3d89d0,Decoupled,3,-502060,,,,,,0,0
0.7,800000,1011,11,3bd223e40fd1eb6d43167f1a315289254a7b35912795dc93b7cb8ceed40f3204,497b8822afdb329df7e593163c058667365610ead0920b891c63d218ed3d89d0,Decoupled,4,45714,,,,,,0,0
0.7,800000,1012,7,25d62d002498a4bbcb31a01113ed5271fd424bda76e572b76aadc121fe22df2d,497b8822afdb329df7e593163c058667365610ead0920b891c63d218ed3d89d0,No-Dq-R,1,0,0.0,0.0,0.0,0,0,0,0
0.7,800000,1012,7,25d62d002498a4bbcb31a01113ed5271fd424bda76e572b76aadc121fe22df2d,497b8822afdb329df7e593163c058667365610ead0920b891c63d218ed3d89d0,No-Dq-R,2,-311879,0.035643897877910224,0.03523171957481941,0.7295145415448698,1,0,0,0
0.7,800000,1012,7,25d62d002498a4bbcb31a01113ed5271fd424bda76e572b76aadc121fe22df2d,497b8822afdb329df7e593163c058667365610ead0920b891c63d218ed3d89d0,No-Dq-R,3,-2042407,0.07441218722155302,0.07755583914368192,0,0,0,0,0
0.7,800000,1012,7,25d62d002498a4bbcb31a01113ed5271fd424bda76e572b76aadc121fe22df2d,497b8822afdb329df7e593163c058667365610ead0920b891c63d218ed3d89d0,No-Dq-R,4,-2307550,0.056991128734344476,0.06810341631717404,0,0,0,0,0
0.7,800000,1012,7,25d62d002498a4bbcb31a01113ed5271fd424bda76e572b76aadc121fe22df2d,497b8822afdb329df7e593163c058667365610ead0920b891c63d218ed3d89d0,Fixed-Dc,1,129974,-0.007094527853878763,-0.006517927064152551,0.0,0,0,0,0
0.7,800000,1012,7,25d62d002498a4bbcb31a01113ed5271fd424bda76e572b76aadc121fe22df2d,497b8822afdb329df7e593163c058667365610ead0920b891c63d218ed3d89d0,Fixed-Dc,2,240952,-0.00825285050914304,-0.006896418471518673,0,0,0,0,0
0.7,800000,1012,7,25d62d002498a4bbcb31a01113ed5271fd424bda76e572b76aadc121fe22df2d,497b8822afdb329df7e593163c058667365610ead0920b891c63d218ed3d89d0,Fixed-Dc,3,-201455,0.0020688134665682867,0.003174471231167264,0,0,0,0,0
0.7,800000,1012,7,25d62d002498a4bbcb31a01113ed5271fd424bda76e572b76aadc121fe22df2d,497b8822afdb329df7e593163c058667365610ead0920b891c63d218ed3d89d0,Fixed-Dc,4,221402,-0.0007666893085409576,-0.002064891313045325,0,0,0,0,0
0.7,800000,1012,7,25d62d002498a4bbcb31a01113ed5271fd424bda76e572b76aadc121fe22df2d,497b8822afdb329df7e593163c058667365610ead0920b891c63d218ed3d89d0,Decoupled,1,0,,,,,,0,0
0.7,800000,1012,7,25d62d002498a4bbcb31a01113ed5271fd424bda76e572b76aadc121fe22df2d,497b8822afdb329df7e593163c058667365610ead0920b891c63d218ed3d89d0,Decoupled,2,488121,,,,,,0,0
0.7,800000,1012,7,25d62d002498a4bbcb31a01113ed5271fd424bda76e572b76aadc121fe22df2d,497b8822afdb329df7e593163c058667365610ead0920b891c63d218ed3d89d0,Decoupled,3,-442407,,,,,,0,0
0.7,800000,1012,7,25d62d002498a4bbcb31a01113ed5271fd424bda76e572b76aadc121fe22df2d,497b8822afdb329df7e593163c058667365610ead0920b891c63d218ed3d89d0,Decoupled,4,92450,,,,,,0,0
0.7,800000,1012,11,25d62d002498a4bbcb31a01113ed5271fd424bda76e572b76aadc121fe22df2d,497b8822afdb329df7e593163c058667365610ead0920b891c63d218ed3d89d0,No-Dq-R,1,0,0.0,0.0,0.0,0,0,0,0
0.7,800000,1012,11,25d62d002498a4bbcb31a01113ed5271fd424bda76e572b76aadc121fe22df2d,497b8822afdb329df7e593163c058667365610ead0920b891c63d218ed3d89d0,No-Dq-R,2,-311879,0.035643897877910224,0.03523171957481941,0.7295145415448698,1,0,0,0
0.7,800000,1012,11,25d62d002498a4bbcb31a01113ed5271fd424bda76e572b76aadc121fe22df2d,497b8822afdb329df7e593163c058667365610ead0920b891c63d218ed3d89d0,No-Dq-R,3,-2042407,0.06715397221459207,0.07755583914368192,0,0,0,0,0
0.7,800000,1012,11,25d62d002498a4bbcb31a01113ed5271fd424bda76e572b76aadc121fe22df2d,497b8822afdb329df7e593163c058667365610ead0920b891c63d218ed3d89d0,No-Dq-R,4,-2307550,0.056991128734344476,0.06810341631717404,0,0,0,0,0
0.7,800000,1012,11,25d62d002498a4bbcb31a01113ed5271fd424bda76e572b76aadc121fe22df2d,497b8822afdb329df7e593163c058667365610ead0920b891c63d218ed3d89d0,Fixed-Dc,1,129974,-0.005826020903157092,-0.006517927064152551,0.0,0,0,0,0
0.7,800000,1012,11,25d62d002498a4bbcb31a01113ed5271fd424bda76e572b76aadc121fe22df2d,497b8822afdb329df7e593163c058667365610ead0920b891c63d218ed3d89d0,Fixed-Dc,2,240952,-0.00825285050914304,-0.006896418471518673,0,0,0,0,0
0.7,800000,1012,11,25d62d002498a4bbcb31a01113ed5271fd424bda76e572b76aadc121fe22df2d,497b8822afdb329df7e593163c058667365610ead0920b891c63d218ed3d89d0,Fixed-Dc,3,-201455,0.001995237471688782,0.003174471231167264,0,0,0,0,0
0.7,800000,1012,11,25d62d002498a4bbcb31a01113ed5271fd424bda76e572b76aadc121fe22df2d,497b8822afdb329df7e593163c058667365610ead0920b891c63d218ed3d89d0,Fixed-Dc,4,221402,-0.0007666893085409576,-0.002064891313045325,0,0,0,0,0
0.7,800000,1012,11,25d62d002498a4bbcb31a01113ed5271fd424bda76e572b76aadc121fe22df2d,497b8822afdb329df7e593163c058667365610ead0920b891c63d218ed3d89d0,Decoupled,1,0,,,,,,0,0
0.7,800000,1012,11,25d62d002498a4bbcb31a01113ed5271fd424bda76e572b76aadc121fe22df2d,497b8822afdb329df7e593163c058667365610ead0920b891c63d218ed3d89d0,Decoupled,2,488121,,,,,,0,0
0.7,800000,1012,11,25d62d002498a4bbcb31a01113ed5271fd424bda76e572b76aadc121fe22df2d,497b8822afdb329df7e593163c058667365610ead0920b891c63d218ed3d89d0,Decoupled,3,-442407,,,,,,0,0
0.7,800000,1012,11,25d62d002498a4bbcb31a01113ed5271fd424bda76e572b76aadc121fe22df2d,497b8822afdb329df7e593163c058667365610ead0920b891c63d218ed3d89d0,Decoupled,4,92450,,,,,,0,0
0.7,800000,1013,7,7b85d7d841ccaf0e576a4bb4b6aa2d82d5f7449b793dbf3a828852857a3b644e,497b8822afdb329df7e593163c058667365610ead0920b891c63d218ed3d89d0,No-Dq-R,1,0,0.0,0.0,0.0,0,0,0,0
0.7,800000,1013,7,7b85d7d841ccaf0e576a4bb4b6aa2d82d5f7449b793dbf3a828852857a3b644e,497b8822afdb329df7e593163c058667365610ead0920b891c63d218ed3d89d0,No-Dq-R,2,0,0.023085473225204156,0.024331362227501485,0,0,0,0,0
0.7,800000,1013,7,7b85d7d841ccaf0e576a4bb4b6aa2d82d5f7449b793dbf3a828852857a3b644e,497b8822afdb329df7e593163c058667365610ead0920b891c63d218ed3d89d0,No-Dq-R,3,-2266286,0.07403053395110387,0.07958707514198049,0,0,0,0,0
0.7,800000,1013,7,7b85d7d841ccaf0e576a4bb4b6aa2d82d5f7449b793dbf3a828852857a3b644e,497b8822afdb329df7e593163c058667365610ead0920b891c63d218ed3d89d0,No-Dq-R,4,-2354286,0.05384930322469139,0.06526680207513558,0,0,0,0,0
0.7,800000,1013,7,7b85d7d841ccaf0e576a4bb4b6aa2d82d5f7449b793dbf3a828852857a3b644e,497b8822afdb329df7e593163c058667365610ead0920b891c63d218ed3d89d0,Fixed-Dc,1,-191716,0.01022166443161443,0.009351494750579503,0.0,0,0,0,0
0.7,800000,1013,7,7b85d7d841ccaf0e576a4bb4b6aa2d82d5f7449b793dbf3a828852857a3b644e,497b8822afdb329df7e593163c058667365610ead0920b891c63d218ed3d89d0,Fixed-Dc,2,231141,-0.007911895216904608,-0.006610179222708179,0,0,0,0,0
0.7,800000,1013,7,7b85d7d841ccaf0e576a4bb4b6aa2d82d5f7449b793dbf3a828852857a3b644e,497b8822afdb329df7e593163c058667365610ead0920b891c63d218ed3d89d0,Fixed-Dc,3,-523145,0.005147689382006326,0.00803857545956721,0,0,0,0,0
0.7,800000,1013,7,7b85d7d841ccaf0e576a4bb4b6aa2d82d5f7449b793dbf3a828852857a3b644e,497b8822afdb329df7e593163c058667365610ead0920b891c63d218ed3d89d0,Fixed-Dc,4,-100288,0.00032289311512917473,0.0009127783093690334,0,0,0,0,0
0.7,800000,1013,7,7b85d7d841ccaf0e576a4bb4b6aa2d82d5f7449b793dbf3a828852857a3b644e,497b8822afdb329df7e593163c058667365610ead0920b891c63d218ed3d89d0,Decoupled,1,0,,,,,,0,0
0.7,800000,1013,7,7b85d7d841ccaf0e576a4bb4b6aa2d82d5f7449b793dbf3a828852857a3b644e,497b8822afdb329df7e593163c058667365610ead0920b891c63d218ed3d89d0,Decoupled,2,800000,,,,,,0,0
0.7,800000,1013,7,7b85d7d841ccaf0e576a4bb4b6aa2d82d5f7449b793dbf3a828852857a3b644e,497b8822afdb329df7e593163c058667365610ead0920b891c63d218ed3d89d0,Decoupled,3,-666286,,,,,,0,0
0.7,800000,1013,7,7b85d7d841ccaf0e576a4bb4b6aa2d82d5f7449b793dbf3a828852857a3b644e,497b8822afdb329df7e593163c058667365610ead0920b891c63d218ed3d89d0,Decoupled,4,45714,,,,,,0,0
0.7,800000,1013,11,7b85d7d841ccaf0e576a4bb4b6aa2d82d5f7449b793dbf3a828852857a3b644e,497b8822afdb329df7e593163c058667365610ead0920b891c63d218ed3d89d0,No-Dq-R,1,0,0.0,0.0,0.0,0,0,0,0
0.7,800000,1013,11,7b85d7d841ccaf0e576a4bb4b6aa2d82d5f7449b793dbf3a828852857a3b644e,497b8822afdb329df7e593163c058667365610ead0920b891c63d218ed3d89d0,No-Dq-R,2,0,0.023085473225204156,0.024331362227501485,0,0,0,0,0
0.7,800000,1013,11,7b85d7d841ccaf0e576a4bb4b6aa2d82d5f7449b793dbf3a828852857a3b644e,497b8822afdb329df7e593163c058667365610ead0920b891c63d218ed3d89d0,No-Dq-R,3,-2266286,0.06783485291024904,0.07958707514198049,0,0,0,0,0
0.7,800000,1013,11,7b85d7d841ccaf0e576a4bb4b6aa2d82d5f7449b793dbf3a828852857a3b644e,497b8822afdb329df7e593163c058667365610ead0920b891c63d218ed3d89d0,No-Dq-R,4,-2354286,0.05384930322469139,0.06526680207513558,0,0,0,0,0
0.7,800000,1013,11,7b85d7d841ccaf0e576a4bb4b6aa2d82d5f7449b793dbf3a828852857a3b644e,497b8822afdb329df7e593163c058667365610ead0920b891c63d218ed3d89d0,Fixed-Dc,1,-191716,0.008321428518120788,0.009351494750579503,0.0,0,0,0,0
0.7,800000,1013,11,7b85d7d841ccaf0e576a4bb4b6aa2d82d5f7449b793dbf3a828852857a3b644e,497b8822afdb329df7e593163c058667365610ead0920b891c63d218ed3d89d0,Fixed-Dc,2,231141,-0.007911895216904608,-0.006610179222708179,0,0,0,0,0
0.7,800000,1013,11,7b85d7d841ccaf0e576a4bb4b6aa2d82d5f7449b793dbf3a828852857a3b644e,497b8822afdb329df7e593163c058667365610ead0920b891c63d218ed3d89d0,Fixed-Dc,3,-523145,0.0049626014703195165,0.00803857545956721,0,0,0,0,0
0.7,800000,1013,11,7b85d7d841ccaf0e576a4bb4b6aa2d82d5f7449b793dbf3a828852857a3b644e,497b8822afdb329df7e593163c058667365610ead0920b891c63d218ed3d89d0,Fixed-Dc,4,-100288,0.00032289311512917473,0.0009127783093690334,0,0,0,0,0
0.7,800000,1013,11,7b85d7d841ccaf0e576a4bb4b6aa2d82d5f7449b793dbf3a828852857a3b644e,497b8822afdb329df7e593163c058667365610ead0920b891c63d218ed3d89d0,Decoupled,1,0,,,,,,0,0
0.7,800000,1013,11,7b85d7d841ccaf0e576a4bb4b6aa2d82d5f7449b793dbf3a828852857a3b644e,497b8822afdb329df7e593163c058667365610ead0920b891c63d218ed3d89d0,Decoupled,2,800000,,,,,,0,0
0.7,800000,1013,11,7b85d7d841ccaf0e576a4bb4b6aa2d82d5f7449b793dbf3a828852857a3b644e,497b8822afdb329df7e593163c058667365610ead0920b891c63d218ed3d89d0,Decoupled,3,-666286,,,,,,0,0
0.7,800000,1013,11,7b85d7d841ccaf0e576a4bb4b6aa2d82d5f7449b793dbf3a828852857a3b644e,497b8822afdb329df7e593163c058667365610ead0920b891c63d218ed3d89d0,Decoupled,4,45714,,,,,,0,0
0.7,800000,1014,7,b114c613ac2ef439a9c99ec3e84e1ece538fd22b4cedf496d47cb9118f92ac2c,497b8822afdb329df7e593163c058667365610ead0920b891c63d218ed3d89d0,No-Dq-R,1,0,0.0,0.0,0.0,0,0,0,0
0.7,800000,1014,7,b114c613ac2ef439a9c99ec3e84e1ece538fd22b4cedf496d47cb9118f92ac2c,497b8822afdb329df7e593163c058667365610ead0920b891c63d218ed3d89d0,No-Dq-R,2,-859453,0.05837917126443154,0.05513762641067438,1.0,1,0,0,0
0.7,800000,1014,7,b114c613ac2ef439a9c99ec3e84e1ece538fd22b4cedf496d47cb9118f92ac2c,497b8822afdb329df7e593163c058667365610ead0920b891c63d218ed3d89d0,No-Dq-R,3,-2301739,0.07398347310900666,0.07990884453323982,0,0,0,0,0
0.7,800000,1014,7,b114c613ac2ef439a9c99ec3e84e1ece538fd22b4cedf496d47cb9118f92ac2c,497b8822afdb329df7e593163c058667365610ead0920b891c63d218ed3d89d0,No-Dq-R,4,-2354286,0.05326868804649615,0.06469115106675594,0,0,0,0,0
0.7,800000,1014,7,b114c613ac2ef439a9c99ec3e84e1ece538fd22b4cedf496d47cb9118f92ac2c,497b8822afdb329df7e593163c058667365610ead0920b891c63d218ed3d89d0,Fixed-Dc,1,-241358,0.012822271736619983,0.011723046992555441,0.0,0,0,0,0
0.7,800000,1014,7,b114c613ac2ef439a9c99ec3e84e1ece538fd22b4cedf496d47cb9118f92ac2c,497b8822afdb329df7e593163c058667365610ead0920b891c63d218ed3d89d0,Fixed-Dc,2,181499,-0.006193190303504015,-0.005169005943034211,0,0,0,0,0
0.7,800000,1014,7,b114c613ac2ef439a9c99ec3e84e1ece538fd22b4cedf496d47cb9118f92ac2c,497b8822afdb329df7e593163c058667365610ead0920b891c63d218ed3d89d0,Fixed-Dc,3,-572787,0.005599046970222399,0.008767479465215888,0,0,0,0,0
0.7,800000,1014,7,b114c613ac2ef439a9c99ec3e84e1ece538fd22b4cedf496d47cb9118f92ac2c,497b8822afdb329df7e593163c058667365610ead0920b891c63d218ed3d89d0,Fixed-Dc,4,-149930,0.00047722470960470664,0.0013595070313372482,0,0,0,0,0
0.7,800000,1014,7,b114c613ac2ef439a9c99ec3e84e1ece538fd22b4cedf496d47cb9118f92ac2c,497b8822afdb329df7e593163c058667365610ead0920b891c63d218ed3d89d0,Decoupled,1,0,,,,,,0,0
0.7,800000,1014,7,b114c613ac2ef439a9c99ec3e84e1ece538fd22b4cedf496d47cb9118f92ac2c,497b8822afdb329df7e593163c058667365610ead0920b891c63d218ed3d89d0,Decoupled,2,-59453,,,,,,0,0
0.7,800000,1014,7,b114c613ac2ef439a9c99ec3e84e1ece538fd22b4cedf496d47cb9118f92ac2c,497b8822afdb329df7e593163c058667365610ead0920b891c63d218ed3d89d0,Decoupled,3,-701739,,,,,,0,0
0.7,800000,1014,7,b114c613ac2ef439a9c99ec3e84e1ece538fd22b4cedf496d47cb9118f92ac2c,497b8822afdb329df7e593163c058667365610ead0920b891c63d218ed3d89d0,Decoupled,4,45714,,,,,,0,0
0.7,800000,1014,11,b114c613ac2ef439a9c99ec3e84e1ece538fd22b4cedf496d47cb9118f92ac2c,497b8822afdb329df7e593163c058667365610ead0920b891c63d218ed3d89d0,No-Dq-R,1,0,0.0,0.0,0.0,0,0,0,0
0.7,800000,1014,11,b114c613ac2ef439a9c99ec3e84e1ece538fd22b4cedf496d47cb9118f92ac2c,497b8822afdb329df7e593163c058667365610ead0920b891c63d218ed3d89d0,No-Dq-R,2,-859453,0.05837917126443154,0.05513762641067438,1.0,1,0,0,0
0.7,800000,1014,11,b114c613ac2ef439a9c99ec3e84e1ece538fd22b4cedf496d47cb9118f92ac2c,497b8822afdb329df7e593163c058667365610ead0920b891c63d218ed3d89d0,No-Dq-R,3,-2301739,0.0679419605514956,0.07990884453323982,0,0,0,0,0
0.7,800000,1014,11,b114c613ac2ef439a9c99ec3e84e1ece538fd22b4cedf496d47cb9118f92ac2c,497b8822afdb329df7e593163c058667365610ead0920b891c63d218ed3d89d0,No-Dq-R,4,-2354286,0.05326868804649615,0.06469115106675594,0,0,0,0,0
0.7,800000,1014,11,b114c613ac2ef439a9c99ec3e84e1ece538fd22b4cedf496d47cb9118f92ac2c,497b8822afdb329df7e593163c058667365610ead0920b891c63d218ed3d89d0,Fixed-Dc,1,-241358,0.010424453798247968,0.011723046992555441,0.0,0,0,0,0
0.7,800000,1014,11,b114c613ac2ef439a9c99ec3e84e1ece538fd22b4cedf496d47cb9118f92ac2c,497b8822afdb329df7e593163c058667365610ead0920b891c63d218ed3d89d0,Fixed-Dc,2,181499,-0.006193190303504015,-0.005169005943034211,0,0,0,0,0
0.7,800000,1014,11,b114c613ac2ef439a9c99ec3e84e1ece538fd22b4cedf496d47cb9118f92ac2c,497b8822afdb329df7e593163c058667365610ead0920b891c63d218ed3d89d0,Fixed-Dc,3,-572787,0.00539738102062165,0.008767479465215888,0,0,0,0,0
0.7,800000,1014,11,b114c613ac2ef439a9c99ec3e84e1ece538fd22b4cedf496d47cb9118f92ac2c,497b8822afdb329df7e593163c058667365610ead0920b891c63d218ed3d89d0,Fixed-Dc,4,-149930,0.00047722470960470664,0.0013595070313372482,0,0,0,0,0
0.7,800000,1014,11,b114c613ac2ef439a9c99ec3e84e1ece538fd22b4cedf496d47cb9118f92ac2c,497b8822afdb329df7e593163c058667365610ead0920b891c63d218ed3d89d0,Decoupled,1,0,,,,,,0,0
0.7,800000,1014,11,b114c613ac2ef439a9c99ec3e84e1ece538fd22b4cedf496d47cb9118f92ac2c,497b8822afdb329df7e593163c058667365610ead0920b891c63d218ed3d89d0,Decoupled,2,-59453,,,,,,0,0
0.7,800000,1014,11,b114c613ac2ef439a9c99ec3e84e1ece538fd22b4cedf496d47cb9118f92ac2c,497b8822afdb329df7e593163c058667365610ead0920b891c63d218ed3d89d0,Decoupled,3,-701739,,,,,,0,0
0.7,800000,1014,11,b114c613ac2ef439a9c99ec3e84e1ece538fd22b4cedf496d47cb9118f92ac2c,497b8822afdb329df7e593163c058667365610ead0920b891c63d218ed3d89d0,Decoupled,4,45714,,,,,,0,0
0.7,800000,1015,7,bb674d22f72fd640fd43c37060005dbbd7d8dd2c3c52ec7569e64c608421aef8,497b8822afdb329df7e593163c058667365610ead0920b891c63d218ed3d89d0,No-Dq-R,1,0,0.0,0.0,0.0,0,0,0,0
0.7,800000,1015,7,bb674d22f72fd640fd43c37060005dbbd7d8dd2c3c52ec7569e64c608421aef8,497b8822afdb329df7e593163c058667365610ead0920b891c63d218ed3d89d0,No-Dq-R,2,-1089143,0.06533954191836217,0.06073937757322562,1.0,1,0,0,0
0.7,800000,1015,7,bb674d22f72fd640fd43c37060005dbbd7d8dd2c3c52ec7569e64c608421aef8,497b8822afdb329df7e593163c058667365610ead0920b891c63d218ed3d89d0,No-Dq-R,3,-1226971,0.056750196204168823,0.05988749087933176,0,0,0,0,0
0.7,800000,1015,7,bb674d22f72fd640fd43c37060005dbbd7d8dd2c3c52ec7569e64c608421aef8,497b8822afdb329df7e593163c058667365610ead0920b891c63d218ed3d89d0,No-Dq-R,4,-2354286,0.04971667504435945,0.0611652799180854,0.0,0,0,1,0
0.7,800000,1015,7,bb674d22f72fd640fd43c37060005dbbd7d8dd2c3c52ec7569e64c608421aef8,497b8822afdb329df7e593163c058667365610ead0920b891c63d218ed3d89d0,Fixed-Dc,1,-554934,0.028825718290690805,0.026245232769293803,0.0,0,0,0,0
0.7,800000,1015,7,bb674d22f72fd640fd43c37060005dbbd7d8dd2c3c52ec7569e64c608421aef8,497b8822afdb329df7e593163c058667365610ead0920b891c63d218ed3d89d0,Fixed-Dc,2,-132077,0.004419206023559885,0.003664761057272703,0,0,0,0,0
0.7,800000,1015,7,bb674d22f72fd640fd43c37060005dbbd7d8dd2c3c52ec7569e64c608421aef8,497b8822afdb329df7e593163c058667365610ead0920b891c63d218ed3d89d0,Fixed-Dc,3,240952,-0.0026235085104842626,-0.0039326975043915136,0,0,0,0,0
0.7,800000,1015,7,bb674d22f72fd640fd43c37060005dbbd7d8dd2c3c52ec7569e64c608421aef8,497b8822afdb329df7e593163c058667365610ead0920b891c63d218ed3d89d0,Fixed-Dc,4,-463506,0.0013703392707070106,0.00410552264622055,0.0,0,0,1,0
0.7,800000,1015,7,bb674d22f72fd640fd43c37060005dbbd7d8dd2c3c52ec7569e64c608421aef8,497b8822afdb329df7e593163c058667365610ead0920b891c63d218ed3d89d0,Decoupled,1,0,,,,,,0,0
0.7,800000,1015,7,bb674d22f72fd640fd43c37060005dbbd7d8dd2c3c52ec7569e64c608421aef8,497b8822afdb329df7e593163c058667365610ead0920b891c63d218ed3d89d0,Decoupled,2,-289143,,,,,,0,0
0.7,800000,1015,7,bb674d22f72fd640fd43c37060005dbbd7d8dd2c3c52ec7569e64c608421aef8,497b8822afdb329df7e593163c058667365610ead0920b891c63d218ed3d89d0,Decoupled,3,373029,,,,,,0,0
0.7,800000,1015,7,bb674d22f72fd640fd43c37060005dbbd7d8dd2c3c52ec7569e64c608421aef8,497b8822afdb329df7e593163c058667365610ead0920b891c63d218ed3d89d0,Decoupled,4,45714,,,,,,0,0
0.7,800000,1015,11,bb674d22f72fd640fd43c37060005dbbd7d8dd2c3c52ec7569e64c608421aef8,497b8822afdb329df7e593163c058667365610ead0920b891c63d218ed3d89d0,No-Dq-R,1,0,0.0,0.0,0.0,0,0,0,0
0.7,800000,1015,11,bb674d22f72fd640fd43c37060005dbbd7d8dd2c3c52ec7569e64c608421aef8,497b8822afdb329df7e593163c058667365610ead0920b891c63d218ed3d89d0,No-Dq-R,2,-1089143,0.06533954191836217,0.06073937757322562,1.0,1,0,0,0
0.7,800000,1015,11,bb674d22f72fd640fd43c37060005dbbd7d8dd2c3c52ec7569e64c608421aef8,497b8822afdb329df7e593163c058667365610ead0920b891c63d218ed3d89d0,No-Dq-R,3,-1226971,0.05416259772372567,0.05988749087933176,0,0,0,0,0
0.7,800000,1015,11,bb674d22f72fd640fd43c37060005dbbd7d8dd2c3c52ec7569e64c608421aef8,497b8822afdb329df7e593163c058667365610ead0920b891c63d218ed3d89d0,No-Dq-R,4,-2354286,0.04971667504435945,0.0611652799180854,0.0,0,0,1,0
0.7,800000,1015,11,bb674d22f72fd640fd43c37060005dbbd7d8dd2c3c52ec7569e64c608421aef8,497b8822afdb329df7e593163c058667365610ead0920b891c63d218ed3d89d0,Fixed-Dc,1,-554934,0.023233748909353924,0.026245232769293803,0.0,0,0,0,0
0.7,800000,1015,11,bb674d22f72fd640fd43c37060005dbbd7d8dd2c3c52ec7569e64c608421aef8,497b8822afdb329df7e593163c058667365610ead0920b891c63d218ed3d89d0,Fixed-Dc,2,-132077,0.004419206023559885,0.003664761057272703,0,0,0,0,0
0.7,800000,1015,11,bb674d22f72fd640fd43c37060005dbbd7d8dd2c3c52ec7569e64c608421aef8,497b8822afdb329df7e593163c058667365610ead0920b891c63d218ed3d89d0,Fixed-Dc,3,240952,-0.0025315239860609906,-0.0039326975043915136,0,0,0,0,0
0.7,800000,1015,11,bb674d22f72fd640fd43c37060005dbbd7d8dd2c3c52ec7569e64c608421aef8,497b8822afdb329df7e593163c058667365610ead0920b891c63d218ed3d89d0,Fixed-Dc,4,-463506,0.0013703392707070106,0.00410552264622055,0.0,0,0,1,0
0.7,800000,1015,11,bb674d22f72fd640fd43c37060005dbbd7d8dd2c3c52ec7569e64c608421aef8,497b8822afdb329df7e593163c058667365610ead0920b891c63d218ed3d89d0,Decoupled,1,0,,,,,,0,0
0.7,800000,1015,11,bb674d22f72fd640fd43c37060005dbbd7d8dd2c3c52ec7569e64c608421aef8,497b8822afdb329df7e593163c058667365610ead0920b891c63d218ed3d89d0,Decoupled,2,-289143,,,,,,0,0
0.7,800000,1015,11,bb674d22f72fd640fd43c37060005dbbd7d8dd2c3c52ec7569e64c608421aef8,497b8822afdb329df7e593163c058667365610ead0920b891c63d218ed3d89d0,Decoupled,3,373029,,,,,,0,0
0.7,800000,1015,11,bb674d22f72fd640fd43c37060005dbbd7d8dd2c3c52ec7569e64c608421aef8,497b8822afdb329df7e593163c058667365610ead0920b891c63d218ed3d89d0,Decoupled,4,45714,,,,,,0,0
0.7,800000,1016,7,17ef5300be1436c000467e314c89c56d7d506bb0eaf064586ddc96bddd54dae2,497b8822afdb329df7e593163c058667365610ead0920b891c63d218ed3d89d0,No-Dq-R,1,0,0.0,0.0,0.0,0,0,0,0
0.7,800000,1016,7,17ef5300be1436c000467e314c89c56d7d506bb0eaf064586ddc96bddd54dae2,497b8822afdb329df7e593163c058667365610ead0920b891c63d218ed3d89d0,No-Dq-R,2,-256603,0.03338766803511872,0.03326613315952753,0.7295145415448698,1,0,0,0
0.7,800000,1016,7,17ef5300be1436c000467e314c89c56d7d506bb0eaf064586ddc96bddd54dae2,497b8822afdb329df7e593163c058667365610ead0920b891c63d218ed3d89d0,No-Dq-R,3,-2097683,0.07496058325861482,0.07840930477189584,0,0,0,0,0
0.7,800000,1016,7,17ef5300be1436c000467e314c89c56d7d506bb0eaf064586ddc96bddd54dae2,497b8822afdb329df7e593163c058667365610ead0920b891c63d218ed3d89d0,No-Dq-R,4,-2354286,0.05705399857885213,0.06844093480091024,0,0,0,0,0
0.7,800000,1016,7,17ef5300be1436c000467e314c89c56d7d506bb0eaf064586ddc96bddd54dae2,497b8822afdb329df7e593163c058667365610ead0920b891c63d218ed3d89d0,Fixed-Dc,1,74698,-0.004060793884941405,-0.003728075662958852,0.0,0,0,0,0
0.7,800000,1016,7,17ef5300be1436c000467e314c89c56d7d506bb0eaf064586ddc96bddd54dae2,497b8822afdb329df7e593163c058667365610ead0920b891c63d218ed3d89d0,Fixed-Dc,2,240952,-0.00825285050914304,-0.006896418471518673,0,0,0,0,0
0.7,800000,1016,7,17ef5300be1436c000467e314c89c56d7d506bb0eaf064586ddc96bddd54dae2,497b8822afdb329df7e593163c058667365610ead0920b891c63d218ed3d89d0,Fixed-Dc,3,-256731,0.0026172095036300913,0.004027936859381187,0,0,0,0,0
0.7,800000,1016,7,17ef5300be1436c000467e314c89c56d7d506bb0eaf064586ddc96bddd54dae2,497b8822afdb329df7e593163c058667365610ead0920b891c63d218ed3d89d0,Fixed-Dc,4,166126,-0.0005682164985211235,-0.0015428446007669239,0,0,0,0,0
0.7,800000,1016,7,17ef5300be1436c000467e314c89c56d7d506bb0eaf064586ddc96bddd54dae2,497b8822afdb329df7e593163c058667365610ead0920b891c63d218ed3d89d0,Decoupled,1,0,,,,,,0,0
0.7,800000,1016,7,17ef5300be1436c000467e314c89c56d7d506bb0eaf064586ddc96bddd54dae2,497b8822afdb329df7e593163c058667365610ead0920b891c63d218ed3d89d0,Decoupled,2,543397,,,,,,0,0
0.7,800000,1016,7,17ef5300be1436c000467e314c89c56d7d506bb0eaf064586ddc96bddd54dae2,497b8822afdb329df7e593163c058667365610ead0920b891c63d218ed3d89d0,Decoupled,3,-497683,,,,,,0,0
0.7,800000,1016,7,17ef5300be1436c000467e314c89c56d7d506bb0eaf064586ddc96bddd54dae2,497b8822afdb329df7e593163c058667365610ead0920b891c63d218ed3d89d0,Decoupled,4,45714,,,,,,0,0
0.7,800000,1016,11,17ef5300be1436c000467e314c89c56d7d506bb0eaf064586ddc96bddd54dae2,497b8822afdb329df7e593163c058667365610ead0920b891c63d218ed3d89d0,No-Dq-R,1,0,0.0,0.0,0.0,0,0,0,0
0.7,800000,1016,11,17ef5300be1436c000467e314c89c56d7d506bb0eaf064586ddc96bddd54dae2,497b8822afdb329df7e593163c058667365610ead0920b891c63d218ed3d89d0,No-Dq-R,2,-256603,0.03338766803511872,0.03326613315952753,0.7295145415448698,1,0,0,0
0.7,800000,1016,11,17ef5300be1436c000467e314c89c56d7d506bb0eaf064586ddc96bddd54dae2,497b8822afdb329df7e593163c058667365610ead0920b891c63d218ed3d89d0,No-Dq-R,3,-2097683,0.06768269311075353,0.07840930477189584,0,0,0,0,0
0.7,800000,1016,11,17ef5300be1436c000467e314c89c56d7d506bb0eaf064586ddc96bddd54dae2,497b8822afdb329df7e593163c058667365610ead0920b891c63d218ed3d89d0,No-Dq-R,4,-2354286,0.05705399857885213,0.06844093480091024,0,0,0,0,0
0.7,800000,1016,11,17ef5300be1436c000467e314c89c56d7d506bb0eaf064586ddc96bddd54dae2,497b8822afdb329df7e593163c058667365610ead0920b891c63d218ed3d89d0,Fixed-Dc,1,74698,-0.003329783322171709,-0.003728075662958852,0.0,0,0,0,0
0.7,800000,1016,11,17ef5300be1436c000467e314c89c56d7d506bb0eaf064586ddc96bddd54dae2,497b8822afdb329df7e593163c058667365610ead0920b891c63d218ed3d89d0,Fixed-Dc,2,240952,-0.00825285050914304,-0.006896418471518673,0,0,0,0,0
0.7,800000,1016,11,17ef5300be1436c000467e314c89c56d7d506bb0eaf064586ddc96bddd54dae2,497b8822afdb329df7e593163c058667365610ead0920b891c63d218ed3d89d0,Fixed-Dc,3,-256731,0.002523958367850243,0.004027936859381187,0,0,0,0,0
0.7,800000,1016,11,17ef5300be1436c000467e314c89c56d7d506bb0eaf064586ddc96bddd54dae2,497b8822afdb329df7e593163c058667365610ead0920b891c63d218ed3d89d0,Fixed-Dc,4,166126,-0.0005682164985211235,-0.0015428446007669239,0,0,0,0,0
0.7,800000,1016,11,17ef5300be1436c000467e314c89c56d7d506bb0eaf064586ddc96bddd54dae2,497b8822afdb329df7e593163c058667365610ead0920b891c63d218ed3d89d0,Decoupled,1,0,,,,,,0,0
0.7,800000,1016,11,17ef5300be1436c000467e314c89c56d7d506bb0eaf064586ddc96bddd54dae2,497b8822afdb329df7e593163c058667365610ead0920b891c63d218ed3d89d0,Decoupled,2,543397,,,,,,0,0
0.7,800000,1016,11,17ef5300be1436c000467e314c89c56d7d506bb0eaf064586ddc96bddd54dae2,497b8822afdb329df7e593163c058667365610ead0920b891c63d218ed3d89d0,Decoupled,3,-497683,,,,,,0,0
0.7,800000,1016,11,17ef5300be1436c000467e314c89c56d7d506bb0eaf064586ddc96bddd54dae2,497b8822afdb329df7e593163c058667365610ead0920b891c63d218ed3d89d0,Decoupled,4,45714,,,,,,0,0
0.7,800000,1017,7,6eff21516de47c6e4220c79b25ee4dc5dd48b4a95612509f9fe58355152a3a74,497b8822afdb329df7e593163c058667365610ead0920b891c63d218ed3d89d0,No-Dq-R,1,0,0.0,0.0,0.0,0,0,0,0
0.7,800000,1017,7,6eff21516de47c6e4220c79b25ee4dc5dd48b4a95612509f9fe58355152a3a74,497b8822afdb329df7e593163c058667365610ead0920b891c63d218ed3d89d0,No-Dq-R,2,-12322,0.023614399552170928,0.024795536946806307,0,0,0,0,0
0.7,800000,1017,7,6eff21516de47c6e4220c79b25ee4dc5dd48b4a95612509f9fe58355152a3a74,497b8822afdb329df7e593163c058667365610ead0920b891c63d218ed3d89d0,No-Dq-R,3,-2266286,0.07460655791056259,0.07989725306438239,0,0,0,0,0
0.7,800000,1017,7,6eff21516de47c6e4220c79b25ee4dc5dd48b4a95612509f9fe58355152a3a74,497b8822afdb329df7e593163c058667365610ead0920b891c63d218ed3d89d0,No-Dq-R,4,-2354286,0.0541098211494071,0.06552503320716468,0,0,0,0,0
0.7,800000,1017,7,6eff21516de47c6e4220c79b25ee4dc5dd48b4a95612509f9fe58355152a3a74,497b8822afdb329df7e593163c058667365610ead0920b891c63d218ed3d89d0,Fixed-Dc,1,-169583,0.009056123801485794,0.008287588252258726,0.0,0,0,0,0
0.7,800000,1017,7,6eff21516de47c6e4220c79b25ee4dc5dd48b4a95612509f9fe58355152a3a74,497b8822afdb329df7e593163c058667365610ead0920b891c63d218ed3d89d0,Fixed-Dc,2,240952,-0.00825285050914304,-0.006896418471518673,0,0,0,0,0
0.7,800000,1017,7,6eff21516de47c6e4220c79b25ee4dc5dd48b4a95612509f9fe58355152a3a74,497b8822afdb329df7e593163c058667365610ead0920b891c63d218ed3d89d0,Fixed-Dc,3,-501012,0.004944439989308935,0.0077117542085767266,0,0,0,0,0
0.7,800000,1017,7,6eff21516de47c6e4220c79b25ee4dc5dd48b4a95612509f9fe58355152a3a74,497b8822afdb329df7e593163c058667365610ead0920b891c63d218ed3d89d0,Fixed-Dc,4,-78155,0.00025291608434430124,0.0007125214864225904,0,0,0,0,0
0.7,800000,1017,7,6eff21516de47c6e4220c79b25ee4dc5dd48b4a95612509f9fe58355152a3a74,497b8822afdb329df7e593163c058667365610ead0920b891c63d218ed3d89d0,Decoupled,1,0,,,,,,0,0
0.7,800000,1017,7,6eff21516de47c6e4220c79b25ee4dc5dd48b4a95612509f9fe58355152a3a74,497b8822afdb329df7e593163c058667365610ead0920b891c63d218ed3d89d0,Decoupled,2,787678,,,,,,0,0
0.7,800000,1017,7,6eff21516de47c6e4220c79b25ee4dc5dd48b4a95612509f9fe58355152a3a74,497b8822afdb329df7e593163c058667365610ead0920b891c63d218ed3d89d0,Decoupled,3,-666286,,,,,,0,0
0.7,800000,1017,7,6eff21516de47c6e4220c79b25ee4dc5dd48b4a95612509f9fe58355152a3a74,497b8822afdb329df7e593163c058667365610ead0920b891c63d218ed3d89d0,Decoupled,4,45714,,,,,,0,0
0.7,800000,1017,11,6eff21516de47c6e4220c79b25ee4dc5dd48b4a95612509f9fe58355152a3a74,497b8822afdb329df7e593163c058667365610ead0920b891c63d218ed3d89d0,No-Dq-R,1,0,0.0,0.0,0.0,0,0,0,0
0.7,800000,1017,11,6eff21516de47c6e4220c79b25ee4dc5dd48b4a95612509f9fe58355152a3a74,497b8822afdb329df7e593163c058667365610ead0920b891c63d218ed3d89d0,No-Dq-R,2,-12322,0.023614399552170928,0.024795536946806307,0,0,0,0,0
0.7,800000,1017,11,6eff21516de47c6e4220c79b25ee4dc5dd48b4a95612509f9fe58355152a3a74,497b8822afdb329df7e593163c058667365610ead0920b891c63d218ed3d89d0,No-Dq-R,3,-2266286,0.06815219699796315,0.07989725306438239,0,0,0,0,0
0.7,800000,1017,11,6eff21516de47c6e4220c79b25ee4dc5dd48b4a95612509f9fe58355152a3a74,497b8822afdb329df7e593163c058667365610ead0920b891c63d218ed3d89d0,No-Dq-R,4,-2354286,0.0541098211494071,0.06552503320716468,0,0,0,0,0
0.7,800000,1017,11,6eff21516de47c6e4220c79b25ee4dc5dd48b4a95612509f9fe58355152a3a74,497b8822afdb329df7e593163c058667365610ead0920b891c63d218ed3d89d0,Fixed-Dc,1,-169583,0.007377007980167716,0.008287588252258726,0.0,0,0,0,0
0.7,800000,1017,11,6eff21516de47c6e4220c79b25ee4dc5dd48b4a95612509f9fe58355152a3a74,497b8822afdb329df7e593163c058667365610ead0920b891c63d218ed3d89d0,Fixed-Dc,2,240952,-0.00825285050914304,-0.006896418471518673,0,0,0,0,0
0.7,800000,1017,11,6eff21516de47c6e4220c79b25ee4dc5dd48b4a95612509f9fe58355152a3a74,497b8822afdb329df7e593163c058667365610ead0920b891c63d218ed3d89d0,Fixed-Dc,3,-501012,0.004766796651803407,0.0077117542085767266,0,0,0,0,0
0.7,800000,1017,11,6eff21516de47c6e4220c79b25ee4dc5dd48b4a95612509f9fe58355152a3a74,497b8822afdb329df7e593163c058667365610ead0920b891c63d218ed3d89d0,Fixed-Dc,4,-78155,0.00025291608434430124,0.0007125214864225904,0,0,0,0,0
0.7,800000,1017,11,6eff21516de47c6e4220c79b25ee4dc5dd48b4a95612509f9fe58355152a3a74,497b8822afdb329df7e593163c058667365610ead0920b891c63d218ed3d89d0,Decoupled,1,0,,,,,,0,0
0.7,800000,1017,11,6eff21516de47c6e4220c79b25ee4dc5dd48b4a95612509f9fe58355152a3a74,497b8822afdb329df7e593163c058667365610ead0920b891c63d218ed3d89d0,Decoupled,2,787678,,,,,,0,0
0.7,800000,1017,11,6eff21516de47c6e4220c79b25ee4dc5dd48b4a95612509f9fe58355152a3a74,497b8822afdb329df7e593163c058667365610ead0920b891c63d218ed3d89d0,Decoupled,3,-666286,,,,,,0,0
0.7,800000,1017,11,6eff21516de47c6e4220c79b25ee4dc5dd48b4a95612509f9fe58355152a3a74,497b8822afdb329df7e593163c058667365610ead0920b891c63d218ed3d89d0,Decoupled,4,45714,,,,,,0,0
0.7,800000,1018,7,58f1e33959e27a9d7070bedf130206c2da3a0fa9f5b65f59c049fa7ab313df4f,497b8822afdb329df7e593163c058667365610ead0920b891c63d218ed3d89d0,No-Dq-R,1,0,0.0,0.0,0.0,0,0,0,0
0.7,800000,1018,7,58f1e33959e27a9d7070bedf130206c2da3a0fa9f5b65f59c049fa7ab313df4f,497b8822afdb329df7e593163c058667365610ead0920b891c63d218ed3d89d0,No-Dq-R,2,-195493,0.03091273497997682,0.031114311644560577,0.7295145415448698,1,0,0,0
0.7,800000,1018,7,58f1e33959e27a9d7070bedf130206c2da3a0fa9f5b65f59c049fa7ab313df4f,497b8822afdb329df7e593163c058667365610ead0920b891c63d218ed3d89d0,No-Dq-R,3,-2158793,0.07555739489670293,0.07934421203773839,0,0,0,0,0
0.7,800000,1018,7,58f1e33959e27a9d7070bedf130206c2da3a0fa9f5b65f59c049fa7ab313df4f,497b8822afdb329df7e593163c058667365610ead0920b891c63d218ed3d89d0,No-Dq-R,4,-2354286,0.056305487525757925,0.06770002240594925,0,0,0,0,0
0.7,800000,1018,7,58f1e33959e27a9d7070bedf130206c2da3a0fa9f5b65f59c049fa7ab313df4f,497b8822afdb329df7e593163c058667365610ead0920b891c63d218ed3d89d0,Fixed-Dc,1,13588,-0.0007353800805620647,-0.0006745896216897584,0.0,0,0,0,0
0.7,800000,1018,7,58f1e33959e27a9d7070bedf130206c2da3a0fa9f5b65f59c049fa7ab313df4f,497b8822afdb329df7e593163c058667365610ead0920b891c63d218ed3d89d0,Fixed-Dc,2,240952,-0.00825285050914304,-0.006896418471518673,0,0,0,0,0
0.7,800000,1018,7,58f1e33959e27a9d7070bedf130206c2da3a0fa9f5b65f59c049fa7ab313df4f,497b8822afdb329df7e593163c058667365610ead0920b891c63d218ed3d89d0,Fixed-Dc,3,-317841,0.003214021141718204,0.004962844125223742,0,0,0,0,0
0.7,800000,1018,7,58f1e33959e27a9d7070bedf130206c2da3a0fa9f5b65f59c049fa7ab313df4f,497b8822afdb329df7e593163c058667365610ead0920b891c63d218ed3d89d0,Fixed-Dc,4,105016,-0.00035429883748611113,-0.0009707791817725742,0,0,0,0,0
0.7,800000,1018,7,58f1e33959e27a9d7070bedf130206c2da3a0fa9f5b65f59c049fa7ab313df4f,497b8822afdb329df7e593163c058667365610ead0920b891c63d218ed3d89d0,Decoupled,1,0,,,,,,0,0
0.7,800000,1018,7,58f1e33959e27a9d7070bedf130206c2da3a0fa9f5b65f59c049fa7ab313df4f,497b8822afdb329df7e593163c058667365610ead0920b891c63d218ed3d89d0,Decoupled,2,604507,,,,,,0,0
0.7,800000,1018,7,58f1e33959e27a9d7070bedf130206c2da3a0fa9f5b65f59c049fa7ab313df4f,497b8822afdb329df7e593163c058667365610ead0920b891c63d218ed3d89d0,Decoupled,3,-558793,,,,,,0,0
0.7,800000,1018,7,58f1e33959e27a9d7070bedf130206c2da3a0fa9f5b65f59c049fa7ab313df4f,497b8822afdb329df7e593163c058667365610ead0920b891c63d218ed3d89d0,Decoupled,4,45714,,,,,,0,0
0.7,800000,1018,11,58f1e33959e27a9d7070bedf130206c2da3a0fa9f5b65f59c049fa7ab313df4f,497b8822afdb329df7e593163c058667365610ead0920b891c63d218ed3d89d0,No-Dq-R,1,0,0.0,0.0,0.0,0,0,0,0
0.7,800000,1018,11,58f1e33959e27a9d7070bedf130206c2da3a0fa9f5b65f59c049fa7ab313df4f,497b8822afdb329df7e593163c058667365610ead0920b891c63d218ed3d89d0,No-Dq-R,2,-195493,0.03091273497997682,0.031114311644560577,0.7295145415448698,1,0,0,0
0.7,800000,1018,11,58f1e33959e27a9d7070bedf130206c2da3a0fa9f5b65f59c049fa7ab313df4f,497b8822afdb329df7e593163c058667365610ead0920b891c63d218ed3d89d0,No-Dq-R,3,-2158793,0.06825800470039872,0.07934421203773839,0,0,0,0,0
0.7,800000,1018,11,58f1e33959e27a9d7070bedf130206c2da3a0fa9f5b65f59c049fa7ab313df4f,497b8822afdb329df7e593163c058667365610ead0920b891c63d218ed3d89d0,No-Dq-R,4,-2354286,0.056305487525757925,0.06770002240594925,0,0,0,0,0
0.7,800000,1018,11,58f1e33959e27a9d7070bedf130206c2da3a0fa9f5b65f59c049fa7ab313df4f,497b8822afdb329df7e593163c058667365610ead0920b891c63d218ed3d89d0,Fixed-Dc,1,13588,-0.0006020092836565016,-0.0006745896216897584,0.0,0,0,0,0
0.7,800000,1018,11,58f1e33959e27a9d7070bedf130206c2da3a0fa9f5b65f59c049fa7ab313df4f,497b8822afdb329df7e593163c058667365610ead0920b891c63d218ed3d89d0,Fixed-Dc,2,240952,-0.00825285050914304,-0.006896418471518673,0,0,0,0,0
0.7,800000,1018,11,58f1e33959e27a9d7070bedf130206c2da3a0fa9f5b65f59c049fa7ab313df4f,497b8822afdb329df7e593163c058667365610ead0920b891c63d218ed3d89d0,Fixed-Dc,3,-317841,0.003099269957495432,0.004962844125223742,0,0,0,0,0
0.7,800000,1018,11,58f1e33959e27a9d7070bedf130206c2da3a0fa9f5b65f59c049fa7ab313df4f,497b8822afdb329df7e593163c058667365610ead0920b891c63d218ed3d89d0,Fixed-Dc,4,105016,-0.00035429883748611113,-0.0009707791817725742,0,0,0,0,0
0.7,800000,1018,11,58f1e33959e27a9d7070bedf130206c2da3a0fa9f5b65f59c049fa7ab313df4f,497b8822afdb329df7e593163c058667365610ead0920b891c63d218ed3d89d0,Decoupled,1,0,,,,,,0,0
0.7,800000,1018,11,58f1e33959e27a9d7070bedf130206c2da3a0fa9f5b65f59c049fa7ab313df4f,497b8822afdb329df7e593163c058667365610ead0920b891c63d218ed3d89d0,Decoupled,2,604507,,,,,,0,0
0.7,800000,1018,11,58f1e33959e27a9d7070bedf130206c2da3a0fa9f5b65f59c049fa7ab313df4f,497b8822afdb329df7e593163c058667365610ead0920b891c63d218ed3d89d0,Decoupled,3,-558793,,,,,,0,0
0.7,800000,1018,11,58f1e33959e27a9d7070bedf130206c2da3a0fa9f5b65f59c049fa7ab313df4f,497b8822afdb329df7e593163c058667365610ead0920b891c63d218ed3d89d0,Decoupled,4,45714,,,,,,0,0
0.7,800000,1019,7,36fedd179830ad91d2c8b4ce9c86274b6028db5549c3e39ffc9bee8192983d42,497b8822afdb329df7e593163c058667365610ead0920b891c63d218ed3d89d0,No-Dq-R,1,0,0.0,0.0,0.0,0,0,0,0
0.7,800000,1019,7,36fedd179830ad91d2c8b4ce9c86274b6028db5549c3e39ffc9bee8192983d42,497b8822afdb329df7e593163c058667365610ead0920b891c63d218ed3d89d0,No-Dq-R,2,-1027282,0.0641108016973625,0.059922722616469026,1.0,1,0,0,0
0.7,800000,1019,7,36fedd179830ad91d2c8b4ce9c86274b6028db5549c3e39ffc9bee8192983d42,497b8822afdb329df7e593163c058667365610ead0920b891c63d218ed3d89d0,No-Dq-R,3,-1372718,0.06174460756986516,0.06393616167384403,0,0,0,0,0
0.7,800000,1019,7,36fedd179830ad91d2c8b4ce9c86274b6028db5549c3e39ffc9bee8192983d42,497b8822afdb329df7e593163c058667365610ead0920b891c63d218ed3d89d0,No-Dq-R,4,-2354286,0.05134311087457166,0.06278067873632387,0,0,0,0,0
0.7,800000,1019,7,36fedd179830ad91d2c8b4ce9c86274b6028db5549c3e39ffc9bee8192983d42,497b8822afdb329df7e593163c058667365610ead0920b891c63d218ed3d89d0,Fixed-Dc,1,-409187,0.021477310118473536,0.019592586995794026,0.0,0,0,0,0
0.7,800000,1019,7,36fedd179830ad91d2c8b4ce9c86274b6028db5549c3e39ffc9bee8192983d42,497b8822afdb329df7e593163c058667365610ead0920b891c63d218ed3d89d0,Fixed-Dc,2,13670,-0.00046155987057305836,-0.0003839097372395628,0,0,0,0,0
0.7,800000,1019,7,36fedd179830ad91d2c8b4ce9c86274b6028db5549c3e39ffc9bee8192983d42,497b8822afdb329df7e593163c058667365610ead0920b891c63d218ed3d89d0,Fixed-Dc,3,240952,-0.0026235085104842626,-0.0039326975043915136,0,0,0,0,0
0.7,800000,1019,7,36fedd179830ad91d2c8b4ce9c86274b6028db5549c3e39ffc9bee8192983d42,497b8822afdb329df7e593163c058667365610ead0920b891c63d218ed3d89d0,Fixed-Dc,4,-317759,0.0009725500893637551,0.0028452889753919908,0,0,0,0,0
0.7,800000,1019,7,36fedd179830ad91d2c8b4ce9c86274b6028db5549c3e39ffc9bee8192983d42,497b8822afdb329df7e593163c058667365610ead0920b891c63d218ed3d89d0,Decoupled,1,0,,,,,,0,0
0.7,800000,1019,7,36fedd179830ad91d2c8b4ce9c86274b6028db5549c3e39ffc9bee8192983d42,497b8822afdb329df7e593163c058667365610ead0920b891c63d218ed3d89d0,Decoupled,2,-227282,,,,,,0,0
0.7,800000,1019,7,36fedd179830ad91d2c8b4ce9c86274b6028db5549c3e39ffc9bee8192983d42,497b8822afdb329df7e593163c058667365610ead0920b891c63d218ed3d89d0,Decoupled,3,227282,,,,,,0,0
0.7,800000,1019,7,36fedd179830ad91d2c8b4ce9c86274b6028db5549c3e39ffc9bee8192983d42,497b8822afdb329df7e593163c058667365610ead0920b891c63d218ed3d89d0,Decoupled,4,45714,,,,,,0,0
0.7,800000,1019,11,36fedd179830ad91d2c8b4ce9c86274b6028db5549c3e39ffc9bee8192983d42,497b8822afdb329df7e593163c058667365610ead0920b891c63d218ed3d89d0,No-Dq-R,1,0,0.0,0.0,0.0,0,0,0,0
0.7,800000,1019,11,36fedd179830ad91d2c8b4ce9c86274b6028db5549c3e39ffc9bee8192983d42,497b8822afdb329df7e593163c058667365610ead0920b891c63d218ed3d89d0,No-Dq-R,2,-1027282,0.0641108016973625,0.059922722616469026,1.0,1,0,0,0
0.7,800000,1019,11,36fedd179830ad91d2c8b4ce9c86274b6028db5549c3e39ffc9bee8192983d42,497b8822afdb329df7e593163c058667365610ead0920b891c63d218ed3d89d0,No-Dq-R,3,-1372718,0.05738802553833461,0.06393616167384403,0,0,0,0,0
0.7,800000,1019,11,36fedd179830ad91d2c8b4ce9c86274b6028db5549c3e39ffc9bee8192983d42,497b8822afdb329df7e593163c058667365610ead0920b891c63d218ed3d89d0,No-Dq-R,4,-2354286,0.05134311087457166,0.06278067873632387,0,0,0,0,0
0.7,800000,1019,11,36fedd179830ad91d2c8b4ce9c86274b6028db5549c3e39ffc9bee8192983d42,497b8822afdb329df7e593163c058667365610ead0920b891c63d218ed3d89d0,Fixed-Dc,1,-409187,0.017380776421552002,0.019592586995794026,0.0,0,0,0,0
0.7,800000,1019,11,36fedd179830ad91d2c8b4ce9c86274b6028db5549c3e39ffc9bee8192983d42,497b8822afdb329df7e593163c058667365610ead0920b891c63d218ed3d89d0,Fixed-Dc,2,13670,-0.00046155987057305836,-0.0003839097372395628,0,0,0,0,0
0.7,800000,1019,11,36fedd179830ad91d2c8b4ce9c86274b6028db5549c3e39ffc9bee8192983d42,497b8822afdb329df7e593163c058667365610ead0920b891c63d218ed3d89d0,Fixed-Dc,3,240952,-0.0025315239860609906,-0.0039326975043915136,0,0,0,0,0
0.7,800000,1019,11,36fedd179830ad91d2c8b4ce9c86274b6028db5549c3e39ffc9bee8192983d42,497b8822afdb329df7e593163c058667365610ead0920b891c63d218ed3d89d0,Fixed-Dc,4,-317759,0.0009725500893637551,0.0028452889753919908,0,0,0,0,0
0.7,800000,1019,11,36fedd179830ad91d2c8b4ce9c86274b6028db5549c3e39ffc9bee8192983d42,497b8822afdb329df7e593163c058667365610ead0920b891c63d218ed3d89d0,Decoupled,1,0,,,,,,0,0
0.7,800000,1019,11,36fedd179830ad91d2c8b4ce9c86274b6028db5549c3e39ffc9bee8192983d42,497b8822afdb329df7e593163c058667365610ead0920b891c63d218ed3d89d0,Decoupled,2,-227282,,,,,,0,0
0.7,800000,1019,11,36fedd179830ad91d2c8b4ce9c86274b6028db5549c3e39ffc9bee8192983d42,497b8822afdb329df7e593163c058667365610ead0920b891c63d218ed3d89d0,Decoupled,3,227282,,,,,,0,0
0.7,800000,1019,11,36fedd179830ad91d2c8b4ce9c86274b6028db5549c3e39ffc9bee8192983d42,497b8822afdb329df7e593163c058667365610ead0920b891c63d218ed3d89d0,Decoupled,4,45714,,,,,,0,0
0.7,800000,1020,7,822d7d581fc5f77f45b767cc521bd3450b5ee4b40d84d5a4a1b28ddd428fd819,497b8822afdb329df7e593163c058667365610ead0920b891c63d218ed3d89d0,No-Dq-R,1,0,0.0,0.0,0.0,0,0,0,0
0.7,800000,1020,7,822d7d581fc5f77f45b767cc521bd3450b5ee4b40d84d5a4a1b28ddd428fd819,497b8822afdb329df7e593163c058667365610ead0920b891c63d218ed3d89d0,No-Dq-R,2,-1089143,0.06515050990343163,0.060537043208522046,1.0,1,0,0,0
0.7,800000,1020,7,822d7d581fc5f77f45b767cc521bd3450b5ee4b40d84d5a4a1b28ddd428fd819,497b8822afdb329df7e593163c058667365610ead0920b891c63d218ed3d89d0,No-Dq-R,3,-1208223,0.0561143831647532,0.05937375991577992,0,0,0,0,0
0.7,800000,1020,7,822d7d581fc5f77f45b767cc521bd3450b5ee4b40d84d5a4a1b28ddd428fd819,497b8822afdb329df7e593163c058667365610ead0920b891c63d218ed3d89d0,No-Dq-R,4,-2354286,0.04951048938335262,0.06096037489409167,0.0,0,0,1,0
0.7,800000,1020,7,822d7d581fc5f77f45b767cc521bd3450b5ee4b40d84d5a4a1b28ddd428fd819,497b8822afdb329df7e593163c058667365610ead0920b891c63d218ed3d89d0,Fixed-Dc,1,-573682,0.029759875114609313,0.027088990504487098,0.0,0,0,0,0
0.7,800000,1020,7,822d7d581fc5f77f45b767cc521bd3450b5ee4b40d84d5a4a1b28ddd428fd819,497b8822afdb329df7e593163c058667365610ead0920b891c63d218ed3d89d0,Fixed-Dc,2,-150825,0.005040639409926273,0.004178492020824542,0,0,0,0,0
0.7,800000,1020,7,822d7d581fc5f77f45b767cc521bd3450b5ee4b40d84d5a4a1b28ddd428fd819,497b8822afdb329df7e593163c058667365610ead0920b891c63d218ed3d89d0,Fixed-Dc,3,240952,-0.0026235085104842626,-0.0039326975043915136,0,0,0,0,0
0.7,800000,1020,7,822d7d581fc5f77f45b767cc521bd3450b5ee4b40d84d5a4a1b28ddd428fd819,497b8822afdb329df7e593163c058667365610ead0920b891c63d218ed3d89d0,Fixed-Dc,4,-482254,0.0014193694950375702,0.004265641787658703,0.0,0,0,1,0
0.7,800000,1020,7,822d7d581fc5f77f45b767cc521bd3450b5ee4b40d84d5a4a1b28ddd428fd819,497b8822afdb329df7e593163c058667365610ead0920b891c63d218ed3d89d0,Decoupled,1,0,,,,,,0,0
0.7,800000,1020,7,822d7d581fc5f77f45b767cc521bd3450b5ee4b40d84d5a4a1b28ddd428fd819,497b8822afdb329df7e593163c058667365610ead0920b891c63d218ed3d89d0,Decoupled,2,-289143,,,,,,0,0
0.7,800000,1020,7,822d7d581fc5f77f45b767cc521bd3450b5ee4b40d84d5a4a1b28ddd428fd819,497b8822afdb329df7e593163c058667365610ead0920b891c63d218ed3d89d0,Decoupled,3,391777,,,,,,0,0
0.7,800000,1020,7,822d7d581fc5f77f45b767cc521bd3450b5ee4b40d84d5a4a1b28ddd428fd819,497b8822afdb329df7e593163c058667365610ead0920b891c63d218ed3d89d0,Decoupled,4,45714,,,,,,0,0
0.7,800000,1020,11,822d7d581fc5f77f45b767cc521bd3450b5ee4b40d84d5a4a1b28ddd428fd819,497b8822afdb329df7e593163c058667365610ead0920b891c63d218ed3d89d0,No-Dq-R,1,0,0.0,0.0,0.0,0,0,0,0
0.7,800000,1020,11,822d7d581fc5f77f45b767cc521bd3450b5ee4b40d84d5a4a1b28ddd428fd819,497b8822afdb329df7e593163c058667365610ead0920b891c63d218ed3d89d0,No-Dq-R,2,-1089143,0.06515050990343163,0.060537043208522046,1.0,1,0,0,0
0.7,800000,1020,11,822d7d581fc5f77f45b767cc521bd3450b5ee4b40d84d5a4a1b28ddd428fd819,497b8822afdb329df7e593163c058667365610ead0920b891c63d218ed3d89d0,No-Dq-R,3,-1208223,0.053755134739283505,0.05937375991577992,0,0,0,0,0
0.7,800000,1020,11,822d7d581fc5f77f45b767cc521bd3450b5ee4b40d84d5a4a1b28ddd428fd819,497b8822afdb329df7e593163c058667365610ead0920b891c63d218ed3d89d0,No-Dq-R,4,-2354286,0.04951048938335262,0.06096037489409167,0.0,0,0,1,0
0.7,800000,1020,11,822d7d581fc5f77f45b767cc521bd3450b5ee4b40d84d5a4a1b28ddd428fd819,497b8822afdb329df7e593163c058667365610ead0920b891c63d218ed3d89d0,Fixed-Dc,1,-573682,0.02397420350298629,0.027088990504487098,0.0,0,0,0,0
0.7,800000,1020,11,822d7d581fc5f77f45b767cc521bd3450b5ee4b40d84d5a4a1b28ddd428fd819,497b8822afdb329df7e593163c058667365610ead0920b891c63d218ed3d89d0,Fixed-Dc,2,-150825,0.005040639409926273,0.004178492020824542,0,0,0,0,0
0.7,800000,1020,11,822d7d581fc5f77f45b767cc521bd3450b5ee4b40d84d5a4a1b28ddd428fd819,497b8822afdb329df7e593163c058667365610ead0920b891c63d218ed3d89d0,Fixed-Dc,3,240952,-0.0025315239860609906,-0.0039326975043915136,0,0,0,0,0
0.7,800000,1020,11,822d7d581fc5f77f45b767cc521bd3450b5ee4b40d84d5a4a1b28ddd428fd819,497b8822afdb329df7e593163c058667365610ead0920b891c63d218ed3d89d0,Fixed-Dc,4,-482254,0.0014193694950375702,0.004265641787658703,0.0,0,0,1,0
0.7,800000,1020,11,822d7d581fc5f77f45b767cc521bd3450b5ee4b40d84d5a4a1b28ddd428fd819,497b8822afdb329df7e593163c058667365610ead0920b891c63d218ed3d89d0,Decoupled,1,0,,,,,,0,0
0.7,800000,1020,11,822d7d581fc5f77f45b767cc521bd3450b5ee4b40d84d5a4a1b28ddd428fd819,497b8822afdb329df7e593163c058667365610ead0920b891c63d218ed3d89d0,Decoupled,2,-289143,,,,,,0,0
0.7,800000,1020,11,822d7d581fc5f77f45b767cc521bd3450b5ee4b40d84d5a4a1b28ddd428fd819,497b8822afdb329df7e593163c058667365610ead0920b891c63d218ed3d89d0,Decoupled,3,391777,,,,,,0,0
0.7,800000,1020,11,822d7d581fc5f77f45b767cc521bd3450b5ee4b40d84d5a4a1b28ddd428fd819,497b8822afdb329df7e593163c058667365610ead0920b891c63d218ed3d89d0,Decoupled,4,45714,,,,,,0,0
0.7,800000,1021,7,9bb0245d3964283f127e5e79c632310920dd104736da8ad34645a2db08c52bac,497b8822afdb329df7e593163c058667365610ead0920b891c63d218ed3d89d0,No-Dq-R,1,0,0.0,0.0,0.0,0,0,0,0
0.7,800000,1021,7,9bb0245d3964283f127e5e79c632310920dd104736da8ad34645a2db08c52bac,497b8822afdb329df7e593163c058667365610ead0920b891c63d218ed3d89d0,No-Dq-R,2,-892123,0.059504408052380664,0.05607960243285476,1.0,1,0,0,0
0.7,800000,1021,7,9bb0245d3964283f127e5e79c632310920dd104736da8ad34645a2db08c52bac,497b8822afdb329df7e593163c058667365610ead0920b891c63d218ed3d89d0,No-Dq-R,3,-1488000,0.0657609176283,0.06720866756363242,0,0,0,0,0
0.7,800000,1021,7,9bb0245d3964283f127e5e79c632310920dd104736da8ad34645a2db08c52bac,497b8822afdb329df7e593163c058667365610ead0920b891c63d218ed3d89d0,No-Dq-R,4,-2354286,0.05288935283006052,0.06431495874869003,0,0,0,0,0
0.7,800000,1021,7,9bb0245d3964283f127e5e79c632310920dd104736da8ad34645a2db08c52bac,497b8822afdb329df7e593163c058667365610ead0920b891c63d218ed3d89d0,Fixed-Dc,1,-274028,0.014523580557734617,0.013272786577293028,0.0,0,0,0,0
0.7,800000,1021,7,9bb0245d3964283f127e5e79c632310920dd104736da8ad34645a2db08c52bac,497b8822afdb329df7e593163c058667365610ead0920b891c63d218ed3d89d0,Fixed-Dc,2,148829,-0.0050679535155548905,-0.004227029920853831,0,0,0,0,0
0.7,800000,1021,7,9bb0245d3964283f127e5e79c632310920dd104736da8ad34645a2db08c52bac,497b8822afdb329df7e593163c058667365610ead0920b891c63d218ed3d89d0,Fixed-Dc,3,240952,-0.0026235085104842626,-0.0039326975043915136,0,0,0,0,0
0.7,800000,1021,7,9bb0245d3964283f127e5e79c632310920dd104736da8ad34645a2db08c52bac,497b8822afdb329df7e593163c058667365610ead0920b891c63d218ed3d89d0,Fixed-Dc,4,-182600,0.0005768279571222168,0.0016516844135153752,0,0,0,0,0
0.7,800000,1021,7,9bb0245d3964283f127e5e79c632310920dd104736da8ad34645a2db08c52bac,497b8822afdb329df7e593163c058667365610ead0920b891c63d218ed3d89d0,Decoupled,1,0,,,,,,0,0
0.7,800000,1021,7,9bb0245d3964283f127e5e79c632310920dd104736da8ad34645a2db08c52bac,497b8822afdb329df7e593163c058667365610ead0920b891c63d218ed3d89d0,Decoupled,2,-92123,,,,,,0,0
0.7,800000,1021,7,9bb0245d3964283f127e5e79c632310920dd104736da8ad34645a2db08c52bac,497b8822afdb329df7e593163c058667365610ead0920b891c63d218ed3d89d0,Decoupled,3,112000,,,,,,0,0
0.7,800000,1021,7,9bb0245d3964283f127e5e79c632310920dd104736da8ad34645a2db08c52bac,497b8822afdb329df7e593163c058667365610ead0920b891c63d218ed3d89d0,Decoupled,4,45714,,,,,,0,0
0.7,800000,1021,11,9bb0245d3964283f127e5e79c632310920dd104736da8ad34645a2db08c52bac,497b8822afdb329df7e593163c058667365610ead0920b891c63d218ed3d89d0,No-Dq-R,1,0,0.0,0.0,0.0,0,0,0,0
0.7,800000,1021,11,9bb0245d3964283f127e5e79c632310920dd104736da8ad34645a2db08c52bac,497b8822afdb329df7e593163c058667365610ead0920b891c63d218ed3d89d0,No-Dq-R,2,-892123,0.059504408052380664,0.05607960243285476,1.0,1,0,0,0
0.7,800000,1021,11,9bb0245d3964283f127e5e79c632310920dd104736da8ad34645a2db08c52bac,497b8822afdb329df7e593163c058667365610ead0920b891c63d218ed3d89d0,No-Dq-R,3,-1488000,0.060013055544812954,0.06720866756363242,0,0,0,0,0
0.7,800000,1021,11,9bb0245d3964283f127e5e79c632310920dd104736da8ad34645a2db08c52bac,497b8822afdb329df7e593163c058667365610ead0920b891c63d218ed3d89d0,No-Dq-R,4,-2354286,0.05288935283006052,0.06431495874869003,0,0,0,0,0
0.7,800000,1021,11,9bb0245d3964283f127e5e79c632310920dd104736da8ad34645a2db08c52bac,497b8822afdb329df7e593163c058667365610ead0920b891c63d218ed3d89d0,Fixed-Dc,1,-274028,0.011797072900243677,0.013272786577293028,0.0,0,0,0,0
0.7,800000,1021,11,9bb0245d3964283f127e5e79c632310920dd104736da8ad34645a2db08c52bac,497b8822afdb329df7e593163c058667365610ead0920b891c63d218ed3d89d0,Fixed-Dc,2,148829,-0.0050679535155548905,-0.004227029920853831,0,0,0,0,0
0.7,800000,1021,11,9bb0245d3964283f127e5e79c632310920dd104736da8ad34645a2db08c52bac,497b8822afdb329df7e593163c058667365610ead0920b891c63d218ed3d89d0,Fixed-Dc,3,240952,-0.0025315239860609906,-0.0039326975043915136,0,0,0,0,0
0.7,800000,1021,11,9bb0245d3964283f127e5e79c632310920dd104736da8ad34645a2db08c52bac,497b8822afdb329df7e593163c058667365610ead0920b891c63d218ed3d89d0,Fixed-Dc,4,-182600,0.0005768279571222168,0.0016516844135153752,0,0,0,0,0
0.7,800000,1021,11,9bb0245d3964283f127e5e79c632310920dd104736da8ad34645a2db08c52bac,497b8822afdb329df7e593163c058667365610ead0920b891c63d218ed3d89d0,Decoupled,1,0,,,,,,0,0
0.7,800000,1021,11,9bb0245d3964283f127e5e79c632310920dd104736da8ad34645a2db08c52bac,497b8822afdb329df7e593163c058667365610ead0920b891c63d218ed3d89d0,Decoupled,2,-92123,,,,,,0,0
0.7,800000,1021,11,9bb0245d3964283f127e5e79c632310920dd104736da8ad34645a2db08c52bac,497b8822afdb329df7e593163c058667365610ead0920b891c63d218ed3d89d0,Decoupled,3,112000,,,,,,0,0
0.7,800000,1021,11,9bb0245d3964283f127e5e79c632310920dd104736da8ad34645a2db08c52bac,497b8822afdb329df7e593163c058667365610ead0920b891c63d218ed3d89d0,Decoupled,4,45714,,,,,,0,0
0.7,800000,1022,7,2bda076673e0c65e306784e3abff4e824e1dc18e0aa5b4c851cfb6ec3d671340,497b8822afdb329df7e593163c058667365610ead0920b891c63d218ed3d89d0,No-Dq-R,1,0,0.0,0.0,0.0,0,0,0,0
0.7,800000,1022,7,2bda076673e0c65e306784e3abff4e824e1dc18e0aa5b4c851cfb6ec3d671340,497b8822afdb329df7e593163c058667365610ead0920b891c63d218ed3d89d0,No-Dq-R,2,-1121139,0.06611231957371122,0.061307940430101626,1.0,1,0,0,0
0.7,800000,1022,7,2bda076673e0c65e306784e3abff4e824e1dc18e0aa5b4c851cfb6ec3d671340,497b8822afdb329df7e593163c058667365610ead0920b891c63d218ed3d89d0,No-Dq-R,3,-1177143,0.054832288859684386,0.05841690598237603,0,0,0,0,0
0.7,800000,1022,7,2bda076673e0c65e306784e3abff4e824e1dc18e0aa5b4c851cfb6ec3d671340,497b8822afdb329df7e593163c058667365610ead0920b891c63d218ed3d89d0,No-Dq-R,4,-2354286,0.049058013161438985,0.06051061253189666,0.0,0,0,1,0
0.7,800000,1022,7,2bda076673e0c65e306784e3abff4e824e1dc18e0aa5b4c851cfb6ec3d671340,497b8822afdb329df7e593163c058667365610ead0920b891c63d218ed3d89d0,Fixed-Dc,1,240952,-0.013260381251984033,-0.012200195093511668,0.0,0,0,0,0
0.7,800000,1022,7,2bda076673e0c65e306784e3abff4e824e1dc18e0aa5b4c851cfb6ec3d671340,497b8822afdb329df7e593163c058667365610ead0920b891c63d218ed3d89d0,Fixed-Dc,2,-192187,0.00640655585372818,0.005306264159753271,0,0,0,0,0
0.7,800000,1022,7,2bda076673e0c65e306784e3abff4e824e1dc18e0aa5b4c851cfb6ec3d671340,497b8822afdb329df7e593163c058667365610ead0920b891c63d218ed3d89d0,Fixed-Dc,3,230670,-0.002508151909261014,-0.0037617792988666743,0,0,0,0,0
0.7,800000,1022,7,2bda076673e0c65e306784e3abff4e824e1dc18e0aa5b4c851cfb6ec3d671340,497b8822afdb329df7e593163c058667365610ead0920b891c63d218ed3d89d0,Fixed-Dc,4,-523616,0.0015258380808992889,0.004617312990407851,0.0,0,0,1,0
0.7,800000,1022,7,2bda076673e0c65e306784e3abff4e824e1dc18e0aa5b4c851cfb6ec3d671340,497b8822afdb329df7e593163c058667365610ead0920b891c63d218ed3d89d0,Decoupled,1,0,,,,,,0,0
0.7,800000,1022,7,2bda076673e0c65e306784e3abff4e824e1dc18e0aa5b4c851cfb6ec3d671340,497b8822afdb329df7e593163c058667365610ead0920b891c63d218ed3d89d0,Decoupled,2,-321139,,,,,,0,0
0.7,800000,1022,7,2bda076673e0c65e306784e3abff4e824e1dc18e0aa5b4c851cfb6ec3d671340,497b8822afdb329df7e593163c058667365610ead0920b891c63d218ed3d89d0,Decoupled,3,422857,,,,,,0,0
0.7,800000,1022,7,2bda076673e0c65e306784e3abff4e824e1dc18e0aa5b4c851cfb6ec3d671340,497b8822afdb329df7e593163c058667365610ead0920b891c63d218ed3d89d0,Decoupled,4,45714,,,,,,0,0
0.7,800000,1022,11,2bda076673e0c65e306784e3abff4e824e1dc18e0aa5b4c851cfb6ec3d671340,497b8822afdb329df7e593163c058667365610ead0920b891c63d218ed3d89d0,No-Dq-R,1,0,0.0,0.0,0.0,0,0,0,0
0.7,800000,1022,11,2bda076673e0c65e306784e3abff4e824e1dc18e0aa5b4c851cfb6ec3d671340,497b8822afdb329df7e593163c058667365610ead0920b891c63d218ed3d89d0,No-Dq-R,2,-1121139,0.06611231957371122,0.061307940430101626,1.0,1,0,0,0
0.7,800000,1022,11,2bda076673e0c65e306784e3abff4e824e1dc18e0aa5b4c851cfb6ec3d671340,497b8822afdb329df7e593163c058667365610ead0920b891c63d218ed3d89d0,No-Dq-R,3,-1177143,0.052973447225212134,0.05841690598237603,0,0,0,0,0
0.7,800000,1022,11,2bda076673e0c65e306784e3abff4e824e1dc18e0aa5b4c851cfb6ec3d671340,497b8822afdb329df7e593163c058667365610ead0920b891c63d218ed3d89d0,No-Dq-R,4,-2354286,0.049058013161438985,0.06051061253189666,0.0,0,0,1,0
0.7,800000,1022,11,2bda076673e0c65e306784e3abff4e824e1dc18e0aa5b4c851cfb6ec3d671340,497b8822afdb329df7e593163c058667365610ead0920b891c63d218ed3d89d0,Fixed-Dc,1,240952,-0.010921709492620058,-0.012200195093511668,0.0,0,0,0,0
0.7,800000,1022,11,2bda076673e0c65e306784e3abff4e824e1dc18e0aa5b4c851cfb6ec3d671340,497b8822afdb329df7e593163c058667365610ead0920b891c63d218ed3d89d0,Fixed-Dc,2,-192187,0.00640655585372818,0.005306264159753271,0,0,0,0,0
0.7,800000,1022,11,2bda076673e0c65e306784e3abff4e824e1dc18e0aa5b4c851cfb6ec3d671340,497b8822afdb329df7e593163c058667365610ead0920b891c63d218ed3d89d0,Fixed-Dc,3,230670,-0.002420183792212427,-0.0037617792988666743,0,0,0,0,0
0.7,800000,1022,11,2bda076673e0c65e306784e3abff4e824e1dc18e0aa5b4c851cfb6ec3d671340,497b8822afdb329df7e593163c058667365610ead0920b891c63d218ed3d89d0,Fixed-Dc,4,-523616,0.0015258380808992889,0.004617312990407851,0.0,0,0,1,0
0.7,800000,1022,11,2bda076673e0c65e306784e3abff4e824e1dc18e0aa5b4c851cfb6ec3d671340,497b8822afdb329df7e593163c058667365610ead0920b891c63d218ed3d89d0,Decoupled,1,0,,,,,,0,0
0.7,800000,1022,11,2bda076673e0c65e306784e3abff4e824e1dc18e0aa5b4c851cfb6ec3d671340,497b8822afdb329df7e593163c058667365610ead0920b891c63d218ed3d89d0,Decoupled,2,-321139,,,,,,0,0
0.7,800000,1022,11,2bda076673e0c65e306784e3abff4e824e1dc18e0aa5b4c851cfb6ec3d671340,497b8822afdb329df7e593163c058667365610ead0920b891c63d218ed3d89d0,Decoupled,3,422857,,,,,,0,0
0.7,800000,1022,11,2bda076673e0c65e306784e3abff4e824e1dc18e0aa5b4c851cfb6ec3d671340,497b8822afdb329df7e593163c058667365610ead0920b891c63d218ed3d89d0,Decoupled,4,45714,,,,,,0,0
0.7,800000,1023,7,407de5a6109577d0b0a56c6fc66fc0d38eb384964d21c64d69c5df6b63e376c0,497b8822afdb329df7e593163c058667365610ead0920b891c63d218ed3d89d0,No-Dq-R,1,0,0.0,0.0,0.0,0,0,0,0
0.7,800000,1023,7,407de5a6109577d0b0a56c6fc66fc0d38eb384964d21c64d69c5df6b63e376c0,497b8822afdb329df7e593163c058667365610ead0920b891c63d218ed3d89d0,No-Dq-R,2,0,0.023116801848481305,0.024363913721229424,0,0,0,0,0
0.7,800000,1023,7,407de5a6109577d0b0a56c6fc66fc0d38eb384964d21c64d69c5df6b63e376c0,497b8822afdb329df7e593163c058667365610ead0920b891c63d218ed3d89d0,No-Dq-R,3,-2266286,0.07421094417969099,0.07968414816422176,0,0,0,0,0
0.7,800000,1023,7,407de5a6109577d0b0a56c6fc66fc0d38eb384964d21c64d69c5df6b63e376c0,497b8822afdb329df7e593163c058667365610ead0920b891c63d218ed3d89d0,No-Dq-R,4,-2354286,0.05393083406357757,0.0653476211676543,0,0,0,0,0
0.7,800000,1023,7,407de5a6109577d0b0a56c6fc66fc0d38eb384964d21c64d69c5df6b63e376c0,497b8822afdb329df7e593163c058667365610ead0920b891c63d218ed3d89d0,Fixed-Dc,1,-184780,0.009856812475786958,0.009018525378662767,0.0,0,0,0,0
0.7,800000,1023,7,407de5a6109577d0b0a56c6fc66fc0d38eb384964d21c64d69c5df6b63e376c0,497b8822afdb329df7e593163c058667365610ead0920b891c63d218ed3d89d0,Fixed-Dc,2,238077,-0.008152893635393066,-0.006812490905372892,0,0,0,0,0
0.7,800000,1023,7,407de5a6109577d0b0a56c6fc66fc0d38eb384964d21c64d69c5df6b63e376c0,497b8822afdb329df7e593163c058667365610ead0920b891c63d218ed3d89d0,Fixed-Dc,3,-516209,0.00508412931672747,0.007936279142568281,0,0,0,0,0
0.7,800000,1023,7,407de5a6109577d0b0a56c6fc66fc0d38eb384964d21c64d69c5df6b63e376c0,497b8822afdb329df7e593163c058667365610ead0920b891c63d218ed3d89d0,Fixed-Dc,4,-93352,0.000301041605906216,0.0008500941985085109,0,0,0,0,0
0.7,800000,1023,7,407de5a6109577d0b0a56c6fc66fc0d38eb384964d21c64d69c5df6b63e376c0,497b8822afdb329df7e593163c058667365610ead0920b891c63d218ed3d89d0,Decoupled,1,0,,,,,,0,0
0.7,800000,1023,7,407de5a6109577d0b0a56c6fc66fc0d38eb384964d21c64d69c5df6b63e376c0,497b8822afdb329df7e593163c058667365610ead0920b891c63d218ed3d89d0,Decoupled,2,800000,,,,,,0,0
0.7,800000,1023,7,407de5a6109577d0b0a56c6fc66fc0d38eb384964d21c64d69c5df6b63e376c0,497b8822afdb329df7e593163c058667365610ead0920b891c63d218ed3d89d0,Decoupled,3,-666286,,,,,,0,0
0.7,800000,1023,7,407de5a6109577d0b0a56c6fc66fc0d38eb384964d21c64d69c5df6b63e376c0,497b8822afdb329df7e593163c058667365610ead0920b891c63d218ed3d89d0,Decoupled,4,45714,,,,,,0,0
0.7,800000,1023,11,407de5a6109577d0b0a56c6fc66fc0d38eb384964d21c64d69c5df6b63e376c0,497b8822afdb329df7e593163c058667365610ead0920b891c63d218ed3d89d0,No-Dq-R,1,0,0.0,0.0,0.0,0,0,0,0
0.7,800000,1023,11,407de5a6109577d0b0a56c6fc66fc0d38eb384964d21c64d69c5df6b63e376c0,497b8822afdb329df7e593163c058667365610ead0920b891c63d218ed3d89d0,No-Dq-R,2,0,0.023116801848481305,0.024363913721229424,0,0,0,0,0
0.7,800000,1023,11,407de5a6109577d0b0a56c6fc66fc0d38eb384964d21c64d69c5df6b63e376c0,497b8822afdb329df7e593163c058667365610ead0920b891c63d218ed3d89d0,No-Dq-R,3,-2266286,0.0679341663384736,0.07968414816422176,0,0,0,0,0
0.7,800000,1023,11,407de5a6109577d0b0a56c6fc66fc0d38eb384964d21c64d69c5df6b63e376c0,497b8822afdb329df7e593163c058667365610ead0920b891c63d218ed3d89d0,No-Dq-R,4,-2354286,0.05393083406357757,0.0653476211676543,0,0,0,0,0
0.7,800000,1023,11,407de5a6109577d0b0a56c6fc66fc0d38eb384964d21c64d69c5df6b63e376c0,497b8822afdb329df7e593163c058667365610ead0920b891c63d218ed3d89d0,Fixed-Dc,1,-184780,0.008025919242493629,0.009018525378662767,0.0,0,0,0,0
0.7,800000,1023,11,407de5a6109577d0b0a56c6fc66fc0d38eb384964d21c64d69c5df6b63e376c0,497b8822afdb329df7e593163c058667365610ead0920b891c63d218ed3d89d0,Fixed-Dc,2,238077,-0.008152893635393066,-0.006812490905372892,0,0,0,0,0
0.7,800000,1023,11,407de5a6109577d0b0a56c6fc66fc0d38eb384964d21c64d69c5df6b63e376c0,497b8822afdb329df7e593163c058667365610ead0920b891c63d218ed3d89d0,Fixed-Dc,3,-516209,0.004901370827965046,0.007936279142568281,0,0,0,0,0
0.7,800000,1023,11,407de5a6109577d0b0a56c6fc66fc0d38eb384964d21c64d69c5df6b63e376c0,497b8822afdb329df7e593163c058667365610ead0920b891c63d218ed3d89d0,Fixed-Dc,4,-93352,0.000301041605906216,0.0008500941985085109,0,0,0,0,0
0.7,800000,1023,11,407de5a6109577d0b0a56c6fc66fc0d38eb384964d21c64d69c5df6b63e376c0,497b8822afdb329df7e593163c058667365610ead0920b891c63d218ed3d89d0,Decoupled,1,0,,,,,,0,0
0.7,800000,1023,11,407de5a6109577d0b0a56c6fc66fc0d38eb384964d21c64d69c5df6b63e376c0,497b8822afdb329df7e593163c058667365610ead0920b891c63d218ed3d89d0,Decoupled,2,800000,,,,,,0,0
0.7,800000,1023,11,407de5a6109577d0b0a56c6fc66fc0d38eb384964d21c64d69c5df6b63e376c0,497b8822afdb329df7e593163c058667365610ead0920b891c63d218ed3d89d0,Decoupled,3,-666286,,,,,,0,0
0.7,800000,1023,11,407de5a6109577d0b0a56c6fc66fc0d38eb384964d21c64d69c5df6b63e376c0,497b8822afdb329df7e593163c058667365610ead0920b891c63d218ed3d89d0,Decoupled,4,45714,,,,,,0,0
0.7,800000,1024,7,c3e052436a21d70d3327dfcffe2b07cc70d3b8fd4a8aff55f765db2063296542,497b8822afdb329df7e593163c058667365610ead0920b891c63d218ed3d89d0,No-Dq-R,1,0,0.0,0.0,0.0,0,0,0,0
0.7,800000,1024,7,c3e052436a21d70d3327dfcffe2b07cc70d3b8fd4a8aff55f765db2063296542,497b8822afdb329df7e593163c058667365610ead0920b891c63d218ed3d89d0,No-Dq-R,2,-995555,0.06303650993923743,0.059028332520973004,1.0,1,0,0,0
0.7,800000,1024,7,c3e052436a21d70d3327dfcffe2b07cc70d3b8fd4a8aff55f765db2063296542,497b8822afdb329df7e593163c058667365610ead0920b891c63d218ed3d89d0,No-Dq-R,3,-1404445,0.06284408041481393,0.06483055176934005,0,0,0,0,0
0.7,800000,1024,7,c3e052436a21d70d3327dfcffe2b07cc70d3b8fd4a8aff55f765db2063296542,497b8822afdb329df7e593163c058667365610ead0920b891c63d218ed3d89d0,No-Dq-R,4,-2354286,0.051702757500935115,0.06313766741143012,0,0,0,0,0
0.7,800000,1024,7,c3e052436a21d70d3327dfcffe2b07cc70d3b8fd4a8aff55f765db2063296542,497b8822afdb329df7e593163c058667365610ead0920b891c63d218ed3d89d0,Fixed-Dc,1,-377460,0.01985716196112053,0.01812223245037603,0.0,0,0,0,0
0.7,800000,1024,7,c3e052436a21d70d3327dfcffe2b07cc70d3b8fd4a8aff55f765db2063296542,497b8822afdb329df7e593163c058667365610ead0920b891c63d218ed3d89d0,Fixed-Dc,2,45397,-0.001535851628698126,-0.0012782998327355855,0,0,0,0,0
0.7,800000,1024,7,c3e052436a21d70d3327dfcffe2b07cc70d3b8fd4a8aff55f765db2063296542,497b8822afdb329df7e593163c058667365610ead0920b891c63d218ed3d89d0,Fixed-Dc,3,240952,-0.0026235085104842626,-0.0039326975043915136,0,0,0,0,0
0.7,800000,1024,7,c3e052436a21d70d3327dfcffe2b07cc70d3b8fd4a8aff55f765db2063296542,497b8822afdb329df7e593163c058667365610ead0920b891c63d218ed3d89d0,Fixed-Dc,4,-286032,0.0008820037186460516,0.0025672804485829537,0,0,0,0,0
0.7,800000,1024,7,c3e052436a21d70d3327dfcffe2b07cc70d3b8fd4a8aff55f765db2063296542,497b8822afdb329df7e593163c058667365610ead0920b891c63d218ed3d89d0,Decoupled,1,0,,,,,,0,0
0.7,800000,1024,7,c3e052436a21d70d3327dfcffe2b07cc70d3b8fd4a8aff55f765db2063296542,497b8822afdb329df7e593163c058667365610ead0920b891c63d218ed3d89d0,Decoupled,2,-195555,,,,,,0,0
0.7,800000,1024,7,c3e052436a21d70d3327dfcffe2b07cc70d3b8fd4a8aff55f765db2063296542,497b8822afdb329df7e593163c058667365610ead0920b891c63d218ed3d89d0,Decoupled,3,195555,,,,,,0,0
0.7,800000,1024,7,c3e052436a21d70d3327dfcffe2b07cc70d3b8fd4a8aff55f765db2063296542,497b8822afdb329df7e593163c058667365610ead0920b891c63d218ed3d89d0,Decoupled,4,45714,,,,,,0,0
0.7,800000,1024,11,c3e052436a21d70d3327dfcffe2b07cc70d3b8fd4a8aff55f765db2063296542,497b8822afdb329df7e593163c058667365610ead0920b891c63d218ed3d89d0,No-Dq-R,1,0,0.0,0.0,0.0,0,0,0,0
0.7,800000,1024,11,c3e052436a21d70d3327dfcffe2b07cc70d3b8fd4a8aff55f765db2063296542,497b8822afdb329df7e593163c058667365610ead0920b891c63d218ed3d89d0,No-Dq-R,2,-995555,0.06303650993923743,0.059028332520973004,1.0,1,0,0,0
0.7,800000,1024,11,c3e052436a21d70d3327dfcffe2b07cc70d3b8fd4a8aff55f765db2063296542,497b8822afdb329df7e593163c058667365610ead0920b891c63d218ed3d89d0,No-Dq-R,3,-1404445,0.05810389385620629,0.06483055176934005,0,0,0,0,0
0.7,800000,1024,11,c3e052436a21d70d3327dfcffe2b07cc70d3b8fd4a8aff55f765db2063296542,497b8822afdb329df7e593163c058667365610ead0920b891c63d218ed3d89d0,No-Dq-R,4,-2354286,0.051702757500935115,0.06313766741143012,0,0,0,0,0
0.7,800000,1024,11,c3e052436a21d70d3327dfcffe2b07cc70d3b8fd4a8aff55f765db2063296542,497b8822afdb329df7e593163c058667365610ead0920b891c63d218ed3d89d0,Fixed-Dc,1,-377460,0.016083690551857432,0.01812223245037603,0.0,0,0,0,0
0.7,800000,1024,11,c3e052436a21d70d3327dfcffe2b07cc70d3b8fd4a8aff55f765db2063296542,497b8822afdb329df7e593163c058667365610ead0920b891c63d218ed3d89d0,Fixed-Dc,2,45397,-0.001535851628698126,-0.0012782998327355855,0,0,0,0,0
0.7,800000,1024,11,c3e052436a21d70d3327dfcffe2b07cc70d3b8fd4a8aff55f765db2063296542,497b8822afdb329df7e593163c058667365610ead0920b891c63d218ed3d89d0,Fixed-Dc,3,240952,-0.0025315239860609906,-0.0039326975043915136,0,0,0,0,0
0.7,800000,1024,11,c3e052436a21d70d3327dfcffe2b07cc70d3b8fd4a8aff55f765db2063296542,497b8822afdb329df7e593163c058667365610ead0920b891c63d218ed3d89d0,Fixed-Dc,4,-286032,0.0008820037186460516,0.0025672804485829537,0,0,0,0,0
0.7,800000,1024,11,c3e052436a21d70d3327dfcffe2b07cc70d3b8fd4a8aff55f765db2063296542,497b8822afdb329df7e593163c058667365610ead0920b891c63d218ed3d89d0,Decoupled,1,0,,,,,,0,0
0.7,800000,1024,11,c3e052436a21d70d3327dfcffe2b07cc70d3b8fd4a8aff55f765db2063296542,497b8822afdb329df7e593163c058667365610ead0920b891c63d218ed3d89d0,Decoupled,2,-195555,,,,,,0,0
0.7,800000,1024,11,c3e052436a21d70d3327dfcffe2b07cc70d3b8fd4a8aff55f765db2063296542,497b8822afdb329df7e593163c058667365610ead0920b891c63d218ed3d89d0,Decoupled,3,195555,,,,,,0,0
0.7,800000,1024,11,c3e052436a21d70d3327dfcffe2b07cc70d3b8fd4a8aff55f765db2063296542,497b8822afdb329df7e593163c058667365610ead0920b891c63d218ed3d89d0,Decoupled,4,45714,,,,,,0,0
0.7,800000,1025,7,853f3c8a23def953960f8a2d7c82d91ce1a2a007bc0ba242be48f377d6f98162,497b8822afdb329df7e593163c058667365610ead0920b891c63d218ed3d89d0,No-Dq-R,1,0,0.0,0.0,0.0,0,0,0,0
0.7,800000,1025,7,853f3c8a23def953960f8a2d7c82d91ce1a2a007bc0ba242be48f377d6f98162,497b8822afdb329df7e593163c058667365610ead0920b891c63d218ed3d89d0,No-Dq-R,2,-1177143,0.06685438724088255,0.06164794236007409,1.0,1,0,0,0
0.7,800000,1025,7,853f3c8a23def953960f8a2d7c82d91ce1a2a007bc0ba242be48f377d6f98162,497b8822afdb329df7e593163c058667365610ead0920b891c63d218ed3d89d0,No-Dq-R,3,-1177143,0.051197264311724,0.05672594631297728,0,0,0,0,0
0.7,800000,1025,7,853f3c8a23def953960f8a2d7c82d91ce1a2a007bc0ba242be48f377d6f98162,497b8822afdb329df7e593163c058667365610ead0920b891c63d218ed3d89d0,No-Dq-R,4,-2400000,0.05872356008459795,0.07036168231863998,0,0,0,0,0
0.7,800000,1025,7,853f3c8a23def953960f8a2d7c82d91ce1a2a007bc0ba242be48f377d6f98162,497b8822afdb329df7e593163c058667365610ead0920b891c63d218ed3d89d0,Fixed-Dc,1,240952,-0.013260381251984033,-0.012200195093511668,0.0,0,0,0,0
0.7,800000,1025,7,853f3c8a23def953960f8a2d7c82d91ce1a2a007bc0ba242be48f377d6f98162,497b8822afdb329df7e593163c058667365610ead0920b891c63d218ed3d89d0,Fixed-Dc,2,-354551,0.011701479383735558,0.00965941563657291,0,0,0,0,0
0.7,800000,1025,7,853f3c8a23def953960f8a2d7c82d91ce1a2a007bc0ba242be48f377d6f98162,497b8822afdb329df7e593163c058667365610ead0920b891c63d218ed3d89d0,Fixed-Dc,3,68306,-0.0007269576811662626,-0.001099587491445786,0,0,0,0,0
0.7,800000,1025,7,853f3c8a23def953960f8a2d7c82d91ce1a2a007bc0ba242be48f377d6f98162,497b8822afdb329df7e593163c058667365610ead0920b891c63d218ed3d89d0,Fixed-Dc,4,240952,-0.0008380264446201657,-0.0022505817160430874,0,0,0,0,0
0.7,800000,1025,7,853f3c8a23def953960f8a2d7c82d91ce1a2a007bc0ba242be48f377d6f98162,497b8822afdb329df7e593163c058667365610ead0920b891c63d218ed3d89d0,Decoupled,1,0,,,,,,0,0
0.7,800000,1025,7,853f3c8a23def953960f8a2d7c82d91ce1a2a007bc0ba242be48f377d6f98162,497b8822afdb329df7e593163c058667365610ead0920b891c63d218ed3d89d0,Decoupled,2,-377143,,,,,,0,0
0.7,800000,1025,7,853f3c8a23def953960f8a2d7c82d91ce1a2a007bc0ba242be48f377d6f98162,497b8822afdb329df7e593163c058667365610ead0920b891c63d218ed3d89d0,Decoupled,3,422857,,,,,,0,0
0.7,800000,1025,7,853f3c8a23def953960f8a2d7c82d91ce1a2a007bc0ba242be48f377d6f98162,497b8822afdb329df7e593163c058667365610ead0920b891c63d218ed3d89d0,Decoupled,4,0,,,,,,0,0
0.7,800000,1025,11,853f3c8a23def953960f8a2d7c82d91ce1a2a007bc0ba242be48f377d6f98162,497b8822afdb329df7e593163c058667365610ead0920b891c63d218ed3d89d0,No-Dq-R,1,0,0.0,0.0,0.0,0,0,0,0
0.7,800000,1025,11,853f3c8a23def953960f8a2d7c82d91ce1a2a007bc0ba242be48f377d6f98162,497b8822afdb329df7e593163c058667365610ead0920b891c63d218ed3d89d0,No-Dq-R,2,-1177143,0.06685438724088255,0.06164794236007409,1.0,1,0,0,0
0.7,800000,1025,11,853f3c8a23def953960f8a2d7c82d91ce1a2a007bc0ba242be48f377d6f98162,497b8822afdb329df7e593163c058667365610ead0920b891c63d218ed3d89d0,No-Dq-R,3,-1177143,0.0512644923897112,0.05672594631297728,0,0,0,0,0
0.7,800000,1025,11,853f3c8a23def953960f8a2d7c82d91ce1a2a007bc0ba242be48f377d6f98162,497b8822afdb329df7e593163c058667365610ead0920b891c63d218ed3d89d0,No-Dq-R,4,-2400000,0.05872356008459795,0.07036168231863998,0,0,0,0,0
0.7,800000,1025,11,853f3c8a23def953960f8a2d7c82d91ce1a2a007bc0ba242be48f377d6f98162,497b8822afdb329df7e593163c058667365610ead0920b891c63d218ed3d89d0,Fixed-Dc,1,240952,-0.010921709492620058,-0.012200195093511668,0.0,0,0,0,0
0.7,800000,1025,11,853f3c8a23def953960f8a2d7c82d91ce1a2a007bc0ba242be48f377d6f98162,497b8822afdb329df7e593163c058667365610ead0920b891c63d218ed3d89d0,Fixed-Dc,2,-354551,0.011701479383735558,0.00965941563657291,0,0,0,0,0
0.7,800000,1025,11,853f3c8a23def953960f8a2d7c82d91ce1a2a007bc0ba242be48f377d6f98162,497b8822afdb329df7e593163c058667365610ead0920b891c63d218ed3d89d0,Fixed-Dc,3,68306,-0.0007013301648085002,-0.001099587491445786,0,0,0,0,0
0.7,800000,1025,11,853f3c8a23def953960f8a2d7c82d91ce1a2a007bc0ba242be48f377d6f98162,497b8822afdb329df7e593163c058667365610ead0920b891c63d218ed3d89d0,Fixed-Dc,4,240952,-0.0008380264446201657,-0.0022505817160430874,0,0,0,0,0
0.7,800000,1025,11,853f3c8a23def953960f8a2d7c82d91ce1a2a007bc0ba242be48f377d6f98162,497b8822afdb329df7e593163c058667365610ead0920b891c63d218ed3d89d0,Decoupled,1,0,,,,,,0,0
0.7,800000,1025,11,853f3c8a23def953960f8a2d7c82d91ce1a2a007bc0ba242be48f377d6f98162,497b8822afdb329df7e593163c058667365610ead0920b891c63d218ed3d89d0,Decoupled,2,-377143,,,,,,0,0
0.7,800000,1025,11,853f3c8a23def953960f8a2d7c82d91ce1a2a007bc0ba242be48f377d6f98162,497b8822afdb329df7e593163c058667365610ead0920b891c63d218ed3d89d0,Decoupled,3,422857,,,,,,0,0
0.7,800000,1025,11,853f3c8a23def953960f8a2d7c82d91ce1a2a007bc0ba242be48f377d6f98162,497b8822afdb329df7e593163c058667365610ead0920b891c63d218ed3d89d0,Decoupled,4,0,,,,,,0,0
0.7,800000,1026,7,4f9beb7171cd002defa39d72541903606cacf16a7b1b137841dc5613d77cfe75,497b8822afdb329df7e593163c058667365610ead0920b891c63d218ed3d89d0,No-Dq-R,1,0,0.0,0.0,0.0,0,0,0,0
0.7,800000,1026,7,4f9beb7171cd002defa39d72541903606cacf16a7b1b137841dc5613d77cfe75,497b8822afdb329df7e593163c058667365610ead0920b891c63d218ed3d89d0,No-Dq-R,2,-1009071,0.06349469009855746,0.059409927377353344,1.0,1,0,0,0
0.7,800000,1026,7,4f9beb7171cd002defa39d72541903606cacf16a7b1b137841dc5613d77cfe75,497b8822afdb329df7e593163c058667365610ead0920b891c63d218ed3d89d0,No-Dq-R,3,-1390929,0.06237515333731808,0.06444895691295971,0,0,0,0,0
0.7,800000,1026,7,4f9beb7171cd002defa39d72541903606cacf16a7b1b137841dc5613d77cfe75,497b8822afdb329df7e593163c058667365610ead0920b891c63d218ed3d89d0,No-Dq-R,4,-2354286,0.05154929768778399,0.06298535112362885,0,0,0,0,0
0.7,800000,1026,7,4f9beb7171cd002defa39d72541903606cacf16a7b1b137841dc5613d77cfe75,497b8822afdb329df7e593163c058667365610ead0920b891c63d218ed3d89d0,Fixed-Dc,1,-390976,0.020548265749705807,0.018749596201743657,0.0,0,0,0,0
0.7,800000,1026,7,4f9beb7171cd002defa39d72541903606cacf16a7b1b137841dc5613d77cfe75,497b8822afdb329df7e593163c058667365610ead0920b891c63d218ed3d89d0,Fixed-Dc,2,31881,-0.0010776714693780942,-0.0008967049763552448,0,0,0,0,0
0.7,800000,1026,7,4f9beb7171cd002defa39d72541903606cacf16a7b1b137841dc5613d77cfe75,497b8822afdb329df7e593163c058667365610ead0920b891c63d218ed3d89d0,Fixed-Dc,3,240952,-0.0026235085104842626,-0.0039326975043915136,0,0,0,0,0
0.7,800000,1026,7,4f9beb7171cd002defa39d72541903606cacf16a7b1b137841dc5613d77cfe75,497b8822afdb329df7e593163c058667365610ead0920b891c63d218ed3d89d0,Fixed-Dc,4,-299548,0.0009207519167288014,0.0026858768215903828,0,0,0,0,0
0.7,800000,1026,7,4f9beb7171cd002defa39d72541903606cacf16a7b1b137841dc5613d77cfe75,497b8822afdb329df7e593163c058667365610ead0920b891c63d218ed3d89d0,Decoupled,1,0,,,,,,0,0
0.7,800000,1026,7,4f9beb7171cd002defa39d72541903606cacf16a7b1b137841dc5613d77cfe75,497b8822afdb329df7e593163c058667365610ead0920b891c63d218ed3d89d0,Decoupled,2,-209071,,,,,,0,0
0.7,800000,1026,7,4f9beb7171cd002defa39d72541903606cacf16a7b1b137841dc5613d77cfe75,497b8822afdb329df7e593163c058667365610ead0920b891c63d218ed3d89d0,Decoupled,3,209071,,,,,,0,0
0.7,800000,1026,7,4f9beb7171cd002defa39d72541903606cacf16a7b1b137841dc5613d77cfe75,497b8822afdb329df7e593163c058667365610ead0920b891c63d218ed3d89d0,Decoupled,4,45714,,,,,,0,0
0.7,800000,1026,11,4f9beb7171cd002defa39d72541903606cacf16a7b1b137841dc5613d77cfe75,497b8822afdb329df7e593163c058667365610ead0920b891c63d218ed3d89d0,No-Dq-R,1,0,0.0,0.0,0.0,0,0,0,0
0.7,800000,1026,11,4f9beb7171cd002defa39d72541903606cacf16a7b1b137841dc5613d77cfe75,497b8822afdb329df7e593163c058667365610ead0920b891c63d218ed3d89d0,No-Dq-R,2,-1009071,0.06349469009855746,0.059409927377353344,1.0,1,0,0,0
0.7,800000,1026,11,4f9beb7171cd002defa39d72541903606cacf16a7b1b137841dc5613d77cfe75,497b8822afdb329df7e593163c058667365610ead0920b891c63d218ed3d89d0,No-Dq-R,3,-1390929,0.05779832063521578,0.06444895691295971,0,0,0,0,0
0.7,800000,1026,11,4f9beb7171cd002defa39d72541903606cacf16a7b1b137841dc5613d77cfe75,497b8822afdb329df7e593163c058667365610ead0920b891c63d218ed3d89d0,No-Dq-R,4,-2354286,0.05154929768778399,0.06298535112362885,0,0,0,0,0
0.7,800000,1026,11,4f9beb7171cd002defa39d72541903606cacf16a7b1b137841dc5613d77cfe75,497b8822afdb329df7e593163c058667365610ead0920b891c63d218ed3d89d0,Fixed-Dc,1,-390976,0.016637275883515157,0.018749596201743657,0.0,0,0,0,0
0.7,800000,1026,11,4f9beb7171cd002defa39d72541903606cacf16a7b1b137841dc5613d77cfe75,497b8822afdb329df7e593163c058667365610ead0920b891c63d218ed3d89d0,Fixed-Dc,2,31881,-0.0010776714693780942,-0.0008967049763552448,0,0,0,0,0
0.7,800000,1026,11,4f9beb7171cd002defa39d72541903606cacf16a7b1b137841dc5613d77cfe75,497b8822afdb329df7e593163c058667365610ead0920b891c63d218ed3d89d0,Fixed-Dc,3,240952,-0.0025315239860609906,-0.0039326975043915136,0,0,0,0,0
0.7,800000,1026,11,4f9beb7171cd002defa39d72541903606cacf16a7b1b137841dc5613d77cfe75,497b8822afdb329df7e593163c058667365610ead0920b891c63d218ed3d89d0,Fixed-Dc,4,-299548,0.0009207519167288014,0.0026858768215903828,0,0,0,0,0
0.7,800000,1026,11,4f9beb7171cd002defa39d72541903606cacf16a7b1b137841dc5613d77cfe75,497b8822afdb329df7e593163c058667365610ead0920b891c63d218ed3d89d0,Decoupled,1,0,,,,,,0,0
0.7,800000,1026,11,4f9beb7171cd002defa39d72541903606cacf16a7b1b137841dc5613d77cfe75,497b8822afdb329df7e593163c058667365610ead0920b891c63d218ed3d89d0,Decoupled,2,-209071,,,,,,0,0
0.7,800000,1026,11,4f9beb7171cd002defa39d72541903606cacf16a7b1b137841dc5613d77cfe75,497b8822afdb329df7e593163c058667365610ead0920b891c63d218ed3d89d0,Decoupled,3,209071,,,,,,0,0
0.7,800000,1026,11,4f9beb7171cd002defa39d72541903606cacf16a7b1b137841dc5613d77cfe75,497b8822afdb329df7e593163c058667365610ead0920b891c63d218ed3d89d0,Decoupled,4,45714,,,,,,0,0
0.7,800000,1027,7,0039537975e34c1ef2c975350f31fd19fa3f26b76e0d41ed133c6faabceee92f,497b8822afdb329df7e593163c058667365610ead0920b891c63d218ed3d89d0,No-Dq-R,1,0,0.0,0.0,0.0,0,0,0,0
0.7,800000,1027,7,0039537975e34c1ef2c975350f31fd19fa3f26b76e0d41ed133c6faabceee92f,497b8822afdb329df7e593163c058667365610ead0920b891c63d218ed3d89d0,No-Dq-R,2,-997981,0.06311880627544003,0.05909688845459027,1.0,1,0,0,0
0.7,800000,1027,7,0039537975e34c1ef2c975350f31fd19fa3f26b76e0d41ed133c6faabceee92f,497b8822afdb329df7e593163c058667365610ead0920b891c63d218ed3d89d0,No-Dq-R,3,-1402019,0.06275985296395337,0.06476199583572279,0,0,0,0,0
0.7,800000,1027,7,0039537975e34c1ef2c975350f31fd19fa3f26b76e0d41ed133c6faabceee92f,497b8822afdb329df7e593163c058667365610ead0920b891c63d218ed3d89d0,No-Dq-R,4,-2354286,0.051675185807382173,0.06311030219699648,0,0,0,0,0
0.7,800000,1027,7,0039537975e34c1ef2c975350f31fd19fa3f26b76e0d41ed133c6faabceee92f,497b8822afdb329df7e593163c058667365610ead0920b891c63d218ed3d89d0,Fixed-Dc,1,-379886,0.01998130800194442,0.018234945772285793,0.0,0,0,0,0
0.7,800000,1027,7,0039537975e34c1ef2c975350f31fd19fa3f26b76e0d41ed133c6faabceee92f,497b8822afdb329df7e593163c058667365610ead0920b891c63d218ed3d89d0,Fixed-Dc,2,42971,-0.001453555292495523,-0.0012097438991183207,0,0,0,0,0
0.7,800000,1027,7,0039537975e34c1ef2c975350f31fd19fa3f26b76e0d41ed133c6faabceee92f,497b8822afdb329df7e593163c058667365610ead0920b891c63d218ed3d89d0,Fixed-Dc,3,240952,-0.0026235085104842626,-0.0039326975043915136,0,0,0,0,0
0.7,800000,1027,7,0039537975e34c1ef2c975350f31fd19fa3f26b76e0d41ed133c6faabceee92f,497b8822afdb329df7e593163c058667365610ead0920b891c63d218ed3d89d0,Fixed-Dc,4,-288458,0.0008889777893264506,0.0025885851786384695,0,0,0,0,0
0.7,800000,1027,7,0039537975e34c1ef2c975350f31fd19fa3f26b76e0d41ed133c6faabceee92f,497b8822afdb329df7e593163c058667365610ead0920b891c63d218ed3d89d0,Decoupled,1,0,,,,,,0,0
0.7,800000,1027,7,0039537975e34c1ef2c975350f31fd19fa3f26b76e0d41ed133c6faabceee92f,497b8822afdb329df7e593163c058667365610ead0920b891c63d218ed3d89d0,Decoupled,2,-197981,,,,,,0,0
0.7,800000,1027,7,0039537975e34c1ef2c975350f31fd19fa3f26b76e0d41ed133c6faabceee92f,497b8822afdb329df7e593163c058667365610ead0920b891c63d218ed3d89d0,Decoupled,3,197981,,,,,,0,0
0.7,800000,1027,7,0039537975e34c1ef2c975350f31fd19fa3f26b76e0d41ed133c6faabceee92f,497b8822afdb329df7e593163c058667365610ead0920b891c63d218ed3d89d0,Decoupled,4,45714,,,,,,0,0
0.7,800000,1027,11,0039537975e34c1ef2c975350f31fd19fa3f26b76e0d41ed133c6faabceee92f,497b8822afdb329df7e593163c058667365610ead0920b891c63d218ed3d89d0,No-Dq-R,1,0,0.0,0.0,0.0,0,0,0,0
0.7,800000,1027,11,0039537975e34c1ef2c975350f31fd19fa3f26b76e0d41ed133c6faabceee92f,497b8822afdb329df7e593163c058667365610ead0920b891c63d218ed3d89d0,No-Dq-R,2,-997981,0.06311880627544003,0.05909688845459027,1.0,1,0,0,0
0.7,800000,1027,11,0039537975e34c1ef2c975350f31fd19fa3f26b76e0d41ed133c6faabceee92f,497b8822afdb329df7e593163c058667365610ead0920b891c63d218ed3d89d0,No-Dq-R,3,-1402019,0.058048979799679046,0.06476199583572279,0,0,0,0,0
0.7,800000,1027,11,0039537975e34c1ef2c975350f31fd19fa3f26b76e0d41ed133c6faabceee92f,497b8822afdb329df7e593163c058667365610ead0920b891c63d218ed3d89d0,No-Dq-R,4,-2354286,0.051675185807382173,0.06311030219699648,0,0,0,0,0
0.7,800000,1027,11,0039537975e34c1ef2c975350f31fd19fa3f26b76e0d41ed133c6faabceee92f,497b8822afdb329df7e593163c058667365610ead0920b891c63d218ed3d89d0,Fixed-Dc,1,-379886,0.01618316521781915,0.018234945772285793,0.0,0,0,0,0
0.7,800000,1027,11,0039537975e34c1ef2c975350f31fd19fa3f26b76e0d41ed133c6faabceee92f,497b8822afdb329df7e593163c058667365610ead0920b891c63d218ed3d89d0,Fixed-Dc,2,42971,-0.001453555292495523,-0.0012097438991183207,0,0,0,0,0
0.7,800000,1027,11,0039537975e34c1ef2c975350f31fd19fa3f26b76e0d41ed133c6faabceee92f,497b8822afdb329df7e593163c058667365610ead0920b891c63d218ed3d89d0,Fixed-Dc,3,240952,-0.0025315239860609906,-0.0039326975043915136,0,0,0,0,0
0.7,800000,1027,11,0039537975e34c1ef2c975350f31fd19fa3f26b76e0d41ed133c6faabceee92f,497b8822afdb329df7e593163c058667365610ead0920b891c63d218ed3d89d0,Fixed-Dc,4,-288458,0.0008889777893264506,0.0025885851786384695,0,0,0,0,0
0.7,800000,1027,11,0039537975e34c1ef2c975350f31fd19fa3f26b76e0d41ed133c6faabceee92f,497b8822afdb329df7e593163c058667365610ead0920b891c63d218ed3d89d0,Decoupled,1,0,,,,,,0,0
0.7,800000,1027,11,0039537975e34c1ef2c975350f31fd19fa3f26b76e0d41ed133c6faabceee92f,497b8822afdb329df7e593163c058667365610ead0920b891c63d218ed3d89d0,Decoupled,2,-197981,,,,,,0,0
0.7,800000,1027,11,0039537975e34c1ef2c975350f31fd19fa3f26b76e0d41ed133c6faabceee92f,497b8822afdb329df7e593163c058667365610ead0920b891c63d218ed3d89d0,Decoupled,3,197981,,,,,,0,0
0.7,800000,1027,11,0039537975e34c1ef2c975350f31fd19fa3f26b76e0d41ed133c6faabceee92f,497b8822afdb329df7e593163c058667365610ead0920b891c63d218ed3d89d0,Decoupled,4,45714,,,,,,0,0
0.7,800000,1028,7,17bff520a75b9b26f94ce19e2151fc12de1255bf5e71a07c915d47a4b732f0ce,497b8822afdb329df7e593163c058667365610ead0920b891c63d218ed3d89d0,No-Dq-R,1,0,0.0,0.0,0.0,0,0,0,0
0.7,800000,1028,7,17bff520a75b9b26f94ce19e2151fc12de1255bf5e71a07c915d47a4b732f0ce,497b8822afdb329df7e593163c058667365610ead0920b891c63d218ed3d89d0,No-Dq-R,2,-51568,0.02516316755261616,0.026133046539837612,0.23011782791560875,0,0,0,0
0.7,800000,1028,7,17bff520a75b9b26f94ce19e2151fc12de1255bf5e71a07c915d47a4b732f0ce,497b8822afdb329df7e593163c058667365610ead0920b891c63d218ed3d89d0,No-Dq-R,3,-2266286,0.07563032196222785,0.08045023778322413,0,0,0,0,0
0.7,800000,1028,7,17bff520a75b9b26f94ce19e2151fc12de1255bf5e71a07c915d47a4b732f0ce,497b8822afdb329df7e593163c058667365610ead0920b891c63d218ed3d89d0,No-Dq-R,4,-2354286,0.05457428625144911,0.06598533160114411,0,0,0,0,0
0.7,800000,1028,7,17bff520a75b9b26f94ce19e2151fc12de1255bf5e71a07c915d47a4b732f0ce,497b8822afdb329df7e593163c058667365610ead0920b891c63d218ed3d89d0,Fixed-Dc,1,-130337,0.006980156841466023,0.006391089025508778,0.0,0,0,0,0
0.7,800000,1028,7,17bff520a75b9b26f94ce19e2151fc12de1255bf5e71a07c915d47a4b732f0ce,497b8822afdb329df7e593163c058667365610ead0920b891c63d218ed3d89d0,Fixed-Dc,2,240952,-0.00825285050914304,-0.006896418471518673,0,0,0,0,0
0.7,800000,1028,7,17bff520a75b9b26f94ce19e2151fc12de1255bf5e71a07c915d47a4b732f0ce,497b8822afdb329df7e593163c058667365610ead0920b891c63d218ed3d89d0,Fixed-Dc,3,-461766,0.00458097086042869,0.007129433329028156,0,0,0,0,0
0.7,800000,1028,7,17bff520a75b9b26f94ce19e2151fc12de1255bf5e71a07c915d47a4b732f0ce,497b8822afdb329df7e593163c058667365610ead0920b891c63d218ed3d89d0,Fixed-Dc,4,-38909,0.00012705028017351294,0.00035577724647567477,0,0,0,0,0
0.7,800000,1028,7,17bff520a75b9b26f94ce19e2151fc12de1255bf5e71a07c915d47a4b732f0ce,497b8822afdb329df7e593163c058667365610ead0920b891c63d218ed3d89d0,Decoupled,1,0,,,,,,0,0
0.7,800000,1028,7,17bff520a75b9b26f94ce19e2151fc12de1255bf5e71a07c915d47a4b732f0ce,497b8822afdb329df7e593163c058667365610ead0920b891c63d218ed3d89d0,Decoupled,2,748432,,,,,,0,0
0.7,800000,1028,7,17bff520a75b9b26f94ce19e2151fc12de1255bf5e71a07c915d47a4b732f0ce,497b8822afdb329df7e593163c058667365610ead0920b891c63d218ed3d89d0,Decoupled,3,-666286,,,,,,0,0
0.7,800000,1028,7,17bff520a75b9b26f94ce19e2151fc12de1255bf5e71a07c915d47a4b732f0ce,497b8822afdb329df7e593163c058667365610ead0920b891c63d218ed3d89d0,Decoupled,4,45714,,,,,,0,0
0.7,800000,1028,11,17bff520a75b9b26f94ce19e2151fc12de1255bf5e71a07c915d47a4b732f0ce,497b8822afdb329df7e593163c058667365610ead0920b891c63d218ed3d89d0,No-Dq-R,1,0,0.0,0.0,0.0,0,0,0,0
0.7,800000,1028,11,17bff520a75b9b26f94ce19e2151fc12de1255bf5e71a07c915d47a4b732f0ce,497b8822afdb329df7e593163c058667365610ead0920b891c63d218ed3d89d0,No-Dq-R,2,-51568,0.02516316755261616,0.026133046539837612,0.23011782791560875,0,0,0,0
0.7,800000,1028,11,17bff520a75b9b26f94ce19e2151fc12de1255bf5e71a07c915d47a4b732f0ce,497b8822afdb329df7e593163c058667365610ead0920b891c63d218ed3d89d0,No-Dq-R,3,-2266286,0.06871801027325447,0.08045023778322413,0,0,0,0,0
0.7,800000,1028,11,17bff520a75b9b26f94ce19e2151fc12de1255bf5e71a07c915d47a4b732f0ce,497b8822afdb329df7e593163c058667365610ead0920b891c63d218ed3d89d0,No-Dq-R,4,-2354286,0.05457428625144911,0.06598533160114411,0,0,0,0,0
0.7,800000,1028,11,17bff520a75b9b26f94ce19e2151fc12de1255bf5e71a07c915d47a4b732f0ce,497b8822afdb329df7e593163c058667365610ead0920b891c63d218ed3d89d0,Fixed-Dc,1,-130337,0.005692017876194333,0.006391089025508778,0.0,0,0,0,0
0.7,800000,1028,11,17bff520a75b9b26f94ce19e2151fc12de1255bf5e71a07c915d47a4b732f0ce,497b8822afdb329df7e593163c058667365610ead0920b891c63d218ed3d89d0,Fixed-Dc,2,240952,-0.00825285050914304,-0.006896418471518673,0,0,0,0,0
0.7,800000,1028,11,17bff520a75b9b26f94ce19e2151fc12de1255bf5e71a07c915d47a4b732f0ce,497b8822afdb329df7e593163c058667365610ead0920b891c63d218ed3d89d0,Fixed-Dc,3,-461766,0.004416609459242993,0.007129433329028156,0,0,0,0,0
0.7,800000,1028,11,17bff520a75b9b26f94ce19e2151fc12de1255bf5e71a07c915d47a4b732f0ce,497b8822afdb329df7e593163c058667365610ead0920b891c63d218ed3d89d0,Fixed-Dc,4,-38909,0.00012705028017351294,0.00035577724647567477,0,0,0,0,0
0.7,800000,1028,11,17bff520a75b9b26f94ce19e2151fc12de1255bf5e71a07c915d47a4b732f0ce,497b8822afdb329df7e593163c058667365610ead0920b891c63d218ed3d89d0,Decoupled,1,0,,,,,,0,0
0.7,800000,1028,11,17bff520a75b9b26f94ce19e2151fc12de1255bf5e71a07c915d47a4b732f0ce,497b8822afdb329df7e593163c058667365610ead0920b891c63d218ed3d89d0,Decoupled,2,748432,,,,,,0,0
0.7,800000,1028,11,17bff520a75b9b26f94ce19e2151fc12de1255bf5e71a07c915d47a4b732f0ce,497b8822afdb329df7e593163c058667365610ead0920b891c63d218ed3d89d0,Decoupled,3,-666286,,,,,,0,0
0.7,800000,1028,11,17bff520a75b9b26f94ce19e2151fc12de1255bf5e71a07c915d47a4b732f0ce,497b8822afdb329df7e593163c058667365610ead0920b891c63d218ed3d89d0,Decoupled,4,45714,,,,,,0,0
0.7,800000,1029,7,8b65d1e69f21878bccddafa042ae6a6f7cf576c12dddc9c0d6863f18d8c8ef32,497b8822afdb329df7e593163c058667365610ead0920b891c63d218ed3d89d0,No-Dq-R,1,0,0.0,0.0,0.0,0,0,0,0
0.7,800000,1029,7,8b65d1e69f21878bccddafa042ae6a6f7cf576c12dddc9c0d6863f18d8c8ef32,497b8822afdb329df7e593163c058667365610ead0920b891c63d218ed3d89d0,No-Dq-R,2,-1177143,0.06478169009426049,0.05942671270406302,1.0,1,0,0,0
0.7,800000,1029,7,8b65d1e69f21878bccddafa042ae6a6f7cf576c12dddc9c0d6863f18d8c8ef32,497b8822afdb329df7e593163c058667365610ead0920b891c63d218ed3d89d0,No-Dq-R,3,-1177143,0.046615312012404764,0.054640145716914945,0,0,0,0,0
0.7,800000,1029,7,8b65d1e69f21878bccddafa042ae6a6f7cf576c12dddc9c0d6863f18d8c8ef32,497b8822afdb329df7e593163c058667365610ead0920b891c63d218ed3d89d0,No-Dq-R,4,-2309660,0.05726494383679187,0.06838689724738306,0,0,0,0,0
0.7,800000,1029,7,8b65d1e69f21878bccddafa042ae6a6f7cf576c12dddc9c0d6863f18d8c8ef32,497b8822afdb329df7e593163c058667365610ead0920b891c63d218ed3d89d0,Fixed-Dc,1,192898,-0.010578155427068303,-0.009726364184661551,0.0,0,0,0,0
0.7,800000,1029,7,8b65d1e69f21878bccddafa042ae6a6f7cf576c12dddc9c0d6863f18d8c8ef32,497b8822afdb329df7e593163c058667365610ead0920b891c63d218ed3d89d0,Fixed-Dc,2,-561388,0.018296002843351755,0.015038596769891,0,0,0,0,0
0.7,800000,1029,7,8b65d1e69f21878bccddafa042ae6a6f7cf576c12dddc9c0d6863f18d8c8ef32,497b8822afdb329df7e593163c058667365610ead0920b891c63d218ed3d89d0,Fixed-Dc,3,-138531,0.00143453585514286,0.0021937930458099664,0,0,0,0,0
0.7,800000,1029,7,8b65d1e69f21878bccddafa042ae6a6f7cf576c12dddc9c0d6863f18d8c8ef32,497b8822afdb329df7e593163c058667365610ead0920b891c63d218ed3d89d0,Fixed-Dc,4,240952,-0.0008380264446201657,-0.0022505817160430874,0,0,0,0,0
0.7,800000,1029,7,8b65d1e69f21878bccddafa042ae6a6f7cf576c12dddc9c0d6863f18d8c8ef32,497b8822afdb329df7e593163c058667365610ead0920b891c63d218ed3d89d0,Decoupled,1,0,,,,,,0,0
0.7,800000,1029,7,8b65d1e69f21878bccddafa042ae6a6f7cf576c12dddc9c0d6863f18d8c8ef32,497b8822afdb329df7e593163c058667365610ead0920b891c63d218ed3d89d0,Decoupled,2,-377143,,,,,,0,0
0.7,800000,1029,7,8b65d1e69f21878bccddafa042ae6a6f7cf576c12dddc9c0d6863f18d8c8ef32,497b8822afdb329df7e593163c058667365610ead0920b891c63d218ed3d89d0,Decoupled,3,422857,,,,,,0,0
0.7,800000,1029,7,8b65d1e69f21878bccddafa042ae6a6f7cf576c12dddc9c0d6863f18d8c8ef32,497b8822afdb329df7e593163c058667365610ead0920b891c63d218ed3d89d0,Decoupled,4,90340,,,,,,0,0
0.7,800000,1029,11,8b65d1e69f21878bccddafa042ae6a6f7cf576c12dddc9c0d6863f18d8c8ef32,497b8822afdb329df7e593163c058667365610ead0920b891c63d218ed3d89d0,No-Dq-R,1,0,0.0,0.0,0.0,0,0,0,0
0.7,800000,1029,11,8b65d1e69f21878bccddafa042ae6a6f7cf576c12dddc9c0d6863f18d8c8ef32,497b8822afdb329df7e593163c058667365610ead0920b891c63d218ed3d89d0,No-Dq-R,2,-1177143,0.06478169009426049,0.05942671270406302,1.0,1,0,0,0
0.7,800000,1029,11,8b65d1e69f21878bccddafa042ae6a6f7cf576c12dddc9c0d6863f18d8c8ef32,497b8822afdb329df7e593163c058667365610ead0920b891c63d218ed3d89d0,No-Dq-R,3,-1177143,0.04915775297736241,0.054640145716914945,0,0,0,0,0
0.7,800000,1029,11,8b65d1e69f21878bccddafa042ae6a6f7cf576c12dddc9c0d6863f18d8c8ef32,497b8822afdb329df7e593163c058667365610ead0920b891c63d218ed3d89d0,No-Dq-R,4,-2309660,0.05726494383679187,0.06838689724738306,0,0,0,0,0
0.7,800000,1029,11,8b65d1e69f21878bccddafa042ae6a6f7cf576c12dddc9c0d6863f18d8c8ef32,497b8822afdb329df7e593163c058667365610ead0920b891c63d218ed3d89d0,Fixed-Dc,1,192898,-0.008701390345632332,-0.009726364184661551,0.0,0,0,0,0
0.7,800000,1029,11,8b65d1e69f21878bccddafa042ae6a6f7cf576c12dddc9c0d6863f18d8c8ef32,497b8822afdb329df7e593163c058667365610ead0920b891c63d218ed3d89d0,Fixed-Dc,2,-561388,0.018296002843351755,0.015038596769891,0,0,0,0,0
0.7,800000,1029,11,8b65d1e69f21878bccddafa042ae6a6f7cf576c12dddc9c0d6863f18d8c8ef32,497b8822afdb329df7e593163c058667365610ead0920b891c63d218ed3d89d0,Fixed-Dc,3,-138531,0.0013836236003271773,0.0021937930458099664,0,0,0,0,0
0.7,800000,1029,11,8b65d1e69f21878bccddafa042ae6a6f7cf576c12dddc9c0d6863f18d8c8ef32,497b8822afdb329df7e593163c058667365610ead0920b891c63d218ed3d89d0,Fixed-Dc,4,240952,-0.0008380264446201657,-0.0022505817160430874,0,0,0,0,0
0.7,800000,1029,11,8b65d1e69f21878bccddafa042ae6a6f7cf576c12dddc9c0d6863f18d8c8ef32,497b8822afdb329df7e593163c058667365610ead0920b891c63d218ed3d89d0,Decoupled,1,0,,,,,,0,0
0.7,800000,1029,11,8b65d1e69f21878bccddafa042ae6a6f7cf576c12dddc9c0d6863f18d8c8ef32,497b8822afdb329df7e593163c058667365610ead0920b891c63d218ed3d89d0,Decoupled,2,-377143,,,,,,0,0
0.7,800000,1029,11,8b65d1e69f21878bccddafa042ae6a6f7cf576c12dddc9c0d6863f18d8c8ef32,497b8822afdb329df7e593163c058667365610ead0920b891c63d218ed3d89d0,Decoupled,3,422857,,,,,,0,0
0.7,800000,1029,11,8b65d1e69f21878bccddafa042ae6a6f7cf576c12dddc9c0d6863f18d8c8ef32,497b8822afdb329df7e593163c058667365610ead0920b891c63d218ed3d89d0,Decoupled,4,90340,,,,,,0,0
0.7,800000,1030,7,9378ac64ad84aac87faf02f6e7b0c8a1c22a550833e1f535614b29df5526b1c5,497b8822afdb329df7e593163c058667365610ead0920b891c63d218ed3d89d0,No-Dq-R,1,0,0.0,0.0,0.0,0,0,0,0
0.7,800000,1030,7,9378ac64ad84aac87faf02f6e7b0c8a1c22a550833e1f535614b29df5526b1c5,497b8822afdb329df7e593163c058667365610ead0920b891c63d218ed3d89d0,No-Dq-R,2,-1071747,0.06560925343973922,0.06116829738990626,1.0,1,0,0,0
0.7,800000,1030,7,9378ac64ad84aac87faf02f6e7b0c8a1c22a550833e1f535614b29df5526b1c5,497b8822afdb329df7e593163c058667365610ead0920b891c63d218ed3d89d0,No-Dq-R,3,-1328253,0.06021113265488154,0.0626905869004068,0,0,0,0,0
0.7,800000,1030,7,9378ac64ad84aac87faf02f6e7b0c8a1c22a550833e1f535614b29df5526b1c5,497b8822afdb329df7e593163c058667365610ead0920b891c63d218ed3d89d0,No-Dq-R,4,-2354286,0.05084245728709241,0.062283596162725274,0,0,0,0,0
0.7,800000,1030,7,9378ac64ad84aac87faf02f6e7b0c8a1c22a550833e1f535614b29df5526b1c5,497b8822afdb329df7e593163c058667365610ead0920b891c63d218ed3d89d0,Fixed-Dc,1,-453652,0.023735512851355223,0.02163984867989499,0.0,0,0,0,0
0.7,800000,1030,7,9378ac64ad84aac87faf02f6e7b0c8a1c22a550833e1f535614b29df5526b1c5,497b8822afdb329df7e593163c058667365610ead0920b891c63d218ed3d89d0,Fixed-Dc,2,-30795,0.001036891871803669,0.0008616650361976674,0,0,0,0,0
0.7,800000,1030,7,9378ac64ad84aac87faf02f6e7b0c8a1c22a550833e1f535614b29df5526b1c5,497b8822afdb329df7e593163c058667365610ead0920b891c63d218ed3d89d0,Fixed-Dc,3,240952,-0.0026235085104842626,-0.0039326975043915136,0,0,0,0,0
0.7,800000,1030,7,9378ac64ad84aac87faf02f6e7b0c8a1c22a550833e1f535614b29df5526b1c5,497b8822afdb329df7e593163c058667365610ead0920b891c63d218ed3d89d0,Fixed-Dc,4,-362224,0.0010970559709339023,0.0032326910108597118,0,0,0,0,0
0.7,800000,1030,7,9378ac64ad84aac87faf02f6e7b0c8a1c22a550833e1f535614b29df5526b1c5,497b8822afdb329df7e593163c058667365610ead0920b891c63d218ed3d89d0,Decoupled,1,0,,,,,,0,0
0.7,800000,1030,7,9378ac64ad84aac87faf02f6e7b0c8a1c22a550833e1f535614b29df5526b1c5,497b8822afdb329df7e593163c058667365610ead0920b891c63d218ed3d89d0,Decoupled,2,-271747,,,,,,0,0
0.7,800000,1030,7,9378ac64ad84aac87faf02f6e7b0c8a1c22a550833e1f535614b29df5526b1c5,497b8822afdb329df7e593163c058667365610ead0920b891c63d218ed3d89d0,Decoupled,3,271747,,,,,,0,0
0.7,800000,1030,7,9378ac64ad84aac87faf02f6e7b0c8a1c22a550833e1f535614b29df5526b1c5,497b8822afdb329df7e593163c058667365610ead0920b891c63d218ed3d89d0,Decoupled,4,45714,,,,,,0,0
0.7,800000,1030,11,9378ac64ad84aac87faf02f6e7b0c8a1c22a550833e1f535614b29df5526b1c5,497b8822afdb329df7e593163c058667365610ead0920b891c63d218ed3d89d0,No-Dq-R,1,0,0.0,0.0,0.0,0,0,0,0
0.7,800000,1030,11,9378ac64ad84aac87faf02f6e7b0c8a1c22a550833e1f535614b29df5526b1c5,497b8822afdb329df7e593163c058667365610ead0920b891c63d218ed3d89d0,No-Dq-R,2,-1071747,0.06560925343973922,0.06116829738990626,1.0,1,0,0,0
0.7,800000,1030,11,9378ac64ad84aac87faf02f6e7b0c8a1c22a550833e1f535614b29df5526b1c5,497b8822afdb329df7e593163c058667365610ead0920b891c63d218ed3d89d0,No-Dq-R,3,-1328253,0.05639306245589848,0.0626905869004068,0,0,0,0,0
0.7,800000,1030,11,9378ac64ad84aac87faf02f6e7b0c8a1c22a550833e1f535614b29df5526b1c5,497b8822afdb329df7e593163c058667365610ead0920b891c63d218ed3d89d0,No-Dq-R,4,-2354286,0.05084245728709241,0.062283596162725274,0,0,0,0,0
0.7,800000,1030,11,9378ac64ad84aac87faf02f6e7b0c8a1c22a550833e1f535614b29df5526b1c5,497b8822afdb329df7e593163c058667365610ead0920b891c63d218ed3d89d0,Fixed-Dc,1,-453652,0.019184714991352214,0.02163984867989499,0.0,0,0,0,0
0.7,800000,1030,11,9378ac64ad84aac87faf02f6e7b0c8a1c22a550833e1f535614b29df5526b1c5,497b8822afdb329df7e593163c058667365610ead0920b891c63d218ed3d89d0,Fixed-Dc,2,-30795,0.001036891871803669,0.0008616650361976674,0,0,0,0,0
0.7,800000,1030,11,9378ac64ad84aac87faf02f6e7b0c8a1c22a550833e1f535614b29df5526b1c5,497b8822afdb329df7e593163c058667365610ead0920b891c63d218ed3d89d0,Fixed-Dc,3,240952,-0.0025315239860609906,-0.0039326975043915136,0,0,0,0,0
0.7,800000,1030,11,9378ac64ad84aac87faf02f6e7b0c8a1c22a550833e1f535614b29df5526b1c5,497b8822afdb329df7e593163c058667365610ead0920b891c63d218ed3d89d0,Fixed-Dc,4,-362224,0.0010970559709339023,0.0032326910108597118,0,0,0,0,0
0.7,800000,1030,11,9378ac64ad84aac87faf02f6e7b0c8a1c22a550833e1f535614b29df5526b1c5,497b8822afdb329df7e593163c058667365610ead0920b891c63d218ed3d89d0,Decoupled,1,0,,,,,,0,0
0.7,800000,1030,11,9378ac64ad84aac87faf02f6e7b0c8a1c22a550833e1f535614b29df5526b1c5,497b8822afdb329df7e593163c058667365610ead0920b891c63d218ed3d89d0,Decoupled,2,-271747,,,,,,0,0
0.7,800000,1030,11,9378ac64ad84aac87faf02f6e7b0c8a1c22a550833e1f535614b29df5526b1c5,497b8822afdb329df7e593163c058667365610ead0920b891c63d218ed3d89d0,Decoupled,3,271747,,,,,,0,0
0.7,800000,1030,11,9378ac64ad84aac87faf02f6e7b0c8a1c22a550833e1f535614b29df5526b1c5,497b8822afdb329df7e593163c058667365610ead0920b891c63d218ed3d89d0,Decoupled,4,45714,,,,,,0,0
0.7,800000,1031,7,23cde93e0c4cf69c4e5a5dab357d3c47a82c10d56c925e35ac5cae359eeb0f0a,497b8822afdb329df7e593163c058667365610ead0920b891c63d218ed3d89d0,No-Dq-R,1,0,0.0,0.0,0.0,0,0,0,0
0.7,800000,1031,7,23cde93e0c4cf69c4e5a5dab357d3c47a82c10d56c925e35ac5cae359eeb0f0a,497b8822afdb329df7e593163c058667365610ead0920b891c63d218ed3d89d0,No-Dq-R,2,-933771,0.060932170619189874,0.05727304168265729,1.0,1,0,0,0
0.7,800000,1031,7,23cde93e0c4cf69c4e5a5dab357d3c47a82c10d56c925e35ac5cae359eeb0f0a,497b8822afdb329df7e593163c058667365610ead0920b891c63d218ed3d89d0,No-Dq-R,3,-1466229,0.06499791739270583,0.06658584260765577,0,0,0,0,0
0.7,800000,1031,7,23cde93e0c4cf69c4e5a5dab357d3c47a82c10d56c925e35ac5cae359eeb0f0a,497b8822afdb329df7e593163c058667365610ead0920b891c63d218ed3d89d0,No-Dq-R,4,-2354286,0.052408943200856484,0.06383841337126167,0,0,0,0,0
0.7,800000,1031,7,23cde93e0c4cf69c4e5a5dab357d3c47a82c10d56c925e35ac5cae359eeb0f0a,497b8822afdb329df7e593163c058667365610ead0920b891c63d218ed3d89d0,Fixed-Dc,1,-315676,0.016680792956005996,0.015235834223532696,0.0,0,0,0,0
0.7,800000,1031,7,23cde93e0c4cf69c4e5a5dab357d3c47a82c10d56c925e35ac5cae359eeb0f0a,497b8822afdb329df7e593163c058667365610ead0920b891c63d218ed3d89d0,Fixed-Dc,2,107181,-0.0036401909487456807,-0.0030335906710513005,0,0,0,0,0
0.7,800000,1031,7,23cde93e0c4cf69c4e5a5dab357d3c47a82c10d56c925e35ac5cae359eeb0f0a,497b8822afdb329df7e593163c058667365610ead0920b891c63d218ed3d89d0,Fixed-Dc,3,240952,-0.0026235085104842626,-0.0039326975043915136,0,0,0,0,0
0.7,800000,1031,7,23cde93e0c4cf69c4e5a5dab357d3c47a82c10d56c925e35ac5cae359eeb0f0a,497b8822afdb329df7e593163c058667365610ead0920b891c63d218ed3d89d0,Fixed-Dc,4,-224248,0.0007015595861774027,0.0020220746263018285,0,0,0,0,0
0.7,800000,1031,7,23cde93e0c4cf69c4e5a5dab357d3c47a82c10d56c925e35ac5cae359eeb0f0a,497b8822afdb329df7e593163c058667365610ead0920b891c63d218ed3d89d0,Decoupled,1,0,,,,,,0,0
0.7,800000,1031,7,23cde93e0c4cf69c4e5a5dab357d3c47a82c10d56c925e35ac5cae359eeb0f0a,497b8822afdb329df7e593163c058667365610ead0920b891c63d218ed3d89d0,Decoupled,2,-133771,,,,,,0,0
0.7,800000,1031,7,23cde93e0c4cf69c4e5a5dab357d3c47a82c10d56c925e35ac5cae359eeb0f0a,497b8822afdb329df7e593163c058667365610ead0920b891c63d218ed3d89d0,Decoupled,3,133771,,,,,,0,0
0.7,800000,1031,7,23cde93e0c4cf69c4e5a5dab357d3c47a82c10d56c925e35ac5cae359eeb0f0a,497b8822afdb329df7e593163c058667365610ead0920b891c63d218ed3d89d0,Decoupled,4,45714,,,,,,0,0
0.7,800000,1031,11,23cde93e0c4cf69c4e5a5dab357d3c47a82c10d56c925e35ac5cae359eeb0f0a,497b8822afdb329df7e593163c058667365610ead0920b891c63d218ed3d89d0,No-Dq-R,1,0,0.0,0.0,0.0,0,0,0,0
0.7,800000,1031,11,23cde93e0c4cf69c4e5a5dab357d3c47a82c10d56c925e35ac5cae359eeb0f0a,497b8822afdb329df7e593163c058667365610ead0920b891c63d218ed3d89d0,No-Dq-R,2,-933771,0.060932170619189874,0.05727304168265729,1.0,1,0,0,0
0.7,800000,1031,11,23cde93e0c4cf69c4e5a5dab357d3c47a82c10d56c925e35ac5cae359eeb0f0a,497b8822afdb329df7e593163c058667365610ead0920b891c63d218ed3d89d0,No-Dq-R,3,-1466229,0.0595122530305176,0.06658584260765577,0,0,0,0,0
0.7,800000,1031,11,23cde93e0c4cf69c4e5a5dab357d3c47a82c10d56c925e35ac5cae359eeb0f0a,497b8822afdb329df7e593163c058667365610ead0920b891c63d218ed3d89d0,No-Dq-R,4,-2354286,0.052408943200856484,0.06383841337126167,0,0,0,0,0
0.7,800000,1031,11,23cde93e0c4cf69c4e5a5dab357d3c47a82c10d56c925e35ac5cae359eeb0f0a,497b8822afdb329df7e593163c058667365610ead0920b891c63d218ed3d89d0,Fixed-Dc,1,-315676,0.013533868863021326,0.015235834223532696,0.0,0,0,0,0
0.7,800000,1031,11,23cde93e0c4cf69c4e5a5dab357d3c47a82c10d56c925e35ac5cae359eeb0f0a,497b8822afdb329df7e593163c058667365610ead0920b891c63d218ed3d89d0,Fixed-Dc,2,107181,-0.0036401909487456807,-0.0030335906710513005,0,0,0,0,0
0.7,800000,1031,11,23cde93e0c4cf69c4e5a5dab357d3c47a82c10d56c925e35ac5cae359eeb0f0a,497b8822afdb329df7e593163c058667365610ead0920b891c63d218ed3d89d0,Fixed-Dc,3,240952,-0.0025315239860609906,-0.0039326975043915136,0,0,0,0,0
0.7,800000,1031,11,23cde93e0c4cf69c4e5a5dab357d3c47a82c10d56c925e35ac5cae359eeb0f0a,497b8822afdb329df7e593163c058667365610ead0920b891c63d218ed3d89d0,Fixed-Dc,4,-224248,0.0007015595861774027,0.0020220746263018285,0,0,0,0,0
0.7,800000,1031,11,23cde93e0c4cf69c4e5a5dab357d3c47a82c10d56c925e35ac5cae359eeb0f0a,497b8822afdb329df7e593163c058667365610ead0920b891c63d218ed3d89d0,Decoupled,1,0,,,,,,0,0
0.7,800000,1031,11,23cde93e0c4cf69c4e5a5dab357d3c47a82c10d56c925e35ac5cae359eeb0f0a,497b8822afdb329df7e593163c058667365610ead0920b891c63d218ed3d89d0,Decoupled,2,-133771,,,,,,0,0
0.7,800000,1031,11,23cde93e0c4cf69c4e5a5dab357d3c47a82c10d56c925e35ac5cae359eeb0f0a,497b8822afdb329df7e593163c058667365610ead0920b891c63d218ed3d89d0,Decoupled,3,133771,,,,,,0,0
0.7,800000,1031,11,23cde93e0c4cf69c4e5a5dab357d3c47a82c10d56c925e35ac5cae359eeb0f0a,497b8822afdb329df7e593163c058667365610ead0920b891c63d218ed3d89d0,Decoupled,4,45714,,,,,,0,0
0.7,2000000,1000,7,9bba9552815d11cce5f78bc3c2e028ac1a2c5b5ee8af9bfdf09f7f1b4510b655,497b8822afdb329df7e593163c058667365610ead0920b891c63d218ed3d89d0,No-Dq-R,1,0,0.0,0.0,0.0,0,0,0,0
0.7,2000000,1000,7,9bba9552815d11cce5f78bc3c2e028ac1a2c5b5ee8af9bfdf09f7f1b4510b655,497b8822afdb329df7e593163c058667365610ead0920b891c63d218ed3d89d0,No-Dq-R,2,0,0.0,0.0,0,0,0,0,0
0.7,2000000,1000,7,9bba9552815d11cce5f78bc3c2e028ac1a2c5b5ee8af9bfdf09f7f1b4510b655,497b8822afdb329df7e593163c058667365610ead0920b891c63d218ed3d89d0,No-Dq-R,3,0,0.0,0.0,0,0,0,0,0
0.7,2000000,1000,7,9bba9552815d11cce5f78bc3c2e028ac1a2c5b5ee8af9bfdf09f7f1b4510b655,497b8822afdb329df7e593163c058667365610ead0920b891c63d218ed3d89d0,No-Dq-R,4,0,0.0,0.0,0,0,0,0,0
0.7,2000000,1000,7,9bba9552815d11cce5f78bc3c2e028ac1a2c5b5ee8af9bfdf09f7f1b4510b655,497b8822afdb329df7e593163c058667365610ead0920b891c63d218ed3d89d0,Fixed-Dc,1,-59821,0.003220183566443713,0.00295115293499304,0.0,0,0,0,0
0.7,2000000,1000,7,9bba9552815d11cce5f78bc3c2e028ac1a2c5b5ee8af9bfdf09f7f1b4510b655,497b8822afdb329df7e593163c058667365610ead0920b891c63d218ed3d89d0,Fixed-Dc,2,-414107,0.012247302035144791,0.00975498776557071,0,0,0,0,0
0.7,2000000,1000,7,9bba9552815d11cce5f78bc3c2e028ac1a2c5b5ee8af9bfdf09f7f1b4510b655,497b8822afdb329df7e593163c058667365610ead0920b891c63d218ed3d89d0,Fixed-Dc,3,240952,-0.0016298116372193139,-0.002975411927646554,0,0,0,0,0
0.7,2000000,1000,7,9bba9552815d11cce5f78bc3c2e028ac1a2c5b5ee8af9bfdf09f7f1b4510b655,497b8822afdb329df7e593163c058667365610ead0920b891c63d218ed3d89d0,Fixed-Dc,4,54464,-1.1859742871933587e-05,-0.00032846557627419504,0,0,0,0,0
0.7,2000000,1000,7,9bba9552815d11cce5f78bc3c2e028ac1a2c5b5ee8af9bfdf09f7f1b4510b655,497b8822afdb329df7e593163c058667365610ead0920b891c63d218ed3d89d0,Decoupled,1,0,,,,,,0,0
0.7,2000000,1000,7,9bba9552815d11cce5f78bc3c2e028ac1a2c5b5ee8af9bfdf09f7f1b4510b655,497b8822afdb329df7e593163c058667365610ead0920b891c63d218ed3d89d0,Decoupled,2,0,,,,,,0,0
0.7,2000000,1000,7,9bba9552815d11cce5f78bc3c2e028ac1a2c5b5ee8af9bfdf09f7f1b4510b655,497b8822afdb329df7e593163c058667365610ead0920b891c63d218ed3d89d0,Decoupled,3,0,,,,,,0,0
0.7,2000000,1000,7,9bba9552815d11cce5f78bc3c2e028ac1a2c5b5ee8af9bfdf09f7f1b4510b655,497b8822afdb329df7e593163c058667365610ead0920b891c63d218ed3d89d0,Decoupled,4,0,,,,,,0,0
0.7,2000000,1000,11,9bba9552815d11cce5f78bc3c2e028ac1a2c5b5ee8af9bfdf09f7f1b4510b655,497b8822afdb329df7e593163c058667365610ead0920b891c63d218ed3d89d0,No-Dq-R,1,0,0.0,0.0,0.0,0,0,0,0
0.7,2000000,1000,11,9bba9552815d11cce5f78bc3c2e028ac1a2c5b5ee8af9bfdf09f7f1b4510b655,497b8822afdb329df7e593163c058667365610ead0920b891c63d218ed3d89d0,No-Dq-R,2,0,0.0,0.0,0,0,0,0,0
0.7,2000000,1000,11,9bba9552815d11cce5f78bc3c2e028ac1a2c5b5ee8af9bfdf09f7f1b4510b655,497b8822afdb329df7e593163c058667365610ead0920b891c63d218ed3d89d0,No-Dq-R,3,0,0.0,0.0,0,0,0,0,0
0.7,2000000,1000,11,9bba9552815d11cce5f78bc3c2e028ac1a2c5b5ee8af9bfdf09f7f1b4510b655,497b8822afdb329df7e593163c058667365610ead0920b891c63d218ed3d89d0,No-Dq-R,4,0,0.0,0.0,0,0,0,0,0
0.7,2000000,1000,11,9bba9552815d11cce5f78bc3c2e028ac1a2c5b5ee8af9bfdf09f7f1b4510b655,497b8822afdb329df7e593163c058667365610ead0920b891c63d218ed3d89d0,Fixed-Dc,1,-59821,0.0026309432420658085,0.00295115293499304,0.0,0,0,0,0
0.7,2000000,1000,11,9bba9552815d11cce5f78bc3c2e028ac1a2c5b5ee8af9bfdf09f7f1b4510b655,497b8822afdb329df7e593163c058667365610ead0920b891c63d218ed3d89d0,Fixed-Dc,2,-414107,0.012247302035144791,0.00975498776557071,0,0,0,0,0
0.7,2000000,1000,11,9bba9552815d11cce5f78bc3c2e028ac1a2c5b5ee8af9bfdf09f7f1b4510b655,497b8822afdb329df7e593163c058667365610ead0920b891c63d218ed3d89d0,Fixed-Dc,3,240952,-0.0015638283356767535,-0.002975411927646554,0,0,0,0,0
0.7,2000000,1000,11,9bba9552815d11cce5f78bc3c2e028ac1a2c5b5ee8af9bfdf09f7f1b4510b655,497b8822afdb329df7e593163c058667365610ead0920b891c63d218ed3d89d0,Fixed-Dc,4,54464,-1.1859742871933587e-05,-0.00032846557627419504,0,0,0,0,0
0.7,2000000,1000,11,9bba9552815d11cce5f78bc3c2e028ac1a2c5b5ee8af9bfdf09f7f1b4510b655,497b8822afdb329df7e593163c058667365610ead0920b891c63d218ed3d89d0,Decoupled,1,0,,,,,,0,0
0.7,2000000,1000,11,9bba9552815d11cce5f78bc3c2e028ac1a2c5b5ee8af9bfdf09f7f1b4510b655,497b8822afdb329df7e593163c058667365610ead0920b891c63d218ed3d89d0,Decoupled,2,0,,,,,,0,0
0.7,2000000,1000,11,9bba9552815d11cce5f78bc3c2e028ac1a2c5b5ee8af9bfdf09f7f1b4510b655,497b8822afdb329df7e593163c058667365610ead0920b891c63d218ed3d89d0,Decoupled,3,0,,,,,,0,0
0.7,2000000,1000,11,9bba9552815d11cce5f78bc3c2e028ac1a2c5b5ee8af9bfdf09f7f1b4510b655,497b8822afdb329df7e593163c058667365610ead0920b891c63d218ed3d89d0,Decoupled,4,0,,,,,,0,0
0.7,2000000,1001,7,8f62240139ca1d1538ed2caaaaf791f57ff7dd6106dd4ab5c4d566fb56c39cc9,497b8822afdb329df7e593163c058667365610ead0920b891c63d218ed3d89d0,No-Dq-R,1,0,0.0,0.0,0.0,0,0,0,0
0.7,2000000,1001,7,8f62240139ca1d1538ed2caaaaf791f57ff7dd6106dd4ab5c4d566fb56c39cc9,497b8822afdb329df7e593163c058667365610ead0920b891c63d218ed3d89d0,No-Dq-R,2,0,0.0,0.0,0,0,0,0,0
0.7,2000000,1001,7,8f62240139ca1d1538ed2caaaaf791f57ff7dd6106dd4ab5c4d566fb56c39cc9,497b8822afdb329df7e593163c058667365610ead0920b891c63d218ed3d89d0,No-Dq-R,3,0,0.0,0.0,0,0,0,0,0
0.7,2000000,1001,7,8f62240139ca1d1538ed2caaaaf791f57ff7dd6106dd4ab5c4d566fb56c39cc9,497b8822afdb329df7e593163c058667365610ead0920b891c63d218ed3d89d0,No-Dq-R,4,0,0.0,0.0,0,0,0,0,0
0.7,2000000,1001,7,8f62240139ca1d1538ed2caaaaf791f57ff7dd6106dd4ab5c4d566fb56c39cc9,497b8822afdb329df7e593163c058667365610ead0920b891c63d218ed3d89d0,Fixed-Dc,1,-460282,0.024070989409087584,0.02194377244853074,0.0,0,0,0,0
0.7,2000000,1001,7,8f62240139ca1d1538ed2caaaaf791f57ff7dd6106dd4ab5c4d566fb56c39cc9,497b8822afdb329df7e593163c058667365610ead0920b891c63d218ed3d89d0,Fixed-Dc,2,240952,-0.007407788437057028,-0.005988717553647271,0,0,0,0,0
0.7,2000000,1001,7,8f62240139ca1d1538ed2caaaaf791f57ff7dd6106dd4ab5c4d566fb56c39cc9,497b8822afdb329df7e593163c058667365610ead0920b891c63d218ed3d89d0,Fixed-Dc,3,8289,-5.4036668478030236e-05,-0.0001005186446368378,0,0,0,0,0
0.7,2000000,1001,7,8f62240139ca1d1538ed2caaaaf791f57ff7dd6106dd4ab5c4d566fb56c39cc9,497b8822afdb329df7e593163c058667365610ead0920b891c63d218ed3d89d0,Fixed-Dc,4,-345997,1.0451772888109279e-05,0.002026743416579102,0,0,0,0,0
0.7,2000000,1001,7,8f62240139ca1d1538ed2caaaaf791f57ff7dd6106dd4ab5c4d566fb56c39cc9,497b8822afdb329df7e593163c058667365610ead0920b891c63d218ed3d89d0,Decoupled,1,0,,,,,,0,0
0.7,2000000,1001,7,8f62240139ca1d1538ed2caaaaf791f57ff7dd6106dd4ab5c4d566fb56c39cc9,497b8822afdb329df7e593163c058667365610ead0920b891c63d218ed3d89d0,Decoupled,2,0,,,,,,0,0
0.7,2000000,1001,7,8f62240139ca1d1538ed2caaaaf791f57ff7dd6106dd4ab5c4d566fb56c39cc9,497b8822afdb329df7e593163c058667365610ead0920b891c63d218ed3d89d0,Decoupled,3,0,,,,,,0,0
0.7,2000000,1001,7,8f62240139ca1d1538ed2caaaaf791f57ff7dd6106dd4ab5c4d566fb56c39cc9,497b8822afdb329df7e593163c058667365610ead0920b891c63d218ed3d89d0,Decoupled,4,0,,,,,,0,0
0.7,2000000,1001,11,8f62240139ca1d1538ed2caaaaf791f57ff7dd6106dd4ab5c4d566fb56c39cc9,497b8822afdb329df7e593163c058667365610ead0920b891c63d218ed3d89d0,No-Dq-R,1,0,0.0,0.0,0.0,0,0,0,0
0.7,2000000,1001,11,8f62240139ca1d1538ed2caaaaf791f57ff7dd6106dd4ab5c4d566fb56c39cc9,497b8822afdb329df7e593163c058667365610ead0920b891c63d218ed3d89d0,No-Dq-R,2,0,0.0,0.0,0,0,0,0,0
0.7,2000000,1001,11,8f62240139ca1d1538ed2caaaaf791f57ff7dd6106dd4ab5c4d566fb56c39cc9,497b8822afdb329df7e593163c058667365610ead0920b891c63d218ed3d89d0,No-Dq-R,3,0,0.0,0.0,0,0,0,0,0
0.7,2000000,1001,11,8f62240139ca1d1538ed2caaaaf791f57ff7dd6106dd4ab5c4d566fb56c39cc9,497b8822afdb329df7e593163c058667365610ead0920b891c63d218ed3d89d0,No-Dq-R,4,0,0.0,0.0,0,0,0,0,0
0.7,2000000,1001,11,8f62240139ca1d1538ed2caaaaf791f57ff7dd6106dd4ab5c4d566fb56c39cc9,497b8822afdb329df7e593163c058667365610ead0920b891c63d218ed3d89d0,Fixed-Dc,1,-460282,0.01945230912009288,0.02194377244853074,0.0,0,0,0,0
0.7,2000000,1001,11,8f62240139ca1d1538ed2caaaaf791f57ff7dd6106dd4ab5c4d566fb56c39cc9,497b8822afdb329df7e593163c058667365610ead0920b891c63d218ed3d89d0,Fixed-Dc,2,240952,-0.007407788437057028,-0.005988717553647271,0,0,0,0,0
0.7,2000000,1001,11,8f62240139ca1d1538ed2caaaaf791f57ff7dd6106dd4ab5c4d566fb56c39cc9,497b8822afdb329df7e593163c058667365610ead0920b891c63d218ed3d89d0,Fixed-Dc,3,8289,-5.1819190847512964e-05,-0.0001005186446368378,0,0,0,0,0
0.7,2000000,1001,11,8f62240139ca1d1538ed2caaaaf791f57ff7dd6106dd4ab5c4d566fb56c39cc9,497b8822afdb329df7e593163c058667365610ead0920b891c63d218ed3d89d0,Fixed-Dc,4,-345997,1.0451772888109279e-05,0.002026743416579102,0,0,0,0,0
0.7,2000000,1001,11,8f62240139ca1d1538ed2caaaaf791f57ff7dd6106dd4ab5c4d566fb56c39cc9,497b8822afdb329df7e593163c058667365610ead0920b891c63d218ed3d89d0,Decoupled,1,0,,,,,,0,0
0.7,2000000,1001,11,8f62240139ca1d1538ed2caaaaf791f57ff7dd6106dd4ab5c4d566fb56c39cc9,497b8822afdb329df7e593163c058667365610ead0920b891c63d218ed3d89d0,Decoupled,2,0,,,,,,0,0
0.7,2000000,1001,11,8f62240139ca1d1538ed2caaaaf791f57ff7dd6106dd4ab5c4d566fb56c39cc9,497b8822afdb329df7e593163c058667365610ead0920b891c63d218ed3d89d0,Decoupled,3,0,,,,,,0,0
0.7,2000000,1001,11,8f62240139ca1d1538ed2caaaaf791f57ff7dd6106dd4ab5c4d566fb56c39cc9,497b8822afdb329df7e593163c058667365610ead0920b891c63d218ed3d89d0,Decoupled,4,0,,,,,,0,0
0.7,2000000,1002,7,1bc88b34aac9273aa68f29047e63038f16346aed88cfd28dd6295c56cab85779,497b8822afdb329df7e593163c058667365610ead0920b891c63d218ed3d89d0,No-Dq-R,1,0,0.0,0.0,0.0,0,0,0,0
0.7,2000000,1002,7,1bc88b34aac9273aa68f29047e63038f16346aed88cfd28dd6295c56cab85779,497b8822afdb329df7e593163c058667365610ead0920b891c63d218ed3d89d0,No-Dq-R,2,0,0.0,0.0,0,0,0,0,0
0.7,2000000,1002,7,1bc88b34aac9273aa68f29047e63038f16346aed88cfd28dd6295c56cab85779,497b8822afdb329df7e593163c058667365610ead0920b891c63d218ed3d89d0,No-Dq-R,3,0,0.0,0.0,0,0,0,0,0
0.7,2000000,1002,7,1bc88b34aac9273aa68f29047e63038f16346aed88cfd28dd6295c56cab85779,497b8822afdb329df7e593163c058667365610ead0920b891c63d218ed3d89d0,No-Dq-R,4,0,0.0,0.0,0,0,0,0,0
0.7,2000000,1002,7,1bc88b34aac9273aa68f29047e63038f16346aed88cfd28dd6295c56cab85779,497b8822afdb329df7e593163c058667365610ead0920b891c63d218ed3d89d0,Fixed-Dc,1,-252698,0.013413721128193945,0.01226195954271958,0.0,0,0,0,0
0.7,2000000,1002,7,1bc88b34aac9273aa68f29047e63038f16346aed88cfd28dd6295c56cab85779,497b8822afdb329df7e593163c058667365610ead0920b891c63d218ed3d89d0,Fixed-Dc,2,240952,-0.007407788437057028,-0.005988717553647271,0,0,0,0,0
0.7,2000000,1002,7,1bc88b34aac9273aa68f29047e63038f16346aed88cfd28dd6295c56cab85779,497b8822afdb329df7e593163c058667365610ead0920b891c63d218ed3d89d0,Fixed-Dc,3,215873,-0.001454402767566254,-0.0026604974957156746,0,0,0,0,0
0.7,2000000,1002,7,1bc88b34aac9273aa68f29047e63038f16346aed88cfd28dd6295c56cab85779,497b8822afdb329df7e593163c058667365610ead0920b891c63d218ed3d89d0,Fixed-Dc,4,-138413,1.7469172849782222e-05,0.000823069548177624,0,0,0,0,0
0.7,2000000,1002,7,1bc88b34aac9273aa68f29047e63038f16346aed88cfd28dd6295c56cab85779,497b8822afdb329df7e593163c058667365610ead0920b891c63d218ed3d89d0,Decoupled,1,0,,,,,,0,0
0.7,2000000,1002,7,1bc88b34aac9273aa68f29047e63038f16346aed88cfd28dd6295c56cab85779,497b8822afdb329df7e593163c058667365610ead0920b891c63d218ed3d89d0,Decoupled,2,0,,,,,,0,0
0.7,2000000,1002,7,1bc88b34aac9273aa68f29047e63038f16346aed88cfd28dd6295c56cab85779,497b8822afdb329df7e593163c058667365610ead0920b891c63d218ed3d89d0,Decoupled,3,0,,,,,,0,0
0.7,2000000,1002,7,1bc88b34aac9273aa68f29047e63038f16346aed88cfd28dd6295c56cab85779,497b8822afdb329df7e593163c058667365610ead0920b891c63d218ed3d89d0,Decoupled,4,0,,,,,,0,0
0.7,2000000,1002,11,1bc88b34aac9273aa68f29047e63038f16346aed88cfd28dd6295c56cab85779,497b8822afdb329df7e593163c058667365610ead0920b891c63d218ed3d89d0,No-Dq-R,1,0,0.0,0.0,0.0,0,0,0,0
0.7,2000000,1002,11,1bc88b34aac9273aa68f29047e63038f16346aed88cfd28dd6295c56cab85779,497b8822afdb329df7e593163c058667365610ead0920b891c63d218ed3d89d0,No-Dq-R,2,0,0.0,0.0,0,0,0,0,0
0.7,2000000,1002,11,1bc88b34aac9273aa68f29047e63038f16346aed88cfd28dd6295c56cab85779,497b8822afdb329df7e593163c058667365610ead0920b891c63d218ed3d89d0,No-Dq-R,3,0,0.0,0.0,0,0,0,0,0
0.7,2000000,1002,11,1bc88b34aac9273aa68f29047e63038f16346aed88cfd28dd6295c56cab85779,497b8822afdb329df7e593163c058667365610ead0920b891c63d218ed3d89d0,No-Dq-R,4,0,0.0,0.0,0,0,0,0,0
0.7,2000000,1002,11,1bc88b34aac9273aa68f29047e63038f16346aed88cfd28dd6295c56cab85779,497b8822afdb329df7e593163c058667365610ead0920b891c63d218ed3d89d0,Fixed-Dc,1,-252698,0.010901922341799986,0.01226195954271958,0.0,0,0,0,0
0.7,2000000,1002,11,1bc88b34aac9273aa68f29047e63038f16346aed88cfd28dd6295c56cab85779,497b8822afdb329df7e593163c058667365610ead0920b891c63d218ed3d89d0,Fixed-Dc,2,240952,-0.007407788437057028,-0.005988717553647271,0,0,0,0,0
0.7,2000000,1002,11,1bc88b34aac9273aa68f29047e63038f16346aed88cfd28dd6295c56cab85779,497b8822afdb329df7e593163c058667365610ead0920b891c63d218ed3d89d0,Fixed-Dc,3,215873,-0.0013954364001544373,-0.0026604974957156746,0,0,0,0,0
0.7,2000000,1002,11,1bc88b34aac9273aa68f29047e63038f16346aed88cfd28dd6295c56cab85779,497b8822afdb329df7e593163c058667365610ead0920b891c63d218ed3d89d0,Fixed-Dc,4,-138413,1.7469172849782222e-05,0.000823069548177624,0,0,0,0,0
0.7,2000000,1002,11,1bc88b34aac9273aa68f29047e63038f16346aed88cfd28dd6295c56cab85779,497b8822afdb329df7e593163c058667365610ead0920b891c63d218ed3d89d0,Decoupled,1,0,,,,,,0,0
0.7,2000000,1002,11,1bc88b34aac9273aa68f29047e63038f16346aed88cfd28dd6295c56cab85779,497b8822afdb329df7e593163c058667365610ead0920b891c63d218ed3d89d0,Decoupled,2,0,,,,,,0,0
0.7,2000000,1002,11,1bc88b34aac9273aa68f29047e63038f16346aed88cfd28dd6295c56cab85779,497b8822afdb329df7e593163c058667365610ead0920b891c63d218ed3d89d0,Decoupled,3,0,,,,,,0,0
0.7,2000000,1002,11,1bc88b34aac9273aa68f29047e63038f16346aed88cfd28dd6295c56cab85779,497b8822afdb329df7e593163c058667365610ead0920b891c63d218ed3d89d0,Decoupled,4,0,,,,,,0,0
0.7,2000000,1003,7,b6d8dffeb43baddd5dd2e0c2dc47ae0930b8a2ccf493074f3c7c9d2268b87db2,497b8822afdb329df7e593163c058667365610ead0920b891c63d218ed3d89d0,No-Dq-R,1,0,0.0,0.0,0.0,0,0,0,0
0.7,2000000,1003,7,b6d8dffeb43baddd5dd2e0c2dc47ae0930b8a2ccf493074f3c7c9d2268b87db2,497b8822afdb329df7e593163c058667365610ead0920b891c63d218ed3d89d0,No-Dq-R,2,0,0.0,0.0,0,0,0,0,0
0.7,2000000,1003,7,b6d8dffeb43baddd5dd2e0c2dc47ae0930b8a2ccf493074f3c7c9d2268b87db2,497b8822afdb329df7e593163c058667365610ead0920b891c63d218ed3d89d0,No-Dq-R,3,0,0.0,0.0,0,0,0,0,0
0.7,2000000,1003,7,b6d8dffeb43baddd5dd2e0c2dc47ae0930b8a2ccf493074f3c7c9d2268b87db2,497b8822afdb329df7e593163c058667365610ead0920b891c63d218ed3d89d0,No-Dq-R,4,0,0.0,0.0,0,0,0,0,0
0.7,2000000,1003,7,b6d8dffeb43baddd5dd2e0c2dc47ae0930b8a2ccf493074f3c7c9d2268b87db2,497b8822afdb329df7e593163c058667365610ead0920b891c63d218ed3d89d0,Fixed-Dc,1,-203191,0.010824473564495563,0.009901491628817372,0.0,0,0,0,0
0.7,2000000,1003,7,b6d8dffeb43baddd5dd2e0c2dc47ae0930b8a2ccf493074f3c7c9d2268b87db2,497b8822afdb329df7e593163c058667365610ead0920b891c63d218ed3d89d0,Fixed-Dc,2,-557477,0.016351478333155978,0.012981386572198939,0,0,0,0,0
0.7,2000000,1003,7,b6d8dffeb43baddd5dd2e0c2dc47ae0930b8a2ccf493074f3c7c9d2268b87db2,497b8822afdb329df7e593163c058667365610ead0920b891c63d218ed3d89d0,Fixed-Dc,3,240952,-0.0016298116372193139,-0.002975411927646554,0,0,0,0,0
0.7,2000000,1003,7,b6d8dffeb43baddd5dd2e0c2dc47ae0930b8a2ccf493074f3c7c9d2268b87db2,497b8822afdb329df7e593163c058667365610ead0920b891c63d218ed3d89d0,Fixed-Dc,4,-88906,1.3290550761213549e-05,0.0005305876258009934,0,0,0,0,0
0.7,2000000,1003,7,b6d8dffeb43baddd5dd2e0c2dc47ae0930b8a2ccf493074f3c7c9d2268b87db2,497b8822afdb329df7e593163c058667365610ead0920b891c63d218ed3d89d0,Decoupled,1,0,,,,,,0,0
0.7,2000000,1003,7,b6d8dffeb43baddd5dd2e0c2dc47ae0930b8a2ccf493074f3c7c9d2268b87db2,497b8822afdb329df7e593163c058667365610ead0920b891c63d218ed3d89d0,Decoupled,2,0,,,,,,0,0
0.7,2000000,1003,7,b6d8dffeb43baddd5dd2e0c2dc47ae0930b8a2ccf493074f3c7c9d2268b87db2,497b8822afdb329df7e593163c058667365610ead0920b891c63d218ed3d89d0,Decoupled,3,0,,,,,,0,0
0.7,2000000,1003,7,b6d8dffeb43baddd5dd2e0c2dc47ae0930b8a2ccf493074f3c7c9d2268b87db2,497b8822afdb329df7e593163c058667365610ead0920b891c63d218ed3d89d0,Decoupled,4,0,,,,,,0,0
0.7,2000000,1003,11,b6d8dffeb43baddd5dd2e0c2dc47ae0930b8a2ccf493074f3c7c9d2268b87db2,497b8822afdb329df7e593163c058667365610ead0920b891c63d218ed3d89d0,No-Dq-R,1,0,0.0,0.0,0.0,0,0,0,0
0.7,2000000,1003,11,b6d8dffeb43baddd5dd2e0c2dc47ae0930b8a2ccf493074f3c7c9d2268b87db2,497b8822afdb329df7e593163c058667365610ead0920b891c63d218ed3d89d0,No-Dq-R,2,0,0.0,0.0,0,0,0,0,0
0.7,2000000,1003,11,b6d8dffeb43baddd5dd2e0c2dc47ae0930b8a2ccf493074f3c7c9d2268b87db2,497b8822afdb329df7e593163c058667365610ead0920b891c63d218ed3d89d0,No-Dq-R,3,0,0.0,0.0,0,0,0,0,0
0.7,2000000,1003,11,b6d8dffeb43baddd5dd2e0c2dc47ae0930b8a2ccf493074f3c7c9d2268b87db2,497b8822afdb329df7e593163c058667365610ead0920b891c63d218ed3d89d0,No-Dq-R,4,0,0.0,0.0,0,0,0,0,0
0.7,2000000,1003,11,b6d8dffeb43baddd5dd2e0c2dc47ae0930b8a2ccf493074f3c7c9d2268b87db2,497b8822afdb329df7e593163c058667365610ead0920b891c63d218ed3d89d0,Fixed-Dc,1,-203191,0.008809419361715864,0.009901491628817372,0.0,0,0,0,0
0.7,2000000,1003,11,b6d8dffeb43baddd5dd2e0c2dc47ae0930b8a2ccf493074f3c7c9d2268b87db2,497b8822afdb329df7e593163c058667365610ead0920b891c63d218ed3d89d0,Fixed-Dc,2,-557477,0.016351478333155978,0.012981386572198939,0,0,0,0,0
0.7,2000000,1003,11,b6d8dffeb43baddd5dd2e0c2dc47ae0930b8a2ccf493074f3c7c9d2268b87db2,497b8822afdb329df7e593163c058667365610ead0920b891c63d218ed3d89d0,Fixed-Dc,3,240952,-0.0015638283356767535,-0.002975411927646554,0,0,0,0,0
0.7,2000000,1003,11,b6d8dffeb43baddd5dd2e0c2dc47ae0930b8a2ccf493074f3c7c9d2268b87db2,497b8822afdb329df7e593163c058667365610ead0920b891c63d218ed3d89d0,Fixed-Dc,4,-88906,1.3290550761213549e-05,0.0005305876258009934,0,0,0,0,0
0.7,2000000,1003,11,b6d8dffeb43baddd5dd2e0c2dc47ae0930b8a2ccf493074f3c7c9d2268b87db2,497b8822afdb329df7e593163c058667365610ead0920b891c63d218ed3d89d0,Decoupled,1,0,,,,,,0,0
0.7,2000000,1003,11,b6d8dffeb43baddd5dd2e0c2dc47ae0930b8a2ccf493074f3c7c9d2268b87db2,497b8822afdb329df7e593163c058667365610ead0920b891c63d218ed3d89d0,Decoupled,2,0,,,,,,0,0
0.7,2000000,1003,11,b6d8dffeb43baddd5dd2e0c2dc47ae0930b8a2ccf493074f3c7c9d2268b87db2,497b8822afdb329df7e593163c058667365610ead0920b891c63d218ed3d89d0,Decoupled,3,0,,,,,,0,0
0.7,2000000,1003,11,b6d8dffeb43baddd5dd2e0c2dc47ae0930b8a2ccf493074f3c7c9d2268b87db2,497b8822afdb329df7e593163c058667365610ead0920b891c63d218ed3d89d0,Decoupled,4,0,,,,,,0,0
0.7,2000000,1004,7,3aecb51824b524cdf0aab1b2f5ffefc547e3edad573fc7d19dc5ea2315486882,497b8822afdb329df7e593163c058667365610ead0920b891c63d218ed3d89d0,No-Dq-R,1,0,0.0,0.0,0.0,0,0,0,0
0.7,2000000,1004,7,3aecb51824b524cdf0aab1b2f5ffefc547e3edad573fc7d19dc5ea2315486882,497b8822afdb329df7e593163c058667365610ead0920b891c63d218ed3d89d0,No-Dq-R,2,0,0.0,0.0,0,0,0,0,0
0.7,2000000,1004,7,3aecb51824b524cdf0aab1b2f5ffefc547e3edad573fc7d19dc5ea2315486882,497b8822afdb329df7e593163c058667365610ead0920b891c63d218ed3d89d0,No-Dq-R,3,0,0.0,0.0,0,0,0,0,0
0.7,2000000,1004,7,3aecb51824b524cdf0aab1b2f5ffefc547e3edad573fc7d19dc5ea2315486882,497b8822afdb329df7e593163c058667365610ead0920b891c63d218ed3d89d0,No-Dq-R,4,0,0.0,0.0,0,0,0,0,0
0.7,2000000,1004,7,3aecb51824b524cdf0aab1b2f5ffefc547e3edad573fc7d19dc5ea2315486882,497b8822afdb329df7e593163c058667365610ead0920b891c63d218ed3d89d0,Fixed-Dc,1,-43353,0.002336511492726956,0.0021417688243623445,0.0,0,0,0,0
0.7,2000000,1004,7,3aecb51824b524cdf0aab1b2f5ffefc547e3edad573fc7d19dc5ea2315486882,497b8822afdb329df7e593163c058667365610ead0920b891c63d218ed3d89d0,Fixed-Dc,2,-397639,0.01177150602651389,0.009379539428379713,0,0,0,0,0
0.7,2000000,1004,7,3aecb51824b524cdf0aab1b2f5ffefc547e3edad573fc7d19dc5ea2315486882,497b8822afdb329df7e593163c058667365610ead0920b891c63d218ed3d89d0,Fixed-Dc,3,240952,-0.0016298116372193139,-0.002975411927646554,0,0,0,0,0
0.7,2000000,1004,7,3aecb51824b524cdf0aab1b2f5ffefc547e3edad573fc7d19dc5ea2315486882,497b8822afdb329df7e593163c058667365610ead0920b891c63d218ed3d89d0,Fixed-Dc,4,70932,-1.600766799375597e-05,-0.0004282993145579561,0,0,0,0,0
0.7,2000000,1004,7,3aecb51824b524cdf0aab1b2f5ffefc547e3edad573fc7d19dc5ea2315486882,497b8822afdb329df7e593163c058667365610ead0920b891c63d218ed3d89d0,Decoupled,1,0,,,,,,0,0
0.7,2000000,1004,7,3aecb51824b524cdf0aab1b2f5ffefc547e3edad573fc7d19dc5ea2315486882,497b8822afdb329df7e593163c058667365610ead0920b891c63d218ed3d89d0,Decoupled,2,0,,,,,,0,0
0.7,2000000,1004,7,3aecb51824b524cdf0aab1b2f5ffefc547e3edad573fc7d19dc5ea2315486882,497b8822afdb329df7e593163c058667365610ead0920b891c63d218ed3d89d0,Decoupled,3,0,,,,,,0,0
0.7,2000000,1004,7,3aecb51824b524cdf0aab1b2f5ffefc547e3edad573fc7d19dc5ea2315486882,497b8822afdb329df7e593163c058667365610ead0920b891c63d218ed3d89d0,Decoupled,4,0,,,,,,0,0
0.7,2000000,1004,11,3aecb51824b524cdf0aab1b2f5ffefc547e3edad573fc7d19dc5ea2315486882,497b8822afdb329df7e593163c058667365610ead0920b891c63d218ed3d89d0,No-Dq-R,1,0,0.0,0.0,0.0,0,0,0,0
0.7,2000000,1004,11,3aecb51824b524cdf0aab1b2f5ffefc547e3edad573fc7d19dc5ea2315486882,497b8822afdb329df7e593163c058667365610ead0920b891c63d218ed3d89d0,No-Dq-R,2,0,0.0,0.0,0,0,0,0,0
0.7,2000000,1004,11,3aecb51824b524cdf0aab1b2f5ffefc547e3edad573fc7d19dc5ea2315486882,497b8822afdb329df7e593163c058667365610ead0920b891c63d218ed3d89d0,No-Dq-R,3,0,0.0,0.0,0,0,0,0,0
0.7,2000000,1004,11,3aecb51824b524cdf0aab1b2f5ffefc547e3edad573fc7d19dc5ea2315486882,497b8822afdb329df7e593163c058667365610ead0920b891c63d218ed3d89d0,No-Dq-R,4,0,0.0,0.0,0,0,0,0,0
0.7,2000000,1004,11,3aecb51824b524cdf0aab1b2f5ffefc547e3edad573fc7d19dc5ea2315486882,497b8822afdb329df7e593163c058667365610ead0920b891c63d218ed3d89d0,Fixed-Dc,1,-43353,0.001909818522481066,0.0021417688243623445,0.0,0,0,0,0
0.7,2000000,1004,11,3aecb51824b524cdf0aab1b2f5ffefc547e3edad573fc7d19dc5ea2315486882,497b8822afdb329df7e593163c058667365610ead0920b891c63d218ed3d89d0,Fixed-Dc,2,-397639,0.01177150602651389,0.009379539428379713,0,0,0,0,0
0.7,2000000,1004,11,3aecb51824b524cdf0aab1b2f5ffefc547e3edad573fc7d19dc5ea2315486882,497b8822afdb329df7e593163c058667365610ead0920b891c63d218ed3d89d0,Fixed-Dc,3,240952,-0.0015638283356767535,-0.002975411927646554,0,0,0,0,0
0.7,2000000,1004,11,3aecb51824b524cdf0aab1b2f5ffefc547e3edad573fc7d19dc5ea2315486882,497b8822afdb329df7e593163c058667365610ead0920b891c63d218ed3d89d0,Fixed-Dc,4,70932,-1.600766799375597e-05,-0.0004282993145579561,0,0,0,0,0
0.7,2000000,1004,11,3aecb51824b524cdf0aab1b2f5ffefc547e3edad573fc7d19dc5ea2315486882,497b8822afdb329df7e593163c058667365610ead0920b891c63d218ed3d89d0,Decoupled,1,0,,,,,,0,0
0.7,2000000,1004,11,3aecb51824b524cdf0aab1b2f5ffefc547e3edad573fc7d19dc5ea2315486882,497b8822afdb329df7e593163c058667365610ead0920b891c63d218ed3d89d0,Decoupled,2,0,,,,,,0,0
0.7,2000000,1004,11,3aecb51824b524cdf0aab1b2f5ffefc547e3edad573fc7d19dc5ea2315486882,497b8822afdb329df7e593163c058667365610ead0920b891c63d218ed3d89d0,Decoupled,3,0,,,,,,0,0
0.7,2000000,1004,11,3aecb51824b524cdf0aab1b2f5ffefc547e3edad573fc7d19dc5ea2315486882,497b8822afdb329df7e593163c058667365610ead0920b891c63d218ed3d89d0,Decoupled,4,0,,,,,,0,0
0.7,2000000,1005,7,a68b46cfffa1d1cbde8db4bf728ac6edefc225b6b089ccecae5e3e32ead277b9,497b8822afdb329df7e593163c058667365610ead0920b891c63d218ed3d89d0,No-Dq-R,1,0,0.0,0.0,0.0,0,0,0,0
0.7,2000000,1005,7,a68b46cfffa1d1cbde8db4bf728ac6edefc225b6b089ccecae5e3e32ead277b9,497b8822afdb329df7e593163c058667365610ead0920b891c63d218ed3d89d0,No-Dq-R,2,0,0.0,0.0,0,0,0,0,0
0.7,2000000,1005,7,a68b46cfffa1d1cbde8db4bf728ac6edefc225b6b089ccecae5e3e32ead277b9,497b8822afdb329df7e593163c058667365610ead0920b891c63d218ed3d89d0,No-Dq-R,3,0,0.0,0.0,0,0,0,0,0
0.7,2000000,1005,7,a68b46cfffa1d1cbde8db4bf728ac6edefc225b6b089ccecae5e3e32ead277b9,497b8822afdb329df7e593163c058667365610ead0920b891c63d218ed3d89d0,No-Dq-R,4,0,0.0,0.0,0,0,0,0,0
0.7,2000000,1005,7,a68b46cfffa1d1cbde8db4bf728ac6edefc225b6b089ccecae5e3e32ead277b9,497b8822afdb329df7e593163c058667365610ead0920b891c63d218ed3d89d0,Fixed-Dc,1,-173346,0.009254550778221349,0.008468757069727495,0.0,0,0,0,0
0.7,2000000,1005,7,a68b46cfffa1d1cbde8db4bf728ac6edefc225b6b089ccecae5e3e32ead277b9,497b8822afdb329df7e593163c058667365610ead0920b891c63d218ed3d89d0,Fixed-Dc,2,-527632,0.015502710698220068,0.012315952203361846,0,0,0,0,0
0.7,2000000,1005,7,a68b46cfffa1d1cbde8db4bf728ac6edefc225b6b089ccecae5e3e32ead277b9,497b8822afdb329df7e593163c058667365610ead0920b891c63d218ed3d89d0,Fixed-Dc,3,240952,-0.0016298116372193139,-0.002975411927646554,0,0,0,0,0
0.7,2000000,1005,7,a68b46cfffa1d1cbde8db4bf728ac6edefc225b6b089ccecae5e3e32ead277b9,497b8822afdb329df7e593163c058667365610ead0920b891c63d218ed3d89d0,Fixed-Dc,4,-59061,9.662145319777604e-06,0.0003532422799818469,0,0,0,0,0
0.7,2000000,1005,7,a68b46cfffa1d1cbde8db4bf728ac6edefc225b6b089ccecae5e3e32ead277b9,497b8822afdb329df7e593163c058667365610ead0920b891c63d218ed3d89d0,Decoupled,1,0,,,,,,0,0
0.7,2000000,1005,7,a68b46cfffa1d1cbde8db4bf728ac6edefc225b6b089ccecae5e3e32ead277b9,497b8822afdb329df7e593163c058667365610ead0920b891c63d218ed3d89d0,Decoupled,2,0,,,,,,0,0
0.7,2000000,1005,7,a68b46cfffa1d1cbde8db4bf728ac6edefc225b6b089ccecae5e3e32ead277b9,497b8822afdb329df7e593163c058667365610ead0920b891c63d218ed3d89d0,Decoupled,3,0,,,,,,0,0
0.7,2000000,1005,7,a68b46cfffa1d1cbde8db4bf728ac6edefc225b6b089ccecae5e3e32ead277b9,497b8822afdb329df7e593163c058667365610ead0920b891c63d218ed3d89d0,Decoupled,4,0,,,,,,0,0
0.7,2000000,1005,11,a68b46cfffa1d1cbde8db4bf728ac6edefc225b6b089ccecae5e3e32ead277b9,497b8822afdb329df7e593163c058667365610ead0920b891c63d218ed3d89d0,No-Dq-R,1,0,0.0,0.0,0.0,0,0,0,0
0.7,2000000,1005,11,a68b46cfffa1d1cbde8db4bf728ac6edefc225b6b089ccecae5e3e32ead277b9,497b8822afdb329df7e593163c058667365610ead0920b891c63d218ed3d89d0,No-Dq-R,2,0,0.0,0.0,0,0,0,0,0
0.7,2000000,1005,11,a68b46cfffa1d1cbde8db4bf728ac6edefc225b6b089ccecae5e3e32ead277b9,497b8822afdb329df7e593163c058667365610ead0920b891c63d218ed3d89d0,No-Dq-R,3,0,0.0,0.0,0,0,0,0,0
0.7,2000000,1005,11,a68b46cfffa1d1cbde8db4bf728ac6edefc225b6b089ccecae5e3e32ead277b9,497b8822afdb329df7e593163c058667365610ead0920b891c63d218ed3d89d0,No-Dq-R,4,0,0.0,0.0,0,0,0,0,0
0.7,2000000,1005,11,a68b46cfffa1d1cbde8db4bf728ac6edefc225b6b089ccecae5e3e32ead277b9,497b8822afdb329df7e593163c058667365610ead0920b891c63d218ed3d89d0,Fixed-Dc,1,-173346,0.007537872446634841,0.008468757069727495,0.0,0,0,0,0
0.7,2000000,1005,11,a68b46cfffa1d1cbde8db4bf728ac6edefc225b6b089ccecae5e3e32ead277b9,497b8822afdb329df7e593163c058667365610ead0920b891c63d218ed3d89d0,Fixed-Dc,2,-527632,0.015502710698220068,0.012315952203361846,0,0,0,0,0
0.7,2000000,1005,11,a68b46cfffa1d1cbde8db4bf728ac6edefc225b6b089ccecae5e3e32ead277b9,497b8822afdb329df7e593163c058667365610ead0920b891c63d218ed3d89d0,Fixed-Dc,3,240952,-0.0015638283356767535,-0.002975411927646554,0,0,0,0,0
0.7,2000000,1005,11,a68b46cfffa1d1cbde8db4bf728ac6edefc225b6b089ccecae5e3e32ead277b9,497b8822afdb329df7e593163c058667365610ead0920b891c63d218ed3d89d0,Fixed-Dc,4,-59061,9.662145319777604e-06,0.0003532422799818469,0,0,0,0,0
0.7,2000000,1005,11,a68b46cfffa1d1cbde8db4bf728ac6edefc225b6b089ccecae5e3e32ead277b9,497b8822afdb329df7e593163c058667365610ead0920b891c63d218ed3d89d0,Decoupled,1,0,,,,,,0,0
0.7,2000000,1005,11,a68b46cfffa1d1cbde8db4bf728ac6edefc225b6b089ccecae5e3e32ead277b9,497b8822afdb329df7e593163c058667365610ead0920b891c63d218ed3d89d0,Decoupled,2,0,,,,,,0,0
0.7,2000000,1005,11,a68b46cfffa1d1cbde8db4bf728ac6edefc225b6b089ccecae5e3e32ead277b9,497b8822afdb329df7e593163c058667365610ead0920b891c63d218ed3d89d0,Decoupled,3,0,,,,,,0,0
0.7,2000000,1005,11,a68b46cfffa1d1cbde8db4bf728ac6edefc225b6b089ccecae5e3e32ead277b9,497b8822afdb329df7e593163c058667365610ead0920b891c63d218ed3d89d0,Decoupled,4,0,,,,,,0,0
0.7,2000000,1006,7,340551a06f755e8d5b559192de2fc75b684cba945fa978584391c2aa5ab049d1,497b8822afdb329df7e593163c058667365610ead0920b891c63d218ed3d89d0,No-Dq-R,1,0,0.0,0.0,0.0,0,0,0,0
0.7,2000000,1006,7,340551a06f755e8d5b559192de2fc75b684cba945fa978584391c2aa5ab049d1,497b8822afdb329df7e593163c058667365610ead0920b891c63d218ed3d89d0,No-Dq-R,2,0,0.0,0.0,0,0,0,0,0
0.7,2000000,1006,7,340551a06f755e8d5b559192de2fc75b684cba945fa978584391c2aa5ab049d1,497b8822afdb329df7e593163c058667365610ead0920b891c63d218ed3d89d0,No-Dq-R,3,0,0.0,0.0,0,0,0,0,0
0.7,2000000,1006,7,340551a06f755e8d5b559192de2fc75b684cba945fa978584391c2aa5ab049d1,497b8822afdb329df7e593163c058667365610ead0920b891c63d218ed3d89d0,No-Dq-R,4,0,0.0,0.0,0,0,0,0,0
0.7,2000000,1006,7,340551a06f755e8d5b559192de2fc75b684cba945fa978584391c2aa5ab049d1,497b8822afdb329df7e593163c058667365610ead0920b891c63d218ed3d89d0,Fixed-Dc,1,112895,-0.006154543463364304,-0.005653084068519498,0.0,0,0,0,0
0.7,2000000,1006,7,340551a06f755e8d5b559192de2fc75b684cba945fa978584391c2aa5ab049d1,497b8822afdb329df7e593163c058667365610ead0920b891c63d218ed3d89d0,Fixed-Dc,2,-241391,0.007211466915381659,0.005766594872043285,0,0,0,0,0
0.7,2000000,1006,7,340551a06f755e8d5b559192de2fc75b684cba945fa978584391c2aa5ab049d1,497b8822afdb329df7e593163c058667365610ead0920b891c63d218ed3d89d0,Fixed-Dc,3,240952,-0.0016298116372193139,-0.002975411927646554,0,0,0,0,0
0.7,2000000,1006,7,340551a06f755e8d5b559192de2fc75b684cba945fa978584391c2aa5ab049d1,497b8822afdb329df7e593163c058667365610ead0920b891c63d218ed3d89d0,Fixed-Dc,4,227180,-6.85380239977551e-05,-0.0013876270504983856,0,0,0,0,0
0.7,2000000,1006,7,340551a06f755e8d5b559192de2fc75b684cba945fa978584391c2aa5ab049d1,497b8822afdb329df7e593163c058667365610ead0920b891c63d218ed3d89d0,Decoupled,1,0,,,,,,0,0
0.7,2000000,1006,7,340551a06f755e8d5b559192de2fc75b684cba945fa978584391c2aa5ab049d1,497b8822afdb329df7e593163c058667365610ead0920b891c63d218ed3d89d0,Decoupled,2,0,,,,,,0,0
0.7,2000000,1006,7,340551a06f755e8d5b559192de2fc75b684cba945fa978584391c2aa5ab049d1,497b8822afdb329df7e593163c058667365610ead0920b891c63d218ed3d89d0,Decoupled,3,0,,,,,,0,0
0.7,2000000,1006,7,340551a06f755e8d5b559192de2fc75b684cba945fa978584391c2aa5ab049d1,497b8822afdb329df7e593163c058667365610ead0920b891c63d218ed3d89d0,Decoupled,4,0,,,,,,0,0
0.7,2000000,1006,11,340551a06f755e8d5b559192de2fc75b684cba945fa978584391c2aa5ab049d1,497b8822afdb329df7e593163c058667365610ead0920b891c63d218ed3d89d0,No-Dq-R,1,0,0.0,0.0,0.0,0,0,0,0
0.7,2000000,1006,11,340551a06f755e8d5b559192de2fc75b684cba945fa978584391c2aa5ab049d1,497b8822afdb329df7e593163c058667365610ead0920b891c63d218ed3d89d0,No-Dq-R,2,0,0.0,0.0,0,0,0,0,0
0.7,2000000,1006,11,340551a06f755e8d5b559192de2fc75b684cba945fa978584391c2aa5ab049d1,497b8822afdb329df7e593163c058667365610ead0920b891c63d218ed3d89d0,No-Dq-R,3,0,0.0,0.0,0,0,0,0,0
0.7,2000000,1006,11,340551a06f755e8d5b559192de2fc75b684cba945fa978584391c2aa5ab049d1,497b8822afdb329df7e593163c058667365610ead0920b891c63d218ed3d89d0,No-Dq-R,4,0,0.0,0.0,0,0,0,0,0
0.7,2000000,1006,11,340551a06f755e8d5b559192de2fc75b684cba945fa978584391c2aa5ab049d1,497b8822afdb329df7e593163c058667365610ead0920b891c63d218ed3d89d0,Fixed-Dc,1,112895,-0.0050517954962321365,-0.005653084068519498,0.0,0,0,0,0
0.7,2000000,1006,11,340551a06f755e8d5b559192de2fc75b684cba945fa978584391c2aa5ab049d1,497b8822afdb329df7e593163c058667365610ead0920b891c63d218ed3d89d0,Fixed-Dc,2,-241391,0.007211466915381659,0.005766594872043285,0,0,0,0,0
0.7,2000000,1006,11,340551a06f755e8d5b559192de2fc75b684cba945fa978584391c2aa5ab049d1,497b8822afdb329df7e593163c058667365610ead0920b891c63d218ed3d89d0,Fixed-Dc,3,240952,-0.0015638283356767535,-0.002975411927646554,0,0,0,0,0
0.7,2000000,1006,11,340551a06f755e8d5b559192de2fc75b684cba945fa978584391c2aa5ab049d1,497b8822afdb329df7e593163c058667365610ead0920b891c63d218ed3d89d0,Fixed-Dc,4,227180,-6.85380239977551e-05,-0.0013876270504983856,0,0,0,0,0
0.7,2000000,1006,11,340551a06f755e8d5b559192de2fc75b684cba945fa978584391c2aa5ab049d1,497b8822afdb329df7e593163c058667365610ead0920b891c63d218ed3d89d0,Decoupled,1,0,,,,,,0,0
0.7,2000000,1006,11,340551a06f755e8d5b559192de2fc75b684cba945fa978584391c2aa5ab049d1,497b8822afdb329df7e593163c058667365610ead0920b891c63d218ed3d89d0,Decoupled,2,0,,,,,,0,0
0.7,2000000,1006,11,340551a06f755e8d5b559192de2fc75b684cba945fa978584391c2aa5ab049d1,497b8822afdb329df7e593163c058667365610ead0920b891c63d218ed3d89d0,Decoupled,3,0,,,,,,0,0
0.7,2000000,1006,11,340551a06f755e8d5b559192de2fc75b684cba945fa978584391c2aa5ab049d1,497b8822afdb329df7e593163c058667365610ead0920b891c63d218ed3d89d0,Decoupled,4,0,,,,,,0,0
0.7,2000000,1007,7,a05bfdfed5da2e7ecef3dcee821c995f0922d6fc2e687c40ee5848acec3216e3,497b8822afdb329df7e593163c058667365610ead0920b891c63d218ed3d89d0,No-Dq-R,1,0,0.0,0.0,0.0,0,0,0,0
0.7,2000000,1007,7,a05bfdfed5da2e7ecef3dcee821c995f0922d6fc2e687c40ee5848acec3216e3,497b8822afdb329df7e593163c058667365610ead0920b891c63d218ed3d89d0,No-Dq-R,2,0,0.0,0.0,0,0,0,0,0
0.7,2000000,1007,7,a05bfdfed5da2e7ecef3dcee821c995f0922d6fc2e687c40ee5848acec3216e3,497b8822afdb329df7e593163c058667365610ead0920b891c63d218ed3d89d0,No-Dq-R,3,0,0.0,0.0,0,0,0,0,0
0.7,2000000,1007,7,a05bfdfed5da2e7ecef3dcee821c995f0922d6fc2e687c40ee5848acec3216e3,497b8822afdb329df7e593163c058667365610ead0920b891c63d218ed3d89d0,No-Dq-R,4,0,0.0,0.0,0,0,0,0,0
0.7,2000000,1007,7,a05bfdfed5da2e7ecef3dcee821c995f0922d6fc2e687c40ee5848acec3216e3,497b8822afdb329df7e593163c058667365610ead0920b891c63d218ed3d89d0,Fixed-Dc,1,-404908,0.021259233468278182,0.019394747931181122,0.0,0,0,0,0
0.7,2000000,1007,7,a05bfdfed5da2e7ecef3dcee821c995f0922d6fc2e687c40ee5848acec3216e3,497b8822afdb329df7e593163c058667365610ead0920b891c63d218ed3d89d0,Fixed-Dc,2,240952,-0.007407788437057028,-0.005988717553647271,0,0,0,0,0
0.7,2000000,1007,7,a05bfdfed5da2e7ecef3dcee821c995f0922d6fc2e687c40ee5848acec3216e3,497b8822afdb329df7e593163c058667365610ead0920b891c63d218ed3d89d0,Fixed-Dc,3,63663,-0.00041869571812336304,-0.0007753513782014498,0,0,0,0,0
0.7,2000000,1007,7,a05bfdfed5da2e7ecef3dcee821c995f0922d6fc2e687c40ee5848acec3216e3,497b8822afdb329df7e593163c058667365610ead0920b891c63d218ed3d89d0,Fixed-Dc,4,-290623,1.6148481986166807e-05,0.0017092032768184495,0,0,0,0,0
0.7,2000000,1007,7,a05bfdfed5da2e7ecef3dcee821c995f0922d6fc2e687c40ee5848acec3216e3,497b8822afdb329df7e593163c058667365610ead0920b891c63d218ed3d89d0,Decoupled,1,0,,,,,,0,0
0.7,2000000,1007,7,a05bfdfed5da2e7ecef3dcee821c995f0922d6fc2e687c40ee5848acec3216e3,497b8822afdb329df7e593163c058667365610ead0920b891c63d218ed3d89d0,Decoupled,2,0,,,,,,0,0
0.7,2000000,1007,7,a05bfdfed5da2e7ecef3dcee821c995f0922d6fc2e687c40ee5848acec3216e3,497b8822afdb329df7e593163c058667365610ead0920b891c63d218ed3d89d0,Decoupled,3,0,,,,,,0,0
0.7,2000000,1007,7,a05bfdfed5da2e7ecef3dcee821c995f0922d6fc2e687c40ee5848acec3216e3,497b8822afdb329df7e593163c058667365610ead0920b891c63d218ed3d89d0,Decoupled,4,0,,,,,,0,0
0.7,2000000,1007,11,a05bfdfed5da2e7ecef3dcee821c995f0922d6fc2e687c40ee5848acec3216e3,497b8822afdb329df7e593163c058667365610ead0920b891c63d218ed3d89d0,No-Dq-R,1,0,0.0,0.0,0.0,0,0,0,0
0.7,2000000,1007,11,a05bfdfed5da2e7ecef3dcee821c995f0922d6fc2e687c40ee5848acec3216e3,497b8822afdb329df7e593163c058667365610ead0920b891c63d218ed3d89d0,No-Dq-R,2,0,0.0,0.0,0,0,0,0,0
0.7,2000000,1007,11,a05bfdfed5da2e7ecef3dcee821c995f0922d6fc2e687c40ee5848acec3216e3,497b8822afdb329df7e593163c058667365610ead0920b891c63d218ed3d89d0,No-Dq-R,3,0,0.0,0.0,0,0,0,0,0
0.7,2000000,1007,11,a05bfdfed5da2e7ecef3dcee821c995f0922d6fc2e687c40ee5848acec3216e3,497b8822afdb329df7e593163c058667365610ead0920b891c63d218ed3d89d0,No-Dq-R,4,0,0.0,0.0,0,0,0,0,0
0.7,2000000,1007,11,a05bfdfed5da2e7ecef3dcee821c995f0922d6fc2e687c40ee5848acec3216e3,497b8822afdb329df7e593163c058667365610ead0920b891c63d218ed3d89d0,Fixed-Dc,1,-404908,0.017206322995922174,0.019394747931181122,0.0,0,0,0,0
0.7,2000000,1007,11,a05bfdfed5da2e7ecef3dcee821c995f0922d6fc2e687c40ee5848acec3216e3,497b8822afdb329df7e593163c058667365610ead0920b891c63d218ed3d89d0,Fixed-Dc,2,240952,-0.007407788437057028,-0.005988717553647271,0,0,0,0,0
0.7,2000000,1007,11,a05bfdfed5da2e7ecef3dcee821c995f0922d6fc2e687c40ee5848acec3216e3,497b8822afdb329df7e593163c058667365610ead0920b891c63d218ed3d89d0,Fixed-Dc,3,63663,-0.0004015698752918295,-0.0007753513782014498,0,0,0,0,0
0.7,2000000,1007,11,a05bfdfed5da2e7ecef3dcee821c995f0922d6fc2e687c40ee5848acec3216e3,497b8822afdb329df7e593163c058667365610ead0920b891c63d218ed3d89d0,Fixed-Dc,4,-290623,1.6148481986166807e-05,0.0017092032768184495,0,0,0,0,0
0.7,2000000,1007,11,a05bfdfed5da2e7ecef3dcee821c995f0922d6fc2e687c40ee5848acec3216e3,497b8822afdb329df7e593163c058667365610ead0920b891c63d218ed3d89d0,Decoupled,1,0,,,,,,0,0
0.7,2000000,1007,11,a05bfdfed5da2e7ecef3dcee821c995f0922d6fc2e687c40ee5848acec3216e3,497b8822afdb329df7e593163c058667365610ead0920b891c63d218ed3d89d0,Decoupled,2,0,,,,,,0,0
0.7,2000000,1007,11,a05bfdfed5da2e7ecef3dcee821c995f0922d6fc2e687c40ee5848acec3216e3,497b8822afdb329df7e593163c058667365610ead0920b891c63d218ed3d89d0,Decoupled,3,0,,,,,,0,0
0.7,2000000,1007,11,a05bfdfed5da2e7ecef3dcee821c995f0922d6fc2e687c40ee5848acec3216e3,497b8822afdb329df7e593163c058667365610ead0920b891c63d218ed3d89d0,Decoupled,4,0,,,,,,0,0
0.7,2000000,1008,7,2af250424f561b3118e40cc3272155968ddced83c4fef96ee5fb16db65a8bb9e,497b8822afdb329df7e593163c058667365610ead0920b891c63d218ed3d89d0,No-Dq-R,1,0,0.0,0.0,0.0,0,0,0,0
0.7,2000000,1008,7,2af250424f561b3118e40cc3272155968ddced83c4fef96ee5fb16db65a8bb9e,497b8822afdb329df7e593163c058667365610ead0920b891c63d218ed3d89d0,No-Dq-R,2,0,0.0,0.0,0,0,0,0,0
0.7,2000000,1008,7,2af250424f561b3118e40cc3272155968ddced83c4fef96ee5fb16db65a8bb9e,497b8822afdb329df7e593163c058667365610ead0920b891c63d218ed3d89d0,No-Dq-R,3,0,0.0,0.0,0,0,0,0,0
0.7,2000000,1008,7,2af250424f561b3118e40cc3272155968ddced83c4fef96ee5fb16db65a8bb9e,497b8822afdb329df7e593163c058667365610ead0920b891c63d218ed3d89d0,No-Dq-R,4,0,0.0,0.0,0,0,0,0,0
0.7,2000000,1008,7,2af250424f561b3118e40cc3272155968ddced83c4fef96ee5fb16db65a8bb9e,497b8822afdb329df7e593163c058667365610ead0920b891c63d218ed3d89d0,Fixed-Dc,1,-250340,0.013290817218438944,0.012149986446179262,0.0,0,0,0,0
0.7,2000000,1008,7,2af250424f561b3118e40cc3272155968ddced83c4fef96ee5fb16db65a8bb9e,497b8822afdb329df7e593163c058667365610ead0920b891c63d218ed3d89d0,Fixed-Dc,2,240952,-0.007407788437057028,-0.005988717553647271,0,0,0,0,0
0.7,2000000,1008,7,2af250424f561b3118e40cc3272155968ddced83c4fef96ee5fb16db65a8bb9e,497b8822afdb329df7e593163c058667365610ead0920b891c63d218ed3d89d0,Fixed-Dc,3,218231,-0.0014708373172164224,-0.002690054291201893,0,0,0,0,0
0.7,2000000,1008,7,2af250424f561b3118e40cc3272155968ddced83c4fef96ee5fb16db65a8bb9e,497b8822afdb329df7e593163c058667365610ead0920b891c63d218ed3d89d0,Fixed-Dc,4,-136055,1.732196504206085e-05,0.0008091866202281639,0,0,0,0,0
0.7,2000000,1008,7,2af250424f561b3118e40cc3272155968ddced83c4fef96ee5fb16db65a8bb9e,497b8822afdb329df7e593163c058667365610ead0920b891c63d218ed3d89d0,Decoupled,1,0,,,,,,0,0
0.7,2000000,1008,7,2af250424f561b3118e40cc3272155968ddced83c4fef96ee5fb16db65a8bb9e,497b8822afdb329df7e593163c058667365610ead0920b891c63d218ed3d89d0,Decoupled,2,0,,,,,,0,0
0.7,2000000,1008,7,2af250424f561b3118e40cc3272155968ddced83c4fef96ee5fb16db65a8bb9e,497b8822afdb329df7e593163c058667365610ead0920b891c63d218ed3d89d0,Decoupled,3,0,,,,,,0,0
0.7,2000000,1008,7,2af250424f561b3118e40cc3272155968ddced83c4fef96ee5fb16db65a8bb9e,497b8822afdb329df7e593163c058667365610ead0920b891c63d218ed3d89d0,Decoupled,4,0,,,,,,0,0
0.7,2000000,1008,11,2af250424f561b3118e40cc3272155968ddced83c4fef96ee5fb16db65a8bb9e,497b8822afdb329df7e593163c058667365610ead0920b891c63d218ed3d89d0,No-Dq-R,1,0,0.0,0.0,0.0,0,0,0,0
0.7,2000000,1008,11,2af250424f561b3118e40cc3272155968ddced83c4fef96ee5fb16db65a8bb9e,497b8822afdb329df7e593163c058667365610ead0920b891c63d218ed3d89d0,No-Dq-R,2,0,0.0,0.0,0,0,0,0,0
0.7,2000000,1008,11,2af250424f561b3118e40cc3272155968ddced83c4fef96ee5fb16db65a8bb9e,497b8822afdb329df7e593163c058667365610ead0920b891c63d218ed3d89d0,No-Dq-R,3,0,0.0,0.0,0,0,0,0,0
0.7,2000000,1008,11,2af250424f561b3118e40cc3272155968ddced83c4fef96ee5fb16db65a8bb9e,497b8822afdb329df7e593163c058667365610ead0920b891c63d218ed3d89d0,No-Dq-R,4,0,0.0,0.0,0,0,0,0,0
0.7,2000000,1008,11,2af250424f561b3118e40cc3272155968ddced83c4fef96ee5fb16db65a8bb9e,497b8822afdb329df7e593163c058667365610ead0920b891c63d218ed3d89d0,Fixed-Dc,1,-250340,0.010802728838761766,0.012149986446179262,0.0,0,0,0,0
0.7,2000000,1008,11,2af250424f561b3118e40cc3272155968ddced83c4fef96ee5fb16db65a8bb9e,497b8822afdb329df7e593163c058667365610ead0920b891c63d218ed3d89d0,Fixed-Dc,2,240952,-0.007407788437057028,-0.005988717553647271,0,0,0,0,0
0.7,2000000,1008,11,2af250424f561b3118e40cc3272155968ddced83c4fef96ee5fb16db65a8bb9e,497b8822afdb329df7e593163c058667365610ead0920b891c63d218ed3d89d0,Fixed-Dc,3,218231,-0.001411212695400732,-0.002690054291201893,0,0,0,0,0
0.7,2000000,1008,11,2af250424f561b3118e40cc3272155968ddced83c4fef96ee5fb16db65a8bb9e,497b8822afdb329df7e593163c058667365610ead0920b891c63d218ed3d89d0,Fixed-Dc,4,-136055,1.732196504206085e-05,0.0008091866202281639,0,0,0,0,0
0.7,2000000,1008,11,2af250424f561b3118e40cc3272155968ddced83c4fef96ee5fb16db65a8bb9e,497b8822afdb329df7e593163c058667365610ead0920b891c63d218ed3d89d0,Decoupled,1,0,,,,,,0,0
0.7,2000000,1008,11,2af250424f561b3118e40cc3272155968ddced83c4fef96ee5fb16db65a8bb9e,497b8822afdb329df7e593163c058667365610ead0920b891c63d218ed3d89d0,Decoupled,2,0,,,,,,0,0
0.7,2000000,1008,11,2af250424f561b3118e40cc3272155968ddced83c4fef96ee5fb16db65a8bb9e,497b8822afdb329df7e593163c058667365610ead0920b891c63d218ed3d89d0,Decoupled,3,0,,,,,,0,0
0.7,2000000,1008,11,2af250424f561b3118e40cc3272155968ddced83c4fef96ee5fb16db65a8bb9e,497b8822afdb329df7e593163c058667365610ead0920b891c63d218ed3d89d0,Decoupled,4,0,,,,,,0,0
0.7,2000000,1009,7,b6e3a0faafcff21896e8c0efdabbc5a9db26c4b28ac345736a4dc9804a669897,497b8822afdb329df7e593163c058667365610ead0920b891c63d218ed3d89d0,No-Dq-R,1,0,0.0,0.0,0.0,0,0,0,0
0.7,2000000,1009,7,b6e3a0faafcff21896e8c0efdabbc5a9db26c4b28ac345736a4dc9804a669897,497b8822afdb329df7e593163c058667365610ead0920b891c63d218ed3d89d0,No-Dq-R,2,0,0.0,0.0,0,0,0,0,0
0.7,2000000,1009,7,b6e3a0faafcff21896e8c0efdabbc5a9db26c4b28ac345736a4dc9804a669897,497b8822afdb329df7e593163c058667365610ead0920b891c63d218ed3d89d0,No-Dq-R,3,0,0.0,0.0,0,0,0,0,0
0.7,2000000,1009,7,b6e3a0faafcff21896e8c0efdabbc5a9db26c4b28ac345736a4dc9804a669897,497b8822afdb329df7e593163c058667365610ead0920b891c63d218ed3d89d0,No-Dq-R,4,0,0.0,0.0,0,0,0,0,0
0.7,2000000,1009,7,b6e3a0faafcff21896e8c0efdabbc5a9db26c4b28ac345736a4dc9804a669897,497b8822afdb329df7e593163c058667365610ead0920b891c63d218ed3d89d0,Fixed-Dc,1,240952,-0.013260381251984033,-0.012200195093511668,0.0,0,0,0,0
0.7,2000000,1009,7,b6e3a0faafcff21896e8c0efdabbc5a9db26c4b28ac345736a4dc9804a669897,497b8822afdb329df7e593163c058667365610ead0920b891c63d218ed3d89d0,Fixed-Dc,2,107633,-0.0032826554969471733,-0.002645828706896447,0,0,0,0,0
0.7,2000000,1009,7,b6e3a0faafcff21896e8c0efdabbc5a9db26c4b28ac345736a4dc9804a669897,497b8822afdb329df7e593163c058667365610ead0920b891c63d218ed3d89d0,Fixed-Dc,3,-246653,0.0015436940824296586,0.00293283813024936,0,0,0,0,0
0.7,2000000,1009,7,b6e3a0faafcff21896e8c0efdabbc5a9db26c4b28ac345736a4dc9804a669897,497b8822afdb329df7e593163c058667365610ead0920b891c63d218ed3d89d0,Fixed-Dc,4,240952,-7.43251205488904e-05,-0.0014732458627267908,0,0,0,0,0
0.7,2000000,1009,7,b6e3a0faafcff21896e8c0efdabbc5a9db26c4b28ac345736a4dc9804a669897,497b8822afdb329df7e593163c058667365610ead0920b891c63d218ed3d89d0,Decoupled,1,0,,,,,,0,0
0.7,2000000,1009,7,b6e3a0faafcff21896e8c0efdabbc5a9db26c4b28ac345736a4dc9804a669897,497b8822afdb329df7e593163c058667365610ead0920b891c63d218ed3d89d0,Decoupled,2,0,,,,,,0,0
0.7,2000000,1009,7,b6e3a0faafcff21896e8c0efdabbc5a9db26c4b28ac345736a4dc9804a669897,497b8822afdb329df7e593163c058667365610ead0920b891c63d218ed3d89d0,Decoupled,3,0,,,,,,0,0
0.7,2000000,1009,7,b6e3a0faafcff21896e8c0efdabbc5a9db26c4b28ac345736a4dc9804a669897,497b8822afdb329df7e593163c058667365610ead0920b891c63d218ed3d89d0,Decoupled,4,0,,,,,,0,0
0.7,2000000,1009,11,b6e3a0faafcff21896e8c0efdabbc5a9db26c4b28ac345736a4dc9804a669897,497b8822afdb329df7e593163c058667365610ead0920b891c63d218ed3d89d0,No-Dq-R,1,0,0.0,0.0,0.0,0,0,0,0
0.7,2000000,1009,11,b6e3a0faafcff21896e8c0efdabbc5a9db26c4b28ac345736a4dc9804a669897,497b8822afdb329df7e593163c058667365610ead0920b891c63d218ed3d89d0,No-Dq-R,2,0,0.0,0.0,0,0,0,0,0
0.7,2000000,1009,11,b6e3a0faafcff21896e8c0efdabbc5a9db26c4b28ac345736a4dc9804a669897,497b8822afdb329df7e593163c058667365610ead0920b891c63d218ed3d89d0,No-Dq-R,3,0,0.0,0.0,0,0,0,0,0
0.7,2000000,1009,11,b6e3a0faafcff21896e8c0efdabbc5a9db26c4b28ac345736a4dc9804a669897,497b8822afdb329df7e593163c058667365610ead0920b891c63d218ed3d89d0,No-Dq-R,4,0,0.0,0.0,0,0,0,0,0
0.7,2000000,1009,11,b6e3a0faafcff21896e8c0efdabbc5a9db26c4b28ac345736a4dc9804a669897,497b8822afdb329df7e593163c058667365610ead0920b891c63d218ed3d89d0,Fixed-Dc,1,240952,-0.010921709492620058,-0.012200195093511668,0.0,0,0,0,0
0.7,2000000,1009,11,b6e3a0faafcff21896e8c0efdabbc5a9db26c4b28ac345736a4dc9804a669897,497b8822afdb329df7e593163c058667365610ead0920b891c63d218ed3d89d0,Fixed-Dc,2,107633,-0.0032826554969471733,-0.002645828706896447,0,0,0,0,0
0.7,2000000,1009,11,b6e3a0faafcff21896e8c0efdabbc5a9db26c4b28ac345736a4dc9804a669897,497b8822afdb329df7e593163c058667365610ead0920b891c63d218ed3d89d0,Fixed-Dc,3,-246653,0.0014793637930986536,0.00293283813024936,0,0,0,0,0
0.7,2000000,1009,11,b6e3a0faafcff21896e8c0efdabbc5a9db26c4b28ac345736a4dc9804a669897,497b8822afdb329df7e593163c058667365610ead0920b891c63d218ed3d89d0,Fixed-Dc,4,240952,-7.43251205488904e-05,-0.0014732458627267908,0,0,0,0,0
0.7,2000000,1009,11,b6e3a0faafcff21896e8c0efdabbc5a9db26c4b28ac345736a4dc9804a669897,497b8822afdb329df7e593163c058667365610ead0920b891c63d218ed3d89d0,Decoupled,1,0,,,,,,0,0
0.7,2000000,1009,11,b6e3a0faafcff21896e8c0efdabbc5a9db26c4b28ac345736a4dc9804a669897,497b8822afdb329df7e593163c058667365610ead0920b891c63d218ed3d89d0,Decoupled,2,0,,,,,,0,0
0.7,2000000,1009,11,b6e3a0faafcff21896e8c0efdabbc5a9db26c4b28ac345736a4dc9804a669897,497b8822afdb329df7e593163c058667365610ead0920b891c63d218ed3d89d0,Decoupled,3,0,,,,,,0,0
0.7,2000000,1009,11,b6e3a0faafcff21896e8c0efdabbc5a9db26c4b28ac345736a4dc9804a669897,497b8822afdb329df7e593163c058667365610ead0920b891c63d218ed3d89d0,Decoupled,4,0,,,,,,0,0
0.7,2000000,1010,7,a4a2dd4eb446e6c0c71974e7c1a8d9c678c1f755a68e34dd0a3f2eef31bb2602,497b8822afdb329df7e593163c058667365610ead0920b891c63d218ed3d89d0,No-Dq-R,1,0,0.0,0.0,0.0,0,0,0,0
0.7,2000000,1010,7,a4a2dd4eb446e6c0c71974e7c1a8d9c678c1f755a68e34dd0a3f2eef31bb2602,497b8822afdb329df7e593163c058667365610ead0920b891c63d218ed3d89d0,No-Dq-R,2,0,0.0,0.0,0,0,0,0,0
0.7,2000000,1010,7,a4a2dd4eb446e6c0c71974e7c1a8d9c678c1f755a68e34dd0a3f2eef31bb2602,497b8822afdb329df7e593163c058667365610ead0920b891c63d218ed3d89d0,No-Dq-R,3,0,0.0,0.0,0,0,0,0,0
0.7,2000000,1010,7,a4a2dd4eb446e6c0c71974e7c1a8d9c678c1f755a68e34dd0a3f2eef31bb2602,497b8822afdb329df7e593163c058667365610ead0920b891c63d218ed3d89d0,No-Dq-R,4,0,0.0,0.0,0,0,0,0,0
0.7,2000000,1010,7,a4a2dd4eb446e6c0c71974e7c1a8d9c678c1f755a68e34dd0a3f2eef31bb2602,497b8822afdb329df7e593163c058667365610ead0920b891c63d218ed3d89d0,Fixed-Dc,1,240952,-0.013260381251984033,-0.012200195093511668,0.0,0,0,0,0
0.7,2000000,1010,7,a4a2dd4eb446e6c0c71974e7c1a8d9c678c1f755a68e34dd0a3f2eef31bb2602,497b8822afdb329df7e593163c058667365610ead0920b891c63d218ed3d89d0,Fixed-Dc,2,-32434,0.0009809694599561825,0.0007881584303984779,0,0,0,0,0
0.7,2000000,1010,7,a4a2dd4eb446e6c0c71974e7c1a8d9c678c1f755a68e34dd0a3f2eef31bb2602,497b8822afdb329df7e593163c058667365610ead0920b891c63d218ed3d89d0,Fixed-Dc,3,-386720,0.002366286077879809,0.004549268686521335,0,0,0,0,0
0.7,2000000,1010,7,a4a2dd4eb446e6c0c71974e7c1a8d9c678c1f755a68e34dd0a3f2eef31bb2602,497b8822afdb329df7e593163c058667365610ead0920b891c63d218ed3d89d0,Fixed-Dc,4,240952,-7.43251205488904e-05,-0.0014732458627267908,0,0,0,0,0
0.7,2000000,1010,7,a4a2dd4eb446e6c0c71974e7c1a8d9c678c1f755a68e34dd0a3f2eef31bb2602,497b8822afdb329df7e593163c058667365610ead0920b891c63d218ed3d89d0,Decoupled,1,0,,,,,,0,0
0.7,2000000,1010,7,a4a2dd4eb446e6c0c71974e7c1a8d9c678c1f755a68e34dd0a3f2eef31bb2602,497b8822afdb329df7e593163c058667365610ead0920b891c63d218ed3d89d0,Decoupled,2,0,,,,,,0,0
0.7,2000000,1010,7,a4a2dd4eb446e6c0c71974e7c1a8d9c678c1f755a68e34dd0a3f2eef31bb2602,497b8822afdb329df7e593163c058667365610ead0920b891c63d218ed3d89d0,Decoupled,3,0,,,,,,0,0
0.7,2000000,1010,7,a4a2dd4eb446e6c0c71974e7c1a8d9c678c1f755a68e34dd0a3f2eef31bb2602,497b8822afdb329df7e593163c058667365610ead0920b891c63d218ed3d89d0,Decoupled,4,0,,,,,,0,0
0.7,2000000,1010,11,a4a2dd4eb446e6c0c71974e7c1a8d9c678c1f755a68e34dd0a3f2eef31bb2602,497b8822afdb329df7e593163c058667365610ead0920b891c63d218ed3d89d0,No-Dq-R,1,0,0.0,0.0,0.0,0,0,0,0
0.7,2000000,1010,11,a4a2dd4eb446e6c0c71974e7c1a8d9c678c1f755a68e34dd0a3f2eef31bb2602,497b8822afdb329df7e593163c058667365610ead0920b891c63d218ed3d89d0,No-Dq-R,2,0,0.0,0.0,0,0,0,0,0
0.7,2000000,1010,11,a4a2dd4eb446e6c0c71974e7c1a8d9c678c1f755a68e34dd0a3f2eef31bb2602,497b8822afdb329df7e593163c058667365610ead0920b891c63d218ed3d89d0,No-Dq-R,3,0,0.0,0.0,0,0,0,0,0
0.7,2000000,1010,11,a4a2dd4eb446e6c0c71974e7c1a8d9c678c1f755a68e34dd0a3f2eef31bb2602,497b8822afdb329df7e593163c058667365610ead0920b891c63d218ed3d89d0,No-Dq-R,4,0,0.0,0.0,0,0,0,0,0
0.7,2000000,1010,11,a4a2dd4eb446e6c0c71974e7c1a8d9c678c1f755a68e34dd0a3f2eef31bb2602,497b8822afdb329df7e593163c058667365610ead0920b891c63d218ed3d89d0,Fixed-Dc,1,240952,-0.010921709492620058,-0.012200195093511668,0.0,0,0,0,0
0.7,2000000,1010,11,a4a2dd4eb446e6c0c71974e7c1a8d9c678c1f755a68e34dd0a3f2eef31bb2602,497b8822afdb329df7e593163c058667365610ead0920b891c63d218ed3d89d0,Fixed-Dc,2,-32434,0.0009809694599561825,0.0007881584303984779,0,0,0,0,0
0.7,2000000,1010,11,a4a2dd4eb446e6c0c71974e7c1a8d9c678c1f755a68e34dd0a3f2eef31bb2602,497b8822afdb329df7e593163c058667365610ead0920b891c63d218ed3d89d0,Fixed-Dc,3,-386720,0.0022668126893156115,0.004549268686521335,0,0,0,0,0
0.7,2000000,1010,11,a4a2dd4eb446e6c0c71974e7c1a8d9c678c1f755a68e34dd0a3f2eef31bb2602,497b8822afdb329df7e593163c058667365610ead0920b891c63d218ed3d89d0,Fixed-Dc,4,240952,-7.43251205488904e-05,-0.0014732458627267908,0,0,0,0,0
0.7,2000000,1010,11,a4a2dd4eb446e6c0c71974e7c1a8d9c678c1f755a68e34dd0a3f2eef31bb2602,497b8822afdb329df7e593163c058667365610ead0920b891c63d218ed3d89d0,Decoupled,1,0,,,,,,0,0
0.7,2000000,1010,11,a4a2dd4eb446e6c0c71974e7c1a8d9c678c1f755a68e34dd0a3f2eef31bb2602,497b8822afdb329df7e593163c058667365610ead0920b891c63d218ed3d89d0,Decoupled,2,0,,,,,,0,0
0.7,2000000,1010,11,a4a2dd4eb446e6c0c71974e7c1a8d9c678c1f755a68e34dd0a3f2eef31bb2602,497b8822afdb329df7e593163c058667365610ead0920b891c63d218ed3d89d0,Decoupled,3,0,,,,,,0,0
0.7,2000000,1010,11,a4a2dd4eb446e6c0c71974e7c1a8d9c678c1f755a68e34dd0a3f2eef31bb2602,497b8822afdb329df7e593163c058667365610ead0920b891c63d218ed3d89d0,Decoupled,4,0,,,,,,0,0
0.7,2000000,1011,7,2141b43e85d9f416f6fd8aa67222761035e66ef272e1df368d7d164021304b57,497b8822afdb329df7e593163c058667365610ead0920b891c63d218ed3d89d0,No-Dq-R,1,0,0.0,0.0,0.0,0,0,0,0
0.7,2000000,1011,7,2141b43e85d9f416f6fd8aa67222761035e66ef272e1df368d7d164021304b57,497b8822afdb329df7e593163c058667365610ead0920b891c63d218ed3d89d0,No-Dq-R,2,0,0.0,0.0,0,0,0,0,0
0.7,2000000,1011,7,2141b43e85d9f416f6fd8aa67222761035e66ef272e1df368d7d164021304b57,497b8822afdb329df7e593163c058667365610ead0920b891c63d218ed3d89d0,No-Dq-R,3,0,0.0,0.0,0,0,0,0,0
0.7,2000000,1011,7,2141b43e85d9f416f6fd8aa67222761035e66ef272e1df368d7d164021304b57,497b8822afdb329df7e593163c058667365610ead0920b891c63d218ed3d89d0,No-Dq-R,4,0,0.0,0.0,0,0,0,0,0
0.7,2000000,1011,7,2141b43e85d9f416f6fd8aa67222761035e66ef272e1df368d7d164021304b57,497b8822afdb329df7e593163c058667365610ead0920b891c63d218ed3d89d0,Fixed-Dc,1,70321,-0.0038216195970162126,-0.003508297984790021,0.0,0,0,0,0
0.7,2000000,1011,7,2141b43e85d9f416f6fd8aa67222761035e66ef272e1df368d7d164021304b57,497b8822afdb329df7e593163c058667365610ead0920b891c63d218ed3d89d0,Fixed-Dc,2,-283965,0.008462230996090891,0.006760202624878253,0,0,0,0,0
0.7,2000000,1011,7,2141b43e85d9f416f6fd8aa67222761035e66ef272e1df368d7d164021304b57,497b8822afdb329df7e593163c058667365610ead0920b891c63d218ed3d89d0,Fixed-Dc,3,240952,-0.0016298116372193139,-0.002975411927646554,0,0,0,0,0
0.7,2000000,1011,7,2141b43e85d9f416f6fd8aa67222761035e66ef272e1df368d7d164021304b57,497b8822afdb329df7e593163c058667365610ead0920b891c63d218ed3d89d0,Fixed-Dc,4,184606,-5.1842110746824765e-05,-0.0011240447044217894,0,0,0,0,0
0.7,2000000,1011,7,2141b43e85d9f416f6fd8aa67222761035e66ef272e1df368d7d164021304b57,497b8822afdb329df7e593163c058667365610ead0920b891c63d218ed3d89d0,Decoupled,1,0,,,,,,0,0
0.7,2000000,1011,7,2141b43e85d9f416f6fd8aa67222761035e66ef272e1df368d7d164021304b57,497b8822afdb329df7e593163c058667365610ead0920b891c63d218ed3d89d0,Decoupled,2,0,,,,,,0,0
0.7,2000000,1011,7,2141b43e85d9f416f6fd8aa67222761035e66ef272e1df368d7d164021304b57,497b8822afdb329df7e593163c058667365610ead0920b891c63d218ed3d89d0,Decoupled,3,0,,,,,,0,0
0.7,2000000,1011,7,2141b43e85d9f416f6fd8aa67222761035e66ef272e1df368d7d164021304b57,497b8822afdb329df7e593163c058667365610ead0920b891c63d218ed3d89d0,Decoupled,4,0,,,,,,0,0
0.7,2000000,1011,11,2141b43e85d9f416f6fd8aa67222761035e66ef272e1df368d7d164021304b57,497b8822afdb329df7e593163c058667365610ead0920b891c63d218ed3d89d0,No-Dq-R,1,0,0.0,0.0,0.0,0,0,0,0
0.7,2000000,1011,11,2141b43e85d9f416f6fd8aa67222761035e66ef272e1df368d7d164021304b57,497b8822afdb329df7e593163c058667365610ead0920b891c63d218ed3d89d0,No-Dq-R,2,0,0.0,0.0,0,0,0,0,0
0.7,2000000,1011,11,2141b43e85d9f416f6fd8aa67222761035e66ef272e1df368d7d164021304b57,497b8822afdb329df7e593163c058667365610ead0920b891c63d218ed3d89d0,No-Dq-R,3,0,0.0,0.0,0,0,0,0,0
0.7,2000000,1011,11,2141b43e85d9f416f6fd8aa67222761035e66ef272e1df368d7d164021304b57,497b8822afdb329df7e593163c058667365610ead0920b891c63d218ed3d89d0,No-Dq-R,4,0,0.0,0.0,0,0,0,0,0
0.7,2000000,1011,11,2141b43e85d9f416f6fd8aa67222761035e66ef272e1df368d7d164021304b57,497b8822afdb329df7e593163c058667365610ead0920b891c63d218ed3d89d0,Fixed-Dc,1,70321,-0.0031332961349994637,-0.003508297984790021,0.0,0,0,0,0
0.7,2000000,1011,11,2141b43e85d9f416f6fd8aa67222761035e66ef272e1df368d7d164021304b57,497b8822afdb329df7e593163c058667365610ead0920b891c63d218ed3d89d0,Fixed-Dc,2,-283965,0.008462230996090891,0.006760202624878253,0,0,0,0,0
0.7,2000000,1011,11,2141b43e85d9f416f6fd8aa67222761035e66ef272e1df368d7d164021304b57,497b8822afdb329df7e593163c058667365610ead0920b891c63d218ed3d89d0,Fixed-Dc,3,240952,-0.0015638283356767535,-0.002975411927646554,0,0,0,0,0
0.7,2000000,1011,11,2141b43e85d9f416f6fd8aa67222761035e66ef272e1df368d7d164021304b57,497b8822afdb329df7e593163c058667365610ead0920b891c63d218ed3d89d0,Fixed-Dc,4,184606,-5.1842110746824765e-05,-0.0011240447044217894,0,0,0,0,0
0.7,2000000,1011,11,2141b43e85d9f416f6fd8aa67222761035e66ef272e1df368d7d164021304b57,497b8822afdb329df7e593163c058667365610ead0920b891c63d218ed3d89d0,Decoupled,1,0,,,,,,0,0
0.7,2000000,1011,11,2141b43e85d9f416f6fd8aa67222761035e66ef272e1df368d7d164021304b57,497b8822afdb329df7e593163c058667365610ead0920b891c63d218ed3d89d0,Decoupled,2,0,,,,,,0,0
0.7,2000000,1011,11,2141b43e85d9f416f6fd8aa67222761035e66ef272e1df368d7d164021304b57,497b8822afdb329df7e593163c058667365610ead0920b891c63d218ed3d89d0,Decoupled,3,0,,,,,,0,0
0.7,2000000,1011,11,2141b43e85d9f416f6fd8aa67222761035e66ef272e1df368d7d164021304b57,497b8822afdb329df7e593163c058667365610ead0920b891c63d218ed3d89d0,Decoupled,4,0,,,,,,0,0
0.7,2000000,1012,7,d0203ec7ecb8a19abfd28a27556ca13781ea5ecc3140aa6a7494e91fd786f878,497b8822afdb329df7e593163c058667365610ead0920b891c63d218ed3d89d0,No-Dq-R,1,0,0.0,0.0,0.0,0,0,0,0
0.7,2000000,1012,7,d0203ec7ecb8a19abfd28a27556ca13781ea5ecc3140aa6a7494e91fd786f878,497b8822afdb329df7e593163c058667365610ead0920b891c63d218ed3d89d0,No-Dq-R,2,0,0.0,0.0,0,0,0,0,0
0.7,2000000,1012,7,d0203ec7ecb8a19abfd28a27556ca13781ea5ecc3140aa6a7494e91fd786f878,497b8822afdb329df7e593163c058667365610ead0920b891c63d218ed3d89d0,No-Dq-R,3,0,0.0,0.0,0,0,0,0,0
0.7,2000000,1012,7,d0203ec7ecb8a19abfd28a27556ca13781ea5ecc3140aa6a7494e91fd786f878,497b8822afdb329df7e593163c058667365610ead0920b891c63d218ed3d89d0,No-Dq-R,4,0,0.0,0.0,0,0,0,0,0
0.7,2000000,1012,7,d0203ec7ecb8a19abfd28a27556ca13781ea5ecc3140aa6a7494e91fd786f878,497b8822afdb329df7e593163c058667365610ead0920b891c63d218ed3d89d0,Fixed-Dc,1,129974,-0.007094527853878763,-0.006517927064152551,0.0,0,0,0,0
0.7,2000000,1012,7,d0203ec7ecb8a19abfd28a27556ca13781ea5ecc3140aa6a7494e91fd786f878,497b8822afdb329df7e593163c058667365610ead0920b891c63d218ed3d89d0,Fixed-Dc,2,-224312,0.006707953758828877,0.005366049739280343,0,0,0,0,0
0.7,2000000,1012,7,d0203ec7ecb8a19abfd28a27556ca13781ea5ecc3140aa6a7494e91fd786f878,497b8822afdb329df7e593163c058667365610ead0920b891c63d218ed3d89d0,Fixed-Dc,3,-578598,0.003431850779347434,0.006707869918057663,0,0,0,0,0
0.7,2000000,1012,7,d0203ec7ecb8a19abfd28a27556ca13781ea5ecc3140aa6a7494e91fd786f878,497b8822afdb329df7e593163c058667365610ead0920b891c63d218ed3d89d0,Fixed-Dc,4,240952,-7.43251205488904e-05,-0.0014732458627267908,0,0,0,0,0
0.7,2000000,1012,7,d0203ec7ecb8a19abfd28a27556ca13781ea5ecc3140aa6a7494e91fd786f878,497b8822afdb329df7e593163c058667365610ead0920b891c63d218ed3d89d0,Decoupled,1,0,,,,,,0,0
0.7,2000000,1012,7,d0203ec7ecb8a19abfd28a27556ca13781ea5ecc3140aa6a7494e91fd786f878,497b8822afdb329df7e593163c058667365610ead0920b891c63d218ed3d89d0,Decoupled,2,0,,,,,,0,0
0.7,2000000,1012,7,d0203ec7ecb8a19abfd28a27556ca13781ea5ecc3140aa6a7494e91fd786f878,497b8822afdb329df7e593163c058667365610ead0920b891c63d218ed3d89d0,Decoupled,3,0,,,,,,0,0
0.7,2000000,1012,7,d0203ec7ecb8a19abfd28a27556ca13781ea5ecc3140aa6a7494e91fd786f878,497b8822afdb329df7e593163c058667365610ead0920b891c63d218ed3d89d0,Decoupled,4,0,,,,,,0,0
0.7,2000000,1012,11,d0203ec7ecb8a19abfd28a27556ca13781ea5ecc3140aa6a7494e91fd786f878,497b8822afdb329df7e593163c058667365610ead0920b891c63d218ed3d89d0,No-Dq-R,1,0,0.0,0.0,0.0,0,0,0,0
0.7,2000000,1012,11,d0203ec7ecb8a19abfd28a27556ca13781ea5ecc3140aa6a7494e91fd786f878,497b8822afdb329df7e593163c058667365610ead0920b891c63d218ed3d89d0,No-Dq-R,2,0,0.0,0.0,0,0,0,0,0
0.7,2000000,1012,11,d0203ec7ecb8a19abfd28a27556ca13781ea5ecc3140aa6a7494e91fd786f878,497b8822afdb329df7e593163c058667365610ead0920b891c63d218ed3d89d0,No-Dq-R,3,0,0.0,0.0,0,0,0,0,0
0.7,2000000,1012,11,d0203ec7ecb8a19abfd28a27556ca13781ea5ecc3140aa6a7494e91fd786f878,497b8822afdb329df7e593163c058667365610ead0920b891c63d218ed3d89d0,No-Dq-R,4,0,0.0,0.0,0,0,0,0,0
0.7,2000000,1012,11,d0203ec7ecb8a19abfd28a27556ca13781ea5ecc3140aa6a7494e91fd786f878,497b8822afdb329df7e593163c058667365610ead0920b891c63d218ed3d89d0,Fixed-Dc,1,129974,-0.005826020903157092,-0.006517927064152551,0.0,0,0,0,0
0.7,2000000,1012,11,d0203ec7ecb8a19abfd28a27556ca13781ea5ecc3140aa6a7494e91fd786f878,497b8822afdb329df7e593163c058667365610ead0920b891c63d218ed3d89d0,Fixed-Dc,2,-224312,0.006707953758828877,0.005366049739280343,0,0,0,0,0
0.7,2000000,1012,11,d0203ec7ecb8a19abfd28a27556ca13781ea5ecc3140aa6a7494e91fd786f878,497b8822afdb329df7e593163c058667365610ead0920b891c63d218ed3d89d0,Fixed-Dc,3,-578598,0.0032858053064537263,0.006707869918057663,0,0,0,0,0
0.7,2000000,1012,11,d0203ec7ecb8a19abfd28a27556ca13781ea5ecc3140aa6a7494e91fd786f878,497b8822afdb329df7e593163c058667365610ead0920b891c63d218ed3d89d0,Fixed-Dc,4,240952,-7.43251205488904e-05,-0.0014732458627267908,0,0,0,0,0
0.7,2000000,1012,11,d0203ec7ecb8a19abfd28a27556ca13781ea5ecc3140aa6a7494e91fd786f878,497b8822afdb329df7e593163c058667365610ead0920b891c63d218ed3d89d0,Decoupled,1,0,,,,,,0,0
0.7,2000000,1012,11,d0203ec7ecb8a19abfd28a27556ca13781ea5ecc3140aa6a7494e91fd786f878,497b8822afdb329df7e593163c058667365610ead0920b891c63d218ed3d89d0,Decoupled,2,0,,,,,,0,0
0.7,2000000,1012,11,d0203ec7ecb8a19abfd28a27556ca13781ea5ecc3140aa6a7494e91fd786f878,497b8822afdb329df7e593163c058667365610ead0920b891c63d218ed3d89d0,Decoupled,3,0,,,,,,0,0
0.7,2000000,1012,11,d0203ec7ecb8a19abfd28a27556ca13781ea5ecc3140aa6a7494e91fd786f878,497b8822afdb329df7e593163c058667365610ead0920b891c63d218ed3d89d0,Decoupled,4,0,,,,,,0,0
0.7,2000000,1013,7,9431a35097722e0e1f45cd45b66a7478c7643be108d3f3e008df611c1c765c34,497b8822afdb329df7e593163c058667365610ead0920b891c63d218ed3d89d0,No-Dq-R,1,0,0.0,0.0,0.0,0,0,0,0
0.7,2000000,1013,7,9431a35097722e0e1f45cd45b66a7478c7643be108d3f3e008df611c1c765c34,497b8822afdb329df7e593163c058667365610ead0920b891c63d218ed3d89d0,No-Dq-R,2,0,0.0,0.0,0,0,0,0,0
0.7,2000000,1013,7,9431a35097722e0e1f45cd45b66a7478c7643be108d3f3e008df611c1c765c34,497b8822afdb329df7e593163c058667365610ead0920b891c63d218ed3d89d0,No-Dq-R,3,0,0.0,0.0,0,0,0,0,0
0.7,2000000,1013,7,9431a35097722e0e1f45cd45b66a7478c7643be108d3f3e008df611c1c765c34,497b8822afdb329df7e593163c058667365610ead0920b891c63d218ed3d89d0,No-Dq-R,4,0,0.0,0.0,0,0,0,0,0
0.7,2000000,1013,7,9431a35097722e0e1f45cd45b66a7478c7643be108d3f3e008df611c1c765c34,497b8822afdb329df7e593163c058667365610ead0920b891c63d218ed3d89d0,Fixed-Dc,1,-191716,0.01022166443161443,0.009351494750579503,0.0,0,0,0,0
0.7,2000000,1013,7,9431a35097722e0e1f45cd45b66a7478c7643be108d3f3e008df611c1c765c34,497b8822afdb329df7e593163c058667365610ead0920b891c63d218ed3d89d0,Fixed-Dc,2,-546002,0.016025483683053898,0.012725918582706164,0,0,0,0,0
0.7,2000000,1013,7,9431a35097722e0e1f45cd45b66a7478c7643be108d3f3e008df611c1c765c34,497b8822afdb329df7e593163c058667365610ead0920b891c63d218ed3d89d0,Fixed-Dc,3,240952,-0.0016298116372193139,-0.002975411927646554,0,0,0,0,0
0.7,2000000,1013,7,9431a35097722e0e1f45cd45b66a7478c7643be108d3f3e008df611c1c765c34,497b8822afdb329df7e593163c058667365610ead0920b891c63d218ed3d89d0,Fixed-Dc,4,-77431,1.199461028406068e-05,0.00046249222704936033,0,0,0,0,0
0.7,2000000,1013,7,9431a35097722e0e1f45cd45b66a7478c7643be108d3f3e008df611c1c765c34,497b8822afdb329df7e593163c058667365610ead0920b891c63d218ed3d89d0,Decoupled,1,0,,,,,,0,0
0.7,2000000,1013,7,9431a35097722e0e1f45cd45b66a7478c7643be108d3f3e008df611c1c765c34,497b8822afdb329df7e593163c058667365610ead0920b891c63d218ed3d89d0,Decoupled,2,0,,,,,,0,0
0.7,2000000,1013,7,9431a35097722e0e1f45cd45b66a7478c7643be108d3f3e008df611c1c765c34,497b8822afdb329df7e593163c058667365610ead0920b891c63d218ed3d89d0,Decoupled,3,0,,,,,,0,0
0.7,2000000,1013,7,9431a35097722e0e1f45cd45b66a7478c7643be108d3f3e008df611c1c765c34,497b8822afdb329df7e593163c058667365610ead0920b891c63d218ed3d89d0,Decoupled,4,0,,,,,,0,0
0.7,2000000,1013,11,9431a35097722e0e1f45cd45b66a7478c7643be108d3f3e008df611c1c765c34,497b8822afdb329df7e593163c058667365610ead0920b891c63d218ed3d89d0,No-Dq-R,1,0,0.0,0.0,0.0,0,0,0,0
0.7,2000000,1013,11,9431a35097722e0e1f45cd45b66a7478c7643be108d3f3e008df611c1c765c34,497b8822afdb329df7e593163c058667365610ead0920b891c63d218ed3d89d0,No-Dq-R,2,0,0.0,0.0,0,0,0,0,0
0.7,2000000,1013,11,9431a35097722e0e1f45cd45b66a7478c7643be108d3f3e008df611c1c765c34,497b8822afdb329df7e593163c058667365610ead0920b891c63d218ed3d89d0,No-Dq-R,3,0,0.0,0.0,0,0,0,0,0
0.7,2000000,1013,11,9431a35097722e0e1f45cd45b66a7478c7643be108d3f3e008df611c1c765c34,497b8822afdb329df7e593163c058667365610ead0920b891c63d218ed3d89d0,No-Dq-R,4,0,0.0,0.0,0,0,0,0,0
0.7,2000000,1013,11,9431a35097722e0e1f45cd45b66a7478c7643be108d3f3e008df611c1c765c34,497b8822afdb329df7e593163c058667365610ead0920b891c63d218ed3d89d0,Fixed-Dc,1,-191716,0.008321428518120788,0.009351494750579503,0.0,0,0,0,0
0.7,2000000,1013,11,9431a35097722e0e1f45cd45b66a7478c7643be108d3f3e008df611c1c765c34,497b8822afdb329df7e593163c058667365610ead0920b891c63d218ed3d89d0,Fixed-Dc,2,-546002,0.016025483683053898,0.012725918582706164,0,0,0,0,0
0.7,2000000,1013,11,9431a35097722e0e1f45cd45b66a7478c7643be108d3f3e008df611c1c765c34,497b8822afdb329df7e593163c058667365610ead0920b891c63d218ed3d89d0,Fixed-Dc,3,240952,-0.0015638283356767535,-0.002975411927646554,0,0,0,0,0
0.7,2000000,1013,11,9431a35097722e0e1f45cd45b66a7478c7643be108d3f3e008df611c1c765c34,497b8822afdb329df7e593163c058667365610ead0920b891c63d218ed3d89d0,Fixed-Dc,4,-77431,1.199461028406068e-05,0.00046249222704936033,0,0,0,0,0
0.7,2000000,1013,11,9431a35097722e0e1f45cd45b66a7478c7643be108d3f3e008df611c1c765c34,497b8822afdb329df7e593163c058667365610ead0920b891c63d218ed3d89d0,Decoupled,1,0,,,,,,0,0
0.7,2000000,1013,11,9431a35097722e0e1f45cd45b66a7478c7643be108d3f3e008df611c1c765c34,497b8822afdb329df7e593163c058667365610ead0920b891c63d218ed3d89d0,Decoupled,2,0,,,,,,0,0
0.7,2000000,1013,11,9431a35097722e0e1f45cd45b66a7478c7643be108d3f3e008df611c1c765c34,497b8822afdb329df7e593163c058667365610ead0920b891c63d218ed3d89d0,Decoupled,3,0,,,,,,0,0
0.7,2000000,1013,11,9431a35097722e0e1f45cd45b66a7478c7643be108d3f3e008df611c1c765c34,497b8822afdb329df7e593163c058667365610ead0920b891c63d218ed3d89d0,Decoupled,4,0,,,,,,0,0
0.7,2000000,1014,7,7033e801c00a948e3954b9f1e38767b14e35a2fcce6bc0514352e0497fdea097,497b8822afdb329df7e593163c058667365610ead0920b891c63d218ed3d89d0,No-Dq-R,1,0,0.0,0.0,0.0,0,0,0,0
0.7,2000000,1014,7,7033e801c00a948e3954b9f1e38767b14e35a2fcce6bc0514352e0497fdea097,497b8822afdb329df7e593163c058667365610ead0920b891c63d218ed3d89d0,No-Dq-R,2,0,0.0,0.0,0,0,0,0,0
0.7,2000000,1014,7,7033e801c00a948e3954b9f1e38767b14e35a2fcce6bc0514352e0497fdea097,497b8822afdb329df7e593163c058667365610ead0920b891c63d218ed3d89d0,No-Dq-R,3,0,0.0,0.0,0,0,0,0,0
0.7,2000000,1014,7,7033e801c00a948e3954b9f1e38767b14e35a2fcce6bc0514352e0497fdea097,497b8822afdb329df7e593163c058667365610ead0920b891c63d218ed3d89d0,No-Dq-R,4,0,0.0,0.0,0,0,0,0,0
0.7,2000000,1014,7,7033e801c00a948e3954b9f1e38767b14e35a2fcce6bc0514352e0497fdea097,497b8822afdb329df7e593163c058667365610ead0920b891c63d218ed3d89d0,Fixed-Dc,1,-241358,0.012822271736619983,0.011723046992555441,0.0,0,0,0,0
0.7,2000000,1014,7,7033e801c00a948e3954b9f1e38767b14e35a2fcce6bc0514352e0497fdea097,497b8822afdb329df7e593163c058667365610ead0920b891c63d218ed3d89d0,Fixed-Dc,2,240952,-0.007407788437057028,-0.005988717553647271,0,0,0,0,0
0.7,2000000,1014,7,7033e801c00a948e3954b9f1e38767b14e35a2fcce6bc0514352e0497fdea097,497b8822afdb329df7e593163c058667365610ead0920b891c63d218ed3d89d0,Fixed-Dc,3,227213,-0.0015335491326295414,-0.002802740343472665,0,0,0,0,0
0.7,2000000,1014,7,7033e801c00a948e3954b9f1e38767b14e35a2fcce6bc0514352e0497fdea097,497b8822afdb329df7e593163c058667365610ead0920b891c63d218ed3d89d0,Fixed-Dc,4,-127073,1.6713870686024812e-05,0.0007562605546706513,0,0,0,0,0
0.7,2000000,1014,7,7033e801c00a948e3954b9f1e38767b14e35a2fcce6bc0514352e0497fdea097,497b8822afdb329df7e593163c058667365610ead0920b891c63d218ed3d89d0,Decoupled,1,0,,,,,,0,0
0.7,2000000,1014,7,7033e801c00a948e3954b9f1e38767b14e35a2fcce6bc0514352e0497fdea097,497b8822afdb329df7e593163c058667365610ead0920b891c63d218ed3d89d0,Decoupled,2,0,,,,,,0,0
0.7,2000000,1014,7,7033e801c00a948e3954b9f1e38767b14e35a2fcce6bc0514352e0497fdea097,497b8822afdb329df7e593163c058667365610ead0920b891c63d218ed3d89d0,Decoupled,3,0,,,,,,0,0
0.7,2000000,1014,7,7033e801c00a948e3954b9f1e38767b14e35a2fcce6bc0514352e0497fdea097,497b8822afdb329df7e593163c058667365610ead0920b891c63d218ed3d89d0,Decoupled,4,0,,,,,,0,0
0.7,2000000,1014,11,7033e801c00a948e3954b9f1e38767b14e35a2fcce6bc0514352e0497fdea097,497b8822afdb329df7e593163c058667365610ead0920b891c63d218ed3d89d0,No-Dq-R,1,0,0.0,0.0,0.0,0,0,0,0
0.7,2000000,1014,11,7033e801c00a948e3954b9f1e38767b14e35a2fcce6bc0514352e0497fdea097,497b8822afdb329df7e593163c058667365610ead0920b891c63d218ed3d89d0,No-Dq-R,2,0,0.0,0.0,0,0,0,0,0
0.7,2000000,1014,11,7033e801c00a948e3954b9f1e38767b14e35a2fcce6bc0514352e0497fdea097,497b8822afdb329df7e593163c058667365610ead0920b891c63d218ed3d89d0,No-Dq-R,3,0,0.0,0.0,0,0,0,0,0
0.7,2000000,1014,11,7033e801c00a948e3954b9f1e38767b14e35a2fcce6bc0514352e0497fdea097,497b8822afdb329df7e593163c058667365610ead0920b891c63d218ed3d89d0,No-Dq-R,4,0,0.0,0.0,0,0,0,0,0
0.7,2000000,1014,11,7033e801c00a948e3954b9f1e38767b14e35a2fcce6bc0514352e0497fdea097,497b8822afdb329df7e593163c058667365610ead0920b891c63d218ed3d89d0,Fixed-Dc,1,-241358,0.010424453798247968,0.011723046992555441,0.0,0,0,0,0
0.7,2000000,1014,11,7033e801c00a948e3954b9f1e38767b14e35a2fcce6bc0514352e0497fdea097,497b8822afdb329df7e593163c058667365610ead0920b891c63d218ed3d89d0,Fixed-Dc,2,240952,-0.007407788437057028,-0.005988717553647271,0,0,0,0,0
0.7,2000000,1014,11,7033e801c00a948e3954b9f1e38767b14e35a2fcce6bc0514352e0497fdea097,497b8822afdb329df7e593163c058667365610ead0920b891c63d218ed3d89d0,Fixed-Dc,3,227213,-0.0014714142689528642,-0.002802740343472665,0,0,0,0,0
0.7,2000000,1014,11,7033e801c00a948e3954b9f1e38767b14e35a2fcce6bc0514352e0497fdea097,497b8822afdb329df7e593163c058667365610ead0920b891c63d218ed3d89d0,Fixed-Dc,4,-127073,1.6713870686024812e-05,0.0007562605546706513,0,0,0,0,0
0.7,2000000,1014,11,7033e801c00a948e3954b9f1e38767b14e35a2fcce6bc0514352e0497fdea097,497b8822afdb329df7e593163c058667365610ead0920b891c63d218ed3d89d0,Decoupled,1,0,,,,,,0,0
0.7,2000000,1014,11,7033e801c00a948e3954b9f1e38767b14e35a2fcce6bc0514352e0497fdea097,497b8822afdb329df7e593163c058667365610ead0920b891c63d218ed3d89d0,Decoupled,2,0,,,,,,0,0
0.7,2000000,1014,11,7033e801c00a948e3954b9f1e38767b14e35a2fcce6bc0514352e0497fdea097,497b8822afdb329df7e593163c058667365610ead0920b891c63d218ed3d89d0,Decoupled,3,0,,,,,,0,0
0.7,2000000,1014,11,7033e801c00a948e3954b9f1e38767b14e35a2fcce6bc0514352e0497fdea097,497b8822afdb329df7e593163c058667365610ead0920b891c63d218ed3d89d0,Decoupled,4,0,,,,,,0,0
0.7,2000000,1015,7,3f5e24ffca9b325a138476285c6fd679f2552875ec1bcd5d9e3e5bef92259b5a,497b8822afdb329df7e593163c058667365610ead0920b891c63d218ed3d89d0,No-Dq-R,1,0,0.0,0.0,0.0,0,0,0,0
0.7,2000000,1015,7,3f5e24ffca9b325a138476285c6fd679f2552875ec1bcd5d9e3e5bef92259b5a,497b8822afdb329df7e593163c058667365610ead0920b891c63d218ed3d89d0,No-Dq-R,2,0,0.0,0.0,0,0,0,0,0
0.7,2000000,1015,7,3f5e24ffca9b325a138476285c6fd679f2552875ec1bcd5d9e3e5bef92259b5a,497b8822afdb329df7e593163c058667365610ead0920b891c63d218ed3d89d0,No-Dq-R,3,0,0.0,0.0,0,0,0,0,0
0.7,2000000,1015,7,3f5e24ffca9b325a138476285c6fd679f2552875ec1bcd5d9e3e5bef92259b5a,497b8822afdb329df7e593163c058667365610ead0920b891c63d218ed3d89d0,No-Dq-R,4,0,0.0,0.0,0,0,0,0,0
0.7,2000000,1015,7,3f5e24ffca9b325a138476285c6fd679f2552875ec1bcd5d9e3e5bef92259b5a,497b8822afdb329df7e593163c058667365610ead0920b891c63d218ed3d89d0,Fixed-Dc,1,-554934,0.028825718290690805,0.026245232769293803,0.0,0,0,0,0
0.7,2000000,1015,7,3f5e24ffca9b325a138476285c6fd679f2552875ec1bcd5d9e3e5bef92259b5a,497b8822afdb329df7e593163c058667365610ead0920b891c63d218ed3d89d0,Fixed-Dc,2,240952,-0.007407788437057028,-0.005988717553647271,0,0,0,0,0
0.7,2000000,1015,7,3f5e24ffca9b325a138476285c6fd679f2552875ec1bcd5d9e3e5bef92259b5a,497b8822afdb329df7e593163c058667365610ead0920b891c63d218ed3d89d0,Fixed-Dc,3,-86363,0.0005545721281366989,0.0010396578248466626,0,0,0,0,0
0.7,2000000,1015,7,3f5e24ffca9b325a138476285c6fd679f2552875ec1bcd5d9e3e5bef92259b5a,497b8822afdb329df7e593163c058667365610ead0920b891c63d218ed3d89d0,Fixed-Dc,4,-440649,-5.6038703417082836e-06,0.0025636504096390733,0,0,0,0,0
0.7,2000000,1015,7,3f5e24ffca9b325a138476285c6fd679f2552875ec1bcd5d9e3e5bef92259b5a,497b8822afdb329df7e593163c058667365610ead0920b891c63d218ed3d89d0,Decoupled,1,0,,,,,,0,0
0.7,2000000,1015,7,3f5e24ffca9b325a138476285c6fd679f2552875ec1bcd5d9e3e5bef92259b5a,497b8822afdb329df7e593163c058667365610ead0920b891c63d218ed3d89d0,Decoupled,2,0,,,,,,0,0
0.7,2000000,1015,7,3f5e24ffca9b325a138476285c6fd679f2552875ec1bcd5d9e3e5bef92259b5a,497b8822afdb329df7e593163c058667365610ead0920b891c63d218ed3d89d0,Decoupled,3,0,,,,,,0,0
0.7,2000000,1015,7,3f5e24ffca9b325a138476285c6fd679f2552875ec1bcd5d9e3e5bef92259b5a,497b8822afdb329df7e593163c058667365610ead0920b891c63d218ed3d89d0,Decoupled,4,0,,,,,,0,0
0.7,2000000,1015,11,3f5e24ffca9b325a138476285c6fd679f2552875ec1bcd5d9e3e5bef92259b5a,497b8822afdb329df7e593163c058667365610ead0920b891c63d218ed3d89d0,No-Dq-R,1,0,0.0,0.0,0.0,0,0,0,0
0.7,2000000,1015,11,3f5e24ffca9b325a138476285c6fd679f2552875ec1bcd5d9e3e5bef92259b5a,497b8822afdb329df7e593163c058667365610ead0920b891c63d218ed3d89d0,No-Dq-R,2,0,0.0,0.0,0,0,0,0,0
0.7,2000000,1015,11,3f5e24ffca9b325a138476285c6fd679f2552875ec1bcd5d9e3e5bef92259b5a,497b8822afdb329df7e593163c058667365610ead0920b891c63d218ed3d89d0,No-Dq-R,3,0,0.0,0.0,0,0,0,0,0
0.7,2000000,1015,11,3f5e24ffca9b325a138476285c6fd679f2552875ec1bcd5d9e3e5bef92259b5a,497b8822afdb329df7e593163c058667365610ead0920b891c63d218ed3d89d0,No-Dq-R,4,0,0.0,0.0,0,0,0,0,0
0.7,2000000,1015,11,3f5e24ffca9b325a138476285c6fd679f2552875ec1bcd5d9e3e5bef92259b5a,497b8822afdb329df7e593163c058667365610ead0920b891c63d218ed3d89d0,Fixed-Dc,1,-554934,0.023233748909353924,0.026245232769293803,0.0,0,0,0,0
0.7,2000000,1015,11,3f5e24ffca9b325a138476285c6fd679f2552875ec1bcd5d9e3e5bef92259b5a,497b8822afdb329df7e593163c058667365610ead0920b891c63d218ed3d89d0,Fixed-Dc,2,240952,-0.007407788437057028,-0.005988717553647271,0,0,0,0,0
0.7,2000000,1015,11,3f5e24ffca9b325a138476285c6fd679f2552875ec1bcd5d9e3e5bef92259b5a,497b8822afdb329df7e593163c058667365610ead0920b891c63d218ed3d89d0,Fixed-Dc,3,-86363,0.0005316856222891686,0.0010396578248466626,0,0,0,0,0
0.7,2000000,1015,11,3f5e24ffca9b325a138476285c6fd679f2552875ec1bcd5d9e3e5bef92259b5a,497b8822afdb329df7e593163c058667365610ead0920b891c63d218ed3d89d0,Fixed-Dc,4,-440649,-5.6038703417082836e-06,0.0025636504096390733,0,0,0,0,0
0.7,2000000,1015,11,3f5e24ffca9b325a138476285c6fd679f2552875ec1bcd5d9e3e5bef92259b5a,497b8822afdb329df7e593163c058667365610ead0920b891c63d218ed3d89d0,Decoupled,1,0,,,,,,0,0
0.7,2000000,1015,11,3f5e24ffca9b325a138476285c6fd679f2552875ec1bcd5d9e3e5bef92259b5a,497b8822afdb329df7e593163c058667365610ead0920b891c63d218ed3d89d0,Decoupled,2,0,,,,,,0,0
0.7,2000000,1015,11,3f5e24ffca9b325a138476285c6fd679f2552875ec1bcd5d9e3e5bef92259b5a,497b8822afdb329df7e593163c058667365610ead0920b891c63d218ed3d89d0,Decoupled,3,0,,,,,,0,0
0.7,2000000,1015,11,3f5e24ffca9b325a138476285c6fd679f2552875ec1bcd5d9e3e5bef92259b5a,497b8822afdb329df7e593163c058667365610ead0920b891c63d218ed3d89d0,Decoupled,4,0,,,,,,0,0
0.7,2000000,1016,7,f00531a08e5b6cde74c64367b8e6706b8832b4129e2afaf7b2a97cce0e3e5261,497b8822afdb329df7e593163c058667365610ead0920b891c63d218ed3d89d0,No-Dq-R,1,0,0.0,0.0,0.0,0,0,0,0
0.7,2000000,1016,7,f00531a08e5b6cde74c64367b8e6706b8832b4129e2afaf7b2a97cce0e3e5261,497b8822afdb329df7e593163c058667365610ead0920b891c63d218ed3d89d0,No-Dq-R,2,0,0.0,0.0,0,0,0,0,0
0.7,2000000,1016,7,f00531a08e5b6cde74c64367b8e6706b8832b4129e2afaf7b2a97cce0e3e5261,497b8822afdb329df7e593163c058667365610ead0920b891c63d218ed3d89d0,No-Dq-R,3,0,0.0,0.0,0,0,0,0,0
0.7,2000000,1016,7,f00531a08e5b6cde74c64367b8e6706b8832b4129e2afaf7b2a97cce0e3e5261,497b8822afdb329df7e593163c058667365610ead0920b891c63d218ed3d89d0,No-Dq-R,4,0,0.0,0.0,0,0,0,0,0
0.7,2000000,1016,7,f00531a08e5b6cde74c64367b8e6706b8832b4129e2afaf7b2a97cce0e3e5261,497b8822afdb329df7e593163c058667365610ead0920b891c63d218ed3d89d0,Fixed-Dc,1,74698,-0.004060793884941405,-0.003728075662958852,0.0,0,0,0,0
0.7,2000000,1016,7,f00531a08e5b6cde74c64367b8e6706b8832b4129e2afaf7b2a97cce0e3e5261,497b8822afdb329df7e593163c058667365610ead0920b891c63d218ed3d89d0,Fixed-Dc,2,-279588,0.008333928170107141,0.006658369374045181,0,0,0,0,0
0.7,2000000,1016,7,f00531a08e5b6cde74c64367b8e6706b8832b4129e2afaf7b2a97cce0e3e5261,497b8822afdb329df7e593163c058667365610ead0920b891c63d218ed3d89d0,Fixed-Dc,3,240952,-0.0016298116372193139,-0.002975411927646554,0,0,0,0,0
0.7,2000000,1016,7,f00531a08e5b6cde74c64367b8e6706b8832b4129e2afaf7b2a97cce0e3e5261,497b8822afdb329df7e593163c058667365610ead0920b891c63d218ed3d89d0,Fixed-Dc,4,188983,-5.3475667820990225e-05,-0.001151067318872212,0,0,0,0,0
0.7,2000000,1016,7,f00531a08e5b6cde74c64367b8e6706b8832b4129e2afaf7b2a97cce0e3e5261,497b8822afdb329df7e593163c058667365610ead0920b891c63d218ed3d89d0,Decoupled,1,0,,,,,,0,0
0.7,2000000,1016,7,f00531a08e5b6cde74c64367b8e6706b8832b4129e2afaf7b2a97cce0e3e5261,497b8822afdb329df7e593163c058667365610ead0920b891c63d218ed3d89d0,Decoupled,2,0,,,,,,0,0
0.7,2000000,1016,7,f00531a08e5b6cde74c64367b8e6706b8832b4129e2afaf7b2a97cce0e3e5261,497b8822afdb329df7e593163c058667365610ead0920b891c63d218ed3d89d0,Decoupled,3,0,,,,,,0,0
0.7,2000000,1016,7,f00531a08e5b6cde74c64367b8e6706b8832b4129e2afaf7b2a97cce0e3e5261,497b8822afdb329df7e593163c058667365610ead0920b891c63d218ed3d89d0,Decoupled,4,0,,,,,,0,0
0.7,2000000,1016,11,f00531a08e5b6cde74c64367b8e6706b8832b4129e2afaf7b2a97cce0e3e5261,497b8822afdb329df7e593163c058667365610ead0920b891c63d218ed3d89d0,No-Dq-R,1,0,0.0,0.0,0.0,0,0,0,0
0.7,2000000,1016,11,f00531a08e5b6cde74c64367b8e6706b8832b4129e2afaf7b2a97cce0e3e5261,497b8822afdb329df7e593163c058667365610ead0920b891c63d218ed3d89d0,No-Dq-R,2,0,0.0,0.0,0,0,0,0,0
0.7,2000000,1016,11,f00531a08e5b6cde74c64367b8e6706b8832b4129e2afaf7b2a97cce0e3e5261,497b8822afdb329df7e593163c058667365610ead0920b891c63d218ed3d89d0,No-Dq-R,3,0,0.0,0.0,0,0,0,0,0
0.7,2000000,1016,11,f00531a08e5b6cde74c64367b8e6706b8832b4129e2afaf7b2a97cce0e3e5261,497b8822afdb329df7e593163c058667365610ead0920b891c63d218ed3d89d0,No-Dq-R,4,0,0.0,0.0,0,0,0,0,0
0.7,2000000,1016,11,f00531a08e5b6cde74c64367b8e6706b8832b4129e2afaf7b2a97cce0e3e5261,497b8822afdb329df7e593163c058667365610ead0920b891c63d218ed3d89d0,Fixed-Dc,1,74698,-0.003329783322171709,-0.003728075662958852,0.0,0,0,0,0
0.7,2000000,1016,11,f00531a08e5b6cde74c64367b8e6706b8832b4129e2afaf7b2a97cce0e3e5261,497b8822afdb329df7e593163c058667365610ead0920b891c63d218ed3d89d0,Fixed-Dc,2,-279588,0.008333928170107141,0.006658369374045181,0,0,0,0,0
0.7,2000000,1016,11,f00531a08e5b6cde74c64367b8e6706b8832b4129e2afaf7b2a97cce0e3e5261,497b8822afdb329df7e593163c058667365610ead0920b891c63d218ed3d89d0,Fixed-Dc,3,240952,-0.0015638283356767535,-0.002975411927646554,0,0,0,0,0
0.7,2000000,1016,11,f00531a08e5b6cde74c64367b8e6706b8832b4129e2afaf7b2a97cce0e3e5261,497b8822afdb329df7e593163c058667365610ead0920b891c63d218ed3d89d0,Fixed-Dc,4,188983,-5.3475667820990225e-05,-0.001151067318872212,0,0,0,0,0
0.7,2000000,1016,11,f00531a08e5b6cde74c64367b8e6706b8832b4129e2afaf7b2a97cce0e3e5261,497b8822afdb329df7e593163c058667365610ead0920b891c63d218ed3d89d0,Decoupled,1,0,,,,,,0,0
0.7,2000000,1016,11,f00531a08e5b6cde74c64367b8e6706b8832b4129e2afaf7b2a97cce0e3e5261,497b8822afdb329df7e593163c058667365610ead0920b891c63d218ed3d89d0,Decoupled,2,0,,,,,,0,0
0.7,2000000,1016,11,f00531a08e5b6cde74c64367b8e6706b8832b4129e2afaf7b2a97cce0e3e5261,497b8822afdb329df7e593163c058667365610ead0920b891c63d218ed3d89d0,Decoupled,3,0,,,,,,0,0
0.7,2000000,1016,11,f00531a08e5b6cde74c64367b8e6706b8832b4129e2afaf7b2a97cce0e3e5261,497b8822afdb329df7e593163c058667365610ead0920b891c63d218ed3d89d0,Decoupled,4,0,,,,,,0,0
0.7,2000000,1017,7,0ddc9fce61bc358a88df11be1f7ea5b4c1b8cf349de0a0f09bebd7fa00172957,497b8822afdb329df7e593163c058667365610ead0920b891c63d218ed3d89d0,No-Dq-R,1,0,0.0,0.0,0.0,0,0,0,0
0.7,2000000,1017,7,0ddc9fce61bc358a88df11be1f7ea5b4c1b8cf349de0a0f09bebd7fa00172957,497b8822afdb329df7e593163c058667365610ead0920b891c63d218ed3d89d0,No-Dq-R,2,0,0.0,0.0,0,0,0,0,0
0.7,2000000,1017,7,0ddc9fce61bc358a88df11be1f7ea5b4c1b8cf349de0a0f09bebd7fa00172957,497b8822afdb329df7e593163c058667365610ead0920b891c63d218ed3d89d0,No-Dq-R,3,0,0.0,0.0,0,0,0,0,0
0.7,2000000,1017,7,0ddc9fce61bc358a88df11be1f7ea5b4c1b8cf349de0a0f09bebd7fa00172957,497b8822afdb329df7e593163c058667365610ead0920b891c63d218ed3d89d0,No-Dq-R,4,0,0.0,0.0,0,0,0,0,0
0.7,2000000,1017,7,0ddc9fce61bc358a88df11be1f7ea5b4c1b8cf349de0a0f09bebd7fa00172957,497b8822afdb329df7e593163c058667365610ead0920b891c63d218ed3d89d0,Fixed-Dc,1,-169583,0.009056123801485794,0.008287588252258726,0.0,0,0,0,0
0.7,2000000,1017,7,0ddc9fce61bc358a88df11be1f7ea5b4c1b8cf349de0a0f09bebd7fa00172957,497b8822afdb329df7e593163c058667365610ead0920b891c63d218ed3d89d0,Fixed-Dc,2,-523869,0.015395486739023911,0.012231821247724761,0,0,0,0,0
0.7,2000000,1017,7,0ddc9fce61bc358a88df11be1f7ea5b4c1b8cf349de0a0f09bebd7fa00172957,497b8822afdb329df7e593163c058667365610ead0920b891c63d218ed3d89d0,Fixed-Dc,3,240952,-0.0016298116372193139,-0.002975411927646554,0,0,0,0,0
0.7,2000000,1017,7,0ddc9fce61bc358a88df11be1f7ea5b4c1b8cf349de0a0f09bebd7fa00172957,497b8822afdb329df7e593163c058667365610ead0920b891c63d218ed3d89d0,Fixed-Dc,4,-55298,9.145098706309085e-06,0.00033082677071066824,0,0,0,0,0
0.7,2000000,1017,7,0ddc9fce61bc358a88df11be1f7ea5b4c1b8cf349de0a0f09bebd7fa00172957,497b8822afdb329df7e593163c058667365610ead0920b891c63d218ed3d89d0,Decoupled,1,0,,,,,,0,0
0.7,2000000,1017,7,0ddc9fce61bc358a88df11be1f7ea5b4c1b8cf349de0a0f09bebd7fa00172957,497b8822afdb329df7e593163c058667365610ead0920b891c63d218ed3d89d0,Decoupled,2,0,,,,,,0,0
0.7,2000000,1017,7,0ddc9fce61bc358a88df11be1f7ea5b4c1b8cf349de0a0f09bebd7fa00172957,497b8822afdb329df7e593163c058667365610ead0920b891c63d218ed3d89d0,Decoupled,3,0,,,,,,0,0
0.7,2000000,1017,7,0ddc9fce61bc358a88df11be1f7ea5b4c1b8cf349de0a0f09bebd7fa00172957,497b8822afdb329df7e593163c058667365610ead0920b891c63d218ed3d89d0,Decoupled,4,0,,,,,,0,0
0.7,2000000,1017,11,0ddc9fce61bc358a88df11be1f7ea5b4c1b8cf349de0a0f09bebd7fa00172957,497b8822afdb329df7e593163c058667365610ead0920b891c63d218ed3d89d0,No-Dq-R,1,0,0.0,0.0,0.0,0,0,0,0
0.7,2000000,1017,11,0ddc9fce61bc358a88df11be1f7ea5b4c1b8cf349de0a0f09bebd7fa00172957,497b8822afdb329df7e593163c058667365610ead0920b891c63d218ed3d89d0,No-Dq-R,2,0,0.0,0.0,0,0,0,0,0
0.7,2000000,1017,11,0ddc9fce61bc358a88df11be1f7ea5b4c1b8cf349de0a0f09bebd7fa00172957,497b8822afdb329df7e593163c058667365610ead0920b891c63d218ed3d89d0,No-Dq-R,3,0,0.0,0.0,0,0,0,0,0
0.7,2000000,1017,11,0ddc9fce61bc358a88df11be1f7ea5b4c1b8cf349de0a0f09bebd7fa00172957,497b8822afdb329df7e593163c058667365610ead0920b891c63d218ed3d89d0,No-Dq-R,4,0,0.0,0.0,0,0,0,0,0
0.7,2000000,1017,11,0ddc9fce61bc358a88df11be1f7ea5b4c1b8cf349de0a0f09bebd7fa00172957,497b8822afdb329df7e593163c058667365610ead0920b891c63d218ed3d89d0,Fixed-Dc,1,-169583,0.007377007980167716,0.008287588252258726,0.0,0,0,0,0
0.7,2000000,1017,11,0ddc9fce61bc358a88df11be1f7ea5b4c1b8cf349de0a0f09bebd7fa00172957,497b8822afdb329df7e593163c058667365610ead0920b891c63d218ed3d89d0,Fixed-Dc,2,-523869,0.015395486739023911,0.012231821247724761,0,0,0,0,0
0.7,2000000,1017,11,0ddc9fce61bc358a88df11be1f7ea5b4c1b8cf349de0a0f09bebd7fa00172957,497b8822afdb329df7e593163c058667365610ead0920b891c63d218ed3d89d0,Fixed-Dc,3,240952,-0.0015638283356767535,-0.002975411927646554,0,0,0,0,0
0.7,2000000,1017,11,0ddc9fce61bc358a88df11be1f7ea5b4c1b8cf349de0a0f09bebd7fa00172957,497b8822afdb329df7e593163c058667365610ead0920b891c63d218ed3d89d0,Fixed-Dc,4,-55298,9.145098706309085e-06,0.00033082677071066824,0,0,0,0,0
0.7,2000000,1017,11,0ddc9fce61bc358a88df11be1f7ea5b4c1b8cf349de0a0f09bebd7fa00172957,497b8822afdb329df7e593163c058667365610ead0920b891c63d218ed3d89d0,Decoupled,1,0,,,,,,0,0
0.7,2000000,1017,11,0ddc9fce61bc358a88df11be1f7ea5b4c1b8cf349de0a0f09bebd7fa00172957,497b8822afdb329df7e593163c058667365610ead0920b891c63d218ed3d89d0,Decoupled,2,0,,,,,,0,0
0.7,2000000,1017,11,0ddc9fce61bc358a88df11be1f7ea5b4c1b8cf349de0a0f09bebd7fa00172957,497b8822afdb329df7e593163c058667365610ead0920b891c63d218ed3d89d0,Decoupled,3,0,,,,,,0,0
0.7,2000000,1017,11,0ddc9fce61bc358a88df11be1f7ea5b4c1b8cf349de0a0f09bebd7fa00172957,497b8822afdb329df7e593163c058667365610ead0920b891c63d218ed3d89d0,Decoupled,4,0,,,,,,0,0
0.7,2000000,1018,7,3a631e0f33861995fafdcad0a625405c6fcaaa8e795155e36b8d9a111c22b7c2,497b8822afdb329df7e593163c058667365610ead0920b891c63d218ed3d89d0,No-Dq-R,1,0,0.0,0.0,0.0,0,0,0,0
0.7,2000000,1018,7,3a631e0f33861995fafdcad0a625405c6fcaaa8e795155e36b8d9a111c22b7c2,497b8822afdb329df7e593163c058667365610ead0920b891c63d218ed3d89d0,No-Dq-R,2,0,0.0,0.0,0,0,0,0,0
0.7,2000000,1018,7,3a631e0f33861995fafdcad0a625405c6fcaaa8e795155e36b8d9a111c22b7c2,497b8822afdb329df7e593163c058667365610ead0920b891c63d218ed3d89d0,No-Dq-R,3,0,0.0,0.0,0,0,0,0,0
0.7,2000000,1018,7,3a631e0f33861995fafdcad0a625405c6fcaaa8e795155e36b8d9a111c22b7c2,497b8822afdb329df7e593163c058667365610ead0920b891c63d218ed3d89d0,No-Dq-R,4,0,0.0,0.0,0,0,0,0,0
0.7,2000000,1018,7,3a631e0f33861995fafdcad0a625405c6fcaaa8e795155e36b8d9a111c22b7c2,497b8822afdb329df7e593163c058667365610ead0920b891c63d218ed3d89d0,Fixed-Dc,1,13588,-0.0007353800805620647,-0.0006745896216897584,0.0,0,0,0,0
0.7,2000000,1018,7,3a631e0f33861995fafdcad0a625405c6fcaaa8e795155e36b8d9a111c22b7c2,497b8822afdb329df7e593163c058667365610ead0920b891c63d218ed3d89d0,Fixed-Dc,2,-340698,0.010119320944829313,0.008073554723311727,0,0,0,0,0
0.7,2000000,1018,7,3a631e0f33861995fafdcad0a625405c6fcaaa8e795155e36b8d9a111c22b7c2,497b8822afdb329df7e593163c058667365610ead0920b891c63d218ed3d89d0,Fixed-Dc,3,240952,-0.0016298116372193139,-0.002975411927646554,0,0,0,0,0
0.7,2000000,1018,7,3a631e0f33861995fafdcad0a625405c6fcaaa8e795155e36b8d9a111c22b7c2,497b8822afdb329df7e593163c058667365610ead0920b891c63d218ed3d89d0,Fixed-Dc,4,127873,-3.237744673340037e-05,-0.000775356664346083,0,0,0,0,0
0.7,2000000,1018,7,3a631e0f33861995fafdcad0a625405c6fcaaa8e795155e36b8d9a111c22b7c2,497b8822afdb329df7e593163c058667365610ead0920b891c63d218ed3d89d0,Decoupled,1,0,,,,,,0,0
0.7,2000000,1018,7,3a631e0f33861995fafdcad0a625405c6fcaaa8e795155e36b8d9a111c22b7c2,497b8822afdb329df7e593163c058667365610ead0920b891c63d218ed3d89d0,Decoupled,2,0,,,,,,0,0
0.7,2000000,1018,7,3a631e0f33861995fafdcad0a625405c6fcaaa8e795155e36b8d9a111c22b7c2,497b8822afdb329df7e593163c058667365610ead0920b891c63d218ed3d89d0,Decoupled,3,0,,,,,,0,0
0.7,2000000,1018,7,3a631e0f33861995fafdcad0a625405c6fcaaa8e795155e36b8d9a111c22b7c2,497b8822afdb329df7e593163c058667365610ead0920b891c63d218ed3d89d0,Decoupled,4,0,,,,,,0,0
0.7,2000000,1018,11,3a631e0f33861995fafdcad0a625405c6fcaaa8e795155e36b8d9a111c22b7c2,497b8822afdb329df7e593163c058667365610ead0920b891c63d218ed3d89d0,No-Dq-R,1,0,0.0,0.0,0.0,0,0,0,0
0.7,2000000,1018,11,3a631e0f33861995fafdcad0a625405c6fcaaa8e795155e36b8d9a111c22b7c2,497b8822afdb329df7e593163c058667365610ead0920b891c63d218ed3d89d0,No-Dq-R,2,0,0.0,0.0,0,0,0,0,0
0.7,2000000,1018,11,3a631e0f33861995fafdcad0a625405c6fcaaa8e795155e36b8d9a111c22b7c2,497b8822afdb329df7e593163c058667365610ead0920b891c63d218ed3d89d0,No-Dq-R,3,0,0.0,0.0,0,0,0,0,0
0.7,2000000,1018,11,3a631e0f33861995fafdcad0a625405c6fcaaa8e795155e36b8d9a111c22b7c2,497b8822afdb329df7e593163c058667365610ead0920b891c63d218ed3d89d0,No-Dq-R,4,0,0.0,0.0,0,0,0,0,0
0.7,2000000,1018,11,3a631e0f33861995fafdcad0a625405c6fcaaa8e795155e36b8d9a111c22b7c2,497b8822afdb329df7e593163c058667365610ead0920b891c63d218ed3d89d0,Fixed-Dc,1,13588,-0.0006020092836565016,-0.0006745896216897584,0.0,0,0,0,0
0.7,2000000,1018,11,3a631e0f33861995fafdcad0a625405c6fcaaa8e795155e36b8d9a111c22b7c2,497b8822afdb329df7e593163c058667365610ead0920b891c63d218ed3d89d0,Fixed-Dc,2,-340698,0.010119320944829313,0.008073554723311727,0,0,0,0,0
0.7,2000000,1018,11,3a631e0f33861995fafdcad0a625405c6fcaaa8e795155e36b8d9a111c22b7c2,497b8822afdb329df7e593163c058667365610ead0920b891c63d218ed3d89d0,Fixed-Dc,3,240952,-0.0015638283356767535,-0.002975411927646554,0,0,0,0,0
0.7,2000000,1018,11,3a631e0f33861995fafdcad0a625405c6fcaaa8e795155e36b8d9a111c22b7c2,497b8822afdb329df7e593163c058667365610ead0920b891c63d218ed3d89d0,Fixed-Dc,4,127873,-3.237744673340037e-05,-0.000775356664346083,0,0,0,0,0
0.7,2000000,1018,11,3a631e0f33861995fafdcad0a625405c6fcaaa8e795155e36b8d9a111c22b7c2,497b8822afdb329df7e593163c058667365610ead0920b891c63d218ed3d89d0,Decoupled,1,0,,,,,,0,0
0.7,2000000,1018,11,3a631e0f33861995fafdcad0a625405c6fcaaa8e795155e36b8d9a111c22b7c2,497b8822afdb329df7e593163c058667365610ead0920b891c63d218ed3d89d0,Decoupled,2,0,,,,,,0,0
0.7,2000000,1018,11,3a631e0f33861995fafdcad0a625405c6fcaaa8e795155e36b8d9a111c22b7c2,497b8822afdb329df7e593163c058667365610ead0920b891c63d218ed3d89d0,Decoupled,3,0,,,,,,0,0
0.7,2000000,1018,11,3a631e0f33861995fafdcad0a625405c6fcaaa8e795155e36b8d9a111c22b7c2,497b8822afdb329df7e593163c058667365610ead0920b891c63d218ed3d89d0,Decoupled,4,0,,,,,,0,0
0.7,2000000,1019,7,8c66a8e34cf7156d12ce6afcbdc32b9ebeb93ecc55708aaadef7bbd0e314cb7f,497b8822afdb329df7e593163c058667365610ead0920b891c63d218ed3d89d0,No-Dq-R,1,0,0.0,0.0,0.0,0,0,0,0
0.7,2000000,1019,7,8c66a8e34cf7156d12ce6afcbdc32b9ebeb93ecc55708aaadef7bbd0e314cb7f,497b8822afdb329df7e593163c058667365610ead0920b891c63d218ed3d89d0,No-Dq-R,2,0,0.0,0.0,0,0,0,0,0
0.7,2000000,1019,7,8c66a8e34cf7156d12ce6afcbdc32b9ebeb93ecc55708aaadef7bbd0e314cb7f,497b8822afdb329df7e593163c058667365610ead0920b891c63d218ed3d89d0,No-Dq-R,3,0,0.0,0.0,0,0,0,0,0
0.7,2000000,1019,7,8c66a8e34cf7156d12ce6afcbdc32b9ebeb93ecc55708aaadef7bbd0e314cb7f,497b8822afdb329df7e593163c058667365610ead0920b891c63d218ed3d89d0,No-Dq-R,4,0,0.0,0.0,0,0,0,0,0
0.7,2000000,1019,7,8c66a8e34cf7156d12ce6afcbdc32b9ebeb93ecc55708aaadef7bbd0e314cb7f,497b8822afdb329df7e593163c058667365610ead0920b891c63d218ed3d89d0,Fixed-Dc,1,-409187,0.021477310118473536,0.019592586995794026,0.0,0,0,0,0
0.7,2000000,1019,7,8c66a8e34cf7156d12ce6afcbdc32b9ebeb93ecc55708aaadef7bbd0e314cb7f,497b8822afdb329df7e593163c058667365610ead0920b891c63d218ed3d89d0,Fixed-Dc,2,240952,-0.007407788437057028,-0.005988717553647271,0,0,0,0,0
0.7,2000000,1019,7,8c66a8e34cf7156d12ce6afcbdc32b9ebeb93ecc55708aaadef7bbd0e314cb7f,497b8822afdb329df7e593163c058667365610ead0920b891c63d218ed3d89d0,Fixed-Dc,3,59384,-0.0003902883301972748,-0.0007229969986182749,0,0,0,0,0
0.7,2000000,1019,7,8c66a8e34cf7156d12ce6afcbdc32b9ebeb93ecc55708aaadef7bbd0e314cb7f,497b8822afdb329df7e593163c058667365610ead0920b891c63d218ed3d89d0,Fixed-Dc,4,-294902,1.580647725696327e-05,0.0017338321940368329,0,0,0,0,0
0.7,2000000,1019,7,8c66a8e34cf7156d12ce6afcbdc32b9ebeb93ecc55708aaadef7bbd0e314cb7f,497b8822afdb329df7e593163c058667365610ead0920b891c63d218ed3d89d0,Decoupled,1,0,,,,,,0,0
0.7,2000000,1019,7,8c66a8e34cf7156d12ce6afcbdc32b9ebeb93ecc55708aaadef7bbd0e314cb7f,497b8822afdb329df7e593163c058667365610ead0920b891c63d218ed3d89d0,Decoupled,2,0,,,,,,0,0
0.7,2000000,1019,7,8c66a8e34cf7156d12ce6afcbdc32b9ebeb93ecc55708aaadef7bbd0e314cb7f,497b8822afdb329df7e593163c058667365610ead0920b891c63d218ed3d89d0,Decoupled,3,0,,,,,,0,0
0.7,2000000,1019,7,8c66a8e34cf7156d12ce6afcbdc32b9ebeb93ecc55708aaadef7bbd0e314cb7f,497b8822afdb329df7e593163c058667365610ead0920b891c63d218ed3d89d0,Decoupled,4,0,,,,,,0,0
0.7,2000000,1019,11,8c66a8e34cf7156d12ce6afcbdc32b9ebeb93ecc55708aaadef7bbd0e314cb7f,497b8822afdb329df7e593163c058667365610ead0920b891c63d218ed3d89d0,No-Dq-R,1,0,0.0,0.0,0.0,0,0,0,0
0.7,2000000,1019,11,8c66a8e34cf7156d12ce6afcbdc32b9ebeb93ecc55708aaadef7bbd0e314cb7f,497b8822afdb329df7e593163c058667365610ead0920b891c63d218ed3d89d0,No-Dq-R,2,0,0.0,0.0,0,0,0,0,0
0.7,2000000,1019,11,8c66a8e34cf7156d12ce6afcbdc32b9ebeb93ecc55708aaadef7bbd0e314cb7f,497b8822afdb329df7e593163c058667365610ead0920b891c63d218ed3d89d0,No-Dq-R,3,0,0.0,0.0,0,0,0,0,0
0.7,2000000,1019,11,8c66a8e34cf7156d12ce6afcbdc32b9ebeb93ecc55708aaadef7bbd0e314cb7f,497b8822afdb329df7e593163c058667365610ead0920b891c63d218ed3d89d0,No-Dq-R,4,0,0.0,0.0,0,0,0,0,0
0.7,2000000,1019,11,8c66a8e34cf7156d12ce6afcbdc32b9ebeb93ecc55708aaadef7bbd0e314cb7f,497b8822afdb329df7e593163c058667365610ead0920b891c63d218ed3d89d0,Fixed-Dc,1,-409187,0.017380776421552002,0.019592586995794026,0.0,0,0,0,0
0.7,2000000,1019,11,8c66a8e34cf7156d12ce6afcbdc32b9ebeb93ecc55708aaadef7bbd0e314cb7f,497b8822afdb329df7e593163c058667365610ead0920b891c63d218ed3d89d0,Fixed-Dc,2,240952,-0.007407788437057028,-0.005988717553647271,0,0,0,0,0
0.7,2000000,1019,11,8c66a8e34cf7156d12ce6afcbdc32b9ebeb93ecc55708aaadef7bbd0e314cb7f,497b8822afdb329df7e593163c058667365610ead0920b891c63d218ed3d89d0,Fixed-Dc,3,59384,-0.00037432041984153397,-0.0007229969986182749,0,0,0,0,0
0.7,2000000,1019,11,8c66a8e34cf7156d12ce6afcbdc32b9ebeb93ecc55708aaadef7bbd0e314cb7f,497b8822afdb329df7e593163c058667365610ead0920b891c63d218ed3d89d0,Fixed-Dc,4,-294902,1.580647725696327e-05,0.0017338321940368329,0,0,0,0,0
0.7,2000000,1019,11,8c66a8e34cf7156d12ce6afcbdc32b9ebeb93ecc55708aaadef7bbd0e314cb7f,497b8822afdb329df7e593163c058667365610ead0920b891c63d218ed3d89d0,Decoupled,1,0,,,,,,0,0
0.7,2000000,1019,11,8c66a8e34cf7156d12ce6afcbdc32b9ebeb93ecc55708aaadef7bbd0e314cb7f,497b8822afdb329df7e593163c058667365610ead0920b891c63d218ed3d89d0,Decoupled,2,0,,,,,,0,0
0.7,2000000,1019,11,8c66a8e34cf7156d12ce6afcbdc32b9ebeb93ecc55708aaadef7bbd0e314cb7f,497b8822afdb329df7e593163c058667365610ead0920b891c63d218ed3d89d0,Decoupled,3,0,,,,,,0,0
0.7,2000000,1019,11,8c66a8e34cf7156d12ce6afcbdc32b9ebeb93ecc55708aaadef7bbd0e314cb7f,497b8822afdb329df7e593163c058667365610ead0920b891c63d218ed3d89d0,Decoupled,4,0,,,,,,0,0
0.7,2000000,1020,7,f40aa51eb14b363de0aee5d7a84c5249c911517f8cd7083404e426b0b019710c,497b8822afdb329df7e593163c058667365610ead0920b891c63d218ed3d89d0,No-Dq-R,1,0,0.0,0.0,0.0,0,0,0,0
0.7,2000000,1020,7,f40aa51eb14b363de0aee5d7a84c5249c911517f8cd7083404e426b0b019710c,497b8822afdb329df7e593163c058667365610ead0920b891c63d218ed3d89d0,No-Dq-R,2,0,0.0,0.0,0,0,0,0,0
0.7,2000000,1020,7,f40aa51eb14b363de0aee5d7a84c5249c911517f8cd7083404e426b0b019710c,497b8822afdb329df7e593163c058667365610ead0920b891c63d218ed3d89d0,No-Dq-R,3,0,0.0,0.0,0,0,0,0,0
0.7,2000000,1020,7,f40aa51eb14b363de0aee5d7a84c5249c911517f8cd7083404e426b0b019710c,497b8822afdb329df7e593163c058667365610ead0920b891c63d218ed3d89d0,No-Dq-R,4,0,0.0,0.0,0,0,0,0,0
0.7,2000000,1020,7,f40aa51eb14b363de0aee5d7a84c5249c911517f8cd7083404e426b0b019710c,497b8822afdb329df7e593163c058667365610ead0920b891c63d218ed3d89d0,Fixed-Dc,1,-573682,0.029759875114609313,0.027088990504487098,0.0,0,0,0,0
0.7,2000000,1020,7,f40aa51eb14b363de0aee5d7a84c5249c911517f8cd7083404e426b0b019710c,497b8822afdb329df7e593163c058667365610ead0920b891c63d218ed3d89d0,Fixed-Dc,2,240952,-0.007407788437057028,-0.005988717553647271,0,0,0,0,0
0.7,2000000,1020,7,f40aa51eb14b363de0aee5d7a84c5249c911517f8cd7083404e426b0b019710c,497b8822afdb329df7e593163c058667365610ead0920b891c63d218ed3d89d0,Fixed-Dc,3,-105111,0.0006729412882648944,0.0012635198484226007,0,0,0,0,0
0.7,2000000,1020,7,f40aa51eb14b363de0aee5d7a84c5249c911517f8cd7083404e426b0b019710c,497b8822afdb329df7e593163c058667365610ead0920b891c63d218ed3d89d0,Fixed-Dc,4,-459397,-9.719613571657071e-06,0.002669126515174036,0,0,0,0,0
0.7,2000000,1020,7,f40aa51eb14b363de0aee5d7a84c5249c911517f8cd7083404e426b0b019710c,497b8822afdb329df7e593163c058667365610ead0920b891c63d218ed3d89d0,Decoupled,1,0,,,,,,0,0
0.7,2000000,1020,7,f40aa51eb14b363de0aee5d7a84c5249c911517f8cd7083404e426b0b019710c,497b8822afdb329df7e593163c058667365610ead0920b891c63d218ed3d89d0,Decoupled,2,0,,,,,,0,0
0.7,2000000,1020,7,f40aa51eb14b363de0aee5d7a84c5249c911517f8cd7083404e426b0b019710c,497b8822afdb329df7e593163c058667365610ead0920b891c63d218ed3d89d0,Decoupled,3,0,,,,,,0,0
0.7,2000000,1020,7,f40aa51eb14b363de0aee5d7a84c5249c911517f8cd7083404e426b0b019710c,497b8822afdb329df7e593163c058667365610ead0920b891c63d218ed3d89d0,Decoupled,4,0,,,,,,0,0
0.7,2000000,1020,11,f40aa51eb14b363de0aee5d7a84c5249c911517f8cd7083404e426b0b019710c,497b8822afdb329df7e593163c058667365610ead0920b891c63d218ed3d89d0,No-Dq-R,1,0,0.0,0.0,0.0,0,0,0,0
0.7,2000000,1020,11,f40aa51eb14b363de0aee5d7a84c5249c911517f8cd7083404e426b0b019710c,497b8822afdb329df7e593163c058667365610ead0920b891c63d218ed3d89d0,No-Dq-R,2,0,0.0,0.0,0,0,0,0,0
0.7,2000000,1020,11,f40aa51eb14b363de0aee5d7a84c5249c911517f8cd7083404e426b0b019710c,497b8822afdb329df7e593163c058667365610ead0920b891c63d218ed3d89d0,No-Dq-R,3,0,0.0,0.0,0,0,0,0,0
0.7,2000000,1020,11,f40aa51eb14b363de0aee5d7a84c5249c911517f8cd7083404e426b0b019710c,497b8822afdb329df7e593163c058667365610ead0920b891c63d218ed3d89d0,No-Dq-R,4,0,0.0,0.0,0,0,0,0,0
0.7,2000000,1020,11,f40aa51eb14b363de0aee5d7a84c5249c911517f8cd7083404e426b0b019710c,497b8822afdb329df7e593163c058667365610ead0920b891c63d218ed3d89d0,Fixed-Dc,1,-573682,0.02397420350298629,0.027088990504487098,0.0,0,0,0,0
0.7,2000000,1020,11,f40aa51eb14b363de0aee5d7a84c5249c911517f8cd7083404e426b0b019710c,497b8822afdb329df7e593163c058667365610ead0920b891c63d218ed3d89d0,Fixed-Dc,2,240952,-0.007407788437057028,-0.005988717553647271,0,0,0,0,0
0.7,2000000,1020,11,f40aa51eb14b363de0aee5d7a84c5249c911517f8cd7083404e426b0b019710c,497b8822afdb329df7e593163c058667365610ead0920b891c63d218ed3d89d0,Fixed-Dc,3,-105111,0.0006451385018410027,0.0012635198484226007,0,0,0,0,0
0.7,2000000,1020,11,f40aa51eb14b363de0aee5d7a84c5249c911517f8cd7083404e426b0b019710c,497b8822afdb329df7e593163c058667365610ead0920b891c63d218ed3d89d0,Fixed-Dc,4,-459397,-9.719613571657071e-06,0.002669126515174036,0,0,0,0,0
0.7,2000000,1020,11,f40aa51eb14b363de0aee5d7a84c5249c911517f8cd7083404e426b0b019710c,497b8822afdb329df7e593163c058667365610ead0920b891c63d218ed3d89d0,Decoupled,1,0,,,,,,0,0
0.7,2000000,1020,11,f40aa51eb14b363de0aee5d7a84c5249c911517f8cd7083404e426b0b019710c,497b8822afdb329df7e593163c058667365610ead0920b891c63d218ed3d89d0,Decoupled,2,0,,,,,,0,0
0.7,2000000,1020,11,f40aa51eb14b363de0aee5d7a84c5249c911517f8cd7083404e426b0b019710c,497b8822afdb329df7e593163c058667365610ead0920b891c63d218ed3d89d0,Decoupled,3,0,,,,,,0,0
0.7,2000000,1020,11,f40aa51eb14b363de0aee5d7a84c5249c911517f8cd7083404e426b0b019710c,497b8822afdb329df7e593163c058667365610ead0920b891c63d218ed3d89d0,Decoupled,4,0,,,,,,0,0
0.7,2000000,1021,7,a4e56b08cf4493b18c4689b7a42f25c290d03197a5f4962cc33fea08629798f6,497b8822afdb329df7e593163c058667365610ead0920b891c63d218ed3d89d0,No-Dq-R,1,0,0.0,0.0,0.0,0,0,0,0
0.7,2000000,1021,7,a4e56b08cf4493b18c4689b7a42f25c290d03197a5f4962cc33fea08629798f6,497b8822afdb329df7e593163c058667365610ead0920b891c63d218ed3d89d0,No-Dq-R,2,0,0.0,0.0,0,0,0,0,0
0.7,2000000,1021,7,a4e56b08cf4493b18c4689b7a42f25c290d03197a5f4962cc33fea08629798f6,497b8822afdb329df7e593163c058667365610ead0920b891c63d218ed3d89d0,No-Dq-R,3,0,0.0,0.0,0,0,0,0,0
0.7,2000000,1021,7,a4e56b08cf4493b18c4689b7a42f25c290d03197a5f4962cc33fea08629798f6,497b8822afdb329df7e593163c058667365610ead0920b891c63d218ed3d89d0,No-Dq-R,4,0,0.0,0.0,0,0,0,0,0
0.7,2000000,1021,7,a4e56b08cf4493b18c4689b7a42f25c290d03197a5f4962cc33fea08629798f6,497b8822afdb329df7e593163c058667365610ead0920b891c63d218ed3d89d0,Fixed-Dc,1,-274028,0.014523580557734617,0.013272786577293028,0.0,0,0,0,0
0.7,2000000,1021,7,a4e56b08cf4493b18c4689b7a42f25c290d03197a5f4962cc33fea08629798f6,497b8822afdb329df7e593163c058667365610ead0920b891c63d218ed3d89d0,Fixed-Dc,2,240952,-0.007407788437057028,-0.005988717553647271,0,0,0,0,0
0.7,2000000,1021,7,a4e56b08cf4493b18c4689b7a42f25c290d03197a5f4962cc33fea08629798f6,497b8822afdb329df7e593163c058667365610ead0920b891c63d218ed3d89d0,Fixed-Dc,3,194543,-0.0013062835740775824,-0.0023936251237460238,0,0,0,0,0
0.7,2000000,1021,7,a4e56b08cf4493b18c4689b7a42f25c290d03197a5f4962cc33fea08629798f6,497b8822afdb329df7e593163c058667365610ead0920b891c63d218ed3d89d0,Fixed-Dc,4,-159743,1.8566368498895702e-05,0.0009484350510466921,0,0,0,0,0
0.7,2000000,1021,7,a4e56b08cf4493b18c4689b7a42f25c290d03197a5f4962cc33fea08629798f6,497b8822afdb329df7e593163c058667365610ead0920b891c63d218ed3d89d0,Decoupled,1,0,,,,,,0,0
0.7,2000000,1021,7,a4e56b08cf4493b18c4689b7a42f25c290d03197a5f4962cc33fea08629798f6,497b8822afdb329df7e593163c058667365610ead0920b891c63d218ed3d89d0,Decoupled,2,0,,,,,,0,0
0.7,2000000,1021,7,a4e56b08cf4493b18c4689b7a42f25c290d03197a5f4962cc33fea08629798f6,497b8822afdb329df7e593163c058667365610ead0920b891c63d218ed3d89d0,Decoupled,3,0,,,,,,0,0
0.7,2000000,1021,7,a4e56b08cf4493b18c4689b7a42f25c290d03197a5f4962cc33fea08629798f6,497b8822afdb329df7e593163c058667365610ead0920b891c63d218ed3d89d0,Decoupled,4,0,,,,,,0,0
0.7,2000000,1021,11,a4e56b08cf4493b18c4689b7a42f25c290d03197a5f4962cc33fea08629798f6,497b8822afdb329df7e593163c058667365610ead0920b891c63d218ed3d89d0,No-Dq-R,1,0,0.0,0.0,0.0,0,0,0,0
0.7,2000000,1021,11,a4e56b08cf4493b18c4689b7a42f25c290d03197a5f4962cc33fea08629798f6,497b8822afdb329df7e593163c058667365610ead0920b891c63d218ed3d89d0,No-Dq-R,2,0,0.0,0.0,0,0,0,0,0
0.7,2000000,1021,11,a4e56b08cf4493b18c4689b7a42f25c290d03197a5f4962cc33fea08629798f6,497b8822afdb329df7e593163c058667365610ead0920b891c63d218ed3d89d0,No-Dq-R,3,0,0.0,0.0,0,0,0,0,0
0.7,2000000,1021,11,a4e56b08cf4493b18c4689b7a42f25c290d03197a5f4962cc33fea08629798f6,497b8822afdb329df7e593163c058667365610ead0920b891c63d218ed3d89d0,No-Dq-R,4,0,0.0,0.0,0,0,0,0,0
0.7,2000000,1021,11,a4e56b08cf4493b18c4689b7a42f25c290d03197a5f4962cc33fea08629798f6,497b8822afdb329df7e593163c058667365610ead0920b891c63d218ed3d89d0,Fixed-Dc,1,-274028,0.011797072900243677,0.013272786577293028,0.0,0,0,0,0
0.7,2000000,1021,11,a4e56b08cf4493b18c4689b7a42f25c290d03197a5f4962cc33fea08629798f6,497b8822afdb329df7e593163c058667365610ead0920b891c63d218ed3d89d0,Fixed-Dc,2,240952,-0.007407788437057028,-0.005988717553647271,0,0,0,0,0
0.7,2000000,1021,11,a4e56b08cf4493b18c4689b7a42f25c290d03197a5f4962cc33fea08629798f6,497b8822afdb329df7e593163c058667365610ead0920b891c63d218ed3d89d0,Fixed-Dc,3,194543,-0.001253257561625254,-0.0023936251237460238,0,0,0,0,0
0.7,2000000,1021,11,a4e56b08cf4493b18c4689b7a42f25c290d03197a5f4962cc33fea08629798f6,497b8822afdb329df7e593163c058667365610ead0920b891c63d218ed3d89d0,Fixed-Dc,4,-159743,1.8566368498895702e-05,0.0009484350510466921,0,0,0,0,0
0.7,2000000,1021,11,a4e56b08cf4493b18c4689b7a42f25c290d03197a5f4962cc33fea08629798f6,497b8822afdb329df7e593163c058667365610ead0920b891c63d218ed3d89d0,Decoupled,1,0,,,,,,0,0
0.7,2000000,1021,11,a4e56b08cf4493b18c4689b7a42f25c290d03197a5f4962cc33fea08629798f6,497b8822afdb329df7e593163c058667365610ead0920b891c63d218ed3d89d0,Decoupled,2,0,,,,,,0,0
0.7,2000000,1021,11,a4e56b08cf4493b18c4689b7a42f25c290d03197a5f4962cc33fea08629798f6,497b8822afdb329df7e593163c058667365610ead0920b891c63d218ed3d89d0,Decoupled,3,0,,,,,,0,0
0.7,2000000,1021,11,a4e56b08cf4493b18c4689b7a42f25c290d03197a5f4962cc33fea08629798f6,497b8822afdb329df7e593163c058667365610ead0920b891c63d218ed3d89d0,Decoupled,4,0,,,,,,0,0
0.7,2000000,1022,7,7121e3bde4a364c1207e30e0ace7e59230d1aac840a00bf9818a53c4b688970c,497b8822afdb329df7e593163c058667365610ead0920b891c63d218ed3d89d0,No-Dq-R,1,0,0.0,0.0,0.0,0,0,0,0
0.7,2000000,1022,7,7121e3bde4a364c1207e30e0ace7e59230d1aac840a00bf9818a53c4b688970c,497b8822afdb329df7e593163c058667365610ead0920b891c63d218ed3d89d0,No-Dq-R,2,0,0.0,0.0,0,0,0,0,0
0.7,2000000,1022,7,7121e3bde4a364c1207e30e0ace7e59230d1aac840a00bf9818a53c4b688970c,497b8822afdb329df7e593163c058667365610ead0920b891c63d218ed3d89d0,No-Dq-R,3,0,0.0,0.0,0,0,0,0,0
0.7,2000000,1022,7,7121e3bde4a364c1207e30e0ace7e59230d1aac840a00bf9818a53c4b688970c,497b8822afdb329df7e593163c058667365610ead0920b891c63d218ed3d89d0,No-Dq-R,4,0,0.0,0.0,0,0,0,0,0
0.7,2000000,1022,7,7121e3bde4a364c1207e30e0ace7e59230d1aac840a00bf9818a53c4b688970c,497b8822afdb329df7e593163c058667365610ead0920b891c63d218ed3d89d0,Fixed-Dc,1,240952,-0.013260381251984033,-0.012200195093511668,0.0,0,0,0,0
0.7,2000000,1022,7,7121e3bde4a364c1207e30e0ace7e59230d1aac840a00bf9818a53c4b688970c,497b8822afdb329df7e593163c058667365610ead0920b891c63d218ed3d89d0,Fixed-Dc,2,207813,-0.006376224860371649,-0.005150908551568023,0,0,0,0,0
0.7,2000000,1022,7,7121e3bde4a364c1207e30e0ace7e59230d1aac840a00bf9818a53c4b688970c,497b8822afdb329df7e593163c058667365610ead0920b891c63d218ed3d89d0,Fixed-Dc,3,-146473,0.0009315633539827006,0.001755116125435885,0,0,0,0,0
0.7,2000000,1022,7,7121e3bde4a364c1207e30e0ace7e59230d1aac840a00bf9818a53c4b688970c,497b8822afdb329df7e593163c058667365610ead0920b891c63d218ed3d89d0,Fixed-Dc,4,-500759,-1.9882852930086514e-05,0.0029008195692099004,0,0,0,0,0
0.7,2000000,1022,7,7121e3bde4a364c1207e30e0ace7e59230d1aac840a00bf9818a53c4b688970c,497b8822afdb329df7e593163c058667365610ead0920b891c63d218ed3d89d0,Decoupled,1,0,,,,,,0,0
0.7,2000000,1022,7,7121e3bde4a364c1207e30e0ace7e59230d1aac840a00bf9818a53c4b688970c,497b8822afdb329df7e593163c058667365610ead0920b891c63d218ed3d89d0,Decoupled,2,0,,,,,,0,0
0.7,2000000,1022,7,7121e3bde4a364c1207e30e0ace7e59230d1aac840a00bf9818a53c4b688970c,497b8822afdb329df7e593163c058667365610ead0920b891c63d218ed3d89d0,Decoupled,3,0,,,,,,0,0
0.7,2000000,1022,7,7121e3bde4a364c1207e30e0ace7e59230d1aac840a00bf9818a53c4b688970c,497b8822afdb329df7e593163c058667365610ead0920b891c63d218ed3d89d0,Decoupled,4,0,,,,,,0,0
0.7,2000000,1022,11,7121e3bde4a364c1207e30e0ace7e59230d1aac840a00bf9818a53c4b688970c,497b8822afdb329df7e593163c058667365610ead0920b891c63d218ed3d89d0,No-Dq-R,1,0,0.0,0.0,0.0,0,0,0,0
0.7,2000000,1022,11,7121e3bde4a364c1207e30e0ace7e59230d1aac840a00bf9818a53c4b688970c,497b8822afdb329df7e593163c058667365610ead0920b891c63d218ed3d89d0,No-Dq-R,2,0,0.0,0.0,0,0,0,0,0
0.7,2000000,1022,11,7121e3bde4a364c1207e30e0ace7e59230d1aac840a00bf9818a53c4b688970c,497b8822afdb329df7e593163c058667365610ead0920b891c63d218ed3d89d0,No-Dq-R,3,0,0.0,0.0,0,0,0,0,0
0.7,2000000,1022,11,7121e3bde4a364c1207e30e0ace7e59230d1aac840a00bf9818a53c4b688970c,497b8822afdb329df7e593163c058667365610ead0920b891c63d218ed3d89d0,No-Dq-R,4,0,0.0,0.0,0,0,0,0,0
0.7,2000000,1022,11,7121e3bde4a364c1207e30e0ace7e59230d1aac840a00bf9818a53c4b688970c,497b8822afdb329df7e593163c058667365610ead0920b891c63d218ed3d89d0,Fixed-Dc,1,240952,-0.010921709492620058,-0.012200195093511668,0.0,0,0,0,0
0.7,2000000,1022,11,7121e3bde4a364c1207e30e0ace7e59230d1aac840a00bf9818a53c4b688970c,497b8822afdb329df7e593163c058667365610ead0920b891c63d218ed3d89d0,Fixed-Dc,2,207813,-0.006376224860371649,-0.005150908551568023,0,0,0,0,0
0.7,2000000,1022,11,7121e3bde4a364c1207e30e0ace7e59230d1aac840a00bf9818a53c4b688970c,497b8822afdb329df7e593163c058667365610ead0920b891c63d218ed3d89d0,Fixed-Dc,3,-146473,0.0008929792041354467,0.001755116125435885,0,0,0,0,0
0.7,2000000,1022,11,7121e3bde4a364c1207e30e0ace7e59230d1aac840a00bf9818a53c4b688970c,497b8822afdb329df7e593163c058667365610ead0920b891c63d218ed3d89d0,Fixed-Dc,4,-500759,-1.9882852930086514e-05,0.0029008195692099004,0,0,0,0,0
0.7,2000000,1022,11,7121e3bde4a364c1207e30e0ace7e59230d1aac840a00bf9818a53c4b688970c,497b8822afdb329df7e593163c058667365610ead0920b891c63d218ed3d89d0,Decoupled,1,0,,,,,,0,0
0.7,2000000,1022,11,7121e3bde4a364c1207e30e0ace7e59230d1aac840a00bf9818a53c4b688970c,497b8822afdb329df7e593163c058667365610ead0920b891c63d218ed3d89d0,Decoupled,2,0,,,,,,0,0
0.7,2000000,1022,11,7121e3bde4a364c1207e30e0ace7e59230d1aac840a00bf9818a53c4b688970c,497b8822afdb329df7e593163c058667365610ead0920b891c63d218ed3d89d0,Decoupled,3,0,,,,,,0,0
0.7,2000000,1022,11,7121e3bde4a364c1207e30e0ace7e59230d1aac840a00bf9818a53c4b688970c,497b8822afdb329df7e593163c058667365610ead0920b891c63d218ed3d89d0,Decoupled,4,0,,,,,,0,0
0.7,2000000,1023,7,5911658cf09134bed659476e7b231a6278547282dcc2afc5d87baaa20d4e8d9d,497b8822afdb329df7e593163c058667365610ead0920b891c63d218ed3d89d0,No-Dq-R,1,0,0.0,0.0,0.0,0,0,0,0
0.7,2000000,1023,7,5911658cf09134bed659476e7b231a6278547282dcc2afc5d87baaa20d4e8d9d,497b8822afdb329df7e593163c058667365610ead0920b891c63d218ed3d89d0,No-Dq-R,2,0,0.0,0.0,0,0,0,0,0
0.7,2000000,1023,7,5911658cf09134bed659476e7b231a6278547282dcc2afc5d87baaa20d4e8d9d,497b8822afdb329df7e593163c058667365610ead0920b891c63d218ed3d89d0,No-Dq-R,3,0,0.0,0.0,0,0,0,0,0
0.7,2000000,1023,7,5911658cf09134bed659476e7b231a6278547282dcc2afc5d87baaa20d4e8d9d,497b8822afdb329df7e593163c058667365610ead0920b891c63d218ed3d89d0,No-Dq-R,4,0,0.0,0.0,0,0,0,0,0
0.7,2000000,1023,7,5911658cf09134bed659476e7b231a6278547282dcc2afc5d87baaa20d4e8d9d,497b8822afdb329df7e593163c058667365610ead0920b891c63d218ed3d89d0,Fixed-Dc,1,-184780,0.009856812475786958,0.009018525378662767,0.0,0,0,0,0
0.7,2000000,1023,7,5911658cf09134bed659476e7b231a6278547282dcc2afc5d87baaa20d4e8d9d,497b8822afdb329df7e593163c058667365610ead0920b891c63d218ed3d89d0,Fixed-Dc,2,-539066,0.015828229133246996,0.012571270787209265,0,0,0,0,0
0.7,2000000,1023,7,5911658cf09134bed659476e7b231a6278547282dcc2afc5d87baaa20d4e8d9d,497b8822afdb329df7e593163c058667365610ead0920b891c63d218ed3d89d0,Fixed-Dc,3,240952,-0.0016298116372193139,-0.002975411927646554,0,0,0,0,0
0.7,2000000,1023,7,5911658cf09134bed659476e7b231a6278547282dcc2afc5d87baaa20d4e8d9d,497b8822afdb329df7e593163c058667365610ead0920b891c63d218ed3d89d0,Fixed-Dc,4,-70495,1.1151276975207569e-05,0.0004212769507438985,0,0,0,0,0
0.7,2000000,1023,7,5911658cf09134bed659476e7b231a6278547282dcc2afc5d87baaa20d4e8d9d,497b8822afdb329df7e593163c058667365610ead0920b891c63d218ed3d89d0,Decoupled,1,0,,,,,,0,0
0.7,2000000,1023,7,5911658cf09134bed659476e7b231a6278547282dcc2afc5d87baaa20d4e8d9d,497b8822afdb329df7e593163c058667365610ead0920b891c63d218ed3d89d0,Decoupled,2,0,,,,,,0,0
0.7,2000000,1023,7,5911658cf09134bed659476e7b231a6278547282dcc2afc5d87baaa20d4e8d9d,497b8822afdb329df7e593163c058667365610ead0920b891c63d218ed3d89d0,Decoupled,3,0,,,,,,0,0
0.7,2000000,1023,7,5911658cf09134bed659476e7b231a6278547282dcc2afc5d87baaa20d4e8d9d,497b8822afdb329df7e593163c058667365610ead0920b891c63d218ed3d89d0,Decoupled,4,0,,,,,,0,0
0.7,2000000,1023,11,5911658cf09134bed659476e7b231a6278547282dcc2afc5d87baaa20d4e8d9d,497b8822afdb329df7e593163c058667365610ead0920b891c63d218ed3d89d0,No-Dq-R,1,0,0.0,0.0,0.0,0,0,0,0
0.7,2000000,1023,11,5911658cf09134bed659476e7b231a6278547282dcc2afc5d87baaa20d4e8d9d,497b8822afdb329df7e593163c058667365610ead0920b891c63d218ed3d89d0,No-Dq-R,2,0,0.0,0.0,0,0,0,0,0
0.7,2000000,1023,11,5911658cf09134bed659476e7b231a6278547282dcc2afc5d87baaa20d4e8d9d,497b8822afdb329df7e593163c058667365610ead0920b891c63d218ed3d89d0,No-Dq-R,3,0,0.0,0.0,0,0,0,0,0
0.7,2000000,1023,11,5911658cf09134bed659476e7b231a6278547282dcc2afc5d87baaa20d4e8d9d,497b8822afdb329df7e593163c058667365610ead0920b891c63d218ed3d89d0,No-Dq-R,4,0,0.0,0.0,0,0,0,0,0
0.7,2000000,1023,11,5911658cf09134bed659476e7b231a6278547282dcc2afc5d87baaa20d4e8d9d,497b8822afdb329df7e593163c058667365610ead0920b891c63d218ed3d89d0,Fixed-Dc,1,-184780,0.008025919242493629,0.009018525378662767,0.0,0,0,0,0
0.7,2000000,1023,11,5911658cf09134bed659476e7b231a6278547282dcc2afc5d87baaa20d4e8d9d,497b8822afdb329df7e593163c058667365610ead0920b891c63d218ed3d89d0,Fixed-Dc,2,-539066,0.015828229133246996,0.012571270787209265,0,0,0,0,0
0.7,2000000,1023,11,5911658cf09134bed659476e7b231a6278547282dcc2afc5d87baaa20d4e8d9d,497b8822afdb329df7e593163c058667365610ead0920b891c63d218ed3d89d0,Fixed-Dc,3,240952,-0.0015638283356767535,-0.002975411927646554,0,0,0,0,0
0.7,2000000,1023,11,5911658cf09134bed659476e7b231a6278547282dcc2afc5d87baaa20d4e8d9d,497b8822afdb329df7e593163c058667365610ead0920b891c63d218ed3d89d0,Fixed-Dc,4,-70495,1.1151276975207569e-05,0.0004212769507438985,0,0,0,0,0
0.7,2000000,1023,11,5911658cf09134bed659476e7b231a6278547282dcc2afc5d87baaa20d4e8d9d,497b8822afdb329df7e593163c058667365610ead0920b891c63d218ed3d89d0,Decoupled,1,0,,,,,,0,0
0.7,2000000,1023,11,5911658cf09134bed659476e7b231a6278547282dcc2afc5d87baaa20d4e8d9d,497b8822afdb329df7e593163c058667365610ead0920b891c63d218ed3d89d0,Decoupled,2,0,,,,,,0,0
0.7,2000000,1023,11,5911658cf09134bed659476e7b231a6278547282dcc2afc5d87baaa20d4e8d9d,497b8822afdb329df7e593163c058667365610ead0920b891c63d218ed3d89d0,Decoupled,3,0,,,,,,0,0
0.7,2000000,1023,11,5911658cf09134bed659476e7b231a6278547282dcc2afc5d87baaa20d4e8d9d,497b8822afdb329df7e593163c058667365610ead0920b891c63d218ed3d89d0,Decoupled,4,0,,,,,,0,0
0.7,2000000,1024,7,1933fdb578e57b899ea62680dbd2928e2bd1a6fdf91cae3d067e9f5ad5843dd4,497b8822afdb329df7e593163c058667365610ead0920b891c63d218ed3d89d0,No-Dq-R,1,0,0.0,0.0,0.0,0,0,0,0
0.7,2000000,1024,7,1933fdb578e57b899ea62680dbd2928e2bd1a6fdf91cae3d067e9f5ad5843dd4,497b8822afdb329df7e593163c058667365610ead0920b891c63d218ed3d89d0,No-Dq-R,2,0,0.0,0.0,0,0,0,0,0
0.7,2000000,1024,7,1933fdb578e57b899ea62680dbd2928e2bd1a6fdf91cae3d067e9f5ad5843dd4,497b8822afdb329df7e593163c058667365610ead0920b891c63d218ed3d89d0,No-Dq-R,3,0,0.0,0.0,0,0,0,0,0
0.7,2000000,1024,7,1933fdb578e57b899ea62680dbd2928e2bd1a6fdf91cae3d067e9f5ad5843dd4,497b8822afdb329df7e593163c058667365610ead0920b891c63d218ed3d89d0,No-Dq-R,4,0,0.0,0.0,0,0,0,0,0
0.7,2000000,1024,7,1933fdb578e57b899ea62680dbd2928e2bd1a6fdf91cae3d067e9f5ad5843dd4,497b8822afdb329df7e593163c058667365610ead0920b891c63d218ed3d89d0,Fixed-Dc,1,-377460,0.01985716196112053,0.01812223245037603,0.0,0,0,0,0
0.7,2000000,1024,7,1933fdb578e57b899ea62680dbd2928e2bd1a6fdf91cae3d067e9f5ad5843dd4,497b8822afdb329df7e593163c058667365610ead0920b891c63d218ed3d89d0,Fixed-Dc,2,240952,-0.007407788437057028,-0.005988717553647271,0,0,0,0,0
0.7,2000000,1024,7,1933fdb578e57b899ea62680dbd2928e2bd1a6fdf91cae3d067e9f5ad5843dd4,497b8822afdb329df7e593163c058667365610ead0920b891c63d218ed3d89d0,Fixed-Dc,3,91111,-0.0006018321494725143,-0.001112011374978572,0,0,0,0,0
0.7,2000000,1024,7,1933fdb578e57b899ea62680dbd2928e2bd1a6fdf91cae3d067e9f5ad5843dd4,497b8822afdb329df7e593163c058667365610ead0920b891c63d218ed3d89d0,Fixed-Dc,4,-263175,1.794902134705234e-05,0.001550854268315749,0,0,0,0,0
0.7,2000000,1024,7,1933fdb578e57b899ea62680dbd2928e2bd1a6fdf91cae3d067e9f5ad5843dd4,497b8822afdb329df7e593163c058667365610ead0920b891c63d218ed3d89d0,Decoupled,1,0,,,,,,0,0
0.7,2000000,1024,7,1933fdb578e57b899ea62680dbd2928e2bd1a6fdf91cae3d067e9f5ad5843dd4,497b8822afdb329df7e593163c058667365610ead0920b891c63d218ed3d89d0,Decoupled,2,0,,,,,,0,0
0.7,2000000,1024,7,1933fdb578e57b899ea62680dbd2928e2bd1a6fdf91cae3d067e9f5ad5843dd4,497b8822afdb329df7e593163c058667365610ead0920b891c63d218ed3d89d0,Decoupled,3,0,,,,,,0,0
0.7,2000000,1024,7,1933fdb578e57b899ea62680dbd2928e2bd1a6fdf91cae3d067e9f5ad5843dd4,497b8822afdb329df7e593163c058667365610ead0920b891c63d218ed3d89d0,Decoupled,4,0,,,,,,0,0
0.7,2000000,1024,11,1933fdb578e57b899ea62680dbd2928e2bd1a6fdf91cae3d067e9f5ad5843dd4,497b8822afdb329df7e593163c058667365610ead0920b891c63d218ed3d89d0,No-Dq-R,1,0,0.0,0.0,0.0,0,0,0,0
0.7,2000000,1024,11,1933fdb578e57b899ea62680dbd2928e2bd1a6fdf91cae3d067e9f5ad5843dd4,497b8822afdb329df7e593163c058667365610ead0920b891c63d218ed3d89d0,No-Dq-R,2,0,0.0,0.0,0,0,0,0,0
0.7,2000000,1024,11,1933fdb578e57b899ea62680dbd2928e2bd1a6fdf91cae3d067e9f5ad5843dd4,497b8822afdb329df7e593163c058667365610ead0920b891c63d218ed3d89d0,No-Dq-R,3,0,0.0,0.0,0,0,0,0,0
0.7,2000000,1024,11,1933fdb578e57b899ea62680dbd2928e2bd1a6fdf91cae3d067e9f5ad5843dd4,497b8822afdb329df7e593163c058667365610ead0920b891c63d218ed3d89d0,No-Dq-R,4,0,0.0,0.0,0,0,0,0,0
0.7,2000000,1024,11,1933fdb578e57b899ea62680dbd2928e2bd1a6fdf91cae3d067e9f5ad5843dd4,497b8822afdb329df7e593163c058667365610ead0920b891c63d218ed3d89d0,Fixed-Dc,1,-377460,0.016083690551857432,0.01812223245037603,0.0,0,0,0,0
0.7,2000000,1024,11,1933fdb578e57b899ea62680dbd2928e2bd1a6fdf91cae3d067e9f5ad5843dd4,497b8822afdb329df7e593163c058667365610ead0920b891c63d218ed3d89d0,Fixed-Dc,2,240952,-0.007407788437057028,-0.005988717553647271,0,0,0,0,0
0.7,2000000,1024,11,1933fdb578e57b899ea62680dbd2928e2bd1a6fdf91cae3d067e9f5ad5843dd4,497b8822afdb329df7e593163c058667365610ead0920b891c63d218ed3d89d0,Fixed-Dc,3,91111,-0.0005772550405762633,-0.001112011374978572,0,0,0,0,0
0.7,2000000,1024,11,1933fdb578e57b899ea62680dbd2928e2bd1a6fdf91cae3d067e9f5ad5843dd4,497b8822afdb329df7e593163c058667365610ead0920b891c63d218ed3d89d0,Fixed-Dc,4,-263175,1.794902134705234e-05,0.001550854268315749,0,0,0,0,0
0.7,2000000,1024,11,1933fdb578e57b899ea62680dbd2928e2bd1a6fdf91cae3d067e9f5ad5843dd4,497b8822afdb329df7e593163c058667365610ead0920b891c63d218ed3d89d0,Decoupled,1,0,,,,,,0,0
0.7,2000000,1024,11,1933fdb578e57b899ea62680dbd2928e2bd1a6fdf91cae3d067e9f5ad5843dd4,497b8822afdb329df7e593163c058667365610ead0920b891c63d218ed3d89d0,Decoupled,2,0,,,,,,0,0
0.7,2000000,1024,11,1933fdb578e57b899ea62680dbd2928e2bd1a6fdf91cae3d067e9f5ad5843dd4,497b8822afdb329df7e593163c058667365610ead0920b891c63d218ed3d89d0,Decoupled,3,0,,,,,,0,0
0.7,2000000,1024,11,1933fdb578e57b899ea62680dbd2928e2bd1a6fdf91cae3d067e9f5ad5843dd4,497b8822afdb329df7e593163c058667365610ead0920b891c63d218ed3d89d0,Decoupled,4,0,,,,,,0,0
0.7,2000000,1025,7,1a4dc99855875b33e4a7e8ea06c0f50fa2b3d9d39f471385d3bcb30825926c15,497b8822afdb329df7e593163c058667365610ead0920b891c63d218ed3d89d0,No-Dq-R,1,0,0.0,0.0,0.0,0,0,0,0
0.7,2000000,1025,7,1a4dc99855875b33e4a7e8ea06c0f50fa2b3d9d39f471385d3bcb30825926c15,497b8822afdb329df7e593163c058667365610ead0920b891c63d218ed3d89d0,No-Dq-R,2,0,0.0,0.0,0,0,0,0,0
0.7,2000000,1025,7,1a4dc99855875b33e4a7e8ea06c0f50fa2b3d9d39f471385d3bcb30825926c15,497b8822afdb329df7e593163c058667365610ead0920b891c63d218ed3d89d0,No-Dq-R,3,0,0.0,0.0,0,0,0,0,0
0.7,2000000,1025,7,1a4dc99855875b33e4a7e8ea06c0f50fa2b3d9d39f471385d3bcb30825926c15,497b8822afdb329df7e593163c058667365610ead0920b891c63d218ed3d89d0,No-Dq-R,4,0,0.0,0.0,0,0,0,0,0
0.7,2000000,1025,7,1a4dc99855875b33e4a7e8ea06c0f50fa2b3d9d39f471385d3bcb30825926c15,497b8822afdb329df7e593163c058667365610ead0920b891c63d218ed3d89d0,Fixed-Dc,1,240952,-0.013260381251984033,-0.012200195093511668,0.0,0,0,0,0
0.7,2000000,1025,7,1a4dc99855875b33e4a7e8ea06c0f50fa2b3d9d39f471385d3bcb30825926c15,497b8822afdb329df7e593163c058667365610ead0920b891c63d218ed3d89d0,Fixed-Dc,2,45449,-0.001380992111707724,-0.0011115169174939488,0,0,0,0,0
0.7,2000000,1025,7,1a4dc99855875b33e4a7e8ea06c0f50fa2b3d9d39f471385d3bcb30825926c15,497b8822afdb329df7e593163c058667365610ead0920b891c63d218ed3d89d0,Fixed-Dc,3,-308837,0.0019136304272033833,0.0036547730360332875,0,0,0,0,0
0.7,2000000,1025,7,1a4dc99855875b33e4a7e8ea06c0f50fa2b3d9d39f471385d3bcb30825926c15,497b8822afdb329df7e593163c058667365610ead0920b891c63d218ed3d89d0,Fixed-Dc,4,240952,-7.43251205488904e-05,-0.0014732458627267908,0,0,0,0,0
0.7,2000000,1025,7,1a4dc99855875b33e4a7e8ea06c0f50fa2b3d9d39f471385d3bcb30825926c15,497b8822afdb329df7e593163c058667365610ead0920b891c63d218ed3d89d0,Decoupled,1,0,,,,,,0,0
0.7,2000000,1025,7,1a4dc99855875b33e4a7e8ea06c0f50fa2b3d9d39f471385d3bcb30825926c15,497b8822afdb329df7e593163c058667365610ead0920b891c63d218ed3d89d0,Decoupled,2,0,,,,,,0,0
0.7,2000000,1025,7,1a4dc99855875b33e4a7e8ea06c0f50fa2b3d9d39f471385d3bcb30825926c15,497b8822afdb329df7e593163c058667365610ead0920b891c63d218ed3d89d0,Decoupled,3,0,,,,,,0,0
0.7,2000000,1025,7,1a4dc99855875b33e4a7e8ea06c0f50fa2b3d9d39f471385d3bcb30825926c15,497b8822afdb329df7e593163c058667365610ead0920b891c63d218ed3d89d0,Decoupled,4,0,,,,,,0,0
0.7,2000000,1025,11,1a4dc99855875b33e4a7e8ea06c0f50fa2b3d9d39f471385d3bcb30825926c15,497b8822afdb329df7e593163c058667365610ead0920b891c63d218ed3d89d0,No-Dq-R,1,0,0.0,0.0,0.0,0,0,0,0
0.7,2000000,1025,11,1a4dc99855875b33e4a7e8ea06c0f50fa2b3d9d39f471385d3bcb30825926c15,497b8822afdb329df7e593163c058667365610ead0920b891c63d218ed3d89d0,No-Dq-R,2,0,0.0,0.0,0,0,0,0,0
0.7,2000000,1025,11,1a4dc99855875b33e4a7e8ea06c0f50fa2b3d9d39f471385d3bcb30825926c15,497b8822afdb329df7e593163c058667365610ead0920b891c63d218ed3d89d0,No-Dq-R,3,0,0.0,0.0,0,0,0,0,0
0.7,2000000,1025,11,1a4dc99855875b33e4a7e8ea06c0f50fa2b3d9d39f471385d3bcb30825926c15,497b8822afdb329df7e593163c058667365610ead0920b891c63d218ed3d89d0,No-Dq-R,4,0,0.0,0.0,0,0,0,0,0
0.7,2000000,1025,11,1a4dc99855875b33e4a7e8ea06c0f50fa2b3d9d39f471385d3bcb30825926c15,497b8822afdb329df7e593163c058667365610ead0920b891c63d218ed3d89d0,Fixed-Dc,1,240952,-0.010921709492620058,-0.012200195093511668,0.0,0,0,0,0
0.7,2000000,1025,11,1a4dc99855875b33e4a7e8ea06c0f50fa2b3d9d39f471385d3bcb30825926c15,497b8822afdb329df7e593163c058667365610ead0920b891c63d218ed3d89d0,Fixed-Dc,2,45449,-0.001380992111707724,-0.0011115169174939488,0,0,0,0,0
0.7,2000000,1025,11,1a4dc99855875b33e4a7e8ea06c0f50fa2b3d9d39f471385d3bcb30825926c15,497b8822afdb329df7e593163c058667365610ead0920b891c63d218ed3d89d0,Fixed-Dc,3,-308837,0.0018335764685850076,0.0036547730360332875,0,0,0,0,0
0.7,2000000,1025,11,1a4dc99855875b33e4a7e8ea06c0f50fa2b3d9d39f471385d3bcb30825926c15,497b8822afdb329df7e593163c058667365610ead0920b891c63d218ed3d89d0,Fixed-Dc,4,240952,-7.43251205488904e-05,-0.0014732458627267908,0,0,0,0,0
0.7,2000000,1025,11,1a4dc99855875b33e4a7e8ea06c0f50fa2b3d9d39f471385d3bcb30825926c15,497b8822afdb329df7e593163c058667365610ead0920b891c63d218ed3d89d0,Decoupled,1,0,,,,,,0,0
0.7,2000000,1025,11,1a4dc99855875b33e4a7e8ea06c0f50fa2b3d9d39f471385d3bcb30825926c15,497b8822afdb329df7e593163c058667365610ead0920b891c63d218ed3d89d0,Decoupled,2,0,,,,,,0,0
0.7,2000000,1025,11,1a4dc99855875b33e4a7e8ea06c0f50fa2b3d9d39f471385d3bcb30825926c15,497b8822afdb329df7e593163c058667365610ead0920b891c63d218ed3d89d0,Decoupled,3,0,,,,,,0,0
0.7,2000000,1025,11,1a4dc99855875b33e4a7e8ea06c0f50fa2b3d9d39f471385d3bcb30825926c15,497b8822afdb329df7e593163c058667365610ead0920b891c63d218ed3d89d0,Decoupled,4,0,,,,,,0,0
0.7,2000000,1026,7,aee529f11a3bebc73588543d6d53aecad7c5eead917b8f1d4ada19653b059976,497b8822afdb329df7e593163c058667365610ead0920b891c63d218ed3d89d0,No-Dq-R,1,0,0.0,0.0,0.0,0,0,0,0
0.7,2000000,1026,7,aee529f11a3bebc73588543d6d53aecad7c5eead917b8f1d4ada19653b059976,497b8822afdb329df7e593163c058667365610ead0920b891c63d218ed3d89d0,No-Dq-R,2,0,0.0,0.0,0,0,0,0,0
0.7,2000000,1026,7,aee529f11a3bebc73588543d6d53aecad7c5eead917b8f1d4ada19653b059976,497b8822afdb329df7e593163c058667365610ead0920b891c63d218ed3d89d0,No-Dq-R,3,0,0.0,0.0,0,0,0,0,0
0.7,2000000,1026,7,aee529f11a3bebc73588543d6d53aecad7c5eead917b8f1d4ada19653b059976,497b8822afdb329df7e593163c058667365610ead0920b891c63d218ed3d89d0,No-Dq-R,4,0,0.0,0.0,0,0,0,0,0
0.7,2000000,1026,7,aee529f11a3bebc73588543d6d53aecad7c5eead917b8f1d4ada19653b059976,497b8822afdb329df7e593163c058667365610ead0920b891c63d218ed3d89d0,Fixed-Dc,1,-390976,0.020548265749705807,0.018749596201743657,0.0,0,0,0,0
0.7,2000000,1026,7,aee529f11a3bebc73588543d6d53aecad7c5eead917b8f1d4ada19653b059976,497b8822afdb329df7e593163c058667365610ead0920b891c63d218ed3d89d0,Fixed-Dc,2,240952,-0.007407788437057028,-0.005988717553647271,0,0,0,0,0
0.7,2000000,1026,7,aee529f11a3bebc73588543d6d53aecad7c5eead917b8f1d4ada19653b059976,497b8822afdb329df7e593163c058667365610ead0920b891c63d218ed3d89d0,Fixed-Dc,3,77595,-0.0005114536853854101,-0.0009460532358244178,0,0,0,0,0
0.7,2000000,1026,7,aee529f11a3bebc73588543d6d53aecad7c5eead917b8f1d4ada19653b059976,497b8822afdb329df7e593163c058667365610ead0920b891c63d218ed3d89d0,Fixed-Dc,4,-276691,1.7147536771733307e-05,0.001628907768250365,0,0,0,0,0
0.7,2000000,1026,7,aee529f11a3bebc73588543d6d53aecad7c5eead917b8f1d4ada19653b059976,497b8822afdb329df7e593163c058667365610ead0920b891c63d218ed3d89d0,Decoupled,1,0,,,,,,0,0
0.7,2000000,1026,7,aee529f11a3bebc73588543d6d53aecad7c5eead917b8f1d4ada19653b059976,497b8822afdb329df7e593163c058667365610ead0920b891c63d218ed3d89d0,Decoupled,2,0,,,,,,0,0
0.7,2000000,1026,7,aee529f11a3bebc73588543d6d53aecad7c5eead917b8f1d4ada19653b059976,497b8822afdb329df7e593163c058667365610ead0920b891c63d218ed3d89d0,Decoupled,3,0,,,,,,0,0
0.7,2000000,1026,7,aee529f11a3bebc73588543d6d53aecad7c5eead917b8f1d4ada19653b059976,497b8822afdb329df7e593163c058667365610ead0920b891c63d218ed3d89d0,Decoupled,4,0,,,,,,0,0
0.7,2000000,1026,11,aee529f11a3bebc73588543d6d53aecad7c5eead917b8f1d4ada19653b059976,497b8822afdb329df7e593163c058667365610ead0920b891c63d218ed3d89d0,No-Dq-R,1,0,0.0,0.0,0.0,0,0,0,0
0.7,2000000,1026,11,aee529f11a3bebc73588543d6d53aecad7c5eead917b8f1d4ada19653b059976,497b8822afdb329df7e593163c058667365610ead0920b891c63d218ed3d89d0,No-Dq-R,2,0,0.0,0.0,0,0,0,0,0
0.7,2000000,1026,11,aee529f11a3bebc73588543d6d53aecad7c5eead917b8f1d4ada19653b059976,497b8822afdb329df7e593163c058667365610ead0920b891c63d218ed3d89d0,No-Dq-R,3,0,0.0,0.0,0,0,0,0,0
0.7,2000000,1026,11,aee529f11a3bebc73588543d6d53aecad7c5eead917b8f1d4ada19653b059976,497b8822afdb329df7e593163c058667365610ead0920b891c63d218ed3d89d0,No-Dq-R,4,0,0.0,0.0,0,0,0,0,0
0.7,2000000,1026,11,aee529f11a3bebc73588543d6d53aecad7c5eead917b8f1d4ada19653b059976,497b8822afdb329df7e593163c058667365610ead0920b891c63d218ed3d89d0,Fixed-Dc,1,-390976,0.016637275883515157,0.018749596201743657,0.0,0,0,0,0
0.7,2000000,1026,11,aee529f11a3bebc73588543d6d53aecad7c5eead917b8f1d4ada19653b059976,497b8822afdb329df7e593163c058667365610ead0920b891c63d218ed3d89d0,Fixed-Dc,2,240952,-0.007407788437057028,-0.005988717553647271,0,0,0,0,0
0.7,2000000,1026,11,aee529f11a3bebc73588543d6d53aecad7c5eead917b8f1d4ada19653b059976,497b8822afdb329df7e593163c058667365610ead0920b891c63d218ed3d89d0,Fixed-Dc,3,77595,-0.0004905508560356098,-0.0009460532358244178,0,0,0,0,0
0.7,2000000,1026,11,aee529f11a3bebc73588543d6d53aecad7c5eead917b8f1d4ada19653b059976,497b8822afdb329df7e593163c058667365610ead0920b891c63d218ed3d89d0,Fixed-Dc,4,-276691,1.7147536771733307e-05,0.001628907768250365,0,0,0,0,0
0.7,2000000,1026,11,aee529f11a3bebc73588543d6d53aecad7c5eead917b8f1d4ada19653b059976,497b8822afdb329df7e593163c058667365610ead0920b891c63d218ed3d89d0,Decoupled,1,0,,,,,,0,0
0.7,2000000,1026,11,aee529f11a3bebc73588543d6d53aecad7c5eead917b8f1d4ada19653b059976,497b8822afdb329df7e593163c058667365610ead0920b891c63d218ed3d89d0,Decoupled,2,0,,,,,,0,0
0.7,2000000,1026,11,aee529f11a3bebc73588543d6d53aecad7c5eead917b8f1d4ada19653b059976,497b8822afdb329df7e593163c058667365610ead0920b891c63d218ed3d89d0,Decoupled,3,0,,,,,,0,0
0.7,2000000,1026,11,aee529f11a3bebc73588543d6d53aecad7c5eead917b8f1d4ada19653b059976,497b8822afdb329df7e593163c058667365610ead0920b891c63d218ed3d89d0,Decoupled,4,0,,,,,,0,0
0.7,2000000,1027,7,8d9c9a8f3643e19264b9df50a6a6d99ca08b1672c51c2d5d2ed41cd945142d45,497b8822afdb329df7e593163c058667365610ead0920b891c63d218ed3d89d0,No-Dq-R,1,0,0.0,0.0,0.0,0,0,0,0
0.7,2000000,1027,7,8d9c9a8f3643e19264b9df50a6a6d99ca08b1672c51c2d5d2ed41cd945142d45,497b8822afdb329df7e593163c058667365610ead0920b891c63d218ed3d89d0,No-Dq-R,2,0,0.0,0.0,0,0,0,0,0
0.7,2000000,1027,7,8d9c9a8f3643e19264b9df50a6a6d99ca08b1672c51c2d5d2ed41cd945142d45,497b8822afdb329df7e593163c058667365610ead0920b891c63d218ed3d89d0,No-Dq-R,3,0,0.0,0.0,0,0,0,0,0
0.7,2000000,1027,7,8d9c9a8f3643e19264b9df50a6a6d99ca08b1672c51c2d5d2ed41cd945142d45,497b8822afdb329df7e593163c058667365610ead0920b891c63d218ed3d89d0,No-Dq-R,4,0,0.0,0.0,0,0,0,0,0
0.7,2000000,1027,7,8d9c9a8f3643e19264b9df50a6a6d99ca08b1672c51c2d5d2ed41cd945142d45,497b8822afdb329df7e593163c058667365610ead0920b891c63d218ed3d89d0,Fixed-Dc,1,-379886,0.01998130800194442,0.018234945772285793,0.0,0,0,0,0
0.7,2000000,1027,7,8d9c9a8f3643e19264b9df50a6a6d99ca08b1672c51c2d5d2ed41cd945142d45,497b8822afdb329df7e593163c058667365610ead0920b891c63d218ed3d89d0,Fixed-Dc,2,240952,-0.007407788437057028,-0.005988717553647271,0,0,0,0,0
0.7,2000000,1027,7,8d9c9a8f3643e19264b9df50a6a6d99ca08b1672c51c2d5d2ed41cd945142d45,497b8822afdb329df7e593163c058667365610ead0920b891c63d218ed3d89d0,Fixed-Dc,3,88685,-0.0005855816908273415,-0.0010821977260894178,0,0,0,0,0
0.7,2000000,1027,7,8d9c9a8f3643e19264b9df50a6a6d99ca08b1672c51c2d5d2ed41cd945142d45,497b8822afdb329df7e593163c058667365610ead0920b891c63d218ed3d89d0,Fixed-Dc,4,-265601,1.7817346539772405e-05,0.0015648754644952412,0,0,0,0,0
0.7,2000000,1027,7,8d9c9a8f3643e19264b9df50a6a6d99ca08b1672c51c2d5d2ed41cd945142d45,497b8822afdb329df7e593163c058667365610ead0920b891c63d218ed3d89d0,Decoupled,1,0,,,,,,0,0
0.7,2000000,1027,7,8d9c9a8f3643e19264b9df50a6a6d99ca08b1672c51c2d5d2ed41cd945142d45,497b8822afdb329df7e593163c058667365610ead0920b891c63d218ed3d89d0,Decoupled,2,0,,,,,,0,0
0.7,2000000,1027,7,8d9c9a8f3643e19264b9df50a6a6d99ca08b1672c51c2d5d2ed41cd945142d45,497b8822afdb329df7e593163c058667365610ead0920b891c63d218ed3d89d0,Decoupled,3,0,,,,,,0,0
0.7,2000000,1027,7,8d9c9a8f3643e19264b9df50a6a6d99ca08b1672c51c2d5d2ed41cd945142d45,497b8822afdb329df7e593163c058667365610ead0920b891c63d218ed3d89d0,Decoupled,4,0,,,,,,0,0
0.7,2000000,1027,11,8d9c9a8f3643e19264b9df50a6a6d99ca08b1672c51c2d5d2ed41cd945142d45,497b8822afdb329df7e593163c058667365610ead0920b891c63d218ed3d89d0,No-Dq-R,1,0,0.0,0.0,0.0,0,0,0,0
0.7,2000000,1027,11,8d9c9a8f3643e19264b9df50a6a6d99ca08b1672c51c2d5d2ed41cd945142d45,497b8822afdb329df7e593163c058667365610ead0920b891c63d218ed3d89d0,No-Dq-R,2,0,0.0,0.0,0,0,0,0,0
0.7,2000000,1027,11,8d9c9a8f3643e19264b9df50a6a6d99ca08b1672c51c2d5d2ed41cd945142d45,497b8822afdb329df7e593163c058667365610ead0920b891c63d218ed3d89d0,No-Dq-R,3,0,0.0,0.0,0,0,0,0,0
0.7,2000000,1027,11,8d9c9a8f3643e19264b9df50a6a6d99ca08b1672c51c2d5d2ed41cd945142d45,497b8822afdb329df7e593163c058667365610ead0920b891c63d218ed3d89d0,No-Dq-R,4,0,0.0,0.0,0,0,0,0,0
0.7,2000000,1027,11,8d9c9a8f3643e19264b9df50a6a6d99ca08b1672c51c2d5d2ed41cd945142d45,497b8822afdb329df7e593163c058667365610ead0920b891c63d218ed3d89d0,Fixed-Dc,1,-379886,0.01618316521781915,0.018234945772285793,0.0,0,0,0,0
0.7,2000000,1027,11,8d9c9a8f3643e19264b9df50a6a6d99ca08b1672c51c2d5d2ed41cd945142d45,497b8822afdb329df7e593163c058667365610ead0920b891c63d218ed3d89d0,Fixed-Dc,2,240952,-0.007407788437057028,-0.005988717553647271,0,0,0,0,0
0.7,2000000,1027,11,8d9c9a8f3643e19264b9df50a6a6d99ca08b1672c51c2d5d2ed41cd945142d45,497b8822afdb329df7e593163c058667365610ead0920b891c63d218ed3d89d0,Fixed-Dc,3,88685,-0.0005616648135410851,-0.0010821977260894178,0,0,0,0,0
0.7,2000000,1027,11,8d9c9a8f3643e19264b9df50a6a6d99ca08b1672c51c2d5d2ed41cd945142d45,497b8822afdb329df7e593163c058667365610ead0920b891c63d218ed3d89d0,Fixed-Dc,4,-265601,1.7817346539772405e-05,0.0015648754644952412,0,0,0,0,0
0.7,2000000,1027,11,8d9c9a8f3643e19264b9df50a6a6d99ca08b1672c51c2d5d2ed41cd945142d45,497b8822afdb329df7e593163c058667365610ead0920b891c63d218ed3d89d0,Decoupled,1,0,,,,,,0,0
0.7,2000000,1027,11,8d9c9a8f3643e19264b9df50a6a6d99ca08b1672c51c2d5d2ed41cd945142d45,497b8822afdb329df7e593163c058667365610ead0920b891c63d218ed3d89d0,Decoupled,2,0,,,,,,0,0
0.7,2000000,1027,11,8d9c9a8f3643e19264b9df50a6a6d99ca08b1672c51c2d5d2ed41cd945142d45,497b8822afdb329df7e593163c058667365610ead0920b891c63d218ed3d89d0,Decoupled,3,0,,,,,,0,0
0.7,2000000,1027,11,8d9c9a8f3643e19264b9df50a6a6d99ca08b1672c51c2d5d2ed41cd945142d45,497b8822afdb329df7e593163c058667365610ead0920b891c63d218ed3d89d0,Decoupled,4,0,,,,,,0,0
0.7,2000000,1028,7,f065a993b77985224102000fcf668ea9f2e11b0a48fbb78bb5b838944a2efc61,497b8822afdb329df7e593163c058667365610ead0920b891c63d218ed3d89d0,No-Dq-R,1,0,0.0,0.0,0.0,0,0,0,0
0.7,2000000,1028,7,f065a993b77985224102000fcf668ea9f2e11b0a48fbb78bb5b838944a2efc61,497b8822afdb329df7e593163c058667365610ead0920b891c63d218ed3d89d0,No-Dq-R,2,0,0.0,0.0,0,0,0,0,0
0.7,2000000,1028,7,f065a993b77985224102000fcf668ea9f2e11b0a48fbb78bb5b838944a2efc61,497b8822afdb329df7e593163c058667365610ead0920b891c63d218ed3d89d0,No-Dq-R,3,0,0.0,0.0,0,0,0,0,0
0.7,2000000,1028,7,f065a993b77985224102000fcf668ea9f2e11b0a48fbb78bb5b838944a2efc61,497b8822afdb329df7e593163c058667365610ead0920b891c63d218ed3d89d0,No-Dq-R,4,0,0.0,0.0,0,0,0,0,0
0.7,2000000,1028,7,f065a993b77985224102000fcf668ea9f2e11b0a48fbb78bb5b838944a2efc61,497b8822afdb329df7e593163c058667365610ead0920b891c63d218ed3d89d0,Fixed-Dc,1,-130337,0.006980156841466023,0.006391089025508778,0.0,0,0,0,0
0.7,2000000,1028,7,f065a993b77985224102000fcf668ea9f2e11b0a48fbb78bb5b838944a2efc61,497b8822afdb329df7e593163c058667365610ead0920b891c63d218ed3d89d0,Fixed-Dc,2,-484623,0.014274421975263185,0.011351301410872039,0,0,0,0,0
0.7,2000000,1028,7,f065a993b77985224102000fcf668ea9f2e11b0a48fbb78bb5b838944a2efc61,497b8822afdb329df7e593163c058667365610ead0920b891c63d218ed3d89d0,Fixed-Dc,3,240952,-0.0016298116372193139,-0.002975411927646554,0,0,0,0,0
0.7,2000000,1028,7,f065a993b77985224102000fcf668ea9f2e11b0a48fbb78bb5b838944a2efc61,497b8822afdb329df7e593163c058667365610ead0920b891c63d218ed3d89d0,Fixed-Dc,4,-16052,2.9538914275151207e-06,9.630883040900873e-05,0,0,0,0,0
0.7,2000000,1028,7,f065a993b77985224102000fcf668ea9f2e11b0a48fbb78bb5b838944a2efc61,497b8822afdb329df7e593163c058667365610ead0920b891c63d218ed3d89d0,Decoupled,1,0,,,,,,0,0
0.7,2000000,1028,7,f065a993b77985224102000fcf668ea9f2e11b0a48fbb78bb5b838944a2efc61,497b8822afdb329df7e593163c058667365610ead0920b891c63d218ed3d89d0,Decoupled,2,0,,,,,,0,0
0.7,2000000,1028,7,f065a993b77985224102000fcf668ea9f2e11b0a48fbb78bb5b838944a2efc61,497b8822afdb329df7e593163c058667365610ead0920b891c63d218ed3d89d0,Decoupled,3,0,,,,,,0,0
0.7,2000000,1028,7,f065a993b77985224102000fcf668ea9f2e11b0a48fbb78bb5b838944a2efc61,497b8822afdb329df7e593163c058667365610ead0920b891c63d218ed3d89d0,Decoupled,4,0,,,,,,0,0
0.7,2000000,1028,11,f065a993b77985224102000fcf668ea9f2e11b0a48fbb78bb5b838944a2efc61,497b8822afdb329df7e593163c058667365610ead0920b891c63d218ed3d89d0,No-Dq-R,1,0,0.0,0.0,0.0,0,0,0,0
0.7,2000000,1028,11,f065a993b77985224102000fcf668ea9f2e11b0a48fbb78bb5b838944a2efc61,497b8822afdb329df7e593163c058667365610ead0920b891c63d218ed3d89d0,No-Dq-R,2,0,0.0,0.0,0,0,0,0,0
0.7,2000000,1028,11,f065a993b77985224102000fcf668ea9f2e11b0a48fbb78bb5b838944a2efc61,497b8822afdb329df7e593163c058667365610ead0920b891c63d218ed3d89d0,No-Dq-R,3,0,0.0,0.0,0,0,0,0,0
0.7,2000000,1028,11,f065a993b77985224102000fcf668ea9f2e11b0a48fbb78bb5b838944a2efc61,497b8822afdb329df7e593163c058667365610ead0920b891c63d218ed3d89d0,No-Dq-R,4,0,0.0,0.0,0,0,0,0,0
0.7,2000000,1028,11,f065a993b77985224102000fcf668ea9f2e11b0a48fbb78bb5b838944a2efc61,497b8822afdb329df7e593163c058667365610ead0920b891c63d218ed3d89d0,Fixed-Dc,1,-130337,0.005692017876194333,0.006391089025508778,0.0,0,0,0,0
0.7,2000000,1028,11,f065a993b77985224102000fcf668ea9f2e11b0a48fbb78bb5b838944a2efc61,497b8822afdb329df7e593163c058667365610ead0920b891c63d218ed3d89d0,Fixed-Dc,2,-484623,0.014274421975263185,0.011351301410872039,0,0,0,0,0
0.7,2000000,1028,11,f065a993b77985224102000fcf668ea9f2e11b0a48fbb78bb5b838944a2efc61,497b8822afdb329df7e593163c058667365610ead0920b891c63d218ed3d89d0,Fixed-Dc,3,240952,-0.0015638283356767535,-0.002975411927646554,0,0,0,0,0
0.7,2000000,1028,11,f065a993b77985224102000fcf668ea9f2e11b0a48fbb78bb5b838944a2efc61,497b8822afdb329df7e593163c058667365610ead0920b891c63d218ed3d89d0,Fixed-Dc,4,-16052,2.9538914275151207e-06,9.630883040900873e-05,0,0,0,0,0
0.7,2000000,1028,11,f065a993b77985224102000fcf668ea9f2e11b0a48fbb78bb5b838944a2efc61,497b8822afdb329df7e593163c058667365610ead0920b891c63d218ed3d89d0,Decoupled,1,0,,,,,,0,0
0.7,2000000,1028,11,f065a993b77985224102000fcf668ea9f2e11b0a48fbb78bb5b838944a2efc61,497b8822afdb329df7e593163c058667365610ead0920b891c63d218ed3d89d0,Decoupled,2,0,,,,,,0,0
0.7,2000000,1028,11,f065a993b77985224102000fcf668ea9f2e11b0a48fbb78bb5b838944a2efc61,497b8822afdb329df7e593163c058667365610ead0920b891c63d218ed3d89d0,Decoupled,3,0,,,,,,0,0
0.7,2000000,1028,11,f065a993b77985224102000fcf668ea9f2e11b0a48fbb78bb5b838944a2efc61,497b8822afdb329df7e593163c058667365610ead0920b891c63d218ed3d89d0,Decoupled,4,0,,,,,,0,0
0.7,2000000,1029,7,26b25522160899a6d63956d432394389a45d76d089f1ddbd23869f48d19763c3,497b8822afdb329df7e593163c058667365610ead0920b891c63d218ed3d89d0,No-Dq-R,1,0,0.0,0.0,0.0,0,0,0,0
0.7,2000000,1029,7,26b25522160899a6d63956d432394389a45d76d089f1ddbd23869f48d19763c3,497b8822afdb329df7e593163c058667365610ead0920b891c63d218ed3d89d0,No-Dq-R,2,0,0.0,0.0,0,0,0,0,0
0.7,2000000,1029,7,26b25522160899a6d63956d432394389a45d76d089f1ddbd23869f48d19763c3,497b8822afdb329df7e593163c058667365610ead0920b891c63d218ed3d89d0,No-Dq-R,3,0,0.0,0.0,0,0,0,0,0
0.7,2000000,1029,7,26b25522160899a6d63956d432394389a45d76d089f1ddbd23869f48d19763c3,497b8822afdb329df7e593163c058667365610ead0920b891c63d218ed3d89d0,No-Dq-R,4,0,0.0,0.0,0,0,0,0,0
0.7,2000000,1029,7,26b25522160899a6d63956d432394389a45d76d089f1ddbd23869f48d19763c3,497b8822afdb329df7e593163c058667365610ead0920b891c63d218ed3d89d0,Fixed-Dc,1,192898,-0.010578155427068303,-0.009726364184661551,0.0,0,0,0,0
0.7,2000000,1029,7,26b25522160899a6d63956d432394389a45d76d089f1ddbd23869f48d19763c3,497b8822afdb329df7e593163c058667365610ead0920b891c63d218ed3d89d0,Fixed-Dc,2,-161388,0.004844124306073949,0.0038806231177434536,0,0,0,0,0
0.7,2000000,1029,7,26b25522160899a6d63956d432394389a45d76d089f1ddbd23869f48d19763c3,497b8822afdb329df7e593163c058667365610ead0920b891c63d218ed3d89d0,Fixed-Dc,3,-515674,0.003090093546168071,0.006006974991299319,0,0,0,0,0
0.7,2000000,1029,7,26b25522160899a6d63956d432394389a45d76d089f1ddbd23869f48d19763c3,497b8822afdb329df7e593163c058667365610ead0920b891c63d218ed3d89d0,Fixed-Dc,4,240952,-7.43251205488904e-05,-0.0014732458627267908,0,0,0,0,0
0.7,2000000,1029,7,26b25522160899a6d63956d432394389a45d76d089f1ddbd23869f48d19763c3,497b8822afdb329df7e593163c058667365610ead0920b891c63d218ed3d89d0,Decoupled,1,0,,,,,,0,0
0.7,2000000,1029,7,26b25522160899a6d63956d432394389a45d76d089f1ddbd23869f48d19763c3,497b8822afdb329df7e593163c058667365610ead0920b891c63d218ed3d89d0,Decoupled,2,0,,,,,,0,0
0.7,2000000,1029,7,26b25522160899a6d63956d432394389a45d76d089f1ddbd23869f48d19763c3,497b8822afdb329df7e593163c058667365610ead0920b891c63d218ed3d89d0,Decoupled,3,0,,,,,,0,0
0.7,2000000,1029,7,26b25522160899a6d63956d432394389a45d76d089f1ddbd23869f48d19763c3,497b8822afdb329df7e593163c058667365610ead0920b891c63d218ed3d89d0,Decoupled,4,0,,,,,,0,0
0.7,2000000,1029,11,26b25522160899a6d63956d432394389a45d76d089f1ddbd23869f48d19763c3,497b8822afdb329df7e593163c058667365610ead0920b891c63d218ed3d89d0,No-Dq-R,1,0,0.0,0.0,0.0,0,0,0,0
0.7,2000000,1029,11,26b25522160899a6d63956d432394389a45d76d089f1ddbd23869f48d19763c3,497b8822afdb329df7e593163c058667365610ead0920b891c63d218ed3d89d0,No-Dq-R,2,0,0.0,0.0,0,0,0,0,0
0.7,2000000,1029,11,26b25522160899a6d63956d432394389a45d76d089f1ddbd23869f48d19763c3,497b8822afdb329df7e593163c058667365610ead0920b891c63d218ed3d89d0,No-Dq-R,3,0,0.0,0.0,0,0,0,0,0
0.7,2000000,1029,11,26b25522160899a6d63956d432394389a45d76d089f1ddbd23869f48d19763c3,497b8822afdb329df7e593163c058667365610ead0920b891c63d218ed3d89d0,No-Dq-R,4,0,0.0,0.0,0,0,0,0,0
0.7,2000000,1029,11,26b25522160899a6d63956d432394389a45d76d089f1ddbd23869f48d19763c3,497b8822afdb329df7e593163c058667365610ead0920b891c63d218ed3d89d0,Fixed-Dc,1,192898,-0.008701390345632332,-0.009726364184661551,0.0,0,0,0,0
0.7,2000000,1029,11,26b25522160899a6d63956d432394389a45d76d089f1ddbd23869f48d19763c3,497b8822afdb329df7e593163c058667365610ead0920b891c63d218ed3d89d0,Fixed-Dc,2,-161388,0.004844124306073949,0.0038806231177434536,0,0,0,0,0
0.7,2000000,1029,11,26b25522160899a6d63956d432394389a45d76d089f1ddbd23869f48d19763c3,497b8822afdb329df7e593163c058667365610ead0920b891c63d218ed3d89d0,Fixed-Dc,3,-515674,0.0029591242989776,0.006006974991299319,0,0,0,0,0
0.7,2000000,1029,11,26b25522160899a6d63956d432394389a45d76d089f1ddbd23869f48d19763c3,497b8822afdb329df7e593163c058667365610ead0920b891c63d218ed3d89d0,Fixed-Dc,4,240952,-7.43251205488904e-05,-0.0014732458627267908,0,0,0,0,0
0.7,2000000,1029,11,26b25522160899a6d63956d432394389a45d76d089f1ddbd23869f48d19763c3,497b8822afdb329df7e593163c058667365610ead0920b891c63d218ed3d89d0,Decoupled,1,0,,,,,,0,0
0.7,2000000,1029,11,26b25522160899a6d63956d432394389a45d76d089f1ddbd23869f48d19763c3,497b8822afdb329df7e593163c058667365610ead0920b891c63d218ed3d89d0,Decoupled,2,0,,,,,,0,0
0.7,2000000,1029,11,26b25522160899a6d63956d432394389a45d76d089f1ddbd23869f48d19763c3,497b8822afdb329df7e593163c058667365610ead0920b891c63d218ed3d89d0,Decoupled,3,0,,,,,,0,0
0.7,2000000,1029,11,26b25522160899a6d63956d432394389a45d76d089f1ddbd23869f48d19763c3,497b8822afdb329df7e593163c058667365610ead0920b891c63d218ed3d89d0,Decoupled,4,0,,,,,,0,0
0.7,2000000,1030,7,613f9efe354e063cf745429393c984495cda2949d3e81dea39aba97a84d9c2b4,497b8822afdb329df7e593163c058667365610ead0920b891c63d218ed3d89d0,No-Dq-R,1,0,0.0,0.0,0.0,0,0,0,0
0.7,2000000,1030,7,613f9efe354e063cf745429393c984495cda2949d3e81dea39aba97a84d9c2b4,497b8822afdb329df7e593163c058667365610ead0920b891c63d218ed3d89d0,No-Dq-R,2,0,0.0,0.0,0,0,0,0,0
0.7,2000000,1030,7,613f9efe354e063cf745429393c984495cda2949d3e81dea39aba97a84d9c2b4,497b8822afdb329df7e593163c058667365610ead0920b891c63d218ed3d89d0,No-Dq-R,3,0,0.0,0.0,0,0,0,0,0
0.7,2000000,1030,7,613f9efe354e063cf745429393c984495cda2949d3e81dea39aba97a84d9c2b4,497b8822afdb329df7e593163c058667365610ead0920b891c63d218ed3d89d0,No-Dq-R,4,0,0.0,0.0,0,0,0,0,0
0.7,2000000,1030,7,613f9efe354e063cf745429393c984495cda2949d3e81dea39aba97a84d9c2b4,497b8822afdb329df7e593163c058667365610ead0920b891c63d218ed3d89d0,Fixed-Dc,1,-453652,0.023735512851355223,0.02163984867989499,0.0,0,0,0,0
0.7,2000000,1030,7,613f9efe354e063cf745429393c984495cda2949d3e81dea39aba97a84d9c2b4,497b8822afdb329df7e593163c058667365610ead0920b891c63d218ed3d89d0,Fixed-Dc,2,240952,-0.007407788437057028,-0.005988717553647271,0,0,0,0,0
0.7,2000000,1030,7,613f9efe354e063cf745429393c984495cda2949d3e81dea39aba97a84d9c2b4,497b8822afdb329df7e593163c058667365610ead0920b891c63d218ed3d89d0,Fixed-Dc,3,14919,-9.736088589384906e-05,-0.00018101206293880123,0,0,0,0,0
0.7,2000000,1030,7,613f9efe354e063cf745429393c984495cda2949d3e81dea39aba97a84d9c2b4,497b8822afdb329df7e593163c058667365610ead0920b891c63d218ed3d89d0,Fixed-Dc,4,-339367,1.1278588218477381e-05,0.001988858321561815,0,0,0,0,0
0.7,2000000,1030,7,613f9efe354e063cf745429393c984495cda2949d3e81dea39aba97a84d9c2b4,497b8822afdb329df7e593163c058667365610ead0920b891c63d218ed3d89d0,Decoupled,1,0,,,,,,0,0
0.7,2000000,1030,7,613f9efe354e063cf745429393c984495cda2949d3e81dea39aba97a84d9c2b4,497b8822afdb329df7e593163c058667365610ead0920b891c63d218ed3d89d0,Decoupled,2,0,,,,,,0,0
0.7,2000000,1030,7,613f9efe354e063cf745429393c984495cda2949d3e81dea39aba97a84d9c2b4,497b8822afdb329df7e593163c058667365610ead0920b891c63d218ed3d89d0,Decoupled,3,0,,,,,,0,0
0.7,2000000,1030,7,613f9efe354e063cf745429393c984495cda2949d3e81dea39aba97a84d9c2b4,497b8822afdb329df7e593163c058667365610ead0920b891c63d218ed3d89d0,Decoupled,4,0,,,,,,0,0
0.7,2000000,1030,11,613f9efe354e063cf745429393c984495cda2949d3e81dea39aba97a84d9c2b4,497b8822afdb329df7e593163c058667365610ead0920b891c63d218ed3d89d0,No-Dq-R,1,0,0.0,0.0,0.0,0,0,0,0
0.7,2000000,1030,11,613f9efe354e063cf745429393c984495cda2949d3e81dea39aba97a84d9c2b4,497b8822afdb329df7e593163c058667365610ead0920b891c63d218ed3d89d0,No-Dq-R,2,0,0.0,0.0,0,0,0,0,0
0.7,2000000,1030,11,613f9efe354e063cf745429393c984495cda2949d3e81dea39aba97a84d9c2b4,497b8822afdb329df7e593163c058667365610ead0920b891c63d218ed3d89d0,No-Dq-R,3,0,0.0,0.0,0,0,0,0,0
0.7,2000000,1030,11,613f9efe354e063cf745429393c984495cda2949d3e81dea39aba97a84d9c2b4,497b8822afdb329df7e593163c058667365610ead0920b891c63d218ed3d89d0,No-Dq-R,4,0,0.0,0.0,0,0,0,0,0
0.7,2000000,1030,11,613f9efe354e063cf745429393c984495cda2949d3e81dea39aba97a84d9c2b4,497b8822afdb329df7e593163c058667365610ead0920b891c63d218ed3d89d0,Fixed-Dc,1,-453652,0.019184714991352214,0.02163984867989499,0.0,0,0,0,0
0.7,2000000,1030,11,613f9efe354e063cf745429393c984495cda2949d3e81dea39aba97a84d9c2b4,497b8822afdb329df7e593163c058667365610ead0920b891c63d218ed3d89d0,Fixed-Dc,2,240952,-0.007407788437057028,-0.005988717553647271,0,0,0,0,0
0.7,2000000,1030,11,613f9efe354e063cf745429393c984495cda2949d3e81dea39aba97a84d9c2b4,497b8822afdb329df7e593163c058667365610ead0920b891c63d218ed3d89d0,Fixed-Dc,3,14919,-9.336709915697128e-05,-0.00018101206293880123,0,0,0,0,0
0.7,2000000,1030,11,613f9efe354e063cf745429393c984495cda2949d3e81dea39aba97a84d9c2b4,497b8822afdb329df7e593163c058667365610ead0920b891c63d218ed3d89d0,Fixed-Dc,4,-339367,1.1278588218477381e-05,0.001988858321561815,0,0,0,0,0
0.7,2000000,1030,11,613f9efe354e063cf745429393c984495cda2949d3e81dea39aba97a84d9c2b4,497b8822afdb329df7e593163c058667365610ead0920b891c63d218ed3d89d0,Decoupled,1,0,,,,,,0,0
0.7,2000000,1030,11,613f9efe354e063cf745429393c984495cda2949d3e81dea39aba97a84d9c2b4,497b8822afdb329df7e593163c058667365610ead0920b891c63d218ed3d89d0,Decoupled,2,0,,,,,,0,0
0.7,2000000,1030,11,613f9efe354e063cf745429393c984495cda2949d3e81dea39aba97a84d9c2b4,497b8822afdb329df7e593163c058667365610ead0920b891c63d218ed3d89d0,Decoupled,3,0,,,,,,0,0
0.7,2000000,1030,11,613f9efe354e063cf745429393c984495cda2949d3e81dea39aba97a84d9c2b4,497b8822afdb329df7e593163c058667365610ead0920b891c63d218ed3d89d0,Decoupled,4,0,,,,,,0,0
0.7,2000000,1031,7,32cc2acea6c251d7939e6a8d3e6258a287009bc5fd688c556f501f9dbe0fc6fe,497b8822afdb329df7e593163c058667365610ead0920b891c63d218ed3d89d0,No-Dq-R,1,0,0.0,0.0,0.0,0,0,0,0
0.7,2000000,1031,7,32cc2acea6c251d7939e6a8d3e6258a287009bc5fd688c556f501f9dbe0fc6fe,497b8822afdb329df7e593163c058667365610ead0920b891c63d218ed3d89d0,No-Dq-R,2,0,0.0,0.0,0,0,0,0,0
0.7,2000000,1031,7,32cc2acea6c251d7939e6a8d3e6258a287009bc5fd688c556f501f9dbe0fc6fe,497b8822afdb329df7e593163c058667365610ead0920b891c63d218ed3d89d0,No-Dq-R,3,0,0.0,0.0,0,0,0,0,0
0.7,2000000,1031,7,32cc2acea6c251d7939e6a8d3e6258a287009bc5fd688c556f501f9dbe0fc6fe,497b8822afdb329df7e593163c058667365610ead0920b891c63d218ed3d89d0,No-Dq-R,4,0,0.0,0.0,0,0,0,0,0
0.7,2000000,1031,7,32cc2acea6c251d7939e6a8d3e6258a287009bc5fd688c556f501f9dbe0fc6fe,497b8822afdb329df7e593163c058667365610ead0920b891c63d218ed3d89d0,Fixed-Dc,1,-315676,0.016680792956005996,0.015235834223532696,0.0,0,0,0,0
0.7,2000000,1031,7,32cc2acea6c251d7939e6a8d3e6258a287009bc5fd688c556f501f9dbe0fc6fe,497b8822afdb329df7e593163c058667365610ead0920b891c63d218ed3d89d0,Fixed-Dc,2,240952,-0.007407788437057028,-0.005988717553647271,0,0,0,0,0
0.7,2000000,1031,7,32cc2acea6c251d7939e6a8d3e6258a287009bc5fd688c556f501f9dbe0fc6fe,497b8822afdb329df7e593163c058667365610ead0920b891c63d218ed3d89d0,Fixed-Dc,3,152895,-0.0010198878849222992,-0.0018750891445235562,0,0,0,0,0
0.7,2000000,1031,7,32cc2acea6c251d7939e6a8d3e6258a287009bc5fd688c556f501f9dbe0fc6fe,497b8822afdb329df7e593163c058667365610ead0920b891c63d218ed3d89d0,Fixed-Dc,4,-201391,1.9496960047604706e-05,0.001192097322287089,0,0,0,0,0
0.7,2000000,1031,7,32cc2acea6c251d7939e6a8d3e6258a287009bc5fd688c556f501f9dbe0fc6fe,497b8822afdb329df7e593163c058667365610ead0920b891c63d218ed3d89d0,Decoupled,1,0,,,,,,0,0
0.7,2000000,1031,7,32cc2acea6c251d7939e6a8d3e6258a287009bc5fd688c556f501f9dbe0fc6fe,497b8822afdb329df7e593163c058667365610ead0920b891c63d218ed3d89d0,Decoupled,2,0,,,,,,0,0
0.7,2000000,1031,7,32cc2acea6c251d7939e6a8d3e6258a287009bc5fd688c556f501f9dbe0fc6fe,497b8822afdb329df7e593163c058667365610ead0920b891c63d218ed3d89d0,Decoupled,3,0,,,,,,0,0
0.7,2000000,1031,7,32cc2acea6c251d7939e6a8d3e6258a287009bc5fd688c556f501f9dbe0fc6fe,497b8822afdb329df7e593163c058667365610ead0920b891c63d218ed3d89d0,Decoupled,4,0,,,,,,0,0
0.7,2000000,1031,11,32cc2acea6c251d7939e6a8d3e6258a287009bc5fd688c556f501f9dbe0fc6fe,497b8822afdb329df7e593163c058667365610ead0920b891c63d218ed3d89d0,No-Dq-R,1,0,0.0,0.0,0.0,0,0,0,0
0.7,2000000,1031,11,32cc2acea6c251d7939e6a8d3e6258a287009bc5fd688c556f501f9dbe0fc6fe,497b8822afdb329df7e593163c058667365610ead0920b891c63d218ed3d89d0,No-Dq-R,2,0,0.0,0.0,0,0,0,0,0
0.7,2000000,1031,11,32cc2acea6c251d7939e6a8d3e6258a287009bc5fd688c556f501f9dbe0fc6fe,497b8822afdb329df7e593163c058667365610ead0920b891c63d218ed3d89d0,No-Dq-R,3,0,0.0,0.0,0,0,0,0,0
0.7,2000000,1031,11,32cc2acea6c251d7939e6a8d3e6258a287009bc5fd688c556f501f9dbe0fc6fe,497b8822afdb329df7e593163c058667365610ead0920b891c63d218ed3d89d0,No-Dq-R,4,0,0.0,0.0,0,0,0,0,0
0.7,2000000,1031,11,32cc2acea6c251d7939e6a8d3e6258a287009bc5fd688c556f501f9dbe0fc6fe,497b8822afdb329df7e593163c058667365610ead0920b891c63d218ed3d89d0,Fixed-Dc,1,-315676,0.013533868863021326,0.015235834223532696,0.0,0,0,0,0
0.7,2000000,1031,11,32cc2acea6c251d7939e6a8d3e6258a287009bc5fd688c556f501f9dbe0fc6fe,497b8822afdb329df7e593163c058667365610ead0920b891c63d218ed3d89d0,Fixed-Dc,2,240952,-0.007407788437057028,-0.005988717553647271,0,0,0,0,0
0.7,2000000,1031,11,32cc2acea6c251d7939e6a8d3e6258a287009bc5fd688c556f501f9dbe0fc6fe,497b8822afdb329df7e593163c058667365610ead0920b891c63d218ed3d89d0,Fixed-Dc,3,152895,-0.0009783879495154912,-0.0018750891445235562,0,0,0,0,0
0.7,2000000,1031,11,32cc2acea6c251d7939e6a8d3e6258a287009bc5fd688c556f501f9dbe0fc6fe,497b8822afdb329df7e593163c058667365610ead0920b891c63d218ed3d89d0,Fixed-Dc,4,-201391,1.9496960047604706e-05,0.001192097322287089,0,0,0,0,0
0.7,2000000,1031,11,32cc2acea6c251d7939e6a8d3e6258a287009bc5fd688c556f501f9dbe0fc6fe,497b8822afdb329df7e593163c058667365610ead0920b891c63d218ed3d89d0,Decoupled,1,0,,,,,,0,0
0.7,2000000,1031,11,32cc2acea6c251d7939e6a8d3e6258a287009bc5fd688c556f501f9dbe0fc6fe,497b8822afdb329df7e593163c058667365610ead0920b891c63d218ed3d89d0,Decoupled,2,0,,,,,,0,0
0.7,2000000,1031,11,32cc2acea6c251d7939e6a8d3e6258a287009bc5fd688c556f501f9dbe0fc6fe,497b8822afdb329df7e593163c058667365610ead0920b891c63d218ed3d89d0,Decoupled,3,0,,,,,,0,0
0.7,2000000,1031,11,32cc2acea6c251d7939e6a8d3e6258a287009bc5fd688c556f501f9dbe0fc6fe,497b8822afdb329df7e593163c058667365610ead0920b891c63d218ed3d89d0,Decoupled,4,0,,,,,,0,0
